m_F,Bhat,Bhat_capped,true_loss,Rmax,C2_exact,covered,Xbar,ratio_L,ratio_Rmax,ratio_XC2,jensen_pop_bound,game,K,repeat
226,0.5058088432268408,0.5058088432268408,0.24977955816733002,3.9926079853413303,0.2533189915075376,1,0.2966725329113168,2.025020970242865,0.12668632760438636,1.1711420890545001,4.517120289687063,0,25,0
246,0.5320261877905923,0.5320261877905923,0.24977955816733002,3.9926079853413303,0.2533189915075376,1,0.319998923662606,2.129982900498936,0.13325279860780248,1.2632251603334064,4.517120289687063,0,25,1
199,0.4502326197926866,0.4502326197926866,0.24977955816733002,3.9926079853413303,0.2533189915075376,1,0.24619195116493803,1.8025198823158735,0.11276654794202039,0.9718653532442019,4.517120289687063,0,25,2
206,0.46630442353530477,0.46630442353530477,0.24977955816733002,3.9926079853413303,0.2533189915075376,1,0.2621521652714321,1.8668638336805865,0.11679193781290806,1.0348697652368146,4.517120289687063,0,25,3
206,0.4423129074542329,0.4423129074542329,0.24977955816733002,3.9926079853413303,0.2533189915075376,1,0.23811016035905164,1.7708130749351503,0.11078295416884494,0.93996174128921,4.517120289687063,0,25,4
231,0.4803393084724769,0.4803393084724769,0.24977955816733002,3.9926079853413303,0.2533189915075376,1,0.27322963297588787,1.9230529191291643,0.12030715518178087,1.0785990870635445,4.517120289687063,0,25,5
200,0.4079998452112815,0.4079998452112815,0.24977955816733002,3.9926079853413303,0.2533189915075376,1,0.21110550597094288,1.633439694604464,0.10218880659189018,0.8333583862568841,4.517120289687063,0,25,6
224,0.4360715221946996,0.4360715221946996,0.24977955816733002,3.9926079853413303,0.2533189915075376,1,0.2338942265393889,1.7458255006703574,0.10921971898962166,0.9233189550749861,4.517120289687063,0,25,7
205,0.41431543228839146,0.41431543228839146,0.24977955816733002,3.9926079853413303,0.2533189915075376,1,0.21601350621031917,1.6587243380854932,0.10377062657028459,0.8527331682665868,4.517120289687063,0,25,8
187,0.4563477896053294,0.4563477896053294,0.24977955816733002,3.9926079853413303,0.2533189915075376,1,0.2490199893875553,1.8270021492295903,0.11429817083990929,0.983029294035957,4.517120289687063,0,25,9
196,0.4230539242272801,0.4230539242272801,0.24977955816733002,3.9926079853413303,0.2533189915075376,1,0.22178354478653733,1.6937091543090637,0.10595929422084573,0.8755109258357286,4.517120289687063,0,25,10
224,0.4534830953037968,0.4534830953037968,0.24977955816733002,3.9926079853413303,0.2533189915075376,1,0.25104692377837046,1.8155332591308517,0.11358067132278911,0.9910308038270413,4.517120289687063,0,25,11
200,0.43905894567169823,0.43905894567169823,0.24977955816733002,3.9926079853413303,0.2533189915075376,1,0.2381366324377195,1.7577857407273012,0.1099679576065775,0.9400662422526407,4.517120289687063,0,25,12
214,0.4867599357558456,0.4867599357558456,0.24977955816733002,3.9926079853413303,0.2533189915075376,1,0.2802157527671867,1.9487580942462868,0.12191528383025868,1.106177436991923,4.517120289687063,0,25,13
212,0.4792052539960524,0.4792052539960524,0.24977955816733002,3.9926079853413303,0.2533189915075376,1,0.27169830370042997,1.9185126978046283,0.1200231166584427,1.0725540240134166,4.517120289687063,0,25,14
201,0.47204859465771054,0.47204859465771054,0.24977955816733002,3.9926079853413303,0.2533189915075376,1,0.2643018934051835,1.8898607961404115,0.11823063931916543,1.0433560146133738,4.517120289687063,0,25,15
192,0.419435938303306,0.419435938303306,0.24977955816733002,3.9926079853413303,0.2533189915075376,1,0.21995499283848352,1.6792244384639408,0.10505312313235986,0.8682925489695812,4.517120289687063,0,25,16
228,0.44981958999082755,0.44981958999082755,0.24977955816733002,3.9926079853413303,0.2533189915075376,1,0.2483027789246345,1.800866305038015,0.11266309931811956,0.9801980398190798,4.517120289687063,0,25,17
210,0.4727354891754227,0.4727354891754227,0.24977955816733002,3.9926079853413303,0.2533189915075376,1,0.2670515082189478,1.8926107990740062,0.11840268088203211,1.054210371791258,4.517120289687063,0,25,18
200,0.45411562432501784,0.45411562432501784,0.24977955816733002,3.9926079853413303,0.2533189915075376,1,0.2504215265955531,1.8180656081583781,0.11373909634812175,0.9885619909713785,4.517120289687063,0,25,19
195,0.43086747842043915,0.43086747842043915,0.24977955816733002,3.9926079853413303,0.2533189915075376,1,0.22963925377448088,1.7249909543510218,0.1079162993217337,0.9065220590365719,3.1940863882730643,0,50,0
187,0.41112804376078493,0.41112804376078493,0.24977955816733002,3.9926079853413303,0.2533189915075376,1,0.21273695594268394,1.6459635319130712,0.10297230413559806,0.8397986849570805,3.1940863882730643,0,50,1
205,0.45842189245732157,0.45842189245732157,0.24977955816733002,3.9926079853413303,0.2533189915075376,1,0.2541791658965243,1.8353058825983661,0.11481765656442998,1.0033956174539762,3.1940863882730643,0,50,2
241,0.510046446555806,0.510046446555806,0.24977955816733002,3.9926079853413303,0.2533189915075376,1,0.30095571308839714,2.041986343070238,0.12774768983792478,1.188050336444838,3.1940863882730643,0,50,3
214,0.45430136343128713,0.45430136343128713,0.24977955816733002,3.9926079853413303,0.2533189915075376,1,0.2498257256265722,1.8188092202763275,0.11378561709520016,0.9862100118898449,3.1940863882730643,0,50,4
219,0.48194055377725564,0.48194055377725564,0.24977955816733002,3.9926079853413303,0.2533189915075376,1,0.27252341449171735,1.929463553035827,0.1207082076544147,1.0758112246929907,3.1940863882730643,0,50,5
224,0.4647437715079158,0.4647437715079158,0.24977955816733002,3.9926079853413303,0.2533189915075376,1,0.2591480841740528,1.8606157161851449,0.11640105244847487,1.0230108790178951,3.1940863882730643,0,50,6
202,0.44162590779617206,0.44162590779617206,0.24977955816733002,3.9926079853413303,0.2533189915075376,1,0.23843950390402227,1.768062651068996,0.1106108862722262,0.9412618552009646,3.1940863882730643,0,50,7
194,0.44851543282578776,0.44851543282578776,0.24977955816733002,3.9926079853413303,0.2533189915075376,1,0.2444751683525974,1.7956450724655475,0.11233645638953055,0.9650881953133108,3.1940863882730643,0,50,8
236,0.4664190920180504,0.4664190920180504,0.24977955816733002,3.9926079853413303,0.2533189915075376,1,0.2616815393448201,1.8673229124121966,0.11682065800862139,1.033011926139117,3.1940863882730643,0,50,9
228,0.48019248901271966,0.48019248901271966,0.24977955816733002,3.9926079853413303,0.2533189915075376,1,0.2732426860224721,1.9224651229907033,0.12027038236053313,1.0786506151645627,3.1940863882730643,0,50,10
188,0.3983661698231914,0.3983661698231914,0.24977955816733002,3.9926079853413303,0.2533189915075376,1,0.2038590041906509,1.5948709844234794,0.0997759287377508,0.8047521544968135,3.1940863882730643,0,50,11
217,0.4576681426723429,0.4576681426723429,0.24977955816733002,3.9926079853413303,0.2533189915075376,1,0.25486354829551966,1.8322882225844361,0.11462887024036661,1.006097279871478,3.1940863882730643,0,50,12
195,0.4218511100102553,0.4218511100102553,0.24977955816733002,3.9926079853413303,0.2533189915075376,1,0.2208121472012203,1.6888936512877195,0.10565803393648,0.8716762445923836,3.1940863882730643,0,50,13
224,0.4671002935343865,0.4671002935343865,0.24977955816733002,3.9926079853413303,0.2533189915075376,1,0.26290817371743713,1.8700501232429554,0.11699127368610264,1.037854178057606,3.1940863882730643,0,50,14
233,0.451697376951086,0.451697376951086,0.24977955816733002,3.9926079853413303,0.2533189915075376,1,0.24897801002505998,1.808384081809005,0.11313341520366423,0.9828635766444362,3.1940863882730643,0,50,15
242,0.4635708273665136,0.4635708273665136,0.24977955816733002,3.9926079853413303,0.2533189915075376,1,0.2586654732070427,1.855919798913098,0.11610727350856678,1.0211057278717532,3.1940863882730643,0,50,16
215,0.4790985180376241,0.4790985180376241,0.24977955816733002,3.9926079853413303,0.2533189915075376,1,0.27109570196977645,1.9180853771735429,0.11999638326542737,1.0701751983001633,3.1940863882730643,0,50,17
207,0.38430687656942764,0.38430687656942764,0.24977955816733002,3.9926079853413303,0.2533189915075376,1,0.19077971929937868,1.5385841795427322,0.09625459799218757,0.7531204753501552,3.1940863882730643,0,50,18
213,0.4409090754655152,0.4409090754655152,0.24977955816733002,3.9926079853413303,0.2533189915075376,1,0.23844263867202184,1.7651927911976908,0.11043134639921871,0.9412742299857406,3.1940863882730643,0,50,19
214,0.45926360441173314,0.45926360441173314,0.24977955816733002,3.9926079853413303,0.2533189915075376,1,0.2546560412432157,1.8386757018125057,0.11502847414469378,1.005278126711784,2.2585601448435315,0,100,0
227,0.4414594572601913,0.4414594572601913,0.24977955816733002,3.9926079853413303,0.2533189915075376,1,0.24109465224822105,1.7673962613243668,0.11056919659555575,0.9517432973083946,2.2585601448435315,0,100,1
210,0.47215000951783104,0.47215000951783104,0.24977955816733002,3.9926079853413303,0.2533189915075376,1,0.2636862483263911,1.8902668135938197,0.11825603997470006,1.0409256990846065,2.2585601448435315,0,100,2
215,0.4792292410517506,0.4792292410517506,0.24977955816733002,3.9926079853413303,0.2533189915075376,1,0.2717996607788118,1.9186087307060962,0.12002912452492653,1.072954140395448,2.2585601448435315,0,100,3
240,0.5109225889524541,0.5109225889524541,0.24977955816733002,3.9926079853413303,0.2533189915075376,1,0.30069747678775866,2.045494005599055,0.127967130965094,1.1870309249151234,2.2585601448435315,0,100,4
244,0.4627133351003671,0.4627133351003671,0.24977955816733002,3.9926079853413303,0.2533189915075376,1,0.2584337229928678,1.8524868027446444,0.11589250354635292,1.0201908726025306,2.2585601448435315,0,100,5
218,0.4963377817325352,0.4963377817325352,0.24977955816733002,3.9926079853413303,0.2533189915075376,1,0.28651942177156137,1.987103289693679,0.12431417849055446,1.1310617497189739,2.2585601448435315,0,100,6
199,0.4249843441893436,0.4249843441893436,0.24977955816733002,3.9926079853413303,0.2533189915075376,1,0.22674976025984706,1.7014376488913556,0.10644279271835685,0.8951155178315954,2.2585601448435315,0,100,7
216,0.4444497260180339,0.4444497260180339,0.24977955816733002,3.9926079853413303,0.2533189915075376,1,0.24345107713331277,1.7793678925490461,0.11131814784967867,0.961045501107124,2.2585601448435315,0,100,8
210,0.42578200071857353,0.42578200071857353,0.24977955816733002,3.9926079853413303,0.2533189915075376,1,0.22498819238014034,1.7046310908810942,0.1066425760509952,0.8881615667313507,2.2585601448435315,0,100,9
198,0.419809592363357,0.419809592363357,0.24977955816733002,3.9926079853413303,0.2533189915075376,1,0.22079677605324893,1.6807203737710275,0.10514670959549946,0.8716155655730969,2.2585601448435315,0,100,10
211,0.4612630102688651,0.4612630102688651,0.24977955816733002,3.9926079853413303,0.2533189915075376,1,0.2555460660114339,1.8466803835078451,0.11552925104652655,1.0087915812811454,2.2585601448435315,0,100,11
204,0.44131912021278547,0.44131912021278547,0.24977955816733002,3.9926079853413303,0.2533189915075376,1,0.23928573529790725,1.7668344177194077,0.1105340473778211,0.9446024314003603,2.2585601448435315,0,100,12
214,0.4948765847400308,0.4948765847400308,0.24977955816733002,3.9926079853413303,0.2533189915075376,1,0.2847892466081779,1.9812533434321622,0.12394820291822954,1.1242317242515307,2.2585601448435315,0,100,13
228,0.4851975406863988,0.4851975406863988,0.24977955816733002,3.9926079853413303,0.2533189915075376,1,0.27720783185472114,1.942502998429358,0.1215239618985331,1.0943033927500565,2.2585601448435315,0,100,14
194,0.428068219901271,0.428068219901271,0.24977955816733002,3.9926079853413303,0.2533189915075376,1,0.22618749760691564,1.7137840383819698,0.10721518903756717,0.892895934334972,2.2585601448435315,0,100,15
217,0.4665494779617242,0.4665494779617242,0.24977955816733002,3.9926079853413303,0.2533189915075376,1,0.2599886474151786,1.8678449164730193,0.1168533148444922,1.0263290796633482,2.2585601448435315,0,100,16
205,0.4325395583535094,0.4325395583535094,0.24977955816733002,3.9926079853413303,0.2533189915075376,1,0.2327184235183687,1.7316851768299888,0.10833509323769269,0.9186773645885293,2.2585601448435315,0,100,17
229,0.48892750886457187,0.48892750886457187,0.24977955816733002,3.9926079853413303,0.2533189915075376,1,0.2809205707383945,1.9574360386090284,0.12245818038225788,1.1089597707088439,2.2585601448435315,0,100,18
225,0.4521415279650141,0.4521415279650141,0.24977955816733002,3.9926079853413303,0.2533189915075376,1,0.248691170891165,1.8101622537986861,0.11324465853523065,0.9817312528017271,2.2585601448435315,0,100,19
203,0.4462530501179511,0.4462530501179511,0.24977955816733002,3.9926079853413303,0.2533189915075376,1,0.24410015539057023,1.7865875550112125,0.11176981355453575,0.9636077971805241,1.5970431941365322,0,200,0
197,0.4512141093389812,0.4512141093389812,0.24977955816733002,3.9926079853413303,0.2533189915075376,1,0.2479714842028742,1.8064493053379012,0.11301237461719063,0.978890223457627,1.5970431941365322,0,200,1
235,0.47331895515959865,0.47331895515959865,0.24977955816733002,3.9926079853413303,0.2533189915075376,1,0.26805829583012847,1.8949467227518961,0.11854881743896886,1.0581847584141841,1.5970431941365322,0,200,2
208,0.4193984419994086,0.4193984419994086,0.24977955816733002,3.9926079853413303,0.2533189915075376,1,0.22277991319950188,1.6790743208795695,0.10504373170098592,0.8794441817161307,1.5970431941365322,0,200,3
190,0.38966499442038693,0.38966499442038693,0.24977955816733002,3.9926079853413303,0.2533189915075376,1,0.19648129961064262,1.5600355660784144,0.09759660749340365,0.7756279876268031,1.5970431941365322,0,200,4
194,0.4372935452848088,0.4372935452848088,0.24977955816733002,3.9926079853413303,0.2533189915075376,1,0.23536617362426882,1.7507179069948595,0.10952579038320596,0.9291296014703477,1.5970431941365322,0,200,5
199,0.4496852848998675,0.4496852848998675,0.24977955816733002,3.9926079853413303,0.2533189915075376,1,0.24639932207996706,1.8003286105527436,0.11262946088142525,0.9726839689894918,1.5970431941365322,0,200,6
219,0.44937724417590386,0.44937724417590386,0.24977955816733002,3.9926079853413303,0.2533189915075376,1,0.246643870628518,1.7990953602170325,0.11255230812185192,0.973649346859882,1.5970431941365322,0,200,7
195,0.4339417179673987,0.4339417179673987,0.24977955816733002,3.9926079853413303,0.2533189915075376,1,0.23103316633995355,1.7372987651643474,0.10868628213954264,0.9120246569948904,1.5970431941365322,0,200,8
210,0.4605026166546197,0.4605026166546197,0.24977955816733002,3.9926079853413303,0.2533189915075376,1,0.2549804371529935,1.843636124722921,0.11533880069000842,1.0065587093789077,1.5970431941365322,0,200,9
226,0.5073635236496895,0.5073635236496895,0.24977955816733002,3.9926079853413303,0.2533189915075376,1,0.29569395264884324,2.031245180239294,0.12707571730368983,1.1672790535329631,1.5970431941365322,0,200,10
218,0.4742779688635377,0.4742779688635377,0.24977955816733002,3.9926079853413303,0.2533189915075376,1,0.26688773720575,1.8987861630606846,0.11878901475046551,1.0535638706654515,1.5970431941365322,0,200,11
232,0.44610515222461905,0.44610515222461905,0.24977955816733002,3.9926079853413303,0.2533189915075376,1,0.24505265920198943,1.7859954413313854,0.11173277062573457,0.9673678935149944,1.5970431941365322,0,200,12
219,0.46333288156340646,0.46333288156340646,0.24977955816733002,3.9926079853413303,0.2533189915075376,1,0.2581136393434332,1.8549671757086492,0.11604767692308161,1.0189273129794254,1.5970431941365322,0,200,13
247,0.5137837241152284,0.5137837241152284,0.24977955816733002,3.9926079853413303,0.2533189915075376,1,0.30456685381980597,2.056948646578353,0.1286837390501549,1.2023056463602866,1.5970431941365322,0,200,14
196,0.40831238417985677,0.40831238417985677,0.24977955816733002,3.9926079853413303,0.2533189915075376,1,0.21103804019310443,1.6346909537982444,0.10226708599465718,0.8330920588984932,1.5970431941365322,0,200,15
200,0.44507932440915343,0.44507932440915343,0.24977955816733002,3.9926079853413303,0.2533189915075376,1,0.24159904592541956,1.7818885087105085,0.11147583886102541,0.953734437704923,1.5970431941365322,0,200,16
224,0.4650515636571127,0.4650515636571127,0.24977955816733002,3.9926079853413303,0.2533189915075376,1,0.26087547266687366,1.8618479713442748,0.11647814294930214,1.0298299038471863,1.5970431941365322,0,200,17
227,0.45285953239472576,0.45285953239472576,0.24977955816733002,3.9926079853413303,0.2533189915075376,1,0.250135594935439,1.813036806203934,0.11342449197551523,0.98743324946482,1.5970431941365322,0,200,18
197,0.44870746198688416,0.44870746198688416,0.24977955816733002,3.9926079853413303,0.2533189915075376,1,0.24609444846159334,1.7964138670078444,0.11238455256170708,0.9714804523618621,1.5970431941365322,0,200,19
210,0.4735293461872513,0.4735293461872513,0.24977955816733002,3.9926079853413303,0.2533189915075376,1,0.2660982102448525,1.8957890295811513,0.11860151257668965,1.0504471404266371,1.1292800724217658,0,400,0
201,0.4520278434380254,0.4520278434380254,0.24977955816733002,3.9926079853413303,0.2533189915075376,1,0.2479434628472781,1.8097071143636463,0.11321618478388663,0.9787796065811373,1.1292800724217658,0,400,1
210,0.4563640391760326,0.4563640391760326,0.24977955816733002,3.9926079853413303,0.2533189915075376,1,0.2514744332107428,1.827067204876347,0.11430224075380087,0.9927184366011503,1.1292800724217658,0,400,2
199,0.4068656608428878,0.4068656608428878,0.24977955816733002,3.9926079853413303,0.2533189915075376,1,0.20997796724176726,1.6288989532535088,0.1019047355354384,0.8289073234981644,1.1292800724217658,0,400,3
204,0.4491640315705654,0.4491640315705654,0.24977955816733002,3.9926079853413303,0.2533189915075376,1,0.2451661054172026,1.7982417571163511,0.11249890628372475,0.9678157328757073,1.1292800724217658,0,400,4
200,0.40892327484836555,0.40892327484836555,0.24977955816733002,3.9926079853413303,0.2533189915075376,1,0.2115692990396588,1.637136673027596,0.1024200914163644,0.83518925202007,1.1292800724217658,0,400,5
227,0.45191824360406063,0.45191824360406063,0.24977955816733002,3.9926079853413303,0.2533189915075376,1,0.24766867410695528,1.809268328120413,0.11318873409642442,0.9776948527745335,1.1292800724217658,0,400,6
212,0.4195575006430278,0.4195575006430278,0.24977955816733002,3.9926079853413303,0.2533189915075376,1,0.22183335952350666,1.6797111169600265,0.10508356998318222,0.8757075740880877,1.1292800724217658,0,400,7
205,0.45282182744838534,0.45282182744838534,0.24977955816733002,3.9926079853413303,0.2533189915075376,1,0.24965654312839888,1.8128858533132448,0.11341504828695907,0.9855421484297605,1.1292800724217658,0,400,8
237,0.502189552376386,0.502189552376386,0.24977955816733002,3.9926079853413303,0.2533189915075376,1,0.2918282120124797,2.010531030085191,0.1257798296802869,1.1520186870939608,1.1292800724217658,0,400,9
210,0.43451780857558214,0.43451780857558214,0.24977955816733002,3.9926079853413303,0.2533189915075376,1,0.23552351355830586,1.7396051613018466,0.10883057143874218,0.9297507153201253,1.1292800724217658,0,400,10
202,0.44907824821533826,0.44907824821533826,0.24977955816733002,3.9926079853413303,0.2533189915075376,1,0.24503595833531935,1.7978983208645758,0.1124774207395536,0.9673019653089382,1.1292800724217658,0,400,11
218,0.4585806230455,0.4585806230455,0.24977955816733002,3.9926079853413303,0.2533189915075376,1,0.2537844740372569,1.8359413652989645,0.11485741268092357,1.001837535065765,1.1292800724217658,0,400,12
212,0.4801543165654639,0.4801543165654639,0.24977955816733002,3.9926079853413303,0.2533189915075376,1,0.2725337878445566,1.9223122984459895,0.1202608215803624,1.075852174456676,1.1292800724217658,0,400,13
202,0.45855384487609996,0.45855384487609996,0.24977955816733002,3.9926079853413303,0.2533189915075376,1,0.2535763761331552,1.8358341580895494,0.11485070574412978,1.0010160494642975,1.1292800724217658,0,400,14
217,0.4598839229854918,0.4598839229854918,0.24977955816733002,3.9926079853413303,0.2533189915075376,1,0.2540638744661119,1.8411591659450794,0.1151838409064786,1.002940493936682,1.1292800724217658,0,400,15
222,0.4697575377706642,0.4697575377706642,0.24977955816733002,3.9926079853413303,0.2533189915075376,1,0.2655782364097815,1.880688480744163,0.1176568146673444,1.0483944959250286,1.1292800724217658,0,400,16
218,0.43784948572302895,0.43784948572302895,0.24977955816733002,3.9926079853413303,0.2533189915075376,1,0.23622803721155555,1.752943631318736,0.10966503281328206,0.9325318871898576,1.1292800724217658,0,400,17
201,0.4727055096847418,0.4727055096847418,0.24977955816733002,3.9926079853413303,0.2533189915075376,1,0.26557679667494005,1.8924907752782205,0.11839517213316647,1.0483888124394247,1.1292800724217658,0,400,18
209,0.4948713728286941,0.4948713728286941,0.24977955816733002,3.9926079853413303,0.2533189915075376,1,0.28434634873627007,1.981232477387819,0.12394689752802948,1.1224833441980966,1.1292800724217658,0,400,19
362,0.5480956622908963,0.5480956622908963,0.37859862157451374,3.973529060433214,0.38241086059457885,1,0.34099325793065927,1.4476958738293322,0.137936744378847,0.8916934456319499,4.495534950198619,1,25,0
356,0.5459874975206649,0.5459874975206649,0.37859862157451374,3.973529060433214,0.38241086059457885,1,0.3401354895644605,1.442127536677274,0.13740619213217448,0.8894503912247996,4.495534950198619,1,25,1
329,0.5424432765505046,0.5424432765505046,0.37859862157451374,3.973529060433214,0.38241086059457885,1,0.3343191774215014,1.4327661159847722,0.13651423414816166,0.8742408019000724,4.495534950198619,1,25,2
400,0.6775279600177719,0.6775279600177719,0.37859862157451374,3.973529060433214,0.38241086059457885,1,0.45688684149957887,1.7895679524665795,0.17051038251219042,1.194753833061131,4.495534950198619,1,25,3
364,0.5952848867759278,0.5952848867759278,0.37859862157451374,3.973529060433214,0.38241086059457885,1,0.380949410475199,1.5723377023937926,0.14981264204244346,0.996178324754931,4.495534950198619,1,25,4
344,0.5766963764915009,0.5766963764915009,0.37859862157451374,3.973529060433214,0.38241086059457885,1,0.36571237476525664,1.5232395038659658,0.14513455613902734,0.9563336517081154,4.495534950198619,1,25,5
381,0.6198544731473035,0.6198544731473035,0.37859862157451374,3.973529060433214,0.38241086059457885,1,0.4054639900230271,1.6372338350558602,0.15599595818225218,1.0602836681798338,4.495534950198619,1,25,6
354,0.5733177594439298,0.5733177594439298,0.37859862157451374,3.973529060433214,0.38241086059457885,1,0.36300595117320045,1.5143154960776648,0.14428427494158652,0.9492563851580802,4.495534950198619,1,25,7
365,0.5947924371078965,0.5947924371078965,0.37859862157451374,3.973529060433214,0.38241086059457885,1,0.3819248548819213,1.571036985381186,0.1496887094725436,0.9987291006539356,4.495534950198619,1,25,8
370,0.6103919142280971,0.6103919142280971,0.37859862157451374,3.973529060433214,0.38241086059457885,1,0.39780869686212333,1.6122401917091056,0.1536145589838845,1.0402651646545908,4.495534950198619,1,25,9
359,0.5595131567664224,0.5595131567664224,0.37859862157451374,3.973529060433214,0.38241086059457885,1,0.3507259081980716,1.4778531269858364,0.14081013332400832,0.9171442140862763,4.495534950198619,1,25,10
375,0.5832850428420999,0.5832850428420999,0.37859862157451374,3.973529060433214,0.38241086059457885,1,0.3713351557480945,1.5406422781370346,0.14679269585573568,0.9710371592761156,4.495534950198619,1,25,11
396,0.6447340753460866,0.6447340753460866,0.37859862157451374,3.973529060433214,0.38241086059457885,1,0.4274327013079975,1.7029488186321713,0.16225729459640456,1.117731595393023,4.495534950198619,1,25,12
364,0.6132171613617265,0.6132171613617265,0.37859862157451374,3.973529060433214,0.38241086059457885,1,0.3986265494901894,1.6197025726387555,0.1543255760900036,1.04240383986584,4.495534950198619,1,25,13
342,0.5853299693022886,0.5853299693022886,0.37859862157451374,3.973529060433214,0.38241086059457885,1,0.37271814264097863,1.5460435826945744,0.14730733320432116,0.9746536540867856,4.495534950198619,1,25,14
354,0.5973586448375539,0.5973586448375539,0.37859862157451374,3.973529060433214,0.38241086059457885,1,0.385071276440314,1.5778151604283772,0.15033453530913068,1.0069569568228234,4.495534950198619,1,25,15
338,0.5681061302331701,0.5681061302331701,0.37859862157451374,3.973529060433214,0.38241086059457885,1,0.3568047999287253,1.5005499171405687,0.14297268790359177,0.9330404460112853,4.495534950198619,1,25,16
393,0.6397650959908203,0.6397650959908203,0.37859862157451374,3.973529060433214,0.38241086059457885,1,0.4221020241527009,1.6898241555401574,0.16100677414476236,1.103791935972764,4.495534950198619,1,25,17
353,0.5561652942702926,0.5561652942702926,0.37859862157451374,3.973529060433214,0.38241086059457885,1,0.34704296729187833,1.46901035180032,0.13996759198475742,0.9075133659966929,4.495534950198619,1,25,18
355,0.5966805009826808,0.5966805009826808,0.37859862157451374,3.973529060433214,0.38241086059457885,1,0.38318206262096755,1.5760239657006923,0.15016386992715933,1.0020166844246778,4.495534950198619,1,25,19
383,0.6156621780452639,0.6156621780452639,0.37859862157451374,3.973529060433214,0.38241086059457885,1,0.40141542978576,1.6261606433875846,0.15494090232679494,1.0496967297467246,3.1788232483465713,1,50,0
344,0.530563522955984,0.530563522955984,0.37859862157451374,3.973529060433214,0.38241086059457885,1,0.3244803410523556,1.401387888707781,0.1335245105513685,0.8485123580116112,3.1788232483465713,1,50,1
382,0.632267297938572,0.632267297938572,0.37859862157451374,3.973529060433214,0.38241086059457885,1,0.4172176718711938,1.6700200737897628,0.15911983738446323,1.091019410961542,3.1788232483465713,1,50,2
340,0.6055972408495567,0.6055972408495567,0.37859862157451374,3.973529060433214,0.38241086059457885,1,0.3912255869766076,1.59957592642837,0.15240790532523033,1.0230504080567258,3.1788232483465713,1,50,3
356,0.5666899085595544,0.5666899085595544,0.37859862157451374,3.973529060433214,0.38241086059457885,1,0.3565583589510181,1.4968092229253442,0.14261627383134604,0.9323960056904116,3.1788232483465713,1,50,4
387,0.6263788154295707,0.6263788154295707,0.37859862157451374,3.973529060433214,0.38241086059457885,1,0.4106717798359385,1.6544667088976452,0.15763790975301933,1.0739019786138373,3.1788232483465713,1,50,5
396,0.6640106250446067,0.6640106250446067,0.37859862157451374,3.973529060433214,0.38241086059457885,1,0.4442995361733789,1.753864349223257,0.16710853625220826,1.1618381744769866,3.1788232483465713,1,50,6
366,0.5830950667306527,0.5830950667306527,0.37859862157451374,3.973529060433214,0.38241086059457885,1,0.3717979762654287,1.5401404904901141,0.14674488543115896,0.9722474296032046,3.1788232483465713,1,50,7
366,0.627936941797226,0.627936941797226,0.37859862157451374,3.973529060433214,0.38241086059457885,1,0.41092956730956237,1.6585822187776742,0.15803003633469467,1.0745760898909673,3.1788232483465713,1,50,8
379,0.637184758957912,0.637184758957912,0.37859862157451374,3.973529060433214,0.38241086059457885,1,0.41938943364974945,1.6830086604858512,0.16035739245064007,1.0966985430217011,3.1788232483465713,1,50,9
354,0.5621210846384925,0.5621210846384925,0.37859862157451374,3.973529060433214,0.38241086059457885,1,0.35308884292766374,1.4847414982673381,0.1414664586792294,0.923323261213542,3.1788232483465713,1,50,10
374,0.6296981034350029,0.6296981034350029,0.37859862157451374,3.973529060433214,0.38241086059457885,1,0.4125012747468487,1.66323400971778,0.15847325988005986,1.0786860867536157,3.1788232483465713,1,50,11
351,0.5826972136839244,0.5826972136839244,0.37859862157451374,3.973529060433214,0.38241086059457885,1,0.37040629457072966,1.539089633397519,0.14664475956302578,0.968608197985841,3.1788232483465713,1,50,12
371,0.5919436298835263,0.5919436298835263,0.37859862157451374,3.973529060433214,0.38241086059457885,1,0.38046207107189844,1.5635123747195767,0.14897176310546215,0.9949039378231821,3.1788232483465713,1,50,13
364,0.6111402617995201,0.6111402617995201,0.37859862157451374,3.973529060433214,0.38241086059457885,1,0.3957899192285617,1.6142168168967799,0.15380289221614263,1.0349860843731815,3.1788232483465713,1,50,14
373,0.610574237218057,0.610574237218057,0.37859862157451374,3.973529060433214,0.38241086059457885,1,0.3962304506015614,1.6127217650154257,0.15366044338215792,1.03613806884432,3.1788232483465713,1,50,15
351,0.5912794683670959,0.5912794683670959,0.37859862157451374,3.973529060433214,0.38241086059457885,1,0.3781999125603494,1.5617581118179624,0.1488046165950606,0.9889884193464532,3.1788232483465713,1,50,16
365,0.6475031512495266,0.6475031512495266,0.37859862157451374,3.973529060433214,0.38241086059457885,1,0.42892191290261417,1.7102628333845862,0.16295417534430529,1.1216258665763812,3.1788232483465713,1,50,17
360,0.6212890196640151,0.6212890196640151,0.37859862157451374,3.973529060433214,0.38241086059457885,1,0.40574366431627507,1.6410229310402713,0.15635698398447828,1.0610150132384262,3.1788232483465713,1,50,18
375,0.6274179009784497,0.6274179009784497,0.37859862157451374,3.973529060433214,0.38241086059457885,1,0.4126171626016957,1.657211266034588,0.15789941169073657,1.078989132160503,3.1788232483465713,1,50,19
377,0.5832955963312032,0.5832955963312032,0.37859862157451374,3.973529060433214,0.38241086059457885,1,0.3717210945709181,1.540670153275775,0.14679535180437547,0.9720463848567478,2.2477674750993093,1,100,0
356,0.6234938788989866,0.6234938788989866,0.37859862157451374,3.973529060433214,0.38241086059457885,1,0.4075345572578069,1.6468466691875523,0.15691187088764116,1.0656981776724785,2.2477674750993093,1,100,1
381,0.639748776208809,0.639748776208809,0.37859862157451374,3.973529060433214,0.38241086059457885,1,0.4228572618300941,1.6897810497783259,0.16100266701939267,1.1057668738085222,2.2477674750993093,1,100,2
379,0.6084647478323049,0.6084647478323049,0.37859862157451374,3.973529060433214,0.38241086059457885,1,0.3937712432398021,1.607149929130289,0.15312955777551732,1.0297072698917598,2.2477674750993093,1,100,3
350,0.5374059809875611,0.5374059809875611,0.37859862157451374,3.973529060433214,0.38241086059457885,1,0.33064916809701506,1.4194610079471506,0.13524652086701247,0.864643769747847,2.2477674750993093,1,100,4
375,0.6115628744165843,0.6115628744165843,0.37859862157451374,3.973529060433214,0.38241086059457885,1,0.39541810799009197,1.6153330719304264,0.15390924921281654,1.0340138022630665,2.2477674750993093,1,100,5
362,0.614507483970784,0.614507483970784,0.37859862157451374,3.973529060433214,0.38241086059457885,1,0.39926156542072133,1.6231107271737384,0.15465030571684993,1.0440643992169645,2.2477674750993093,1,100,6
336,0.5826878441627695,0.5826878441627695,0.37859862157451374,3.973529060433214,0.38241086059457885,1,0.3690882816950084,1.5390648854966527,0.14664240157821873,0.9651616094823868,2.2477674750993093,1,100,7
372,0.6281518282133314,0.6281518282133314,0.37859862157451374,3.973529060433214,0.38241086059457885,1,0.4117611853205077,1.659149802503182,0.15808411582243395,1.0767507614200456,2.2477674750993093,1,100,8
333,0.5512614258448916,0.5512614258448916,0.37859862157451374,3.973529060433214,0.38241086059457885,1,0.34197015025351324,1.4560576674904646,0.13873345770492246,0.8942480078149776,2.2477674750993093,1,100,9
369,0.6323860164992396,0.6323860164992396,0.37859862157451374,3.973529060433214,0.38241086059457885,1,0.41589848240748245,1.670333647463576,0.159149714745082,1.087569745694033,2.2477674750993093,1,100,10
353,0.5648236404088529,0.5648236404088529,0.37859862157451374,3.973529060433214,0.38241086059457885,1,0.35579146455412314,1.4918798120813743,0.1421465986075544,0.9303905856672914,2.2477674750993093,1,100,11
349,0.5729139801171237,0.5729139801171237,0.37859862157451374,3.973529060433214,0.38241086059457885,1,0.36308456382926035,1.513248985784714,0.14418265763347954,0.94946195634907,2.2477674750993093,1,100,12
394,0.5990964076791856,0.5990964076791856,0.37859862157451374,3.973529060433214,0.38241086059457885,1,0.3875059935727358,1.5824051476671177,0.15077187018581137,1.0133237141074785,2.2477674750993093,1,100,13
352,0.5954927293142565,0.5954927293142565,0.37859862157451374,3.973529060433214,0.38241086059457885,1,0.3822966882070663,1.5728866809861186,0.14986494882947524,0.9997014405204522,2.2477674750993093,1,100,14
375,0.6193818215450444,0.6193818215450444,0.37859862157451374,3.973529060433214,0.38241086059457885,1,0.4035955946436088,1.6359854110645276,0.15587700810158822,1.0553978357625398,2.2477674750993093,1,100,15
362,0.5797784691938348,0.5797784691938348,0.37859862157451374,3.973529060433214,0.38241086059457885,1,0.3693621169233762,1.5313802960577496,0.1459102124021271,0.9658776854535088,2.2477674750993093,1,100,16
364,0.6135992618779087,0.6135992618779087,0.37859862157451374,3.973529060433214,0.38241086059457885,1,0.3976478006150462,1.6207118222619925,0.15442173759036534,1.0398444228199395,2.2477674750993093,1,100,17
347,0.5872562481585606,0.5872562481585606,0.37859862157451374,3.973529060433214,0.38241086059457885,1,0.37501802307380067,1.5511315009977658,0.1477921110496509,0.980667814953572,2.2477674750993093,1,100,18
343,0.5877105399269347,0.5877105399269347,0.37859862157451374,3.973529060433214,0.38241086059457885,1,0.37481762147641623,1.5523314307980507,0.14790644059436162,0.9801437670824606,2.2477674750993093,1,100,19
363,0.631029841306608,0.631029841306608,0.37859862157451374,3.973529060433214,0.38241086059457885,1,0.4139975223344545,1.666751555201878,0.15880841229781015,1.0825987569776763,1.5894116241732856,1,200,0
369,0.5874799949129144,0.5874799949129144,0.37859862157451374,3.973529060433214,0.38241086059457885,1,0.3745864820807279,1.5517224877092948,0.14784842037844925,0.9795393402224888,1.5894116241732856,1,200,1
371,0.5947289503188087,0.5947289503188087,0.37859862157451374,3.973529060433214,0.38241086059457885,1,0.3796032727276346,1.570869296474069,0.14967273204086454,0.9926581900352439,1.5894116241732856,1,200,2
383,0.5803894592021444,0.5803894592021444,0.37859862157451374,3.973529060433214,0.38241086059457885,1,0.3716888040740296,1.5329941160071425,0.14606397748073027,0.9719619455789555,1.5894116241732856,1,200,3
351,0.56225159951936,0.56225159951936,0.37859862157451374,3.973529060433214,0.38241086059457885,1,0.3528644924361702,1.4850862297941585,0.1414993047661417,0.9227365872599186,1.5894116241732856,1,200,4
352,0.5821385986064673,0.5821385986064673,0.37859862157451374,3.973529060433214,0.38241086059457885,1,0.37116375033466065,1.537614152385111,0.14650417544524003,0.970588936092372,1.5894116241732856,1,200,5
365,0.5871153189740228,0.5871153189740228,0.37859862157451374,3.973529060433214,0.38241086059457885,1,0.37573039519267903,1.550759261965432,0.14775664404226416,0.9825306598470741,1.5894116241732856,1,200,6
347,0.5703682273833468,0.5703682273833468,0.37859862157451374,3.973529060433214,0.38241086059457885,1,0.35915818447686637,1.5065248389212373,0.14354197961274315,0.9391945195239517,1.5894116241732856,1,200,7
355,0.5629771044561453,0.5629771044561453,0.37859862157451374,3.973529060433214,0.38241086059457885,1,0.35282548263835006,1.4870025202808173,0.1416818892963543,0.9226345770875102,1.5894116241732856,1,200,8
362,0.625379123517656,0.625379123517656,0.37859862157451374,3.973529060433214,0.38241086059457885,1,0.4085824252501378,1.651826202950325,0.15738632183288326,1.0684383404144615,1.5894116241732856,1,200,9
332,0.5825638071165367,0.5825638071165367,0.37859862157451374,3.973529060433214,0.38241086059457885,1,0.3689783524077735,1.5387372640021078,0.1466111857385089,0.9648741456612392,1.5894116241732856,1,200,10
371,0.6466699469799415,0.6466699469799415,0.37859862157451374,3.973529060433214,0.38241086059457885,1,0.42848480911292675,1.7080620745278319,0.16274448661247196,1.1204828451961624,1.5894116241732856,1,200,11
372,0.6061866103584264,0.6061866103584264,0.37859862157451374,3.973529060433214,0.38241086059457885,1,0.3927955684633347,1.6011326397265289,0.15255622927099893,1.0271558915785224,1.5894116241732856,1,200,12
352,0.5502274547089288,0.5502274547089288,0.37859862157451374,3.973529060433214,0.38241086059457885,1,0.3421450498998272,1.4533266191531444,0.13847324288826018,0.894705368377494,1.5894116241732856,1,200,13
335,0.5617298373160238,0.5617298373160238,0.37859862157451374,3.973529060433214,0.38241086059457885,1,0.35300148941927034,1.4837080890044052,0.14136799524369936,0.9230948327942823,1.5894116241732856,1,200,14
346,0.5414226965608839,0.5414226965608839,0.37859862157451374,3.973529060433214,0.38241086059457885,1,0.33516336840791816,1.4300704379461773,0.1362573894204401,0.8764483516153294,1.5894116241732856,1,200,15
342,0.5600844893860142,0.5600844893860142,0.37859862157451374,3.973529060433214,0.38241086059457885,1,0.35116206575357556,1.4793621990929022,0.14095391800782525,0.9182847610749937,1.5894116241732856,1,200,16
367,0.6337287745044269,0.6337287745044269,0.37859862157451374,3.973529060433214,0.38241086059457885,1,0.4176459860051853,1.673880300643672,0.15948764054976727,1.0921394474932598,1.5894116241732856,1,200,17
346,0.5798055978285657,0.5798055978285657,0.37859862157451374,3.973529060433214,0.38241086059457885,1,0.368565122756411,1.5314519514552736,0.14591703974233736,0.9637935548780172,1.5894116241732856,1,200,18
370,0.579022396840861,0.579022396840861,0.37859862157451374,3.973529060433214,0.38241086059457885,1,0.36736302749507077,1.529383267252337,0.14571993510920317,0.9606500896022894,1.5894116241732856,1,200,19
350,0.5780487430078982,0.5780487430078982,0.37859862157451374,3.973529060433214,0.38241086059457885,1,0.36831140585369726,1.5268115361960708,0.14547490007406072,0.9631300880969763,1.1238837375496546,1,400,0
341,0.5927441342487103,0.5927441342487103,0.37859862157451374,3.973529060433214,0.38241086059457885,1,0.3800563208602928,1.5656267626744373,0.14917322240096725,0.9938429056888572,1.1238837375496546,1,400,1
334,0.5655435215228317,0.5655435215228317,0.37859862157451374,3.973529060433214,0.38241086059457885,1,0.35600192913043893,1.4937812482540285,0.14232776781584008,0.9309409481125122,1.1238837375496546,1,400,2
372,0.6298264327311622,0.6298264327311622,0.37859862157451374,3.973529060433214,0.38241086059457885,1,0.4137443706236604,1.6635729684166407,0.15850555593080157,1.0819367681670016,1.1238837375496546,1,400,3
374,0.6424963653398374,0.6424963653398374,0.37859862157451374,3.973529060433214,0.38241086059457885,1,0.42543143499215647,1.6970383110953424,0.1616941402889323,1.1124983070059478,1.1238837375496546,1,400,4
370,0.6426449254626012,0.6426449254626012,0.37859862157451374,3.973529060433214,0.38241086059457885,1,0.42411197807878964,1.6974307058751912,0.16173152773986177,1.1090479423606672,1.1238837375496546,1,400,5
362,0.606783272742194,0.606783272742194,0.37859862157451374,3.973529060433214,0.38241086059457885,1,0.39339283252805723,1.6027086158388726,0.15270638858144892,1.0287177302349715,1.1238837375496546,1,400,6
381,0.6189774300120716,0.6189774300120716,0.37859862157451374,3.973529060433214,0.38241086059457885,1,0.40394445059467854,1.6349172837393646,0.1557752367223376,1.0563100900602533,1.1238837375496546,1,400,7
372,0.6189661422203775,0.6189661422203775,0.37859862157451374,3.973529060433214,0.38241086059457885,1,0.40366661542364185,1.6348874690727206,0.15577239597510198,1.0555835542850802,1.1238837375496546,1,400,8
359,0.5737982867082161,0.5737982867082161,0.37859862157451374,3.973529060433214,0.38241086059457885,1,0.3633643070668925,1.5155847222103112,0.14440520705432006,0.9501934816964339,1.1238837375496546,1,400,9
348,0.5316207089140546,0.5316207089140546,0.37859862157451374,3.973529060433214,0.38241086059457885,1,0.3253144245028011,1.4041802548122162,0.13379056773680537,0.8506934766366122,1.1238837375496546,1,400,10
374,0.6090670133646725,0.6090670133646725,0.37859862157451374,3.973529060433214,0.38241086059457885,1,0.39416311694749245,1.608740704949448,0.15328112720491063,1.0307320151280248,1.1238837375496546,1,400,11
365,0.6096533798302275,0.6096533798302275,0.37859862157451374,3.973529060433214,0.38241086059457885,1,0.3951323799332197,1.6102894862501205,0.15342869538841628,1.0332666266822579,1.1238837375496546,1,400,12
365,0.6013263640785009,0.6013263640785009,0.37859862157451374,3.973529060433214,0.38241086059457885,1,0.38790719039933347,1.588295175449156,0.1513330731782647,1.0143728391924038,1.1238837375496546,1,400,13
362,0.5573347828343227,0.5573347828343227,0.37859862157451374,3.973529060433214,0.38241086059457885,1,0.34717075874133196,1.4720993449909618,0.1402619118566505,0.9078475391665002,1.1238837375496546,1,400,14
344,0.5642867107909959,0.5642867107909959,0.37859862157451374,3.973529060433214,0.38241086059457885,1,0.35338065669017243,1.4904616093007514,0.14201147197083153,0.9240863508445608,1.1238837375496546,1,400,15
385,0.6121515165608694,0.6121515165608694,0.37859862157451374,3.973529060433214,0.38241086059457885,1,0.3976375022133087,1.6168878640261743,0.15405739010604583,1.0398174926179011,1.1238837375496546,1,400,16
336,0.5067465728508613,0.5067465728508613,0.37859862157451374,3.973529060433214,0.38241086059457885,1,0.3029232506539033,1.338479709047557,0.12753060696015478,0.7921408146800881,1.1238837375496546,1,400,17
358,0.5842212374818372,0.5842212374818372,0.37859862157451374,3.973529060433214,0.38241086059457885,1,0.37272875558039814,1.5431150674880465,0.14702830370596118,0.974681406801243,1.1238837375496546,1,400,18
354,0.5922886536721699,0.5922886536721699,0.37859862157451374,3.973529060433214,0.38241086059457885,1,0.37988943511522427,1.5644236928517152,0.14905859367430815,0.9934065013858806,1.1238837375496546,1,400,19
308,0.5223454930898503,0.5223454930898503,0.3035861563041043,3.9205817301993684,0.3072566566992839,1,0.31770974345011177,1.7205840327139732,0.13323162964983978,1.034020700684309,4.435631884192097,2,25,0
321,0.5370000113104592,0.5370000113104592,0.3035861563041043,3.9205817301993684,0.3072566566992839,1,0.33065554011718573,1.7688553979139372,0.13696947245712737,1.0761541952231897,4.435631884192097,2,25,1
308,0.5111585523962018,0.5111585523962018,0.3035861563041043,3.9205817301993684,0.3072566566992839,1,0.30604085226818484,1.6837347216984784,0.1303782416927726,0.9960430330650606,4.435631884192097,2,25,2
312,0.5065816748994614,0.5065816748994614,0.3035861563041043,3.9205817301993684,0.3072566566992839,1,0.3041103281367389,1.6686586801804464,0.12921084414523884,0.9897599336126852,4.435631884192097,2,25,3
315,0.5048103886662243,0.5048103886662243,0.3035861563041043,3.9205817301993684,0.3072566566992839,1,0.30241693727541025,1.6628241380036852,0.12875905245841,0.984248610019179,4.435631884192097,2,25,4
275,0.44857185471406946,0.44857185471406946,0.3035861563041043,3.9205817301993684,0.3072566566992839,1,0.2518006260241835,1.4775767781213713,0.11441461639705668,0.8195123540337942,4.435631884192097,2,25,5
322,0.4582998307466624,0.4582998307466624,0.3035861563041043,3.9205817301993684,0.3072566566992839,1,0.26101218027781053,1.5096203210517294,0.11689587471585679,0.8494923530111392,4.435631884192097,2,25,6
313,0.5312628143939,0.5312628143939,0.3035861563041043,3.9205817301993684,0.3072566566992839,1,0.3256105024280637,1.7499573131448407,0.13550611897762538,1.0597345747556675,4.435631884192097,2,25,7
338,0.4859167848492906,0.4859167848492906,0.3035861563041043,3.9205817301993684,0.3072566566992839,1,0.2860549505531823,1.6005894035647148,0.12393997072076875,0.930996755696486,4.435631884192097,2,25,8
296,0.5051272401890587,0.5051272401890587,0.3035861563041043,3.9205817301993684,0.3072566566992839,1,0.30127860675413226,1.6638678335617827,0.12883986993516194,0.980543790297756,4.435631884192097,2,25,9
303,0.4930278982213406,0.4930278982213406,0.3035861563041043,3.9205817301993684,0.3072566566992839,1,0.2908163137721705,1.6240131112153586,0.12575376108694697,0.946493126939138,4.435631884192097,2,25,10
316,0.4888629283912164,0.4888629283912164,0.3035861563041043,3.9205817301993684,0.3072566566992839,1,0.2865067666294432,1.6102938761855765,0.12469142643440236,0.9324672399525946,4.435631884192097,2,25,11
319,0.5135840761474424,0.5135840761474424,0.3035861563041043,3.9205817301993684,0.3072566566992839,1,0.31000215285207516,1.6917242946775932,0.1309969059416409,1.0089355139845784,4.435631884192097,2,25,12
317,0.5040956860944115,0.5040956860944115,0.3035861563041043,3.9205817301993684,0.3072566566992839,1,0.3015389080675861,1.6604699378632253,0.1285767574264489,0.9813909690578523,4.435631884192097,2,25,13
308,0.49014046141747025,0.49014046141747025,0.3035861563041043,3.9205817301993684,0.3072566566992839,1,0.2883033866108743,1.6145020161146388,0.125017279359853,0.9383145338753085,4.435631884192097,2,25,14
311,0.4634134400905303,0.4634134400905303,0.3035861563041043,3.9205817301993684,0.3072566566992839,1,0.26676636409772175,1.5264643346461622,0.11820017333676779,0.8682199662115359,4.435631884192097,2,25,15
339,0.5328921455872679,0.5328921455872679,0.3035861563041043,3.9205817301993684,0.3072566566992839,1,0.32685385164397723,1.7553242614049447,0.1359217030173146,1.0637811891700473,4.435631884192097,2,25,16
313,0.47705859238908344,0.47705859238908344,0.3035861563041043,3.9205817301993684,0.3072566566992839,1,0.2791974763635169,1.571410891052656,0.12168056304359307,0.9086783647352222,4.435631884192097,2,25,17
325,0.5152688205450346,0.5152688205450346,0.3035861563041043,3.9205817301993684,0.3072566566992839,1,0.31271314192726796,1.697273771696251,0.13142662390533363,1.0177587209553098,4.435631884192097,2,25,18
329,0.4973966454511252,0.4973966454511252,0.3035861563041043,3.9205817301993684,0.3072566566992839,1,0.29659520440865,1.6384035804085864,0.12686807205670259,0.9653011511445676,4.435631884192097,2,25,19
323,0.47775333032113604,0.47775333032113604,0.3035861563041043,3.9205817301993684,0.3072566566992839,1,0.2782468130602772,1.5736993285114336,0.12185776581090212,0.9055843282594882,3.1364653841594947,2,50,0
303,0.5052016601920815,0.5052016601920815,0.3035861563041043,3.9205817301993684,0.3072566566992839,1,0.3028555181020121,1.6641129699142723,0.12885885181288928,0.9856760187247,3.1364653841594947,2,50,1
321,0.4867101904097725,0.4867101904097725,0.3035861563041043,3.9205817301993684,0.3072566566992839,1,0.28400976469012196,1.6032028480318175,0.12414234006671822,0.9243404772450089,3.1364653841594947,2,50,2
309,0.5159186446071424,0.5159186446071424,0.3035861563041043,3.9205817301993684,0.3072566566992839,1,0.3113010847227315,1.6994142647609507,0.13159237075282373,1.0131630281566395,3.1364653841594947,2,50,3
329,0.5340634297317818,0.5340634297317818,0.3035861563041043,3.9205817301993684,0.3072566566992839,1,0.32789891802668797,1.759182421996894,0.1362204556578964,1.0671824706717645,3.1364653841594947,2,50,4
308,0.5180649376841022,0.5180649376841022,0.3035861563041043,3.9205817301993684,0.3072566566992839,1,0.31376620425578056,1.7064840636710492,0.13213981325617147,1.0211860261269055,3.1364653841594947,2,50,5
297,0.483315009748984,0.483315009748984,0.3035861563041043,3.9205817301993684,0.3072566566992839,1,0.28142995592575043,1.592019266072344,0.12327635106446476,0.9159442107748689,3.1364653841594947,2,50,6
332,0.5400429955058506,0.5400429955058506,0.3035861563041043,3.9205817301993684,0.3072566566992839,1,0.3340709953511683,1.7788788595646168,0.13774562875351368,1.0872701634520743,3.1364653841594947,2,50,7
343,0.551400070446801,0.551400070446801,0.3035861563041043,3.9205817301993684,0.3072566566992839,1,0.3432888612538408,1.816288585618047,0.14064241186441515,1.1172707043734518,3.1364653841594947,2,50,8
319,0.5522061443588102,0.5522061443588102,0.3035861563041043,3.9205817301993684,0.3072566566992839,1,0.3442375147029081,1.8189437591009967,0.1408480124531748,1.1203581995615406,3.1364653841594947,2,50,9
332,0.5138566597808311,0.5138566597808311,0.3035861563041043,3.9205817301993684,0.3072566566992839,1,0.3107833243939041,1.6926221736741427,0.13106643226506606,1.0114779212027676,3.1364653841594947,2,50,10
320,0.5084201924261293,0.5084201924261293,0.3035861563041043,3.9205817301993684,0.3072566566992839,1,0.3050612870049737,1.6747146794033698,0.12967978412741196,0.992854932036643,3.1364653841594947,2,50,11
333,0.5424900526648744,0.5424900526648744,0.3035861563041043,3.9205817301993684,0.3072566566992839,1,0.3368487449263813,1.7869393626811443,0.1383697854035778,1.0963106496861337,3.1364653841594947,2,50,12
316,0.44675445793176144,0.44675445793176144,0.3035861563041043,3.9205817301993684,0.3072566566992839,1,0.2504649354957255,1.4715903497399416,0.11395106356041791,0.8151652048367459,3.1364653841594947,2,50,13
318,0.5620815572807365,0.5620815572807365,0.3035861563041043,3.9205817301993684,0.3072566566992839,1,0.35217771845318196,1.8514729529290381,0.14336687664260317,1.1462004509079289,3.1364653841594947,2,50,14
303,0.5146300553311187,0.5146300553311187,0.3035861563041043,3.9205817301993684,0.3072566566992839,1,0.3108242478925179,1.695169706011266,0.13126369777399052,1.0116111111523471,3.1364653841594947,2,50,15
320,0.535077980565174,0.535077980565174,0.3035861563041043,3.9205817301993684,0.3072566566992839,1,0.32876794349001237,1.762524309669716,0.13647923124356454,1.0700108079734194,3.1364653841594947,2,50,16
311,0.5376761917029858,0.5376761917029858,0.3035861563041043,3.9205817301993684,0.3072566566992839,1,0.33138637879292626,1.771082707619882,0.13714194186066464,1.0785327886883127,3.1364653841594947,2,50,17
313,0.5206698707081661,0.5206698707081661,0.3035861563041043,3.9205817301993684,0.3072566566992839,1,0.31586736902388474,1.7150646032311418,0.132804238385738,1.0280244939754983,3.1364653841594947,2,50,18
326,0.506762713156836,0.506762713156836,0.3035861563041043,3.9205817301993684,0.3072566566992839,1,0.30320557842008317,1.6692550125678602,0.12925702052156077,0.9868153278671986,3.1364653841594947,2,50,19
323,0.4931953822663851,0.4931953822663851,0.3035861563041043,3.9205817301993684,0.3072566566992839,1,0.29332281182408715,1.6245647965987882,0.1257964802690914,0.9546507957715819,2.2178159420960486,2,100,0
321,0.5234810032947359,0.5234810032947359,0.3035861563041043,3.9205817301993684,0.3072566566992839,1,0.3178358914691872,1.7243243554569776,0.1335212576395177,1.0344312630474832,2.2178159420960486,2,100,1
314,0.5155649293127835,0.5155649293127835,0.3035861563041043,3.9205817301993684,0.3072566566992839,1,0.30992693155533313,1.6982491414935887,0.131502150648079,1.0086906981438082,2.2178159420960486,2,100,2
321,0.554932896434211,0.554932896434211,0.3035861563041043,3.9205817301993684,0.3072566566992839,1,0.346212925530878,1.827925565480433,0.14154350926029327,1.1267873876194685,2.2178159420960486,2,100,3
300,0.4632889750334469,0.4632889750334469,0.3035861563041043,3.9205817301993684,0.3072566566992839,1,0.26675297550716276,1.5260543519954421,0.1181684267579056,0.868176391596415,2.2178159420960486,2,100,4
319,0.5120674671414975,0.5120674671414975,0.3035861563041043,3.9205817301993684,0.3072566566992839,1,0.30909409967052814,1.6867286485506148,0.1306100732952857,1.005980156755538,2.2178159420960486,2,100,5
330,0.5435617234355636,0.5435617234355636,0.3035861563041043,3.9205817301993684,0.3072566566992839,1,0.33631713029296484,1.790469401019308,0.1386431302397368,1.0945804524004918,2.2178159420960486,2,100,6
313,0.5045191546756257,0.5045191546756257,0.3035861563041043,3.9205817301993684,0.3072566566992839,1,0.29985458155546735,1.6618648255167652,0.12868476909674575,0.9759091463685974,2.2178159420960486,2,100,7
318,0.5391904975724593,0.5391904975724593,0.3035861563041043,3.9205817301993684,0.3072566566992839,1,0.33293973880078814,1.7760707673124216,0.13752818705938327,1.08358836673355,2.2178159420960486,2,100,8
310,0.5207642495592452,0.5207642495592452,0.3035861563041043,3.9205817301993684,0.3072566566992839,1,0.3147812491075843,1.7153754831876857,0.13282831105086118,1.0244895993113172,2.2178159420960486,2,100,9
334,0.5565704955184001,0.5565704955184001,0.3035861563041043,3.9205817301993684,0.3072566566992839,1,0.3481375441959035,1.8333197478243366,0.14196120214285077,1.1330512670930681,2.2178159420960486,2,100,10
321,0.5210972369397706,0.5210972369397706,0.3035861563041043,3.9205817301993684,0.3072566566992839,1,0.31587641184364645,1.7164723295807467,0.13291324420707126,1.0280539248098335,2.2178159420960486,2,100,11
325,0.4695578991996114,0.4695578991996114,0.3035861563041043,3.9205817301993684,0.3072566566992839,1,0.2711849211736129,1.5467039239076898,0.11976740481717583,0.8826006378082318,2.2178159420960486,2,100,12
336,0.5385464084947464,0.5385464084947464,0.3035861563041043,3.9205817301993684,0.3072566566992839,1,0.3318613219376988,1.773949165044538,0.13736390300103765,1.0800785424886523,2.2178159420960486,2,100,13
302,0.5067514552160273,0.5067514552160273,0.3035861563041043,3.9205817301993684,0.3072566566992839,1,0.3025768029659499,1.669217929385459,0.1292541490240169,0.9847689101886107,2.2178159420960486,2,100,14
330,0.547994812135449,0.547994812135449,0.3035861563041043,3.9205817301993684,0.3072566566992839,1,0.3410979763028733,1.8050718083024804,0.13977385241439222,1.1101402324920508,2.2178159420960486,2,100,15
323,0.5036767809903897,0.5036767809903897,0.3035861563041043,3.9205817301993684,0.3072566566992839,1,0.30116696952259053,1.659090082111166,0.1284699097357618,0.980180454861053,2.2178159420960486,2,100,16
316,0.5414320404716046,0.5414320404716046,0.3035861563041043,3.9205817301993684,0.3072566566992839,1,0.33444176239200407,1.7834543151211695,0.13809992438139324,1.0884768648619598,2.2178159420960486,2,100,17
296,0.4849754611842276,0.4849754611842276,0.3035861563041043,3.9205817301993684,0.3072566566992839,1,0.28553910128987264,1.5974887230971901,0.12369987276341404,0.9293178685119049,2.2178159420960486,2,100,18
340,0.5716385626816822,0.5716385626816822,0.3035861563041043,3.9205817301993684,0.3072566566992839,1,0.36233177768598956,1.8829533258066882,0.14580452647587414,1.1792479342135405,2.2178159420960486,2,100,19
320,0.5001289205042923,0.5001289205042923,0.3035861563041043,3.9205817301993684,0.3072566566992839,1,0.2974589074895435,1.647403579243942,0.12756497757766672,0.9681121661773154,1.5682326920797474,2,200,0
330,0.5411213395109755,0.5411213395109755,0.3035861563041043,3.9205817301993684,0.3072566566992839,1,0.33342977743819097,1.7824308792556753,0.13802067569280302,1.085183250446297,1.5682326920797474,2,200,1
310,0.5094638165844204,0.5094638165844204,0.3035861563041043,3.9205817301993684,0.3072566566992839,1,0.3070892649852878,1.6781523333827089,0.12994597527712126,0.9994552055737561,1.5682326920797474,2,200,2
311,0.5096133500828979,0.5096133500828979,0.3035861563041043,3.9205817301993684,0.3072566566992839,1,0.30610480768986,1.6786448904225222,0.12998411591766082,0.9962511828977191,1.5682326920797474,2,200,3
345,0.5414422653484727,0.5414422653484727,0.3035861563041043,3.9205817301993684,0.3072566566992839,1,0.33474515075447925,1.783487995434503,0.13810253238132073,1.0894642750802912,1.5682326920797474,2,200,4
313,0.48693018526905235,0.48693018526905235,0.3035861563041043,3.9205817301993684,0.3072566566992839,1,0.2884007329870029,1.6039275018235388,0.12419845287711706,0.9386313581783989,1.5682326920797474,2,200,5
322,0.46933428197817084,0.46933428197817084,0.3035861563041043,3.9205817301993684,0.3072566566992839,1,0.2715856025151853,1.5459673382077261,0.11971036807190967,0.8839046985432432,1.5682326920797474,2,200,6
319,0.5397787063065669,0.5397787063065669,0.3035861563041043,3.9205817301993684,0.3072566566992839,1,0.33189414670910683,1.7780083020843247,0.13767821804319794,1.0801853742551653,1.5682326920797474,2,200,7
315,0.4943196105862198,0.4943196105862198,0.3035861563041043,3.9205817301993684,0.3072566566992839,1,0.29383704277086214,1.6282679572880674,0.12608323065390675,0.9563244159700802,1.5682326920797474,2,200,8
339,0.5151927568341903,0.5151927568341903,0.3035861563041043,3.9205817301993684,0.3072566566992839,1,0.31107159220066527,1.6970232210394938,0.13140722277660358,1.0124161199381763,1.5682326920797474,2,200,9
305,0.4899622349217641,0.4899622349217641,0.3035861563041043,3.9205817301993684,0.3072566566992839,1,0.28908297749430795,1.6139149455516202,0.1249718201632411,0.9408517966699,1.5682326920797474,2,200,10
330,0.567135311652811,0.567135311652811,0.3035861563041043,3.9205817301993684,0.3072566566992839,1,0.35693185843062186,1.8681198067698044,0.1446559084036672,1.161673313330216,1.5682326920797474,2,200,11
322,0.47172236100273596,0.47172236100273596,0.3035861563041043,3.9205817301993684,0.3072566566992839,1,0.27214071267938883,1.5538335698358015,0.12031948151193064,0.8857113645734175,1.5682326920797474,2,200,12
311,0.49009353313612375,0.49009353313612375,0.3035861563041043,3.9205817301993684,0.3072566566992839,1,0.2901188876909807,1.6143474363343293,0.12500530963582326,0.9442232783744823,1.5682326920797474,2,200,13
317,0.5052554301134526,0.5052554301134526,0.3035861563041043,3.9205817301993684,0.3072566566992839,1,0.3034262740102905,1.6642900857683869,0.12887256659428434,0.9875336055200838,1.5682326920797474,2,200,14
303,0.47516281170589036,0.47516281170589036,0.3035861563041043,3.9205817301993684,0.3072566566992839,1,0.2756071905879971,1.565166269406292,0.12119701728083283,0.8969933916118128,1.5682326920797474,2,200,15
304,0.5010725526832607,0.5010725526832607,0.3035861563041043,3.9205817301993684,0.3072566566992839,1,0.2985154438138002,1.6505118638589467,0.12780566435424884,0.9715507778435574,1.5682326920797474,2,200,16
298,0.49218972479037615,0.49218972479037615,0.3035861563041043,3.9205817301993684,0.3072566566992839,1,0.29042910595058263,1.6212522032702519,0.125539973060413,0.9452329172312428,1.5682326920797474,2,200,17
317,0.4981242155065173,0.4981242155065173,0.3035861563041043,3.9205817301993684,0.3072566566992839,1,0.295508167907698,1.6408001654974773,0.1270536491229292,0.9617632733565662,1.5682326920797474,2,200,18
294,0.4863085792157663,0.4863085792157663,0.3035861563041043,3.9205817301993684,0.3072566566992839,1,0.2853526950330322,1.601879957690257,0.12403990343316645,0.9287111892007293,1.5682326920797474,2,200,19
320,0.5410908121083418,0.5410908121083418,0.3035861563041043,3.9205817301993684,0.3072566566992839,1,0.3330764534295411,1.7823303232784022,0.13801288924560345,1.084033319270044,1.1089079710480243,2,400,0
327,0.5379234093932251,0.5379234093932251,0.3035861563041043,3.9205817301993684,0.3072566566992839,1,0.33184021261385305,1.7718970322690988,0.13720499824036847,1.0800098399125306,1.1089079710480243,2,400,1
316,0.48637387826959394,0.48637387826959394,0.3035861563041043,3.9205817301993684,0.3072566566992839,1,0.28596645407670496,1.6020950500206272,0.1240565588833831,0.9307087343483791,1.1089079710480243,2,400,2
300,0.485985168112496,0.485985168112496,0.3035861563041043,3.9205817301993684,0.3072566566992839,1,0.28422960481435505,1.6008146551507485,0.1239574128423495,0.9250559706914153,1.1089079710480243,2,400,3
311,0.4692568465033273,0.4692568465033273,0.3035861563041043,3.9205817301993684,0.3072566566992839,1,0.27182132648885965,1.545712269018188,0.11969061705530744,0.8846718876945104,1.1089079710480243,2,400,4
310,0.5315998115448899,0.5315998115448899,0.3035861563041043,3.9205817301993684,0.3072566566992839,1,0.32490497103206384,1.7510673675527642,0.13559207488268765,1.0574383465678745,1.1089079710480243,2,400,5
341,0.5676083136792804,0.5676083136792804,0.3035861563041043,3.9205817301993684,0.3072566566992839,1,0.3572006036627905,1.8696778555037383,0.1447765542820138,1.1625479737364564,1.1089079710480243,2,400,6
305,0.5279732690288517,0.5279732690288517,0.3035861563041043,3.9205817301993684,0.3072566566992839,1,0.3221136805941782,1.7391216893960648,0.13466707375642525,1.0483537901326416,1.1089079710480243,2,400,7
337,0.5417723423851072,0.5417723423851072,0.3035861563041043,3.9205817301993684,0.3072566566992839,1,0.3348138088206761,1.7845752552774843,0.13818672321302614,1.0896877301778451,1.1089079710480243,2,400,8
289,0.5334275690429514,0.5334275690429514,0.3035861563041043,3.9205817301993684,0.3072566566992839,1,0.3261856202974776,1.7570879236950891,0.13605827036688908,1.0616063580250426,1.1089079710480243,2,400,9
309,0.5043101606489804,0.5043101606489804,0.3035861563041043,3.9205817301993684,0.3072566566992839,1,0.3019791367967863,1.6611764080039588,0.1286314622048028,0.9828237410404982,1.1089079710480243,2,400,10
310,0.48422793990808227,0.48422793990808227,0.3035861563041043,3.9205817301993684,0.3072566566992839,1,0.2818610939268296,1.5950264195282604,0.12350920685524351,0.917347396000246,1.1089079710480243,2,400,11
300,0.4860339371168543,0.4860339371168543,0.3035861563041043,3.9205817301993684,0.3072566566992839,1,0.2849769883870232,1.600975298195056,0.12396985206890167,0.9274884113118951,1.1089079710480243,2,400,12
301,0.47933105632359063,0.47933105632359063,0.3035861563041043,3.9205817301993684,0.3072566566992839,1,0.2783295048915298,1.5788962914482882,0.1222601872144152,0.9058534577622983,1.1089079710480243,2,400,13
318,0.4957878383543511,0.4957878383543511,0.3035861563041043,3.9205817301993684,0.3072566566992839,1,0.2953180432561785,1.6331042376573888,0.12645772297906907,0.9611444921279935,1.1089079710480243,2,400,14
315,0.506358477765355,0.506358477765355,0.3035861563041043,3.9205817301993684,0.3072566566992839,1,0.3013668750584989,1.667923478230451,0.12915391454920794,0.9808310690350659,1.1089079710480243,2,400,15
316,0.4725245996964486,0.4725245996964486,0.3035861563041043,3.9205817301993684,0.3072566566992839,1,0.27332637173408525,1.5564761102713707,0.12052410387384525,0.8895702201224994,1.1089079710480243,2,400,16
312,0.5024983594241934,0.5024983594241934,0.3035861563041043,3.9205817301993684,0.3072566566992839,1,0.29915599326229064,1.655208411153101,0.12816933659450597,0.973635515259409,1.1089079710480243,2,400,17
310,0.5453228004252915,0.5453228004252915,0.3035861563041043,3.9205817301993684,0.3072566566992839,1,0.3379174275516485,1.7962703143783603,0.13909231791414814,1.0997887928018844,1.1089079710480243,2,400,18
314,0.5023103131845901,0.5023103131845901,0.3035861563041043,3.9205817301993684,0.3072566566992839,1,0.29762441711751186,1.6545889947676746,0.1281213727328793,0.968650835151151,1.1089079710480243,2,400,19
308,0.6263709666071977,0.6263709666071977,0.3640601434723735,3.994253428199673,0.36709941702578985,1,0.40572734392019105,1.7205150792748878,0.15681803317360396,1.105224702363631,4.518981895772166,3,25,0
273,0.5203951730123457,0.5203951730123457,0.3640601434723735,3.994253428199673,0.36709941702578985,1,0.31086096954822007,1.4294208864745879,0.13028596767003417,0.8468032231344599,4.518981895772166,3,25,1
306,0.6478244502856598,0.6478244502856598,0.3640601434723735,3.994253428199673,0.36709941702578985,1,0.42333034719096385,1.7794434845483702,0.1621891204278576,1.1531762992726944,4.518981895772166,3,25,2
293,0.5642104677430788,0.5642104677430788,0.3640601434723735,3.994253428199673,0.36709941702578985,1,0.3506473928405004,1.5497726896487192,0.1412555507268814,0.9551837365513068,4.518981895772166,3,25,3
296,0.5832438543098479,0.5832438543098479,0.3640601434723735,3.994253428199673,0.36709941702578985,1,0.367918161350526,1.602053574848704,0.1460207432488161,1.0022303067963703,4.518981895772166,3,25,4
308,0.632916876307194,0.632916876307194,0.3640601434723735,3.994253428199673,0.36709941702578985,1,0.41142472227325927,1.7384953768091413,0.15845686501481407,1.120744689835221,4.518981895772166,3,25,5
276,0.6054689187896439,0.6054689187896439,0.3640601434723735,3.994253428199673,0.36709941702578985,1,0.3863805499097849,1.6631013574151097,0.15158500322363033,1.052522918832749,4.518981895772166,3,25,6
336,0.6841083065504813,0.6841083065504813,0.3640601434723735,3.994253428199673,0.36709941702578985,1,0.4580284254746223,1.8791079408625089,0.17127313497952706,1.2476958672000409,4.518981895772166,3,25,7
289,0.5812175749944507,0.5812175749944507,0.3640601434723735,3.994253428199673,0.36709941702578985,1,0.36548406916454873,1.5964877930631154,0.14551344461295798,0.99559969919231,4.518981895772166,3,25,8
293,0.5820811640811727,0.5820811640811727,0.3640601434723735,3.994253428199673,0.36709941702578985,1,0.3671624377774183,1.5988598986127238,0.14572965249817255,1.0001716721648295,4.518981895772166,3,25,9
293,0.6053753456090725,0.6053753456090725,0.3640601434723735,3.994253428199673,0.36709941702578985,1,0.38466089818140003,1.6628443307060639,0.15156157627232303,1.047838488270812,4.518981895772166,3,25,10
323,0.6076467569794508,0.6076467569794508,0.3640601434723735,3.994253428199673,0.36709941702578985,1,0.3894343707984565,1.6690834409495359,0.15213024609040268,1.0608417031920745,4.518981895772166,3,25,11
297,0.6257963507689309,0.6257963507689309,0.3640601434723735,3.994253428199673,0.36709941702578985,1,0.4046835349670825,1.718936725124977,0.15667417253766885,1.1023813065294306,4.518981895772166,3,25,12
265,0.5328931919225018,0.5328931919225018,0.3640601434723735,3.994253428199673,0.36709941702578985,1,0.3222519165843398,1.463750431013441,0.13341496765334002,0.87783282031663,4.518981895772166,3,25,13
265,0.5385247193917283,0.5385247193917283,0.3640601434723735,3.994253428199673,0.36709941702578985,1,0.32508578145283695,1.4792191044461147,0.13482487505417431,0.8855524317817118,4.518981895772166,3,25,14
335,0.6456562965790887,0.6456562965790887,0.3640601434723735,3.994253428199673,0.36709941702578985,1,0.4227025242638621,1.7734880023418,0.16164630216518458,1.1514660733829658,4.518981895772166,3,25,15
322,0.5997149347255161,0.5997149347255161,0.3640601434723735,3.994253428199673,0.36709941702578985,1,0.3828759673743986,1.6472963203428093,0.150144437629193,1.0429762337309851,4.518981895772166,3,25,16
297,0.5577435339647134,0.5577435339647134,0.3640601434723735,3.994253428199673,0.36709941702578985,1,0.3437936236269316,1.5320093230887757,0.13963649127193833,0.9365136736318463,4.518981895772166,3,25,17
308,0.5901178680078187,0.5901178680078187,0.3640601434723735,3.994253428199673,0.36709941702578985,1,0.37389445798721804,1.6209351080822159,0.1477417191011343,1.018510083770988,4.518981895772166,3,25,18
281,0.5981707919699977,0.5981707919699977,0.3640601434723735,3.994253428199673,0.36709941702578985,1,0.37928059782155554,1.6430548707273955,0.14975784654696053,1.0331822395536792,4.518981895772166,3,25,19
306,0.57508319188925,0.57508319188925,0.3640601434723735,3.994253428199673,0.36709941702578985,1,0.3605555624090289,1.5796378763249317,0.14397764243728942,0.982174162329707,3.1954027425597387,3,50,0
313,0.6943043320311921,0.6943043320311921,0.3640601434723735,3.994253428199673,0.36709941702578985,1,0.4681884464371533,1.9071143723918218,0.17382580863030903,1.27537235071191,3.1954027425597387,3,50,1
282,0.5664052102258696,0.5664052102258696,0.3640601434723735,3.994253428199673,0.36709941702578985,1,0.35243094462275226,1.5558012058764434,0.141805025746993,0.9600422345481222,3.1954027425597387,3,50,2
311,0.6018887502038685,0.6018887502038685,0.3640601434723735,3.994253428199673,0.36709941702578985,1,0.3835560019222764,1.653267354297855,0.15068867337122305,1.0448286870892263,3.1954027425597387,3,50,3
288,0.5955759005553968,0.5955759005553968,0.3640601434723735,3.994253428199673,0.36709941702578985,1,0.37824116832870924,1.6359272258557238,0.14910819036934275,1.0303507736220041,3.1954027425597387,3,50,4
301,0.6326981576868376,0.6326981576868376,0.3640601434723735,3.994253428199673,0.36709941702578985,1,0.41006297738580844,1.7378946007443123,0.15840210669156593,1.1170352181654384,3.1954027425597387,3,50,5
276,0.5512158097766737,0.5512158097766737,0.3640601434723735,3.994253428199673,0.36709941702578985,1,0.3388473608767477,1.5140789774986794,0.13800221234963622,0.9230397684149486,3.1954027425597387,3,50,6
308,0.677128841725146,0.677128841725146,0.3640601434723735,3.994253428199673,0.36709941702578985,1,0.4513159952242448,1.8599367545888186,0.1695257584169735,1.22941081977403,3.1954027425597387,3,50,7
309,0.6055395313960498,0.6055395313960498,0.3640601434723735,3.994253428199673,0.36709941702578985,1,0.38882118668694604,1.6632953160443964,0.1516026817729951,1.059171354280931,3.1954027425597387,3,50,8
285,0.5676637033469262,0.5676637033469262,0.3640601434723735,3.994253428199673,0.36709941702578985,1,0.3529341576289022,1.559258033391406,0.1421201016788734,0.961413015821018,3.1954027425597387,3,50,9
284,0.5515714440245203,0.5515714440245203,0.3640601434723735,3.994253428199673,0.36709941702578985,1,0.3380938677086316,1.5150558332578805,0.1380912488252228,0.9209872095353381,3.1954027425597387,3,50,10
298,0.6028306769837137,0.6028306769837137,0.3640601434723735,3.994253428199673,0.36709941702578985,1,0.3846924498746257,1.6558546377364136,0.15092449385602133,1.0479244369042402,3.1954027425597387,3,50,11
287,0.5715031441820845,0.5715031441820845,0.3640601434723735,3.994253428199673,0.36709941702578985,1,0.3566697962516666,1.5698042052369094,0.14308134284801194,0.9715891110407552,3.1954027425597387,3,50,12
293,0.5764680401484759,0.5764680401484759,0.3640601434723735,3.994253428199673,0.36709941702578985,1,0.359790503906269,1.5834417759938637,0.14432435260080803,0.9800900988110057,3.1954027425597387,3,50,13
289,0.6389632311412555,0.6389632311412555,0.3640601434723735,3.994253428199673,0.36709941702578985,1,0.41631175020789046,1.7551034975893838,0.1599706284609124,1.1340572359956738,3.1954027425597387,3,50,14
271,0.5461688422058074,0.5461688422058074,0.3640601434723735,3.994253428199673,0.36709941702578985,1,0.3341601447213396,1.5002159725491981,0.1367386551764147,0.9102715210737146,3.1954027425597387,3,50,15
326,0.6620746565472507,0.6620746565472507,0.3640601434723735,3.994253428199673,0.36709941702578985,1,0.4374249369030927,1.8185859353689233,0.165756797471328,1.1915707751515232,3.1954027425597387,3,50,16
296,0.5828868522986981,0.5828868522986981,0.3640601434723735,3.994253428199673,0.36709941702578985,1,0.3681817258447418,1.6010729621187718,0.14593136434045004,1.0029482716908698,3.1954027425597387,3,50,17
315,0.634377342287269,0.634377342287269,0.3640601434723735,3.994253428199673,0.36709941702578985,1,0.41298421776769373,1.7425069831501852,0.15882250680653517,1.1249928455720766,3.1954027425597387,3,50,18
293,0.5761557811087693,0.5761557811087693,0.3640601434723735,3.994253428199673,0.36709941702578985,1,0.3601276898160935,1.5825840632084753,0.14424617552834137,0.9810086126908598,3.1954027425597387,3,50,19
273,0.5435160694229105,0.5435160694229105,0.3640601434723735,3.994253428199673,0.36709941702578985,1,0.33080941871466335,1.4929293391990188,0.13607450783809907,0.9011439500363548,2.259490947886083,3,100,0
271,0.5365619976591615,0.5365619976591615,0.3640601434723735,3.994253428199673,0.36709941702578985,1,0.32558849408773755,1.4738279025588479,0.13433348867425413,0.8869218500144443,2.259490947886083,3,100,1
295,0.5235960933265321,0.5235960933265321,0.3640601434723735,3.994253428199673,0.36709941702578985,1,0.31407463240713174,1.4382131708583061,0.131087349047487,0.8555574262463812,2.259490947886083,3,100,2
316,0.6131667175574511,0.6131667175574511,0.3640601434723735,3.994253428199673,0.36709941702578985,1,0.39477554573324847,1.6842456625686106,0.15351222164033373,1.0753913719931467,2.259490947886083,3,100,3
273,0.5657326862259162,0.5657326862259162,0.3640601434723735,3.994253428199673,0.36709941702578985,1,0.351180433186942,1.5539539176961472,0.14163665285527677,0.9566357692207135,2.259490947886083,3,100,4
281,0.6029242706576584,0.6029242706576584,0.3640601434723735,3.994253428199673,0.36709941702578985,1,0.3839671774894135,1.6561117207366343,0.15094792593804296,1.04594875306609,2.259490947886083,3,100,5
276,0.5843269495762704,0.5843269495762704,0.3640601434723735,3.994253428199673,0.36709941702578985,1,0.3674580022449546,1.6050286197302774,0.14629190663038216,1.0009768068336093,2.259490947886083,3,100,6
289,0.5807908817031173,0.5807908817031173,0.3640601434723735,3.994253428199673,0.36709941702578985,1,0.36443227991954463,1.5953157524017467,0.14540661781816303,0.9927345645823844,2.259490947886083,3,100,7
320,0.632708430342286,0.632708430342286,0.3640601434723735,3.994253428199673,0.36709941702578985,1,0.41105795805951867,1.7379228176629522,0.1584046785502707,1.1197456029483168,2.259490947886083,3,100,8
271,0.585241627208905,0.585241627208905,0.3640601434723735,3.994253428199673,0.36709941702578985,1,0.36797536738629016,1.6075410552413734,0.14652090502747359,1.002386139339575,2.259490947886083,3,100,9
301,0.5850816992010389,0.5850816992010389,0.3640601434723735,3.994253428199673,0.36709941702578985,1,0.368749176233297,1.607101765166001,0.14648086550300649,1.004494039301052,2.259490947886083,3,100,10
315,0.6144727146238403,0.6144727146238403,0.3640601434723735,3.994253428199673,0.36709941702578985,1,0.394902990174728,1.6878329738681468,0.153839190644646,1.075738538007498,2.259490947886083,3,100,11
272,0.5524769843382973,0.5524769843382973,0.3640601434723735,3.994253428199673,0.36709941702578985,1,0.3391330857448531,1.5175431703916298,0.13831795960611212,0.9238180994469626,2.259490947886083,3,100,12
309,0.5867423698044345,0.5867423698044345,0.3640601434723735,3.994253428199673,0.36709941702578985,1,0.371008729126404,1.6116632933452633,0.14689663045964924,1.0106491917973803,2.259490947886083,3,100,13
305,0.6103138887801215,0.6103138887801215,0.3640601434723735,3.994253428199673,0.36709941702578985,1,0.39160306385562615,1.6764095156338772,0.1527979883477769,1.0667493482511166,2.259490947886083,3,100,14
307,0.6099434812843847,0.6099434812843847,0.3640601434723735,3.994253428199673,0.36709941702578985,1,0.39253866431396905,1.6753920807336877,0.15270525324661335,1.069297977900063,2.259490947886083,3,100,15
289,0.5862938985884565,0.5862938985884565,0.3640601434723735,3.994253428199673,0.36709941702578985,1,0.36730897367447096,1.6104314331045335,0.14678435135066437,1.000570844406071,2.259490947886083,3,100,16
316,0.6389746399885995,0.6389746399885995,0.3640601434723735,3.994253428199673,0.36709941702578985,1,0.41794124800041743,1.7551348353986675,0.15997348477625367,1.1384960820328838,2.259490947886083,3,100,17
278,0.5534860331322878,0.5534860331322878,0.3640601434723735,3.994253428199673,0.36709941702578985,1,0.33947757188660627,1.520314824504509,0.13857058473672268,0.9247564995799405,2.259490947886083,3,100,18
276,0.5802892607143524,0.5802892607143524,0.3640601434723735,3.994253428199673,0.36709941702578985,1,0.36315948712000606,1.5939379004238274,0.14528103214920585,0.9892674035341577,2.259490947886083,3,100,19
290,0.6096950323450203,0.6096950323450203,0.3640601434723735,3.994253428199673,0.36709941702578985,1,0.38916475016845253,1.6747096414614437,0.15264305165028744,1.0601072410341434,1.5977013712798693,3,200,0
269,0.5579217338872567,0.5579217338872567,0.3640601434723735,3.994253428199673,0.36709941702578985,1,0.34394082361746975,1.532498802439203,0.13968110534707068,0.936914654902072,1.5977013712798693,3,200,1
309,0.599220880551165,0.599220880551165,0.3640601434723735,3.994253428199673,0.36709941702578985,1,0.38028555119599666,1.6459392528823649,0.1500207463854519,1.0359197905489468,1.5977013712798693,3,200,2
300,0.6124002183532813,0.6124002183532813,0.3640601434723735,3.994253428199673,0.36709941702578985,1,0.3924827746101106,1.6821402434011647,0.15332032114680014,1.0691457311209445,1.5977013712798693,3,200,3
266,0.5556124261868839,0.5556124261868839,0.3640601434723735,3.994253428199673,0.36709941702578985,1,0.34158140941343995,1.526155598598357,0.13910294781603647,0.9304874744310553,1.5977013712798693,3,200,4
302,0.6203976334478655,0.6203976334478655,0.3640601434723735,3.994253428199673,0.36709941702578985,1,0.39914348143333744,1.7041075343501424,0.15532255141043888,1.0872898809460556,1.5977013712798693,3,200,5
286,0.5998000294443241,0.5998000294443241,0.3640601434723735,3.994253428199673,0.36709941702578985,1,0.38033226827627364,1.6475300584224475,0.1501657419155478,1.0360470505720094,1.5977013712798693,3,200,6
310,0.5725129898699677,0.5725129898699677,0.3640601434723735,3.994253428199673,0.36709941702578985,1,0.3586189543470822,1.5725780482570528,0.1433341674887204,0.9768987301929932,1.5977013712798693,3,200,7
265,0.5502985724549763,0.5502985724549763,0.3640601434723735,3.994253428199673,0.36709941702578985,1,0.3371767228824889,1.5115595110364928,0.1377725731096166,0.918488854093716,1.5977013712798693,3,200,8
272,0.5367712555260548,0.5367712555260548,0.3640601434723735,3.994253428199673,0.36709941702578985,1,0.3261304946668018,1.4744026918365134,0.13438587840631666,0.8883982908746764,1.5977013712798693,3,200,9
279,0.5271574289421265,0.5271574289421265,0.3640601434723735,3.994253428199673,0.36709941702578985,1,0.3168954201636848,1.4479954435938676,0.131978963883554,0.8632414149037506,1.5977013712798693,3,200,10
293,0.5847321885865561,0.5847321885865561,0.3640601434723735,3.994253428199673,0.36709941702578985,1,0.3680698909318621,1.6061417297961598,0.14639336213829376,1.0026436269333658,1.5977013712798693,3,200,11
316,0.6109373359294855,0.6109373359294855,0.3640601434723735,3.994253428199673,0.36709941702578985,1,0.3937416031646776,1.678121999575178,0.15295407437500852,1.0725748527598888,1.5977013712798693,3,200,12
293,0.5509987717285425,0.5509987717285425,0.3640601434723735,3.994253428199673,0.36709941702578985,1,0.33951700884455044,1.5134828176277824,0.13794787477390832,0.924863928129579,1.5977013712798693,3,200,13
269,0.5189637941497028,0.5189637941497028,0.3640601434723735,3.994253428199673,0.36709941702578985,1,0.3092602652835394,1.4254891765955813,0.1299276081196518,0.8424428123289908,1.5977013712798693,3,200,14
302,0.6187986241545078,0.6187986241545078,0.3640601434723735,3.994253428199673,0.36709941702578985,1,0.3975458322213525,1.6997153773891898,0.15492222395948935,1.0829377922804593,1.5977013712798693,3,200,15
275,0.5505793618771734,0.5505793618771734,0.3640601434723735,3.994253428199673,0.36709941702578985,1,0.33705538546206265,1.5123307831112631,0.13784287145879365,0.9181583239571952,1.5977013712798693,3,200,16
281,0.5930116854073146,0.5930116854073146,0.3640601434723735,3.994253428199673,0.36709941702578985,1,0.3754188210898219,1.6288838425190453,0.14846621429191648,1.0226625368447468,1.5977013712798693,3,200,17
287,0.5662756461065376,0.5662756461065376,0.3640601434723735,3.994253428199673,0.36709941702578985,1,0.3527965975072369,1.5554453192965605,0.1417725881158659,0.96103829410999,1.5977013712798693,3,200,18
300,0.5709682767785553,0.5709682767785553,0.3640601434723735,3.994253428199673,0.36709941702578985,1,0.35800469316932176,1.5683350320436353,0.14294743361737752,0.9752254472912193,1.5977013712798693,3,200,19
283,0.6048818977292324,0.6048818977292324,0.3640601434723735,3.994253428199673,0.36709941702578985,1,0.38617984736466404,1.6614889286147128,0.15143803682028018,1.0519761935158118,1.1297454739430415,3,400,0
295,0.5957047273866848,0.5957047273866848,0.3640601434723735,3.994253428199673,0.36709941702578985,1,0.3768835154605966,1.6362810872536218,0.14914044341327293,1.0266524488490796,1.1297454739430415,3,400,1
295,0.5347874307147906,0.5347874307147906,0.3640601434723735,3.994253428199673,0.36709941702578985,1,0.3248960445060171,1.4689535240359886,0.1338892086664203,0.8850355773874524,1.1297454739430415,3,400,2
279,0.5487764765068233,0.5487764765068233,0.3640601434723735,3.994253428199673,0.36709941702578985,1,0.33414240366906117,1.5073786195672003,0.1373915016589653,0.9102231934233408,1.1297454739430415,3,400,3
273,0.5386498748933881,0.5386498748933881,0.3640601434723735,3.994253428199673,0.36709941702578985,1,0.3273633864776012,1.4795628814398445,0.1348562089452029,0.8917567593265966,1.1297454739430415,3,400,4
296,0.6280229624085929,0.6280229624085929,0.3640601434723735,3.994253428199673,0.36709941702578985,1,0.4066897362753293,1.7250527795175967,0.15723162630961582,1.1078463146858064,1.1297454739430415,3,400,5
280,0.5755147760613343,0.5755147760613343,0.3640601434723735,3.994253428199673,0.36709941702578985,1,0.3590214062742566,1.5808233512521452,0.1440856937114117,0.9779950324710929,1.1297454739430415,3,400,6
296,0.6125712293721481,0.6125712293721481,0.3640601434723735,3.994253428199673,0.36709941702578985,1,0.39301498976557914,1.6826099762789133,0.1533631354103267,1.0705955159225127,1.1297454739430415,3,400,7
284,0.568550377945163,0.568550377945163,0.3640601434723735,3.994253428199673,0.36709941702578985,1,0.35385784275311816,1.5616935501985463,0.14234208924530495,0.9639291874120807,1.1297454739430415,3,400,8
298,0.6128607035390226,0.6128607035390226,0.3640601434723735,3.994253428199673,0.36709941702578985,1,0.39317753984844783,1.6834051036007713,0.15343560806938,1.0710383117302142,1.1297454739430415,3,400,9
310,0.6269769318913938,0.6269769318913938,0.3640601434723735,3.994253428199673,0.36709941702578985,1,0.40508993611247435,1.7221795440482532,0.15696974244671066,1.103488366705893,1.1297454739430415,3,400,10
286,0.5604470093183467,0.5604470093183467,0.3640601434723735,3.994253428199673,0.36709941702578985,1,0.3478329086397585,1.5394352262042548,0.1403133324895102,0.947516919143792,1.1297454739430415,3,400,11
288,0.5505846508374254,0.5505846508374254,0.3640601434723735,3.994253428199673,0.36709941702578985,1,0.3399521583005553,1.5123453108214417,0.13784419560117644,0.9260493003634289,1.1297454739430415,3,400,12
272,0.55955733970909,0.55955733970909,0.3640601434723735,3.994253428199673,0.36709941702578985,1,0.3454966580083341,1.5369914827041533,0.14009059509308575,0.9411528375814935,1.1297454739430415,3,400,13
266,0.5830182126310907,0.5830182126310907,0.3640601434723735,3.994253428199673,0.36709941702578985,1,0.36494327802498855,1.6014337825347056,0.14596425167089963,0.9941265529150927,1.1297454739430415,3,400,14
313,0.5779128300650044,0.5779128300650044,0.3640601434723735,3.994253428199673,0.36709941702578985,1,0.36290137208998535,1.5874103233408714,0.1446860697383157,0.9885642832946543,1.1297454739430415,3,400,15
292,0.5407691552932551,0.5407691552932551,0.3640601434723735,3.994253428199673,0.36709941702578985,1,0.32846524365630647,1.4853841185015384,0.1353867913025728,0.8947582818777149,1.1297454739430415,3,400,16
305,0.5849565652042732,0.5849565652042732,0.3640601434723735,3.994253428199673,0.36709941702578985,1,0.36816808403609114,1.6067580472418903,0.14644953699593624,1.0029111106167357,1.1297454739430415,3,400,17
311,0.590930634119074,0.590930634119074,0.3640601434723735,3.994253428199673,0.36709941702578985,1,0.3732181474857504,1.623167613138944,0.14794520296260313,1.0166677749301103,1.1297454739430415,3,400,18
274,0.5497373635836612,0.5497373635836612,0.3640601434723735,3.994253428199673,0.36709941702578985,1,0.33577258067916066,1.5100179831285974,0.13763206903760333,0.9146638896884208,1.1297454739430415,3,400,19
327,0.6605673430350777,0.6605673430350777,0.39937367427978426,3.9268844404569703,0.4092110130893096,1,0.4364794471553407,1.6540082273232466,0.16821664936954642,1.0666366084826748,4.442762586852904,4,25,0
334,0.6260973120980202,0.6260973120980202,0.39937367427978426,3.9268844404569703,0.4092110130893096,1,0.40843813907909454,1.5676980041989523,0.15943869028780522,0.9981113069162525,4.442762586852904,4,25,1
332,0.5969539092568839,0.5969539092568839,0.39937367427978426,3.9268844404569703,0.4092110130893096,1,0.3813468397115941,1.4947252352910054,0.1520171826567467,0.9319075672784148,4.442762586852904,4,25,2
347,0.6416386311529806,0.6416386311529806,0.39937367427978426,3.9268844404569703,0.4092110130893096,1,0.4210592197878758,1.606612234294331,0.1633963618950583,1.0289537825708037,4.442762586852904,4,25,3
337,0.6158197827224313,0.6158197827224313,0.39937367427978426,3.9268844404569703,0.4092110130893096,1,0.3980793687257952,1.5419638859095506,0.15682146802638494,0.9727973001521223,4.442762586852904,4,25,4
363,0.6484352549222191,0.6484352549222191,0.39937367427978426,3.9268844404569703,0.4092110130893096,1,0.42882504067228855,1.6236304410689646,0.16512715481048404,1.0479313287169478,4.442762586852904,4,25,5
331,0.5734386464865431,0.5734386464865431,0.39937367427978426,3.9268844404569703,0.4092110130893096,1,0.36032825486176673,1.4358448826669938,0.1460289079501948,0.8805438840501726,4.442762586852904,4,25,6
340,0.648776286649505,0.648776286649505,0.39937367427978426,3.9268844404569703,0.4092110130893096,1,0.4270935178135006,1.6244843574616785,0.16521400017923807,1.0436999595616654,4.442762586852904,4,25,7
334,0.6021259614439365,0.6021259614439365,0.39937367427978426,3.9268844404569703,0.4092110130893096,1,0.3862609619761439,1.507675643693311,0.15333427060916194,0.9439163405209798,4.442762586852904,4,25,8
339,0.6292775122432034,0.6292775122432034,0.39937367427978426,3.9268844404569703,0.4092110130893096,1,0.4089167034059745,1.5756609730924784,0.16024854354256846,0.9992807874814678,4.442762586852904,4,25,9
341,0.5829569220837506,0.5829569220837506,0.39937367427978426,3.9268844404569703,0.4092110130893096,1,0.36854048489074553,1.4596778897232863,0.1484527825870812,0.9006123322744302,4.442762586852904,4,25,10
354,0.6495670800920975,0.6495670800920975,0.39937367427978426,3.9268844404569703,0.4092110130893096,1,0.4304232060931276,1.6264644415120821,0.16541537953088012,1.0518368087009147,4.442762586852904,4,25,11
378,0.7086469614177773,0.7086469614177773,0.39937367427978426,3.9268844404569703,0.4092110130893096,1,0.48301696385335247,1.7743957778281831,0.18046035531804758,1.180361594393196,4.442762586852904,4,25,12
349,0.6791503022173063,0.6791503022173063,0.39937367427978426,3.9268844404569703,0.4092110130893096,1,0.4540467168299652,1.700538483018594,0.17294888925691784,1.1095662196434344,4.442762586852904,4,25,13
348,0.6318186088681024,0.6318186088681024,0.39937367427978426,3.9268844404569703,0.4092110130893096,1,0.4138880597541638,1.5820236774682275,0.16089564601360612,1.0114294251993492,4.442762586852904,4,25,14
363,0.652374889031887,0.652374889031887,0.39937367427978426,3.9268844404569703,0.4092110130893096,1,0.431216195918082,1.6334949723673093,0.16613040157503856,1.0537746593441994,4.442762586852904,4,25,15
366,0.643534638425577,0.643534638425577,0.39937367427978426,3.9268844404569703,0.4092110130893096,1,0.42257380483197937,1.6113596861037565,0.1638791892614719,1.0326550149317544,4.442762586852904,4,25,16
360,0.656991068204304,0.656991068204304,0.39937367427978426,3.9268844404569703,0.4092110130893096,1,0.4353161962317165,1.6450535188357054,0.16730593379209552,1.063793940796773,4.442762586852904,4,25,17
346,0.6659164360062674,0.6659164360062674,0.39937367427978426,3.9268844404569703,0.4092110130893096,1,0.44223530178307147,1.667401931805236,0.16957882160870894,1.0807023458250729,4.442762586852904,4,25,18
331,0.6157303065984299,0.6157303065984299,0.39937367427978426,3.9268844404569703,0.4092110130893096,1,0.3974949481822914,1.5417398447927624,0.1567986825012802,0.9713691358925837,4.442762586852904,4,25,19
362,0.6328029717300285,0.6328029717300285,0.39937367427978426,3.9268844404569703,0.4092110130893096,1,0.41324239688109393,1.5844884439897098,0.16114631874840438,1.009851601405714,3.141507552365576,4,50,0
329,0.5751539535563946,0.5751539535563946,0.39937367427978426,3.9268844404569703,0.4092110130893096,1,0.3630074711482074,1.4401398755028259,0.14646571914132114,0.887091157219128,3.141507552365576,4,50,1
359,0.6500465305390487,0.6500465305390487,0.39937367427978426,3.9268844404569703,0.4092110130893096,1,0.43031954261307637,1.6276649473987452,0.1655374738920005,1.05158348345615,3.141507552365576,4,50,2
321,0.6359475809575846,0.6359475809575846,0.39937367427978426,3.9268844404569703,0.4092110130893096,1,0.4148766961775201,1.5923622960487545,0.16194710860490197,1.0138453827169454,3.141507552365576,4,50,3
342,0.6366725579061043,0.6366725579061043,0.39937367427978426,3.9268844404569703,0.4092110130893096,1,0.41622432659758857,1.5941775808189063,0.16213172746993668,1.0171386235559312,3.141507552365576,4,50,4
337,0.6245669382942379,0.6245669382942379,0.39937367427978426,3.9268844404569703,0.4092110130893096,1,0.4072323553216089,1.5638660695914894,0.1590489732418908,0.9951647005960006,3.141507552365576,4,50,5
333,0.6244369150660429,0.6244369150660429,0.39937367427978426,3.9268844404569703,0.4092110130893096,1,0.4051920735136266,1.5635405017422077,0.15901586220178596,0.9901788088611245,3.141507552365576,4,50,6
366,0.6539868014425355,0.6539868014425355,0.39937367427978426,3.9268844404569703,0.4092110130893096,1,0.4342389050188904,1.6375310731782988,0.16654088281916218,1.0611613351767697,3.141507552365576,4,50,7
328,0.5822837916896635,0.5822837916896635,0.39937367427978426,3.9268844404569703,0.4092110130893096,1,0.36810038074675044,1.4579924246126954,0.1482813666963684,0.8995368378964257,3.141507552365576,4,50,8
330,0.6149057105081799,0.6149057105081799,0.39937367427978426,3.9268844404569703,0.4092110130893096,1,0.39747342684192816,1.5396751215940263,0.1565886951429168,0.9713165436121345,3.141507552365576,4,50,9
334,0.5861540930832819,0.5861540930832819,0.39937367427978426,3.9268844404569703,0.4092110130893096,1,0.3706158431774533,1.4676833522898838,0.1492669575514861,0.9056839413473141,3.141507552365576,4,50,10
348,0.6472892554947361,0.6472892554947361,0.39937367427978426,3.9268844404569703,0.4092110130893096,1,0.42660487130064745,1.620760949409181,0.16483532054725075,1.0425058408864025,3.141507552365576,4,50,11
337,0.6494457568434184,0.6494457568434184,0.39937367427978426,3.9268844404569703,0.4092110130893096,1,0.4276545160443291,1.6261606577213807,0.16538448398238137,1.0450708860833964,3.141507552365576,4,50,12
337,0.6305023260740691,0.6305023260740691,0.39937367427978426,3.9268844404569703,0.4092110130893096,1,0.41108228499120253,1.578727809766364,0.16056044827249813,1.0045728776646696,3.141507552365576,4,50,13
350,0.6603998227248133,0.6603998227248133,0.39937367427978426,3.9268844404569703,0.4092110130893096,1,0.4373547073223555,1.653588769754927,0.16817398951723744,1.068775505381874,3.141507552365576,4,50,14
340,0.6449910783229987,0.6449910783229987,0.39937367427978426,3.9268844404569703,0.4092110130893096,1,0.4255333387005651,1.6150064960745143,0.16425007868271807,1.0398873077438244,3.141507552365576,4,50,15
334,0.6279095097049094,0.6279095097049094,0.39937367427978426,3.9268844404569703,0.4092110130893096,1,0.4095455819614738,1.5722356032536653,0.1599001751199584,1.000817594985136,3.141507552365576,4,50,16
350,0.6584222405134514,0.6584222405134514,0.39937367427978426,3.9268844404569703,0.4092110130893096,1,0.4366992488355126,1.6486370607697811,0.16767038870052184,1.0671737437824131,3.141507552365576,4,50,17
341,0.6321443706309151,0.6321443706309151,0.39937367427978426,3.9268844404569703,0.4092110130893096,1,0.412699321141491,1.5828393590811936,0.16097860281250156,1.0085244725596376,3.141507552365576,4,50,18
351,0.6848550863806053,0.6848550863806053,0.39937367427978426,3.9268844404569703,0.4092110130893096,1,0.4609589028662948,1.71482281003035,0.17440163996802233,1.1264577152660633,3.141507552365576,4,50,19
324,0.5353825517736619,0.5353825517736619,0.39937367427978426,3.9268844404569703,0.4092110130893096,1,0.3272212097478559,1.3405554403132631,0.1363377404890885,0.7996393041270383,2.221381293426452,4,100,0
354,0.6927481339841276,0.6927481339841276,0.39937367427978426,3.9268844404569703,0.4092110130893096,1,0.46687583945517863,1.73458637511199,0.1764116424835544,1.1409170929455992,2.221381293426452,4,100,1
325,0.5964724737693242,0.5964724737693242,0.39937367427978426,3.9268844404569703,0.4092110130893096,1,0.38043532640542604,1.4935197590201224,0.15189458279549292,0.9296800776043549,2.221381293426452,4,100,2
343,0.6657834097222013,0.6657834097222013,0.39937367427978426,3.9268844404569703,0.4092110130893096,1,0.4409692115003887,1.6670688445422712,0.1695449458259903,1.0776083668211245,2.221381293426452,4,100,3
356,0.6226988711013117,0.6226988711013117,0.39937367427978426,3.9268844404569703,0.4092110130893096,1,0.40501738007323695,1.559188577525206,0.15857326095107815,0.9897519057847121,2.221381293426452,4,100,4
355,0.6924361631157955,0.6924361631157955,0.39937367427978426,3.9268844404569703,0.4092110130893096,1,0.46645076523198115,1.733805224804838,0.17633219760223373,1.1398783275908047,2.221381293426452,4,100,5
373,0.6913990731932879,0.6913990731932879,0.39937367427978426,3.9268844404569703,0.4092110130893096,1,0.46616569162157934,1.7312084339062443,0.17606809766798995,1.1391816855130423,2.221381293426452,4,100,6
353,0.6399087580749717,0.6399087580749717,0.39937367427978426,3.9268844404569703,0.4092110130893096,1,0.42091609057450113,1.6022807693295247,0.16295584139993327,1.0286040138480752,2.221381293426452,4,100,7
334,0.6609870709525488,0.6609870709525488,0.39937367427978426,3.9268844404569703,0.4092110130893096,1,0.43810541316498347,1.6550591927335934,0.16832353510143783,1.0706100255160231,2.221381293426452,4,100,8
347,0.6050557995003567,0.6050557995003567,0.39937367427978426,3.9268844404569703,0.4092110130893096,1,0.3897986867462574,1.5150117257765976,0.1540803679544862,0.9525615740483125,2.221381293426452,4,100,9
347,0.6864075441265415,0.6864075441265415,0.39937367427978426,3.9268844404569703,0.4092110130893096,1,0.46101180743639664,1.718710041077153,0.17479698079596773,1.1265869995922655,2.221381293426452,4,100,10
337,0.6367080596489344,0.6367080596489344,0.39937367427978426,3.9268844404569703,0.4092110130893096,1,0.4174775221377841,1.5942664743667698,0.1621407681594116,1.0202010913295492,2.221381293426452,4,100,11
327,0.6162487946571298,0.6162487946571298,0.39937367427978426,3.9268844404569703,0.4092110130893096,1,0.3996735777000947,1.5430380977625782,0.1569307179778932,0.9766931116608697,2.221381293426452,4,100,12
349,0.6523999356986628,0.6523999356986628,0.39937367427978426,3.9268844404569703,0.4092110130893096,1,0.4314218847001791,1.6335576872340842,0.16613677982913683,1.0542773065739117,2.221381293426452,4,100,13
336,0.6856892812819241,0.6856892812819241,0.39937367427978426,3.9268844404569703,0.4092110130893096,1,0.4613537864558365,1.7169115678905746,0.17461407170976762,1.127422702954348,2.221381293426452,4,100,14
322,0.6005645852902709,0.6005645852902709,0.39937367427978426,3.9268844404569703,0.4092110130893096,1,0.38504158090578955,1.5037660816610081,0.15293665866581585,0.9409365060801892,2.221381293426452,4,100,15
341,0.6024310963062735,0.6024310963062735,0.39937367427978426,3.9268844404569703,0.4092110130893096,1,0.385518226171577,1.5084396771837187,0.15341197466869402,0.9421012969840044,2.221381293426452,4,100,16
350,0.657039643522636,0.657039643522636,0.39937367427978426,3.9268844404569703,0.4092110130893096,1,0.4355613289103844,1.645175147579562,0.16731830373041903,1.064392978141387,2.221381293426452,4,100,17
326,0.5654265673250994,0.5654265673250994,0.39937367427978426,3.9268844404569703,0.4092110130893096,1,0.35287705407880116,1.4157832720065209,0.143988593476232,0.8623351835396139,2.221381293426452,4,100,18
335,0.6258068328777859,0.6258068328777859,0.39937367427978426,3.9268844404569703,0.4092110130893096,1,0.4064829628072107,1.5669706672738077,0.15936471835798688,0.9933333898775017,2.221381293426452,4,100,19
341,0.6434890214350563,0.6434890214350563,0.39937367427978426,3.9268844404569703,0.4092110130893096,1,0.4231758601069842,1.6112454647780694,0.16386757267554675,1.0341262736607404,1.570753776182788,4,200,0
370,0.6662438910119828,0.6662438910119828,0.39937367427978426,3.9268844404569703,0.4092110130893096,1,0.4435939461773093,1.6682218531641135,0.1696622096000493,1.0840225018100762,1.570753776182788,4,200,1
363,0.6918626122512824,0.6918626122512824,0.39937367427978426,3.9268844404569703,0.4092110130893096,1,0.46648743294726946,1.7323690989371343,0.17618614011742362,1.1399679334765591,1.570753776182788,4,200,2
342,0.6348931476001552,0.6348931476001552,0.39937367427978426,3.9268844404569703,0.4092110130893096,1,0.4155987754729912,1.5897220785648882,0.16167859208158236,1.0156099473849876,1.570753776182788,4,200,3
317,0.6008857107777008,0.6008857107777008,0.39937367427978426,3.9268844404569703,0.4092110130893096,1,0.38318619702573664,1.504570154408189,0.15301843481489766,0.9364024544034129,1.570753776182788,4,200,4
330,0.610879136193905,0.610879136193905,0.39937367427978426,3.9268844404569703,0.4092110130893096,1,0.3928945865216884,1.5295928989198946,0.15556330863732196,0.9601271079083588,1.570753776182788,4,200,5
298,0.5500160856446472,0.5500160856446472,0.39937367427978426,3.9268844404569703,0.4092110130893096,1,0.3379226362901192,1.3771966483182094,0.14006424023535616,0.8257906690706981,1.570753776182788,4,200,6
333,0.6056232423432627,0.6056232423432627,0.39937367427978426,3.9268844404569703,0.4092110130893096,1,0.3893679008553783,1.5164325576427171,0.15422487000223173,0.9515088509370089,1.570753776182788,4,200,7
329,0.5650773372835233,0.5650773372835233,0.39937367427978426,3.9268844404569703,0.4092110130893096,1,0.3504505257791951,1.414908827685157,0.1438996603673332,0.8564054108258076,1.570753776182788,4,200,8
386,0.732595735255672,0.732595735255672,0.39937367427978426,3.9268844404569703,0.4092110130893096,1,0.5043743391246088,1.8343616077769975,0.18655902570191754,1.23255318892048,1.570753776182788,4,200,9
360,0.6246002852732194,0.6246002852732194,0.39937367427978426,3.9268844404569703,0.4092110130893096,1,0.405799048718377,1.5639495677816033,0.15905746521039332,0.9916620905552511,1.570753776182788,4,200,10
337,0.6228071642802228,0.6228071642802228,0.39937367427978426,3.9268844404569703,0.4092110130893096,1,0.402858144096079,1.559459735054821,0.1586008383296726,0.984475322535261,1.570753776182788,4,200,11
348,0.6776999676671552,0.6776999676671552,0.39937367427978426,3.9268844404569703,0.4092110130893096,1,0.4535586257841222,1.6969069603530937,0.17257955459170363,1.1083734583779,1.570753776182788,4,200,12
364,0.6732471420143958,0.6732471420143958,0.39937367427978426,3.9268844404569703,0.4092110130893096,1,0.45060731040847546,1.6857574381398697,0.1714456211336971,1.1011612493188965,1.570753776182788,4,200,13
354,0.6572224822109122,0.6572224822109122,0.39937367427978426,3.9268844404569703,0.4092110130893096,1,0.43588110333647556,1.64563296115129,0.16736486448132692,1.0651744195392543,1.570753776182788,4,200,14
364,0.6530059420028889,0.6530059420028889,0.39937367427978426,3.9268844404569703,0.4092110130893096,1,0.4323749636171734,1.6350750789482948,0.16629110224768895,1.0566063712532787,1.570753776182788,4,200,15
344,0.6343724247310801,0.6343724247310801,0.39937367427978426,3.9268844404569703,0.4092110130893096,1,0.41438432441942097,1.5884182298071698,0.16154598749976418,1.0126421605593061,1.570753776182788,4,200,16
346,0.6293661206242948,0.6293661206242948,0.39937367427978426,3.9268844404569703,0.4092110130893096,1,0.4098426582700789,1.5758828414498536,0.16027110809276976,1.0015435683805298,1.570753776182788,4,200,17
376,0.6344054767563319,0.6344054767563319,0.39937367427978426,3.9268844404569703,0.4092110130893096,1,0.4156581762056119,1.5885009894565416,0.16155440435688154,1.0157551065589117,1.570753776182788,4,200,18
319,0.6106279272439857,0.6106279272439857,0.39937367427978426,3.9268844404569703,0.4092110130893096,1,0.39252442260605463,1.5289638916364972,0.15549933707061855,0.9592225283545505,1.570753776182788,4,200,19
343,0.5668850210549695,0.5668850210549695,0.39937367427978426,3.9268844404569703,0.4092110130893096,1,0.3541815641781704,1.4194351244539818,0.14435999572959202,0.8655230500868042,1.110690646713226,4,400,0
329,0.5732351266222728,0.5732351266222728,0.39937367427978426,3.9268844404569703,0.4092110130893096,1,0.3592997410447526,1.4353352850711152,0.1459770806384019,0.87803047706914,1.110690646713226,4,400,1
341,0.6407046916178976,0.6407046916178976,0.39937367427978426,3.9268844404569703,0.4092110130893096,1,0.4190468145845555,1.6042737237834235,0.1631585297028346,1.0240360136473141,1.110690646713226,4,400,2
347,0.599848558445944,0.599848558445944,0.39937367427978426,3.9268844404569703,0.4092110130893096,1,0.38561579464083345,1.5019732072417862,0.15275431898783856,0.9423397276863451,1.110690646713226,4,400,3
302,0.5684672785269428,0.5684672785269428,0.39937367427978426,3.9268844404569703,0.4092110130893096,1,0.3553900575436178,1.4233969716509123,0.14476292520102538,0.8684762779491825,1.110690646713226,4,400,4
334,0.5965840159549153,0.5965840159549153,0.39937367427978426,3.9268844404569703,0.4092110130893096,1,0.38009913419377167,1.4937990518047362,0.15192298754925698,0.9288585156206821,1.110690646713226,4,400,5
349,0.651496450405883,0.651496450405883,0.39937367427978426,3.9268844404569703,0.4092110130893096,1,0.4291014258194308,1.631295431730115,0.16590670295611465,1.0486067385624838,1.110690646713226,4,400,6
320,0.5865553672889673,0.5865553672889673,0.39937367427978426,3.9268844404569703,0.4092110130893096,1,0.37420504984214836,1.4686881110697634,0.14936914395696096,0.9144549825702729,1.110690646713226,4,400,7
372,0.6439822024131249,0.6439822024131249,0.39937367427978426,3.9268844404569703,0.4092110130893096,1,0.42619786183215147,1.6124803508254735,0.1639931635824213,1.0415112208603596,1.110690646713226,4,400,8
336,0.6044603906817427,0.6044603906817427,0.39937367427978426,3.9268844404569703,0.4092110130893096,1,0.38781542405438835,1.5135208693257118,0.15392874423658923,0.9477150214668056,1.110690646713226,4,400,9
358,0.6018803576249291,0.6018803576249291,0.39937367427978426,3.9268844404569703,0.4092110130893096,1,0.38570501286489856,1.5070606712130885,0.1532717264159901,0.9425577526690834,1.110690646713226,4,400,10
352,0.6661434505297967,0.6661434505297967,0.39937367427978426,3.9268844404569703,0.4092110130893096,1,0.4428608131843596,1.667970358164181,0.1696366319484252,1.0822309249230933,1.110690646713226,4,400,11
327,0.6267952527227653,0.6267952527227653,0.39937367427978426,3.9268844404569703,0.4092110130893096,1,0.40693933058140236,1.5694455921590342,0.15961642422302227,0.9944486281276808,1.110690646713226,4,400,12
331,0.6197975182300376,0.6197975182300376,0.39937367427978426,3.9268844404569703,0.4092110130893096,1,0.4016532708932841,1.5519238200859322,0.15783441749508473,0.9815309413620888,1.110690646713226,4,400,13
329,0.6106179964410119,0.6106179964410119,0.39937367427978426,3.9268844404569703,0.4092110130893096,1,0.39145487719490063,1.5289390256936135,0.1554968081439021,0.9566088513592039,1.110690646713226,4,400,14
335,0.6061581265452349,0.6061581265452349,0.39937367427978426,3.9268844404569703,0.4092110130893096,1,0.38949781029153796,1.5177718652546595,0.15436108083554823,0.9518263141332677,1.110690646713226,4,400,15
314,0.5604621563180173,0.5604621563180173,0.39937367427978426,3.9268844404569703,0.4092110130893096,1,0.34897953791154257,1.403352780647683,0.14272438234846466,0.8528107180619265,1.110690646713226,4,400,16
312,0.5700476046264482,0.5700476046264482,0.39937367427978426,3.9268844404569703,0.4092110130893096,1,0.35641520985456465,1.42735398284439,0.14516536283917536,0.8709814703270892,1.110690646713226,4,400,17
339,0.6813680380729576,0.6813680380729576,0.39937367427978426,3.9268844404569703,0.4092110130893096,1,0.4559061552701691,1.7060915176788045,0.17351364635361335,1.114110179558311,1.110690646713226,4,400,18
339,0.6165264076823975,0.6165264076823975,0.39937367427978426,3.9268844404569703,0.4092110130893096,1,0.3980069250912942,1.54373321875614,0.15700141346931323,0.9726202676867591,1.110690646713226,4,400,19
347,0.6739591649803867,0.6739591649803867,0.43905238827242254,3.9864601991172934,0.45175672658204763,1,0.4470567540890137,1.5350313151290946,0.16906205789527734,0.989596231297775,4.51016486356178,5,25,0
334,0.6602725527811796,0.6602725527811796,0.43905238827242254,3.9864601991172934,0.45175672658204763,1,0.43351241759045217,1.5038582420180224,0.16562878338215473,0.9596147485625055,4.51016486356178,5,25,1
362,0.7534002786905741,0.7534002786905741,0.43905238827242254,3.9864601991172934,0.45175672658204763,1,0.5183301837493175,1.715968979590439,0.1889897907064008,1.1473657241829223,4.51016486356178,5,25,2
336,0.6412984757867339,0.6412984757867339,0.43905238827242254,3.9864601991172934,0.45175672658204763,1,0.4149543952833973,1.4606422671110082,0.16086915302170438,0.9185350673644782,4.51016486356178,5,25,3
324,0.640605461299783,0.640605461299783,0.43905238827242254,3.9864601991172934,0.45175672658204763,1,0.4171735594194216,1.4590638347747722,0.16069531095321854,0.9234473664082895,4.51016486356178,5,25,4
344,0.6225760246320353,0.6225760246320353,0.43905238827242254,3.9864601991172934,0.45175672658204763,1,0.39956162781370147,1.4179994034008996,0.15617264277964946,0.8844619333877998,4.51016486356178,5,25,5
347,0.7014044547626792,0.7014044547626792,0.43905238827242254,3.9864601991172934,0.45175672658204763,1,0.47184169763680905,1.597541599813535,0.1759466844590568,1.044459705573667,4.51016486356178,5,25,6
341,0.686160093977059,0.686160093977059,0.43905238827242254,3.9864601991172934,0.45175672658204763,1,0.4574738036142569,1.5628205478552402,0.172122650096693,1.012655211745189,4.51016486356178,5,25,7
330,0.6699225519569759,0.6699225519569759,0.43905238827242254,3.9864601991172934,0.45175672658204763,1,0.44055716152957314,1.5258373940134529,0.16804947710385126,0.9752088582339229,4.51016486356178,5,25,8
355,0.6954941872734682,0.6954941872734682,0.43905238827242254,3.9864601991172934,0.45175672658204763,1,0.46461686181108225,1.58408018234473,0.1744640991091467,1.0284669479662945,4.51016486356178,5,25,9
369,0.7016327599176949,0.7016327599176949,0.43905238827242254,3.9864601991172934,0.45175672658204763,1,0.4705219801730981,1.5980615950603756,0.17600395460440185,1.0415384043819929,4.51016486356178,5,25,10
372,0.6985375988526155,0.6985375988526155,0.43905238827242254,3.9864601991172934,0.45175672658204763,1,0.46875740650362746,1.59101195554638,0.1752275362004843,1.037632378050473,4.51016486356178,5,25,11
348,0.7112778438171977,0.7112778438171977,0.43905238827242254,3.9864601991172934,0.45175672658204763,1,0.4782844945621765,1.6200295518626473,0.1784234153334061,1.0587213569144518,4.51016486356178,5,25,12
366,0.7493647706128501,0.7493647706128501,0.43905238827242254,3.9864601991172934,0.45175672658204763,1,0.5142911389522923,1.7067775751350325,0.18797748708961878,1.1384249723150215,4.51016486356178,5,25,13
336,0.657794599903175,0.657794599903175,0.43905238827242254,3.9864601991172934,0.45175672658204763,1,0.4296399383752965,1.498214375946015,0.16500719110373357,0.9510427030625868,4.51016486356178,5,25,14
340,0.653003449857488,0.653003449857488,0.43905238827242254,3.9864601991172934,0.45175672658204763,1,0.42647638025480056,1.4873018967666187,0.16380533537048234,0.9440399116610482,4.51016486356178,5,25,15
351,0.6625705071296031,0.6625705071296031,0.43905238827242254,3.9864601991172934,0.45175672658204763,1,0.4364846472569993,1.5090921375844843,0.16620522318931305,0.9661940189787642,4.51016486356178,5,25,16
345,0.6810688378384103,0.6810688378384103,0.43905238827242254,3.9864601991172934,0.45175672658204763,1,0.45263118103660077,1.5512245372773643,0.1708455130165897,1.0019356755596518,4.51016486356178,5,25,17
364,0.6691347999490911,0.6691347999490911,0.43905238827242254,3.9864601991172934,0.45175672658204763,1,0.4406254344003362,1.5240431844181368,0.16785187021238918,0.9753599857473516,4.51016486356178,5,25,18
365,0.6380774395449432,0.6380774395449432,0.43905238827242254,3.9864601991172934,0.45175672658204763,1,0.415570518366489,1.4533059302003613,0.16006115894151665,0.9198989055695078,4.51016486356178,5,25,19
339,0.6600324100342346,0.6600324100342346,0.43905238827242254,3.9864601991172934,0.45175672658204763,1,0.43245812565169556,1.5033112850867782,0.1655685437873889,0.9572809882071627,3.1891681592938346,5,50,0
341,0.6755534105603329,0.6755534105603329,0.43905238827242254,3.9864601991172934,0.45175672658204763,1,0.44609645393479563,1.5386624207158772,0.1694619729829281,0.9874705293486671,3.1891681592938346,5,50,1
363,0.7146940597270788,0.7146940597270788,0.43905238827242254,3.9864601991172934,0.45175672658204763,1,0.48388475471067,1.6278104363336854,0.17928037005996716,1.0711179850529293,3.1891681592938346,5,50,2
344,0.6603783764972012,0.6603783764972012,0.43905238827242254,3.9864601991172934,0.45175672658204763,1,0.4340627243712988,1.50409926955562,0.16565532916732148,0.9608328970669233,3.1891681592938346,5,50,3
378,0.7411312534763431,0.7411312534763431,0.43905238827242254,3.9864601991172934,0.45175672658204763,1,0.5064877696790259,1.6880246487043071,0.18591211662929658,1.1211515841968056,3.1891681592938346,5,50,4
375,0.7158184311668703,0.7158184311668703,0.43905238827242254,3.9864601991172934,0.45175672658204763,1,0.48354834538654534,1.630371341295883,0.1795624176369229,1.0703733158441942,3.1891681592938346,5,50,5
314,0.6429823795423137,0.6429823795423137,0.43905238827242254,3.9864601991172934,0.45175672658204763,1,0.417962438258755,1.4644775810748056,0.1612915587830745,0.9251936134322176,3.1891681592938346,5,50,6
324,0.5937940801020763,0.5937940801020763,0.43905238827242254,3.9864601991172934,0.45175672658204763,1,0.3749621919002501,1.3524447103875903,0.14895271755969317,0.8300090952428791,3.1891681592938346,5,50,7
337,0.6420044149731375,0.6420044149731375,0.43905238827242254,3.9864601991172934,0.45175672658204763,1,0.4167520929720979,1.4622501371631023,0.1610462372395676,0.9225144163877941,3.1891681592938346,5,50,8
356,0.688718631385789,0.688718631385789,0.43905238827242254,3.9864601991172934,0.45175672658204763,1,0.4591621823645947,1.5686479558754933,0.17276445693306794,1.0163925744693967,3.1891681592938346,5,50,9
342,0.6562838897073845,0.6562838897073845,0.43905238827242254,3.9864601991172934,0.45175672658204763,1,0.42999803150245336,1.4947735332672294,0.1646282307929985,0.9518353711206058,3.1891681592938346,5,50,10
350,0.6851461194885721,0.6851461194885721,0.43905238827242254,3.9864601991172934,0.45175672658204763,1,0.4577823655893943,1.5605110865800682,0.1718682954969126,1.0133382385978758,3.1891681592938346,5,50,11
347,0.6734016890056572,0.6734016890056572,0.43905238827242254,3.9864601991172934,0.45175672658204763,1,0.4457907788527034,1.5337615897167742,0.16892221554219103,0.986793892866893,3.1891681592938346,5,50,12
370,0.6519435759261265,0.6519435759261265,0.43905238827242254,3.9864601991172934,0.45175672658204763,1,0.4262515415085834,1.4848878934274459,0.16353946693622676,0.9435422129374049,3.1891681592938346,5,50,13
367,0.739586378445215,0.739586378445215,0.43905238827242254,3.9864601991172934,0.45175672658204763,1,0.5044161944736153,1.6845059910853226,0.18552458609996378,1.11656598517079,3.1891681592938346,5,50,14
348,0.6281001460558113,0.6281001460558113,0.43905238827242254,3.9864601991172934,0.45175672658204763,1,0.40590779957428286,1.4305813220314125,0.15755836373203705,0.8985096971224894,3.1891681592938346,5,50,15
358,0.7040831897392353,0.7040831897392353,0.43905238827242254,3.9864601991172934,0.45175672658204763,1,0.47218510502514627,1.6036427737237746,0.17661864274855618,1.0452198655627287,3.1891681592938346,5,50,16
340,0.6951448073373385,0.6951448073373385,0.43905238827242254,3.9864601991172934,0.45175672658204763,1,0.4663817979975387,1.5832844232383863,0.17437645746250313,1.0323737767584404,3.1891681592938346,5,50,17
373,0.7171558598371865,0.7171558598371865,0.43905238827242254,3.9864601991172934,0.45175672658204763,1,0.4838988060288306,1.6334175123361516,0.179897910430909,1.0711490887805195,3.1891681592938346,5,50,18
343,0.6458917558729415,0.6458917558729415,0.43905238827242254,3.9864601991172934,0.45175672658204763,1,0.4214425063364192,1.4711040712348422,0.16202137325137694,0.9328970251865796,3.1891681592938346,5,50,19
368,0.7135171226429723,0.7135171226429723,0.43905238827242254,3.9864601991172934,0.45175672658204763,1,0.4816635087445754,1.6251298061502635,0.17898513643782613,1.0662010777101205,2.25508243178089,5,100,0
349,0.6794911976834397,0.6794911976834397,0.43905238827242254,3.9864601991172934,0.45175672658204763,1,0.44968198430557965,1.5476312527466085,0.17044976338504442,0.9954073904064135,2.25508243178089,5,100,1
349,0.6642916482762281,0.6642916482762281,0.43905238827242254,3.9864601991172934,0.45175672658204763,1,0.434756156080281,1.5130122646412971,0.16663696991715096,0.9623678641591206,2.25508243178089,5,100,2
351,0.7013046514758177,0.7013046514758177,0.43905238827242254,3.9864601991172934,0.45175672658204763,1,0.4700487028940751,1.5973142846012107,0.17592164889319725,1.0404907669010774,2.25508243178089,5,100,3
351,0.7296003013721376,0.7296003013721376,0.43905238827242254,3.9864601991172934,0.45175672658204763,1,0.49662496678730583,1.6617613771398878,0.1830195875362534,1.0993194734359075,2.25508243178089,5,100,4
354,0.7118693274364776,0.7118693274364776,0.43905238827242254,3.9864601991172934,0.45175672658204763,1,0.48042046949063094,1.6213767341923169,0.1785717884739208,1.0634495099286085,2.25508243178089,5,100,5
363,0.7258240365126639,0.7258240365126639,0.43905238827242254,3.9864601991172934,0.45175672658204763,1,0.4933946723707933,1.6531604334704262,0.18207231485049827,1.0921689558532417,2.25508243178089,5,100,6
336,0.6726628735463116,0.6726628735463116,0.43905238827242254,3.9864601991172934,0.45175672658204763,1,0.44507517065081575,1.532078839596105,0.16873688434046244,0.9852098363165858,2.25508243178089,5,100,7
375,0.703286558572102,0.703286558572102,0.43905238827242254,3.9864601991172934,0.45175672658204763,1,0.472335540021331,1.6018283406665534,0.17641880852788347,1.0455528655765258,2.25508243178089,5,100,8
325,0.6165340072038965,0.6165340072038965,0.43905238827242254,3.9864601991172934,0.45175672658204763,1,0.3944483166972022,1.4042379079859382,0.15465700807458538,0.8731432062596258,2.25508243178089,5,100,9
358,0.7113576380146278,0.7113576380146278,0.43905238827242254,3.9864601991172934,0.45175672658204763,1,0.4793609875307734,1.6202112937220734,0.17844343163695475,1.0611042610423915,2.25508243178089,5,100,10
329,0.5748083243720393,0.5748083243720393,0.43905238827242254,3.9864601991172934,0.45175672658204763,1,0.3558815618932286,1.3092021356125345,0.14419015759879328,0.7877725796930525,2.25508243178089,5,100,11
370,0.7012009412070915,0.7012009412070915,0.43905238827242254,3.9864601991172934,0.45175672658204763,1,0.47121885821720005,1.5970780707199148,0.1758956332644073,1.0430810002153177,2.25508243178089,5,100,12
361,0.692387962763452,0.692387962763452,0.43905238827242254,3.9864601991172934,0.45175672658204763,1,0.463215072068947,1.5770053443687004,0.17368490544989384,1.025363973157837,2.25508243178089,5,100,13
402,0.7102931804385735,0.7102931804385735,0.43905238827242254,3.9864601991172934,0.45175672658204763,1,0.4801852389125437,1.617786850524662,0.17817641339949938,1.0629288080458341,2.25508243178089,5,100,14
349,0.7268523738812911,0.7268523738812911,0.43905238827242254,3.9864601991172934,0.45175672658204763,1,0.49219610874355546,1.6555026081085678,0.1823302723660041,1.0895158384634773,2.25508243178089,5,100,15
368,0.6781168746863212,0.6781168746863212,0.43905238827242254,3.9864601991172934,0.45175672658204763,1,0.4503206999560704,1.5445010499876026,0.17010501568195113,0.9968212390840484,2.25508243178089,5,100,16
363,0.6773497272063879,0.6773497272063879,0.43905238827242254,3.9864601991172934,0.45175672658204763,1,0.4498096992593499,1.5427537699353249,0.16991257741802385,0.995690097771363,2.25508243178089,5,100,17
375,0.6917509511614833,0.6917509511614833,0.43905238827242254,3.9864601991172934,0.45175672658204763,1,0.4625012532705417,1.5755544660248306,0.17352511165536158,1.0237838775966575,2.25508243178089,5,100,18
359,0.7530252378218607,0.7530252378218607,0.43905238827242254,3.9864601991172934,0.45175672658204763,1,0.5161957504350522,1.7151147743094037,0.18889571203761177,1.1426409836562803,2.25508243178089,5,100,19
322,0.6512560471413086,0.6512560471413086,0.43905238827242254,3.9864601991172934,0.45175672658204763,1,0.4235310692641073,1.4833219555048138,0.16336700095124834,0.9375202279078537,1.5945840796469173,5,200,0
349,0.696915569307297,0.696915569307297,0.43905238827242254,3.9864601991172934,0.45175672658204763,1,0.4653762802647835,1.5873175682963736,0.1748206515297989,1.0301479820472852,1.5945840796469173,5,200,1
335,0.6785275369238439,0.6785275369238439,0.43905238827242254,3.9864601991172934,0.45175672658204763,1,0.45016240657579365,1.5454363876568467,0.17020802993946552,0.9964708439023886,1.5945840796469173,5,200,2
317,0.5796190536636604,0.5796190536636604,0.43905238827242254,3.9864601991172934,0.45175672658204763,1,0.3616827813661976,1.3201592091192982,0.14539692476849592,0.8006140475265487,1.5945840796469173,5,200,3
337,0.6913433485873645,0.6913433485873645,0.43905238827242254,3.9864601991172934,0.45175672658204763,1,0.46091635035453116,1.574626097144473,0.17342286491169434,1.0202755669888623,1.5945840796469173,5,200,4
339,0.6835272966744299,0.6835272966744299,0.43905238827242254,3.9864601991172934,0.45175672658204763,1,0.45467324188202274,1.55682400308529,0.1714622152318944,1.0064559421661328,1.5945840796469173,5,200,5
338,0.5992676090345997,0.5992676090345997,0.43905238827242254,3.9864601991172934,0.45175672658204763,1,0.37984456554534934,1.3649113979144718,0.1503257474305885,0.8408166236266597,1.5945840796469173,5,200,6
357,0.7169001885871019,0.7169001885871019,0.43905238827242254,3.9864601991172934,0.45175672658204763,1,0.4830906849525865,1.6328351871810816,0.1798337755249237,1.0693602475111081,1.5945840796469173,5,200,7
355,0.6973017154234713,0.6973017154234713,0.43905238827242254,3.9864601991172934,0.45175672658204763,1,0.4674129005373636,1.5881970672502312,0.1749175159400493,1.034656205506378,1.5945840796469173,5,200,8
363,0.7084217308280416,0.7084217308280416,0.43905238827242254,3.9864601991172934,0.45175672658204763,1,0.4786103050263499,1.613524376021572,0.17770696192700097,1.059442564690678,1.5945840796469173,5,200,9
339,0.7177843266016926,0.7177843266016926,0.43905238827242254,3.9864601991172934,0.45175672658204763,1,0.48480714664827484,1.6348489286802896,0.18005556076055362,1.0731597741029422,1.5945840796469173,5,200,10
355,0.685110794612319,0.685110794612319,0.43905238827242254,3.9864601991172934,0.45175672658204763,1,0.45671316130293177,1.560430629492949,0.17185943428308165,1.010971468556504,1.5945840796469173,5,200,11
370,0.7088543901987995,0.7088543901987995,0.43905238827242254,3.9864601991172934,0.45175672658204763,1,0.47680149626869217,1.614509815076944,0.17781549414584857,1.0554386204188504,1.5945840796469173,5,200,12
340,0.6864579940838792,0.6864579940838792,0.43905238827242254,3.9864601991172934,0.45175672658204763,1,0.4560009379676991,1.5634990548279328,0.1721973780738809,1.0093949046819133,1.5945840796469173,5,200,13
338,0.6911110746416295,0.6911110746416295,0.43905238827242254,3.9864601991172934,0.45175672658204763,1,0.4613938148245907,1.5740970624508024,0.1733645991987226,1.0213324731553117,1.5945840796469173,5,200,14
370,0.687925342393043,0.687925342393043,0.43905238827242254,3.9864601991172934,0.45175672658204763,1,0.4588566090190354,1.5668411350633633,0.17256546109387164,1.015716163189655,1.5945840796469173,5,200,15
334,0.6332239451461539,0.6332239451461539,0.43905238827242254,3.9864601991172934,0.45175672658204763,1,0.4109188000304982,1.4422514534945476,0.15884366418266668,0.9096019513410998,1.5945840796469173,5,200,16
373,0.6967752519972633,0.6967752519972633,0.43905238827242254,3.9864601991172934,0.45175672658204763,1,0.46640746512439285,1.586997977027127,0.1747854530572129,1.0324305930167137,1.5945840796469173,5,200,17
364,0.7072786464869177,0.7072786464869177,0.43905238827242254,3.9864601991172934,0.45175672658204763,1,0.4749679729416032,1.6109208499466505,0.17742022023536763,1.0513799684515377,1.5945840796469173,5,200,18
353,0.6255864726001386,0.6255864726001386,0.43905238827242254,3.9864601991172934,0.45175672658204763,1,0.4042952609100625,1.4248560976098725,0.1569278109784364,0.8949402125540565,1.5945840796469173,5,200,19
379,0.6649206882583353,0.6649206882583353,0.43905238827242254,3.9864601991172934,0.45175672658204763,1,0.4403727781928458,1.5144449865644878,0.16679476403792168,0.9748007108265287,1.127541215890445,5,400,0
352,0.6677491439642361,0.6677491439642361,0.43905238827242254,3.9864601991172934,0.45175672658204763,1,0.4402354504560357,1.5208871692776493,0.16750427963938866,0.974496724789953,1.127541215890445,5,400,1
364,0.7075189416883486,0.7075189416883486,0.43905238827242254,3.9864601991172934,0.45175672658204763,1,0.476280290606324,1.6114681541131906,0.17748049807320584,1.0542848895905093,1.127541215890445,5,400,2
342,0.6286932005035334,0.6286932005035334,0.43905238827242254,3.9864601991172934,0.45175672658204763,1,0.4044066552724417,1.4319320821310344,0.1577071309134712,0.8951867929718447,1.127541215890445,5,400,3
349,0.670567717359016,0.670567717359016,0.43905238827242254,3.9864601991172934,0.45175672658204763,1,0.4425107066247836,1.527306843717573,0.16821131627188884,0.9795331880784186,1.127541215890445,5,400,4
331,0.6640193732911209,0.6640193732911209,0.43905238827242254,3.9864601991172934,0.45175672658204763,1,0.43662202901543334,1.5123921222792922,0.1665686699789834,0.9664981245965675,1.127541215890445,5,400,5
339,0.6940877400282895,0.6940877400282895,0.43905238827242254,3.9864601991172934,0.45175672658204763,1,0.4631747277145215,1.5808768123534795,0.1741112930669617,1.025274667670942,1.127541215890445,5,400,6
328,0.662422333365866,0.662422333365866,0.43905238827242254,3.9864601991172934,0.45175672658204763,1,0.4328137483282894,1.5087546522007464,0.16616805393229403,0.9580681877233369,1.127541215890445,5,400,7
330,0.6603781230731416,0.6603781230731416,0.43905238827242254,3.9864601991172934,0.45175672658204763,1,0.4328222829763423,1.504098692348739,0.16565526559612123,0.9580870798560949,1.127541215890445,5,400,8
345,0.6652720282494887,0.6652720282494887,0.43905238827242254,3.9864601991172934,0.45175672658204763,1,0.43667425337433746,1.5152452099559057,0.16688289736262696,0.9666137274328533,1.127541215890445,5,400,9
352,0.6939513478358343,0.6939513478358343,0.43905238827242254,3.9864601991172934,0.45175672658204763,1,0.46309182391254927,1.5805661610596968,0.17407707920663382,1.0250911534096283,1.127541215890445,5,400,10
365,0.7041295784744421,0.7041295784744421,0.43905238827242254,3.9864601991172934,0.45175672658204763,1,0.47252701241187683,1.603748430215906,0.1766302793215783,1.045976705177088,1.127541215890445,5,400,11
318,0.6398477505644825,0.6398477505644825,0.43905238827242254,3.9864601991172934,0.45175672658204763,1,0.41386579883160923,1.4573380481590064,0.1605052398883003,0.9161253711989683,1.127541215890445,5,400,12
365,0.7012527380101845,0.7012527380101845,0.43905238827242254,3.9864601991172934,0.45175672658204763,1,0.47083257168179465,1.5971960448033649,0.17590862644645497,1.0422259237711262,1.127541215890445,5,400,13
357,0.6803038551082753,0.6803038551082753,0.43905238827242254,3.9864601991172934,0.45175672658204763,1,0.4528607118692412,1.549482187729637,0.1706536177782265,1.002443760595545,1.127541215890445,5,400,14
366,0.7181515416264643,0.7181515416264643,0.43905238827242254,3.9864601991172934,0.45175672658204763,1,0.48604852418671934,1.6356853095646227,0.18014767632334117,1.075907663542988,1.127541215890445,5,400,15
360,0.7251075670887686,0.7251075670887686,0.43905238827242254,3.9864601991172934,0.45175672658204763,1,0.49247340594961814,1.6515285794069179,0.18189258913191367,1.0901296582247473,1.127541215890445,5,400,16
344,0.7090203657763535,0.7090203657763535,0.43905238827242254,3.9864601991172934,0.45175672658204763,1,0.4772107875953243,1.614887846450847,0.17785712897205125,1.0563446198263828,1.127541215890445,5,400,17
336,0.6348044763919697,0.6348044763919697,0.43905238827242254,3.9864601991172934,0.45175672658204763,1,0.41012467876906317,1.445851322867847,0.15924013904178247,0.9078440997924504,1.127541215890445,5,400,18
334,0.6162195402293122,0.6162195402293122,0.43905238827242254,3.9864601991172934,0.45175672658204763,1,0.39315272222412856,1.4035216677763778,0.15457812431333426,0.8702753032559982,1.127541215890445,5,400,19
356,0.665371872204515,0.665371872204515,0.43528169772135206,3.9860184578529045,0.4451936430386275,1,0.44280231279394344,1.5286006181460365,0.16692644031631554,0.9946285615662382,4.509665090372053,6,25,0
342,0.6373290519087662,0.6373290519087662,0.43528169772135206,3.9860184578529045,0.4451936430386275,1,0.41697630199907176,1.464176084694367,0.15989114416998154,0.9366178257915793,4.509665090372053,6,25,1
333,0.6525223013678483,0.6525223013678483,0.43528169772135206,3.9860184578529045,0.4451936430386275,1,0.42799506519641917,1.4990804915155518,0.1637027796703515,0.9613683211538667,4.509665090372053,6,25,2
341,0.6297076219380123,0.6297076219380123,0.43528169772135206,3.9860184578529045,0.4451936430386275,1,0.4094227849818155,1.4466668946442198,0.15797910335749135,0.9196510134047257,4.509665090372053,6,25,3
334,0.6685904442263156,0.6685904442263156,0.43528169772135206,3.9860184578529045,0.4451936430386275,1,0.44442510441219196,1.5359948459269184,0.16773390572467553,0.9982736981121519,4.509665090372053,6,25,4
348,0.6874998127510545,0.6874998127510545,0.43528169772135206,3.9860184578529045,0.4451936430386275,1,0.4611391415058366,1.5794365266218044,0.17247782969910805,1.0358169949561153,4.509665090372053,6,25,5
348,0.6445229325224358,0.6445229325224358,0.43528169772135206,3.9860184578529045,0.4451936430386275,1,0.42267243328379256,1.4807030387366082,0.16169592272024058,0.9494125531507626,4.509665090372053,6,25,6
379,0.6492808239721968,0.6492808239721968,0.43528169772135206,3.9860184578529045,0.4451936430386275,1,0.42694900450676704,1.4916336417798053,0.1628895678325424,0.9590186454430629,4.509665090372053,6,25,7
346,0.6447807080950091,0.6447807080950091,0.43528169772135206,3.9860184578529045,0.4451936430386275,1,0.4225262428544321,1.4812952427597104,0.16176059265975515,0.9490841782252747,4.509665090372053,6,25,8
383,0.6980582740080028,0.6980582740080028,0.43528169772135206,3.9860184578529045,0.4451936430386275,1,0.4710141472114134,1.6036931432271444,0.17512670384973997,1.0579983667254331,4.509665090372053,6,25,9
353,0.656512280696876,0.656512280696876,0.43528169772135206,3.9860184578529045,0.4451936430386275,1,0.43159541834049997,1.508246921783387,0.1647037733614788,0.9694554832245265,4.509665090372053,6,25,10
387,0.7140307518721192,0.7140307518721192,0.43528169772135206,3.9860184578529045,0.4451936430386275,1,0.4841204534503752,1.6403877204348019,0.17913382976573988,1.0874379295851044,4.509665090372053,6,25,11
341,0.6539938630272588,0.6539938630272588,0.43528169772135206,3.9860184578529045,0.4451936430386275,1,0.43069757226226274,1.5024612025978554,0.16407196051458753,0.967438729184399,4.509665090372053,6,25,12
361,0.6918392085775181,0.6918392085775181,0.43528169772135206,3.9860184578529045,0.4451936430386275,1,0.4654018992935275,1.5894056933687177,0.173566483921949,1.0453920593227037,4.509665090372053,6,25,13
377,0.6879370588893943,0.6879370588893943,0.43528169772135206,3.9860184578529045,0.4451936430386275,1,0.46093896575550786,1.5804410396546948,0.1725875246598723,1.035367357470363,4.509665090372053,6,25,14
342,0.657537480483955,0.657537480483955,0.43528169772135206,3.9860184578529045,0.4451936430386275,1,0.43326575960227853,1.5106021776842113,0.1649609723177604,0.9732074264247433,4.509665090372053,6,25,15
370,0.729546978325661,0.729546978325661,0.43528169772135206,3.9860184578529045,0.4451936430386275,1,0.4989055871463078,1.6760341226032536,0.1830264927369745,1.120648497451748,4.509665090372053,6,25,16
349,0.6802342448579225,0.6802342448579225,0.43528169772135206,3.9860184578529045,0.4451936430386275,1,0.45314042367818375,1.562744880887177,0.1706550664655816,1.017850166469845,4.509665090372053,6,25,17
346,0.6605044407973221,0.6605044407973221,0.43528169772135206,3.9860184578529045,0.4451936430386275,1,0.4375260031029875,1.517418362074455,0.16570531415780426,0.982776843165807,4.509665090372053,6,25,18
356,0.661324653186601,0.661324653186601,0.43528169772135206,3.9860184578529045,0.4451936430386275,1,0.43874571916290395,1.5193026875436229,0.16591108650882364,0.985516585924916,4.509665090372053,6,25,19
342,0.6672223426762033,0.6672223426762033,0.43528169772135206,3.9860184578529045,0.4451936430386275,1,0.4415308516358476,1.532851820255786,0.1673906806331266,0.9917725882656817,3.1888147662823236,6,50,0
359,0.687027118908639,0.687027118908639,0.43528169772135206,3.9860184578529045,0.4451936430386275,1,0.45962367137460025,1.5783505773505853,0.1723592417278245,1.0324129253901335,3.1888147662823236,6,50,1
353,0.6693172031949234,0.6693172031949234,0.43528169772135206,3.9860184578529045,0.4451936430386275,1,0.4437835796984856,1.5376644749795807,0.16791623277014517,0.9968326965980069,3.1888147662823236,6,50,2
370,0.6871098284927883,0.6871098284927883,0.43528169772135206,3.9860184578529045,0.4451936430386275,1,0.4610219476197774,1.5785405912762394,0.17237999165284965,1.0355537524595257,3.1888147662823236,6,50,3
338,0.7067988639605843,0.7067988639605843,0.43528169772135206,3.9860184578529045,0.4451936430386275,1,0.4767451392441398,1.6237734498385583,0.17731951606197685,1.0708713987696692,3.1888147662823236,6,50,4
356,0.6602840295028242,0.6602840295028242,0.43528169772135206,3.9860184578529045,0.4451936430386275,1,0.4355541995615798,1.5169119973555805,0.16565001805297475,0.9783477513037819,3.1888147662823236,6,50,5
352,0.6317326114895936,0.6317326114895936,0.43528169772135206,3.9860184578529045,0.4451936430386275,1,0.4100073550799984,1.451319030404078,0.15848712648206867,0.9209640826888983,3.1888147662823236,6,50,6
375,0.6481795809630596,0.6481795809630596,0.43528169772135206,3.9860184578529045,0.4451936430386275,1,0.42549756774957825,1.489103687005915,0.1626132913875682,0.955758408510473,3.1888147662823236,6,50,7
358,0.6955635854518535,0.6955635854518535,0.43528169772135206,3.9860184578529045,0.4451936430386275,1,0.4666908386214062,1.5979619384252683,0.1745008440895488,1.0482872923253161,3.1888147662823236,6,50,8
350,0.679175364730149,0.679175364730149,0.43528169772135206,3.9860184578529045,0.4451936430386275,1,0.4529211514794556,1.560312249022992,0.17038941788944734,1.0173576342826567,3.1888147662823236,6,50,9
363,0.6388260384339521,0.6388260384339521,0.43528169772135206,3.9860184578529045,0.4451936430386275,1,0.41659740983549903,1.467615205918674,0.1602667035260193,0.9357667530741285,3.1888147662823236,6,50,10
397,0.7279849225900072,0.7279849225900072,0.43528169772135206,3.9860184578529045,0.4451936430386275,1,0.49753005129211475,1.6724455137923826,0.182634609018379,1.1175587501570552,3.1888147662823236,6,50,11
358,0.6397403440270132,0.6397403440270132,0.43528169772135206,3.9860184578529045,0.4451936430386275,1,0.4171941028581178,1.469715697618296,0.1604960816893993,0.9371070530356151,3.1888147662823236,6,50,12
324,0.6555101676799153,0.6555101676799153,0.43528169772135206,3.9860184578529045,0.4451936430386275,1,0.4311261058206767,1.5059447045704728,0.16445236634278163,0.9684013070763225,3.1888147662823236,6,50,13
331,0.6414025754319693,0.6414025754319693,0.43528169772135206,3.9860184578529045,0.4451936430386275,1,0.4185030412339861,1.4735344462899211,0.16091309717051966,0.9400472081711068,3.1888147662823236,6,50,14
358,0.6858084844122564,0.6858084844122564,0.43528169772135206,3.9860184578529045,0.4451936430386275,1,0.45953220971960046,1.5755509317354308,0.17205351446909048,1.0322074829800048,3.1888147662823236,6,50,15
315,0.6115456489757736,0.6115456489757736,0.43528169772135206,3.9860184578529045,0.4451936430386275,1,0.39195261859844593,1.4049422527460775,0.15342268367346867,0.8804092886933651,3.1888147662823236,6,50,16
337,0.6669277638482974,0.6669277638482974,0.43528169772135206,3.9860184578529045,0.4451936430386275,1,0.44193691047266226,1.5321750658012616,0.16731677760658,0.9926846831330818,3.1888147662823236,6,50,17
344,0.723767884294121,0.723767884294121,0.43528169772135206,3.9860184578529045,0.4451936430386275,1,0.494268969723198,1.6627574466901776,0.18157665147491148,1.1102336645007136,3.1888147662823236,6,50,18
362,0.743786614991159,0.743786614991159,0.43528169772135206,3.9860184578529045,0.4451936430386275,1,0.5116924125468645,1.7087477348227447,0.18659888880489645,1.1493704381184686,3.1888147662823236,6,50,19
343,0.6628729044291626,0.6628729044291626,0.43528169772135206,3.9860184578529045,0.4451936430386275,1,0.437008476573314,1.5228595824249525,0.16629950699882698,0.9816143680546594,2.2548325451860265,6,100,0
348,0.6418920999089972,0.6418920999089972,0.43528169772135206,3.9860184578529045,0.4451936430386275,1,0.419365244960047,1.4746590616357775,0.1610359075594338,0.941983901876291,2.2548325451860265,6,100,1
363,0.6243795907223347,0.6243795907223347,0.43528169772135206,3.9860184578529045,0.4451936430386275,1,0.40432550642037995,1.4344264736856331,0.15664242334157705,0.9082014371559622,2.2548325451860265,6,100,2
351,0.6341801871791359,0.6341801871791359,0.43528169772135206,3.9860184578529045,0.4451936430386275,1,0.41286161817307254,1.4569419998566304,0.15910116671179222,0.9273753671663508,2.2548325451860265,6,100,3
371,0.6823968227578551,0.6823968227578551,0.43528169772135206,3.9860184578529045,0.4451936430386275,1,0.4562312755286439,1.567713107006615,0.17119760733005554,1.0247928798234405,2.2548325451860265,6,100,4
378,0.7325427319493141,0.7325427319493141,0.43528169772135206,3.9860184578529045,0.4451936430386275,1,0.5009414628671507,1.6829164556747693,0.18377805815377563,1.1252215091123532,2.2548325451860265,6,100,5
377,0.7054843594129243,0.7054843594129243,0.43528169772135206,3.9860184578529045,0.4451936430386275,1,0.4775809589813126,1.6207535559295303,0.1769897372208703,1.0727488284011166,2.2548325451860265,6,100,6
355,0.7137737739443015,0.7137737739443015,0.43528169772135206,3.9860184578529045,0.4451936430386275,1,0.4830187484923262,1.639797348891126,0.1790693599368781,1.0849632649638188,2.2548325451860265,6,100,7
371,0.6918753828713148,0.6918753828713148,0.43528169772135206,3.9860184578529045,0.4451936430386275,1,0.46460960305077526,1.5894887988472757,0.17357555921705342,1.0436123927548155,2.2548325451860265,6,100,8
357,0.7213038122305447,0.7213038122305447,0.43528169772135206,3.9860184578529045,0.4451936430386275,1,0.4903363217211061,1.6570965790808216,0.18095847268581888,1.1014000972124431,2.2548325451860265,6,100,9
373,0.7081889596140469,0.7081889596140469,0.43528169772135206,3.9860184578529045,0.4451936430386275,1,0.48157699895983,1.6269670039455644,0.17766825896624613,1.0817247876067397,2.2548325451860265,6,100,10
366,0.6723011262213806,0.6723011262213806,0.43528169772135206,3.9860184578529045,0.4451936430386275,1,0.44661573576641084,1.5445196288766494,0.16866483016326023,1.0031943239756906,2.2548325451860265,6,100,11
330,0.661135142650191,0.661135142650191,0.43528169772135206,3.9860184578529045,0.4451936430386275,1,0.4356757994949429,1.5188673130783006,0.16586354269074707,0.9786208907235928,2.2548325451860265,6,100,12
359,0.65001974473451,0.65001974473451,0.43528169772135206,3.9860184578529045,0.4451936430386275,1,0.42910394075111935,1.4933312108854704,0.1630749459912555,0.9638590924666187,2.2548325451860265,6,100,13
349,0.6268429265423372,0.6268429265423372,0.43528169772135206,3.9860184578529045,0.4451936430386275,1,0.40573312368193803,1.4400856498763568,0.15726041742415572,0.9113632461430594,2.2548325451860265,6,100,14
357,0.6672129110382009,0.6672129110382009,0.43528169772135206,3.9860184578529045,0.4451936430386275,1,0.44297450034714264,1.53283015236106,0.1673883144529139,0.9950153315839411,2.2548325451860265,6,100,15
370,0.6716329470947495,0.6716329470947495,0.43528169772135206,3.9860184578529045,0.4451936430386275,1,0.4471966416670272,1.5429845789764838,0.1684971994476235,1.0044991626895847,2.2548325451860265,6,100,16
337,0.6472847893805804,0.6472847893805804,0.43528169772135206,3.9860184578529045,0.4451936430386275,1,0.4236314225578667,1.4870480260691854,0.1623888088388945,0.9515666478667801,2.2548325451860265,6,100,17
351,0.6521809737879681,0.6521809737879681,0.43528169772135206,3.9860184578529045,0.4451936430386275,1,0.42887110112120097,1.4982963382151329,0.16361714846129183,0.9633360849314502,2.2548325451860265,6,100,18
368,0.6901710824335672,0.6901710824335672,0.43528169772135206,3.9860184578529045,0.4451936430386275,1,0.46279901559203224,1.5855734023427375,0.17314798958691538,1.0395454266445516,2.2548325451860265,6,100,19
369,0.6793474807296205,0.6793474807296205,0.43528169772135206,3.9860184578529045,0.4451936430386275,1,0.4534806265331211,1.5607076619254239,0.17043259781981931,1.0186143347374226,1.5944073831411618,6,200,0
366,0.7000501663138073,0.7000501663138073,0.43528169772135206,3.9860184578529045,0.4451936430386275,1,0.47252227304678524,1.6082692426042418,0.17562642363951672,1.0613859394344194,1.5944073831411618,6,200,1
329,0.6526828156114606,0.6526828156114606,0.43528169772135206,3.9860184578529045,0.4451936430386275,1,0.4291556366426672,1.4994492509751214,0.1637430489880452,0.963975212479463,1.5944073831411618,6,200,2
347,0.6571067540674058,0.6571067540674058,0.43528169772135206,3.9860184578529045,0.4451936430386275,1,0.4329838840119353,1.5096126428179304,0.16485291300466298,0.9725742736501006,1.5944073831411618,6,200,3
370,0.7484818958083135,0.7484818958083135,0.43528169772135206,3.9860184578529045,0.4451936430386275,1,0.5163004085564044,1.719534498524811,0.18777682635506115,1.1597209812620959,1.5944073831411618,6,200,4
340,0.6318113324667883,0.6318113324667883,0.43528169772135206,3.9860184578529045,0.4451936430386275,1,0.41024902230742316,1.451499881052306,0.15850687575769976,0.9215069188933311,1.5944073831411618,6,200,5
370,0.7046184920491065,0.7046184920491065,0.43528169772135206,3.9860184578529045,0.4451936430386275,1,0.4771348361318019,1.6187643444181103,0.17677251109084277,1.0717467412049344,1.5944073831411618,6,200,6
347,0.6459536470914915,0.6459536470914915,0.43528169772135206,3.9860184578529045,0.4451936430386275,1,0.42172605650187533,1.4839899092311533,0.1620548559726035,0.9472867887857149,1.5944073831411618,6,200,7
372,0.6885984370227143,0.6885984370227143,0.43528169772135206,3.9860184578529045,0.4451936430386275,1,0.4616167875435743,1.58196046520551,0.1727534491633118,1.0368898899653018,1.5944073831411618,6,200,8
386,0.7233170256107123,0.7233170256107123,0.43528169772135206,3.9860184578529045,0.4451936430386275,1,0.49281096523695145,1.6617216607020027,0.1814635414408823,1.1069586750460234,1.5944073831411618,6,200,9
337,0.6508007596359153,0.6508007596359153,0.43528169772135206,3.9860184578529045,0.4451936430386275,1,0.4275796434637536,1.4951254855023308,0.1632708845975775,0.9604351952227996,1.5944073831411618,6,200,10
312,0.6225891426045027,0.6225891426045027,0.43528169772135206,3.9860184578529045,0.4451936430386275,1,0.4007665224896492,1.430313164701578,0.1561932412475241,0.9002071991734987,1.5944073831411618,6,200,11
370,0.6749471018270379,0.6749471018270379,0.43528169772135206,3.9860184578529045,0.4451936430386275,1,0.450591723520923,1.5505983949251847,0.16932864435118614,1.0121252416037467,1.5944073831411618,6,200,12
348,0.662578339006886,0.662578339006886,0.43528169772135206,3.9860184578529045,0.4451936430386275,1,0.43753228283941276,1.5221828587680228,0.16622560733544325,0.9827909487949494,1.5944073831411618,6,200,13
380,0.6909746717908108,0.6909746717908108,0.43528169772135206,3.9860184578529045,0.4451936430386275,1,0.46510609799565406,1.5874195386757153,0.17334959160299748,1.044727626434906,1.5944073831411618,6,200,14
356,0.6388766402027857,0.6388766402027857,0.43528169772135206,3.9860184578529045,0.4451936430386275,1,0.41643058308564984,1.467731456542347,0.16027939834150212,0.9353920245656292,1.5944073831411618,6,200,15
333,0.6180573537139296,0.6180573537139296,0.43528169772135206,3.9860184578529045,0.4451936430386275,1,0.39780964604767877,1.4199020012773023,0.1550563200469599,0.8935654231998155,1.5944073831411618,6,200,16
380,0.6705189831902222,0.6705189831902222,0.43528169772135206,3.9860184578529045,0.4451936430386275,1,0.44623547903565985,1.5404253996901531,0.16821773162370193,1.0023401861489336,1.5944073831411618,6,200,17
352,0.6657114394881436,0.6657114394881436,0.43528169772135206,3.9860184578529045,0.4451936430386275,1,0.4395980405324396,1.5293807274072488,0.16701162990768825,0.98743108174682,1.5944073831411618,6,200,18
357,0.7159801954988346,0.7159801954988346,0.43528169772135206,3.9860184578529045,0.4451936430386275,1,0.48517450110284394,1.6448662997936871,0.17962290016200833,1.0898055457201294,1.5944073831411618,6,200,19
348,0.6908674928201158,0.6908674928201158,0.43528169772135206,3.9860184578529045,0.4451936430386275,1,0.4629476543789031,1.5871733096905407,0.17332270287384877,1.039879301103891,1.1274162725930132,6,400,0
343,0.6844229906896762,0.6844229906896762,0.43528169772135206,3.9860184578529045,0.4451936430386275,1,0.45677378540823405,1.5723679499334549,0.171705926083028,1.0260114728740675,1.1274162725930132,6,400,1
361,0.6933022701160612,0.6933022701160612,0.43528169772135206,3.9860184578529045,0.4451936430386275,1,0.4647342836813745,1.5927668765891516,0.1739335322821142,1.0438924520785475,1.1274162725930132,6,400,2
368,0.6618335058661542,0.6618335058661542,0.43528169772135206,3.9860184578529045,0.4451936430386275,1,0.4373739661503031,1.5204717067838458,0.1660387458974927,0.9824353357003215,1.1274162725930132,6,400,3
362,0.7145505013703558,0.7145505013703558,0.43528169772135206,3.9860184578529045,0.4451936430386275,1,0.48569461975036915,1.6415817736214104,0.17926422291462574,1.0909738432815572,1.1274162725930132,6,400,4
374,0.6565752749952357,0.6565752749952357,0.43528169772135206,3.9860184578529045,0.4451936430386275,1,0.43265704218735074,1.5083916425439645,0.16471957717649516,0.9718401171101425,1.1274162725930132,6,400,5
350,0.676640718634006,0.676640718634006,0.43528169772135206,3.9860184578529045,0.4451936430386275,1,0.450119030502383,1.5544892472533067,0.16975353370503032,1.0110634721334693,1.1274162725930132,6,400,6
364,0.707625005631147,0.707625005631147,0.43528169772135206,3.9860184578529045,0.4451936430386275,1,0.47765360561848913,1.6256713970182524,0.17752677593277227,1.0729120082629868,1.1274162725930132,6,400,7
338,0.5975768047575223,0.5975768047575223,0.43528169772135206,3.9860184578529045,0.4451936430386275,1,0.380500171385508,1.372850749033938,0.1499182231783771,0.8546846464123785,1.1274162725930132,6,400,8
357,0.6592597844250386,0.6592597844250386,0.43528169772135206,3.9860184578529045,0.4451936430386275,1,0.4355745413700563,1.514558934768416,0.1653930586112121,0.9783934433499164,1.1274162725930132,6,400,9
355,0.6675940316083963,0.6675940316083963,0.43528169772135206,3.9860184578529045,0.4451936430386275,1,0.4440939360333625,1.5337057245989705,0.16748392880448432,0.9975298232073597,1.1274162725930132,6,400,10
333,0.6286922110300381,0.6286922110300381,0.43528169772135206,3.9860184578529045,0.4451936430386275,1,0.4074672478671601,1.4443341273505574,0.15772436020496688,0.915258459411124,1.1274162725930132,6,400,11
354,0.6871038004257718,0.6871038004257718,0.43528169772135206,3.9860184578529045,0.4451936430386275,1,0.46040268022202574,1.5785267426190408,0.17237847935001405,1.0341627456303966,1.1274162725930132,6,400,12
343,0.6850127153911977,0.6850127153911977,0.43528169772135206,3.9860184578529045,0.4451936430386275,1,0.4572720676476879,1.5737227615522495,0.17185387439479755,1.0271307211994767,1.1274162725930132,6,400,13
405,0.7474777336833337,0.7474777336833337,0.43528169772135206,3.9860184578529045,0.4451936430386275,1,0.5156102859369494,1.7172275737672655,0.18752490526247276,1.1581708184728328,1.1274162725930132,6,400,14
379,0.7200772660455501,0.7200772660455501,0.43528169772135206,3.9860184578529045,0.4451936430386275,1,0.48901055388080816,1.6542787574461986,0.1806507605670809,1.0984221395056597,1.1274162725930132,6,400,15
339,0.6633994418944883,0.6633994418944883,0.43528169772135206,3.9860184578529045,0.4451936430386275,1,0.43746586027023676,1.5240692300349532,0.1664316030919317,0.9826417495190508,1.1274162725930132,6,400,16
342,0.6304598194992721,0.6304598194992721,0.43528169772135206,3.9860184578529045,0.4451936430386275,1,0.40936944591497754,1.4483949653745019,0.15816781235851915,0.9195312024692552,1.1274162725930132,6,400,17
351,0.6630294373134235,0.6630294373134235,0.43528169772135206,3.9860184578529045,0.4451936430386275,1,0.43763481687692035,1.5232191952574705,0.16633877748538292,0.9830212621408628,1.1274162725930132,6,400,18
360,0.682251157631621,0.682251157631621,0.43528169772135206,3.9860184578529045,0.4451936430386275,1,0.45542750074232896,1.5673784613576098,0.1711610633130686,1.0229874299952963,1.1274162725930132,6,400,19
247,0.45214422226517825,0.45214422226517825,0.22566628944633857,3.918617757142203,0.23071790977083367,1,0.2551847914286717,2.0035966531576004,0.11538359959735424,1.1060467376899363,4.433409902325234,7,25,0
244,0.4212398886022571,0.4212398886022571,0.22566628944633857,3.918617757142203,0.23071790977083367,1,0.22892818619942568,1.8666495985543476,0.10749706011373303,0.9922428060605019,4.433409902325234,7,25,1
260,0.4296130453939636,0.4296130453939636,0.22566628944633857,3.918617757142203,0.23071790977083367,1,0.23582462221697154,1.9037537527115753,0.10963382294967061,1.0221340096709883,4.433409902325234,7,25,2
247,0.3920767827352844,0.3920767827352844,0.22566628944633857,3.918617757142203,0.23071790977083367,1,0.20347514764314234,1.7374184850436722,0.10005486807705911,0.8819217712454535,4.433409902325234,7,25,3
228,0.4302274709930898,0.4302274709930898,0.22566628944633857,3.918617757142203,0.23071790977083367,1,0.2355935909929855,1.9064764704051822,0.10979061946242215,1.0211326516740495,4.433409902325234,7,25,4
220,0.3717742703281598,0.3717742703281598,0.22566628944633857,3.918617757142203,0.23071790977083367,1,0.18535223160403838,1.64745151453631,0.09487382882664472,0.8033716662401463,4.433409902325234,7,25,5
240,0.4171477421468227,0.4171477421468227,0.22566628944633857,3.918617757142203,0.23071790977083367,1,0.22321573257179078,1.8485159798137094,0.10645277697384885,0.9674833340571843,4.433409902325234,7,25,6
231,0.3906867826834966,0.3906867826834966,0.22566628944633857,3.918617757142203,0.23071790977083367,1,0.20190698963170103,1.7312589471915718,0.09970015114932246,0.8751249083014413,4.433409902325234,7,25,7
271,0.5051281645589933,0.5051281645589933,0.22566628944633857,3.918617757142203,0.23071790977083367,1,0.3023204932357972,2.2383855639152004,0.1289046791150604,1.3103468800323501,4.433409902325234,7,25,8
259,0.42594502097681336,0.42594502097681336,0.22566628944633857,3.918617757142203,0.23071790977083367,1,0.23282251585298894,1.8874995553028726,0.10869777237151335,1.0091219883373845,4.433409902325234,7,25,9
278,0.4442013774198656,0.4442013774198656,0.22566628944633857,3.918617757142203,0.23071790977083367,1,0.24984268771531867,1.9683993498084822,0.11335664893832766,1.0828924722986661,4.433409902325234,7,25,10
235,0.4275295317194081,0.4275295317194081,0.22566628944633857,3.918617757142203,0.23071790977083367,1,0.23360181356572196,1.894521032664344,0.10910212687628912,1.012499696264381,4.433409902325234,7,25,11
264,0.4622422018680541,0.4622422018680541,0.22566628944633857,3.918617757142203,0.23071790977083367,1,0.2651037877659461,2.048344052636941,0.11796052345895593,1.1490386161580046,4.433409902325234,7,25,12
231,0.3980746969530074,0.3980746969530074,0.22566628944633857,3.918617757142203,0.23071790977083367,1,0.20892315834386535,1.7639971744546543,0.10158548795106724,0.90553506899999,4.433409902325234,7,25,13
233,0.4283156261867372,0.4283156261867372,0.22566628944633857,3.918617757142203,0.23071790977083367,1,0.23456963141643417,1.8980044703955963,0.10930273191511851,1.0166945065054824,4.433409902325234,7,25,14
231,0.44374073925293284,0.44374073925293284,0.22566628944633857,3.918617757142203,0.23071790977083367,1,0.24649962334402858,1.966358113751192,0.11323909775179174,1.0684026376143512,4.433409902325234,7,25,15
236,0.41767347111267117,0.41767347111267117,0.22566628944633857,3.918617757142203,0.23071790977083367,1,0.22459588522622928,1.8508456541622278,0.10658693881315819,0.9734653259008577,4.433409902325234,7,25,16
241,0.4326737559053941,0.4326737559053941,0.22566628944633857,3.918617757142203,0.23071790977083367,1,0.2383968503520011,1.9173167466303382,0.1104148918625167,1.0332828109824448,4.433409902325234,7,25,17
277,0.47053737992040495,0.47053737992040495,0.22566628944633857,3.918617757142203,0.23071790977083367,1,0.27273430038062135,2.085102657888539,0.12007738674250325,1.1821115259388468,4.433409902325234,7,25,18
252,0.4435940066418994,0.4435940066418994,0.22566628944633857,3.918617757142203,0.23071790977083367,1,0.24872286422900472,1.9657078942993038,0.11320165275967278,1.0780388244504076,4.433409902325234,7,25,19
239,0.40442282015186803,0.40442282015186803,0.22566628944633857,3.918617757142203,0.23071790977083367,1,0.21369834442555646,1.792127752639085,0.10320547836408733,0.9262321448639063,3.1348942057137625,7,50,0
232,0.3661671145754288,0.3661671145754288,0.22566628944633857,3.918617757142203,0.23071790977083367,1,0.18166769188473944,1.6226044017199124,0.09344292739653937,0.7874017758967451,3.1348942057137625,7,50,1
267,0.4388232772237914,0.4388232772237914,0.22566628944633857,3.918617757142203,0.23071790977083367,1,0.24465362473494162,1.9445672559265421,0.11198420065952529,1.0604015309342476,3.1348942057137625,7,50,2
257,0.42369954747644717,0.42369954747644717,0.22566628944633857,3.918617757142203,0.23071790977083367,1,0.23159519136878362,1.8775491391114452,0.10812474544224128,1.0038023992104528,3.1348942057137625,7,50,3
244,0.43395695919509564,0.43395695919509564,0.22566628944633857,3.918617757142203,0.23071790977083367,1,0.23906442361751704,1.9230030336378032,0.11074235510829074,1.0361762719460044,3.1348942057137625,7,50,4
251,0.44605625759505035,0.44605625759505035,0.22566628944633857,3.918617757142203,0.23071790977083367,1,0.24944653547793905,1.9766189211930059,0.11382999956605959,1.081175430748779,3.1348942057137625,7,50,5
248,0.44416530780051877,0.44416530780051877,0.22566628944633857,3.918617757142203,0.23071790977083367,1,0.2490768819109098,1.9682395137096333,0.1133474442591315,1.0795732423127082,3.1348942057137625,7,50,6
271,0.45483320849285813,0.45483320849285813,0.22566628944633857,3.918617757142203,0.23071790977083367,1,0.26094069416626653,2.0155124170684493,0.11606980743754963,1.1309945310507208,3.1348942057137625,7,50,7
241,0.39822393113240995,0.39822393113240995,0.22566628944633857,3.918617757142203,0.23071790977083367,1,0.20898866447143982,1.7646584791615676,0.10162357132348358,0.9058189920280703,3.1348942057137625,7,50,8
279,0.472501524396395,0.472501524396395,0.22566628944633857,3.918617757142203,0.23071790977083367,1,0.27407172789504747,2.0938064145763855,0.12057862074839987,1.1879083343260004,3.1348942057137625,7,50,9
234,0.43988122830046933,0.43988122830046933,0.22566628944633857,3.918617757142203,0.23071790977083367,1,0.2447522217492267,1.9492553778399815,0.11225418133695923,1.060828879701333,3.1348942057137625,7,50,10
263,0.4222239388404389,0.4222239388404389,0.22566628944633857,3.918617757142203,0.23071790977083367,1,0.22994289664127923,1.871010242054075,0.10774818188655413,0.9966408627300575,3.1348942057137625,7,50,11
243,0.39655788067545644,0.39655788067545644,0.22566628944633857,3.918617757142203,0.23071790977083367,1,0.20715194242858173,1.7572756730674848,0.10119840853389614,0.8978580927433877,3.1348942057137625,7,50,12
259,0.44714313929918753,0.44714313929918753,0.22566628944633857,3.918617757142203,0.23071790977083367,1,0.2516834737312992,1.981435244033266,0.1141073631088946,1.0908709860508448,3.1348942057137625,7,50,13
259,0.4751484834127589,0.4751484834127589,0.22566628944633857,3.918617757142203,0.23071790977083367,1,0.2763505975310107,2.1055359423798428,0.12125410357944137,1.1977856327040362,3.1348942057137625,7,50,14
270,0.42415230815712857,0.42415230815712857,0.22566628944633857,3.918617757142203,0.23071790977083367,1,0.23214065263191314,1.8795554674903634,0.1082402863571101,1.0061665904588535,3.1348942057137625,7,50,15
235,0.3989608460981495,0.3989608460981495,0.22566628944633857,3.918617757142203,0.23071790977083367,1,0.20986392764611111,1.7679239866839698,0.10181162614572198,0.9096126427920732,3.1348942057137625,7,50,16
261,0.46199692472078635,0.46199692472078635,0.22566628944633857,3.918617757142203,0.23071790977083367,1,0.2641670012590039,2.047257150610637,0.11789793068709889,1.1449783049846212,3.1348942057137625,7,50,17
254,0.41284060363935954,0.41284060363935954,0.22566628944633857,3.918617757142203,0.23071790977083367,1,0.22135601275746564,1.8294296620565003,0.10535362957688398,0.9594227555950599,3.1348942057137625,7,50,18
241,0.4028367342277606,0.4028367342277606,0.22566628944633857,3.918617757142203,0.23071790977083367,1,0.21341487765945685,1.7850992951410742,0.10280072188555187,0.9250035156414017,3.1348942057137625,7,50,19
249,0.40713002220114636,0.40713002220114636,0.22566628944633857,3.918617757142203,0.23071790977083367,1,0.21709323492231647,1.8041242367214898,0.10389633473668046,0.9409466093809091,2.216704951162617,7,100,0
249,0.40477756538755755,0.40477756538755755,0.22566628944633857,3.918617757142203,0.23071790977083367,1,0.21528281491582285,1.7936997430172663,0.10329600651908355,0.9330997109399001,2.216704951162617,7,100,1
275,0.455187928661903,0.455187928661903,0.22566628944633857,3.918617757142203,0.23071790977083367,1,0.2601590701328913,2.017084296368256,0.11616032919573806,1.1276067401585808,2.216704951162617,7,100,2
260,0.43680414131168405,0.43680414131168405,0.22566628944633857,3.918617757142203,0.23071790977083367,1,0.24313923037580884,1.9356198144763317,0.1114689332776973,1.0538376956401563,2.216704951162617,7,100,3
273,0.4372206029378562,0.4372206029378562,0.22566628944633857,3.918617757142203,0.23071790977083367,1,0.24266792288082242,1.9374652900553113,0.1115752109633463,1.051794908864502,2.216704951162617,7,100,4
280,0.43455934536529783,0.43455934536529783,0.22566628944633857,3.918617757142203,0.23071790977083367,1,0.24080509521677432,1.9256724007447827,0.11089607925479732,1.0437208600578949,2.216704951162617,7,100,5
233,0.443766740823275,0.443766740823275,0.22566628944633857,3.918617757142203,0.23071790977083367,1,0.2469046982152773,1.9664733350826809,0.11324573314517625,1.0701583525116085,2.216704951162617,7,100,6
245,0.4220979119046522,0.4220979119046522,0.22566628944633857,3.918617757142203,0.23071790977083367,1,0.2291529605670208,1.8704517761170674,0.10771602081762695,0.993217044982042,2.216704951162617,7,100,7
276,0.47312645185196633,0.47312645185196633,0.22566628944633857,3.918617757142203,0.23071790977083367,1,0.2742367112594343,2.096575669377821,0.12073809725116218,1.1886234212672382,2.216704951162617,7,100,8
245,0.40156327743411013,0.40156327743411013,0.22566628944633857,3.918617757142203,0.23071790977083367,1,0.2112857950072875,1.779456197996282,0.10247574586784015,0.9157754385741116,2.216704951162617,7,100,9
263,0.43755932019213634,0.43755932019213634,0.22566628944633857,3.918617757142203,0.23071790977083367,1,0.24443083249764688,1.9389662552863662,0.11166164890531263,1.0594358831546018,2.216704951162617,7,100,10
222,0.3854888359457444,0.3854888359457444,0.22566628944633857,3.918617757142203,0.23071790977083367,1,0.19697419179933434,1.708225171298393,0.09837367659633034,0.853744696261265,2.216704951162617,7,100,11
259,0.456964474126787,0.456964474126787,0.22566628944633857,3.918617757142203,0.23071790977083367,1,0.26039091051770086,2.0249567414252585,0.11661368943013345,1.1286116052990451,2.216704951162617,7,100,12
264,0.41589445782296725,0.41589445782296725,0.22566628944633857,3.918617757142203,0.23071790977083367,1,0.22566698943154176,1.8429622733787328,0.10613294880955004,0.9781078099038394,2.216704951162617,7,100,13
225,0.3752457685808799,0.3752457685808799,0.22566628944633857,3.918617757142203,0.23071790977083367,1,0.18860706418871537,1.662834841222973,0.09575972749496796,0.8174790781350874,2.216704951162617,7,100,14
262,0.3929831700725058,0.3929831700725058,0.22566628944633857,3.918617757142203,0.23071790977083367,1,0.2048068614938971,1.7414349792194095,0.10028617089692957,0.8876938149159145,2.216704951162617,7,100,15
239,0.40352285508217994,0.40352285508217994,0.22566628944633857,3.918617757142203,0.23071790977083367,1,0.2131239469895673,1.7881397175989553,0.10297581445567273,0.9237425356412858,2.216704951162617,7,100,16
249,0.4251199315046663,0.4251199315046663,0.22566628944633857,3.918617757142203,0.23071790977083367,1,0.23260793129556753,1.8838433181476848,0.108487216118446,1.008191915081977,2.216704951162617,7,100,17
242,0.4338552549760633,0.4338552549760633,0.22566628944633857,3.918617757142203,0.23071790977083367,1,0.239496828218168,1.9225523494913945,0.11071640100270161,1.0380504420140344,2.216704951162617,7,100,18
256,0.4627221840427996,0.4627221840427996,0.22566628944633857,3.918617757142203,0.23071790977083367,1,0.2649123670186165,2.050471008222213,0.118083011082014,1.1482089417407921,2.216704951162617,7,100,19
253,0.4313864542395757,0.4313864542395757,0.22566628944633857,3.918617757142203,0.23071790977083367,1,0.2378406276324285,1.911612298398497,0.11008638274384289,1.030871976383063,1.5674471028568813,7,200,0
281,0.4671946857793188,0.4671946857793188,0.22566628944633857,3.918617757142203,0.23071790977083367,1,0.27025066541266674,2.070290103699399,0.11922435785623495,1.1713467137471034,1.5674471028568813,7,200,1
262,0.40127310375832154,0.40127310375832154,0.22566628944633857,3.918617757142203,0.23071790977083367,1,0.21216134238039605,1.7781703449940436,0.10240169585996181,0.9195703211386173,1.5674471028568813,7,200,2
254,0.4424338146904355,0.4424338146904355,0.22566628944633857,3.918617757142203,0.23071790977083367,1,0.2473883789866464,1.960566710144992,0.11290558102638129,1.0722547687449626,1.5674471028568813,7,200,3
242,0.41943022768412136,0.41943022768412136,0.22566628944633857,3.918617757142203,0.23071790977083367,1,0.22830882023864485,1.858630408259795,0.10703524907976898,0.9895582898849001,1.5674471028568813,7,200,4
265,0.4166618602982441,0.4166618602982441,0.22566628944633857,3.918617757142203,0.23071790977083367,1,0.22398521713136177,1.846362880873807,0.10632878380107944,0.9708185088614953,1.5674471028568813,7,200,5
253,0.42369016192214615,0.42369016192214615,0.22566628944633857,3.918617757142203,0.23071790977083367,1,0.23084802102243795,1.8775075486979012,0.108122350323635,1.0005639408389817,1.5674471028568813,7,200,6
249,0.4357233460583272,0.4357233460583272,0.22566628944633857,3.918617757142203,0.23071790977083367,1,0.24176894052854964,1.9308304626595028,0.11119312294856097,1.0478984521344383,1.5674471028568813,7,200,7
230,0.44873300448712955,0.44873300448712955,0.22566628944633857,3.918617757142203,0.23071790977083367,1,0.2522642796976651,1.988480448666367,0.1145130840254204,1.0933883717490023,1.5674471028568813,7,200,8
248,0.3712952968993373,0.3712952968993373,0.22566628944633857,3.918617757142203,0.23071790977083367,1,0.18668857056317062,1.64532902902907,0.09475159862750128,0.8091637565050919,1.5674471028568813,7,200,9
241,0.422263577682009,0.422263577682009,0.22566628944633857,3.918617757142203,0.23071790977083367,1,0.2290590712643625,1.8711858945259945,0.10775829740279654,0.9928101008364767,1.5674471028568813,7,200,10
254,0.4329444422343688,0.4329444422343688,0.22566628944633857,3.918617757142203,0.23071790977083367,1,0.23859206990582227,1.9185162449233213,0.11048396885490294,1.0341289505561566,1.5674471028568813,7,200,11
257,0.42430734667854264,0.42430734667854264,0.22566628944633857,3.918617757142203,0.23071790977083367,1,0.23137490804515595,1.880242493105906,0.1082798509513172,1.0028476258083945,1.5674471028568813,7,200,12
254,0.42962597582170703,0.42962597582170703,0.22566628944633857,3.918617757142203,0.23071790977083367,1,0.23638224356756385,1.9038110516009006,0.10963712269170843,1.0245509063529417,1.5674471028568813,7,200,13
238,0.3749394419251344,0.3749394419251344,0.22566628944633857,3.918617757142203,0.23071790977083367,1,0.18865149277421375,1.6614774091647908,0.09568155537542729,0.817671644830679,1.5674471028568813,7,200,14
247,0.4165734895999177,0.4165734895999177,0.22566628944633857,3.918617757142203,0.23071790977083367,1,0.22436863652621492,1.8459712818514489,0.10630623230363742,0.9724803624871371,1.5674471028568813,7,200,15
253,0.42232830100759744,0.42232830100759744,0.22566628944633857,3.918617757142203,0.23071790977083367,1,0.23006112521490182,1.8714727044245718,0.1077748142793075,0.9971533005106357,1.5674471028568813,7,200,16
241,0.43358264576855965,0.43358264576855965,0.22566628944633857,3.918617757142203,0.23071790977083367,1,0.23791514391387775,1.9213443303044238,0.11064683330705005,1.0311949520962327,1.5674471028568813,7,200,17
253,0.444432289461529,0.444432289461529,0.22566628944633857,3.918617757142203,0.23071790977083367,1,0.24869220893040472,1.969422595425849,0.11341557584979856,1.0779059552742327,1.5674471028568813,7,200,18
263,0.4523678064895501,0.4523678064895501,0.22566628944633857,3.918617757142203,0.23071790977083367,1,0.25736308387899914,2.0045874268567663,0.11544065650829288,1.1154881046496627,1.5674471028568813,7,200,19
246,0.3935419475345863,0.3935419475345863,0.22566628944633857,3.918617757142203,0.23071790977083367,1,0.20452594869044524,1.7439111020973608,0.10042876644891012,0.8864762553266703,1.1083524755813086,7,400,0
232,0.46049801570753507,0.46049801570753507,0.22566628944633857,3.918617757142203,0.23071790977083367,1,0.2614812191049692,2.040615002078267,0.11751542106096367,1.1333373268017726,1.1083524755813086,7,400,1
255,0.42324311978458834,0.42324311978458834,0.22566628944633857,3.918617757142203,0.23071790977083367,1,0.23026975889484044,1.8755265610251095,0.10800826873536501,0.9980575808941822,1.1083524755813086,7,400,2
268,0.4533407652854047,0.4533407652854047,0.22566628944633857,3.918617757142203,0.23071790977083367,1,0.2562865440914878,2.0088989206037575,0.11568894783348815,1.1108220612177477,1.1083524755813086,7,400,3
256,0.42962606418322746,0.42962606418322746,0.22566628944633857,3.918617757142203,0.23071790977083367,1,0.23610611507729398,1.9038114431592528,0.10963714524086375,1.023354083399127,1.1083524755813086,7,400,4
253,0.42540391587033016,0.42540391587033016,0.22566628944633857,3.918617757142203,0.23071790977083367,1,0.23288845564613467,1.8851017443236129,0.10855968666374127,1.009407791000954,1.1083524755813086,7,400,5
263,0.40244591496651483,0.40244591496651483,0.22566628944633857,3.918617757142203,0.23071790977083367,1,0.2116642278174902,1.783367449138711,0.10270098792692998,0.9174156788596558,1.1083524755813086,7,400,6
233,0.40070547410774765,0.40070547410774765,0.22566628944633857,3.918617757142203,0.23071790977083367,1,0.21070916367232118,1.7756549952182017,0.1022568413000754,0.9132761469693156,1.1083524755813086,7,400,7
273,0.4516479264141717,0.4516479264141717,0.22566628944633857,3.918617757142203,0.23071790977083367,1,0.2547916192388343,2.0013974064193114,0.1152569488542186,1.1043426125518927,1.1083524755813086,7,400,8
276,0.4633648065018865,0.4633648065018865,0.22566628944633857,3.918617757142203,0.23071790977083367,1,0.26494825084996926,2.053318675282559,0.11824700320855291,1.1483644729320568,1.1083524755813086,7,400,9
254,0.43928297851194126,0.43928297851194126,0.22566628944633857,3.918617757142203,0.23071790977083367,1,0.24331760237373293,1.9466043403722417,0.11210151276206756,1.0546108128988088,1.1083524755813086,7,400,10
278,0.4677109638822729,0.4677109638822729,0.22566628944633857,3.918617757142203,0.23071790977083367,1,0.27011756443995055,2.0725778982309646,0.11935610791070585,1.170769814568152,1.1083524755813086,7,400,11
250,0.4178268635132539,0.4178268635132539,0.22566628944633857,3.918617757142203,0.23071790977083367,1,0.2252134759779299,1.8515253852862652,0.10662608333045721,0.9761421477926391,1.1083524755813086,7,400,12
254,0.4498231335282258,0.4498231335282258,0.22566628944633857,3.918617757142203,0.23071790977083367,1,0.2540624817575209,1.9933111615024348,0.11479127626274933,1.1011823139775962,1.1083524755813086,7,400,13
232,0.4134036819924329,0.4134036819924329,0.22566628944633857,3.918617757142203,0.23071790977083367,1,0.22302986399760333,1.8319248435674598,0.10549732268194559,0.9666777244087089,1.1083524755813086,7,400,14
252,0.426233009152482,0.426233009152482,0.22566628944633857,3.918617757142203,0.23071790977083367,1,0.23266275227227812,1.8887757236502816,0.10877126465719081,1.0084295254901374,1.1083524755813086,7,400,15
271,0.40682773904680664,0.40682773904680664,0.22566628944633857,3.918617757142203,0.23071790977083367,1,0.21682684122252982,1.8027847227201679,0.10381919448645097,0.9397919799026374,1.1083524755813086,7,400,16
248,0.4117088508567807,0.4117088508567807,0.22566628944633857,3.918617757142203,0.23071790977083367,1,0.2201928649490605,1.8244145010178023,0.1050648152926849,0.9543813272570498,1.1083524755813086,7,400,17
255,0.4400224826478963,0.4400224826478963,0.22566628944633857,3.918617757142203,0.23071790977083367,1,0.24521386286810348,1.9498813213416606,0.11229022831989588,1.062829769529675,1.1083524755813086,7,400,18
273,0.43376090359431907,0.43376090359431907,0.22566628944633857,3.918617757142203,0.23071790977083367,1,0.23903007094984907,1.9221342481348485,0.1106923232825483,1.0360273772732758,1.1083524755813086,7,400,19
