setting,game_seed,H,N,drift_rate,naive,true_loss,ctilde,naive_violation,joint_violation
"N=3,H=3",3300000,3,3,1.0,0.26300478539145894,0.2619427000711369,0.26564485603567217,0,0
"N=3,H=3",3300001,3,3,1.0,0.36239944991647055,0.32885327727256675,0.3405580937103988,0,0
"N=3,H=3",3300002,3,3,1.0,0.42589058691975934,0.38144370973299824,0.39869620509595494,0,0
"N=3,H=3",3300003,3,3,1.0,0.4395011605736285,0.40446262380600334,0.41090477101027906,0,0
"N=3,H=3",3300004,3,3,1.0,0.35285517937416694,0.33162589234555445,0.3377073061723506,0,0
"N=3,H=3",3300005,3,3,1.0,0.40825026894451155,0.3791970827582426,0.3930125303699281,0,0
"N=3,H=3",3300006,3,3,1.0,0.40931334733764546,0.38282767560103503,0.391624704274434,0,0
"N=3,H=3",3300007,3,3,1.0,0.531409137793137,0.48498580939610253,0.4984415756114367,0,0
"N=3,H=3",3300008,3,3,1.0,0.4858580649466283,0.4401104369800212,0.45046915277211885,0,0
"N=3,H=3",3300009,3,3,1.0,0.3459234360580027,0.3264052177487147,0.33376772189589277,0,0
"N=3,H=3",3300010,3,3,1.0,0.33493882577311274,0.31227398773888176,0.31992098565546584,0,0
"N=3,H=3",3300011,3,3,1.0,0.3683810803805223,0.34836025279517796,0.3522181959462949,0,0
"N=3,H=3",3300012,3,3,1.0,0.3249124368513073,0.30341061522353374,0.3112666378333271,0,0
"N=3,H=3",3300013,3,3,1.0,0.4085557998270048,0.383169286415964,0.39101517249088263,0,0
"N=3,H=3",3300014,3,3,1.0,0.39328664828939336,0.36705890295476484,0.37113274452302175,0,0
"N=3,H=3",3300015,3,3,1.0,0.3502350761906842,0.32796011261170754,0.3336604393727577,0,0
"N=3,H=3",3300016,3,3,1.0,0.3113221418867843,0.2991517374097384,0.30282404794278167,0,0
"N=3,H=3",3300017,3,3,1.0,0.4819920204753512,0.4431042293083117,0.451410355177602,0,0
"N=3,H=3",3300018,3,3,1.0,0.35332736339795906,0.32765205188648217,0.33185974856307254,0,0
"N=3,H=3",3300019,3,3,1.0,0.2968574526504271,0.280948431537369,0.28353765103348105,0,0
"N=3,H=3",3300020,3,3,1.0,0.32902398526063575,0.3074154856693163,0.31476058800097684,0,0
"N=3,H=3",3300021,3,3,1.0,0.31179670485752276,0.29295379880123257,0.3000633205959225,0,0
"N=3,H=3",3300022,3,3,1.0,0.33018384125239325,0.30102327649315996,0.32285820165506607,0,0
"N=3,H=3",3300023,3,3,1.0,0.41692344843776336,0.375025277833736,0.3810047121795546,0,0
"N=3,H=3",3300024,3,3,1.0,0.40592264979856335,0.3732052199417685,0.3814704633549362,0,0
"N=3,H=3",3300025,3,3,1.0,0.2901406223312574,0.27160609982104966,0.2801579310934026,0,0
"N=3,H=3",3300026,3,3,1.0,0.3226559931271632,0.3022631854124995,0.3073556417743697,0,0
"N=3,H=3",3300027,3,3,1.0,0.42505609924272925,0.40398263672774276,0.4094467905243997,0,0
"N=3,H=3",3300028,3,3,1.0,0.3944791817088222,0.36040216748721793,0.37084128999302635,0,0
"N=3,H=3",3300029,3,3,1.0,0.42271589201504095,0.38909706897127233,0.3979186723263047,0,0
"N=3,H=3",3300030,3,3,1.0,0.30393154323130545,0.2800262031090509,0.2898980596414315,0,0
"N=3,H=3",3300031,3,3,1.0,0.31928432109756216,0.29751232120849513,0.30628450534878865,0,0
"N=3,H=3",3300032,3,3,1.0,0.4790913453762045,0.44106288931673204,0.4556893598855567,0,0
"N=3,H=3",3300033,3,3,1.0,0.33063419088157325,0.30529476617478823,0.310412835501938,0,0
"N=3,H=3",3300034,3,3,1.0,0.3908670516828979,0.3653627442262659,0.3779890426590552,0,0
"N=3,H=3",3300035,3,3,1.0,0.2947115716774354,0.2763871745309139,0.28579635658930413,0,0
"N=3,H=3",3300036,3,3,1.0,0.359374010021263,0.3373110941113222,0.34420919965585484,0,0
"N=3,H=3",3300037,3,3,1.0,0.3694980401849941,0.3483381554442133,0.35821996117398025,0,0
"N=3,H=3",3300038,3,3,1.0,0.34189853480740456,0.31771734992655903,0.322812894218604,0,0
"N=3,H=3",3300039,3,3,1.0,0.34843254214040464,0.31691327999314334,0.3245206971289381,0,0
"N=3,H=3",3300040,3,3,1.0,0.3763075102551502,0.35596728353598933,0.3631109485176498,0,0
"N=3,H=3",3300041,3,3,1.0,0.47915157151377996,0.4471523250338827,0.4514954075249131,0,0
"N=3,H=3",3300042,3,3,1.0,0.4012190704058126,0.37011180241502717,0.37673731373140396,0,0
"N=3,H=3",3300043,3,3,1.0,0.35820272021661637,0.33195176795283,0.33880665127030907,0,0
"N=3,H=3",3300044,3,3,1.0,0.3167862849161993,0.3022297961004463,0.31264936559982925,0,0
"N=3,H=3",3300045,3,3,1.0,0.3365407188872354,0.32074642968546,0.33019807699677195,0,0
"N=3,H=3",3300046,3,3,1.0,0.34693471890727967,0.32617996271180155,0.3359314232609579,0,0
"N=3,H=3",3300047,3,3,1.0,0.26525184333519025,0.2540101756959407,0.2572529014501515,0,0
"N=3,H=3",3300048,3,3,1.0,0.2986498696191987,0.28437087069420597,0.2887251856474397,0,0
"N=3,H=3",3300049,3,3,1.0,0.3756847333189502,0.35009417247599656,0.357644138139485,0,0
"N=3,H=3",3300050,3,3,1.0,0.3778267611629845,0.35225764130905024,0.3612549585956804,0,0
"N=3,H=3",3300051,3,3,1.0,0.3985888787252777,0.36756094199721845,0.3758805487245872,0,0
"N=3,H=3",3300052,3,3,1.0,0.5419385076384661,0.482043087427771,0.49713929984458344,0,0
"N=3,H=3",3300053,3,3,1.0,0.5216200253266638,0.4759864154143207,0.48696903793027035,0,0
"N=3,H=3",3300054,3,3,1.0,0.3031330240819133,0.291398452135189,0.29857314889247555,0,0
"N=3,H=3",3300055,3,3,1.0,0.3321804736867196,0.3144320500594377,0.323841917931741,0,0
"N=3,H=3",3300056,3,3,1.0,0.361141948825438,0.33517068842136116,0.3466189182168373,0,0
"N=3,H=3",3300057,3,3,1.0,0.41984100853407647,0.380585910041613,0.38875427004343993,0,0
"N=3,H=3",3300058,3,3,1.0,0.4198041567776517,0.37576086952873305,0.38747234123494884,0,0
"N=3,H=3",3300059,3,3,1.0,0.5576215567695338,0.5088799917546752,0.5218131617528916,0,0
"N=3,H=3",3300060,3,3,1.0,0.3295506483231436,0.30371076909232103,0.3105584516248078,0,0
"N=3,H=3",3300061,3,3,1.0,0.3292315978877213,0.30673211859186317,0.31745003002127303,0,0
"N=3,H=3",3300062,3,3,1.0,0.4643399535269877,0.42892202369158144,0.4380334230192169,0,0
"N=3,H=3",3300063,3,3,1.0,0.35146117301008245,0.33293280931832575,0.33999238756543215,0,0
"N=3,H=3",3300064,3,3,1.0,0.32370520893465105,0.3139909309315281,0.31893117392075865,0,0
"N=3,H=3",3300065,3,3,1.0,0.3549815120826987,0.32879055452455386,0.33677563195358273,0,0
"N=3,H=3",3300066,3,3,1.0,0.31629286924068106,0.29949491251325955,0.3067430525545442,0,0
"N=3,H=3",3300067,3,3,1.0,0.318613081197474,0.303483348780657,0.30798167429398904,0,0
"N=3,H=3",3300068,3,3,1.0,0.3982348769873472,0.3686581049587913,0.38288664072331546,0,0
"N=3,H=3",3300069,3,3,1.0,0.29561037862897327,0.2840423823600716,0.29099228729864296,0,0
"N=3,H=3",3300070,3,3,1.0,0.3259488416994749,0.3069652144566458,0.31302371818363384,0,0
"N=3,H=3",3300071,3,3,1.0,0.2982722077987294,0.28620417630605227,0.29158979087054915,0,0
"N=3,H=3",3300072,3,3,1.0,0.4324206361630632,0.3946087445562475,0.4116862336142936,0,0
"N=3,H=3",3300073,3,3,1.0,0.4199766204149044,0.39073282949056515,0.39630149913417395,0,0
"N=3,H=3",3300074,3,3,1.0,0.2400102016638541,0.22461782212921488,0.22707677481394736,0,0
"N=3,H=3",3300075,3,3,1.0,0.3533190948731896,0.33443243102653897,0.33882335257924434,0,0
"N=3,H=3",3300076,3,3,1.0,0.24082108239445787,0.227834409725279,0.2312434009379829,0,0
"N=3,H=3",3300077,3,3,1.0,0.2335315736837901,0.2211959946482094,0.23069719153746066,0,0
"N=3,H=3",3300078,3,3,1.0,0.36381632959874205,0.3430201934753949,0.34873093614395967,0,0
"N=3,H=3",3300079,3,3,1.0,0.25595245057826843,0.24589984171277557,0.25059443695402367,0,0
"N=3,H=3",3300080,3,3,1.0,0.43442899680844005,0.40074020874062005,0.4112041371531692,0,0
"N=3,H=3",3300081,3,3,1.0,0.22450838034595966,0.2152680254244972,0.21719070195870047,0,0
"N=3,H=3",3300082,3,3,1.0,0.5653320748738287,0.5128168099220767,0.5241072051578034,0,0
"N=3,H=3",3300083,3,3,1.0,0.30366185873333384,0.2923999982466723,0.30027989960306606,0,0
"N=3,H=3",3300084,3,3,1.0,0.4469953794910391,0.40067122747896206,0.41049623706803245,0,0
"N=3,H=3",3300085,3,3,1.0,0.4611852122468743,0.4341965104566568,0.44437608891218405,0,0
"N=3,H=3",3300086,3,3,1.0,0.2931226667585405,0.2724305918495278,0.2820479969089774,0,0
"N=3,H=3",3300087,3,3,1.0,0.39863461618136065,0.3638068068828957,0.36739633223353096,0,0
"N=3,H=3",3300088,3,3,1.0,0.39409758030247666,0.3638015908714539,0.3712278047775167,0,0
"N=3,H=3",3300089,3,3,1.0,0.3394219580854443,0.3157157856328659,0.3225111337957735,0,0
"N=3,H=3",3300090,3,3,1.0,0.25896496461112006,0.24681104598202083,0.24968915029735814,0,0
"N=3,H=3",3300091,3,3,1.0,0.36738682941713285,0.33851288257871925,0.34924043236309465,0,0
"N=3,H=3",3300092,3,3,1.0,0.3591368024574705,0.3248577680696132,0.3357225918092342,0,0
"N=3,H=3",3300093,3,3,1.0,0.39369826165822397,0.36494860901511916,0.37502526929658336,0,0
"N=3,H=3",3300094,3,3,1.0,0.4059548010191939,0.373919178986244,0.3882905265306698,0,0
"N=3,H=3",3300095,3,3,1.0,0.3438291085169287,0.3179685576540651,0.3240353768621797,0,0
"N=3,H=3",3300096,3,3,1.0,0.325410756124582,0.30533002116082986,0.3157687042656869,0,0
"N=3,H=3",3300097,3,3,1.0,0.34940542790722323,0.3248414571511872,0.33168724584252374,0,0
"N=3,H=3",3300098,3,3,1.0,0.35924040976493565,0.34017449860499527,0.3461073524933906,0,0
"N=3,H=3",3300099,3,3,1.0,0.33144098474887446,0.3090161004019251,0.315190367842709,0,0
"N=3,H=3",3300100,3,3,1.0,0.3452841154408968,0.32060837333009623,0.32716762715838615,0,0
"N=3,H=3",3300101,3,3,1.0,0.36386057218252543,0.3435152766216771,0.3494059753780099,0,0
"N=3,H=3",3300102,3,3,1.0,0.34328361674482377,0.3224754217511255,0.3294428183931241,0,0
"N=3,H=3",3300103,3,3,1.0,0.38438810658344663,0.35970888306851434,0.3725647622394322,0,0
"N=3,H=3",3300104,3,3,1.0,0.35189505293329704,0.3298606356841009,0.33908698473589954,0,0
"N=3,H=3",3300105,3,3,1.0,0.332903434937286,0.3140044034469346,0.321216622941259,0,0
"N=3,H=3",3300106,3,3,1.0,0.33936632186796506,0.30896435471256267,0.31280977073346744,0,0
"N=3,H=3",3300107,3,3,1.0,0.29061057093626347,0.2721968798229182,0.2778013421172062,0,0
"N=3,H=3",3300108,3,3,1.0,0.31768857975839876,0.29609833824478493,0.30069432337586083,0,0
"N=3,H=3",3300109,3,3,1.0,0.3587500524223071,0.34372410116849633,0.35095418010870677,0,0
"N=3,H=3",3300110,3,3,1.0,0.2569509499711786,0.24511911084888913,0.25206125104716837,0,0
"N=3,H=3",3300111,3,3,1.0,0.32394312315412205,0.302034604436164,0.3101073230675068,0,0
"N=3,H=3",3300112,3,3,1.0,0.266669402677304,0.25492618291855235,0.2603182303415361,0,0
"N=3,H=3",3300113,3,3,1.0,0.3028950646987876,0.281610379310043,0.29196749664081945,0,0
"N=3,H=3",3300114,3,3,1.0,0.24882748376820465,0.24066421434505433,0.2468848945568687,0,0
"N=3,H=3",3300115,3,3,1.0,0.40426219438956107,0.37499111997561385,0.3877489392850755,0,0
"N=3,H=3",3300116,3,3,1.0,0.37638625881904647,0.3602492023697015,0.3666193690795502,0,0
"N=3,H=3",3300117,3,3,1.0,0.3340093541842115,0.31558482410273475,0.31768212078709174,0,0
"N=3,H=3",3300118,3,3,1.0,0.31181568083268824,0.2976867411427378,0.30409263678668147,0,0
"N=3,H=3",3300119,3,3,1.0,0.34664175025609045,0.3248562491150614,0.3274368079033966,0,0
"N=3,H=3",3300120,3,3,1.0,0.33903967236760163,0.3160864316722693,0.329807651958958,0,0
"N=3,H=3",3300121,3,3,1.0,0.29766427084154523,0.2838470117287648,0.28666286799244695,0,0
"N=3,H=3",3300122,3,3,1.0,0.2657500560834298,0.25372728945888245,0.26446542897921815,0,0
"N=3,H=3",3300123,3,3,1.0,0.3412469659550001,0.3241119193084944,0.33029073587413427,0,0
"N=3,H=3",3300124,3,3,1.0,0.34777450274923466,0.33525472635918063,0.3407687006264013,0,0
"N=3,H=3",3300125,3,3,1.0,0.2358599825208787,0.22284775207698523,0.23259050908688822,0,0
"N=3,H=3",3300126,3,3,1.0,0.3585557557335468,0.3380013090376648,0.3426694273909921,0,0
"N=3,H=3",3300127,3,3,1.0,0.2938769828647924,0.2819960237588539,0.28657889646169127,0,0
"N=3,H=3",3300128,3,3,1.0,0.20474499700042254,0.19309106719546887,0.19941407632603977,0,0
"N=3,H=3",3300129,3,3,1.0,0.3298906263458152,0.30906112536763364,0.3134484954104454,0,0
"N=3,H=3",3300130,3,3,1.0,0.441698495946139,0.4065860530286286,0.4128341546642041,0,0
"N=3,H=3",3300131,3,3,1.0,0.3559078097094554,0.34063484739455957,0.345688436542263,0,0
"N=3,H=3",3300132,3,3,1.0,0.45966487354164565,0.4192363174381271,0.432596156719889,0,0
"N=3,H=3",3300133,3,3,1.0,0.3578584107527054,0.34020368269103896,0.3450978304946602,0,0
"N=3,H=3",3300134,3,3,1.0,0.391270920541891,0.36706304887182056,0.37582949155473994,0,0
"N=3,H=3",3300135,3,3,1.0,0.33328732067623706,0.31858360111016726,0.32445006214099803,0,0
"N=3,H=3",3300136,3,3,1.0,0.4017907115670727,0.3734455072461003,0.3818985293781997,0,0
"N=3,H=3",3300137,3,3,1.0,0.37004203689409704,0.3482540660563813,0.35668465444801684,0,0
"N=3,H=3",3300138,3,3,1.0,0.3436671621079843,0.33101600522676994,0.3364909727905673,0,0
"N=3,H=3",3300139,3,3,1.0,0.362573185591301,0.3395248365228673,0.3470323735019772,0,0
"N=3,H=3",3300140,3,3,1.0,0.3194282472020753,0.29830876323724587,0.30643914060907895,0,0
"N=3,H=3",3300141,3,3,1.0,0.37809167790018927,0.34861206708228,0.35390120653341106,0,0
"N=3,H=3",3300142,3,3,1.0,0.36258699638291947,0.32692468036185646,0.33624963654622086,0,0
"N=3,H=3",3300143,3,3,1.0,0.49606541831571976,0.4544305427665229,0.45970492828119375,0,0
"N=3,H=3",3300144,3,3,1.0,0.3376121457541699,0.3071453886389715,0.31682795737294833,0,0
"N=3,H=3",3300145,3,3,1.0,0.4178777567728123,0.3882411346000076,0.3955137295485947,0,0
"N=3,H=3",3300146,3,3,1.0,0.3897078292688596,0.3673093222519638,0.3739809287741116,0,0
"N=3,H=3",3300147,3,3,1.0,0.4286710062393087,0.3959486284680379,0.4044718623743105,0,0
"N=3,H=3",3300148,3,3,1.0,0.29052956712156347,0.27568428915136833,0.28338007357414546,0,0
"N=3,H=3",3300149,3,3,1.0,0.3460783499570794,0.331850001858493,0.33689898123040013,0,0
"N=3,H=3",3300150,3,3,1.0,0.34996783883316296,0.32666788979999933,0.3347498206242314,0,0
"N=3,H=3",3300151,3,3,1.0,0.3509807495064145,0.33273848011759305,0.341795050280002,0,0
"N=3,H=3",3300152,3,3,1.0,0.3149551000836243,0.3072145625675099,0.31348814171097256,0,0
"N=3,H=3",3300153,3,3,1.0,0.3759380753411162,0.3561456080231337,0.36469876374692944,0,0
"N=3,H=3",3300154,3,3,1.0,0.43232174381341454,0.4009018022884517,0.4078158318430687,0,0
"N=3,H=3",3300155,3,3,1.0,0.37997391125594426,0.35143600242665585,0.3637750163673193,0,0
"N=3,H=3",3300156,3,3,1.0,0.2564666145323482,0.25081470511422754,0.2528450542098281,0,0
"N=3,H=3",3300157,3,3,1.0,0.340900725194916,0.32870047506740796,0.33463775324885053,0,0
"N=3,H=3",3300158,3,3,1.0,0.3201346584033727,0.3089401484505437,0.31484748134241014,0,0
"N=3,H=3",3300159,3,3,1.0,0.3106130299210033,0.2920552440324408,0.29961051738523525,0,0
"N=3,H=3",3300160,3,3,1.0,0.3935083170845026,0.3731956962494219,0.3776652165867034,0,0
"N=3,H=3",3300161,3,3,1.0,0.3077697015989857,0.2898797410641742,0.29541896867586986,0,0
"N=3,H=3",3300162,3,3,1.0,0.40568744274486035,0.36650166987366517,0.37333163367247213,0,0
"N=3,H=3",3300163,3,3,1.0,0.4003828371510527,0.37926171268701797,0.38623957542577625,0,0
"N=3,H=3",3300164,3,3,1.0,0.23348997887617728,0.22606560430990263,0.22945884380478876,0,0
"N=3,H=3",3300165,3,3,1.0,0.3259783403359656,0.3055616990559544,0.31383436861819014,0,0
"N=3,H=3",3300166,3,3,1.0,0.3443192091229683,0.3218105357665973,0.32673217626871764,0,0
"N=3,H=3",3300167,3,3,1.0,0.3449690947693545,0.32619515855969794,0.33287197300167015,0,0
"N=3,H=3",3300168,3,3,1.0,0.3992864257110538,0.36917420518034055,0.37755655764720203,0,0
"N=3,H=3",3300169,3,3,1.0,0.3497744368146833,0.3318177355755196,0.33783428803401644,0,0
"N=3,H=3",3300170,3,3,1.0,0.41308206237430317,0.3738574117089352,0.39840695022157563,0,0
"N=3,H=3",3300171,3,3,1.0,0.3618286548481928,0.34365117196937106,0.3525889357519344,0,0
"N=3,H=3",3300172,3,3,1.0,0.42635158334918005,0.39972508063340817,0.4075360309507286,0,0
"N=3,H=3",3300173,3,3,1.0,0.4698836055097548,0.43303851979310476,0.4499361552278655,0,0
"N=3,H=3",3300174,3,3,1.0,0.38107960909568894,0.35781451135643166,0.36591002836107683,0,0
"N=3,H=3",3300175,3,3,1.0,0.43758667198041096,0.40766743812686507,0.41631622610018887,0,0
"N=3,H=3",3300176,3,3,1.0,0.35169622922522636,0.3284095399809453,0.33500117417398795,0,0
"N=3,H=3",3300177,3,3,1.0,0.3482316059567194,0.32687436469664116,0.3336315563868799,0,0
"N=3,H=3",3300178,3,3,1.0,0.26498531315879953,0.23828011178810976,0.25059289425519926,0,0
"N=3,H=3",3300179,3,3,1.0,0.4273985822580597,0.38578164181085095,0.4021210151350133,0,0
"N=3,H=3",3300180,3,3,1.0,0.5135888643990196,0.46949964598359567,0.4838278028074897,0,0
"N=3,H=3",3300181,3,3,1.0,0.34574814077975224,0.33363512844200505,0.343006590846229,0,0
"N=3,H=3",3300182,3,3,1.0,0.3347156411935603,0.3163478990769742,0.3223581136434043,0,0
"N=3,H=3",3300183,3,3,1.0,0.24983488551982674,0.23978248837521404,0.24162077976926863,0,0
"N=3,H=3",3300184,3,3,1.0,0.3148630282352902,0.29951247330946656,0.304409229342347,0,0
"N=3,H=3",3300185,3,3,1.0,0.35121594170777176,0.3338983408580355,0.3396035857507415,0,0
"N=3,H=3",3300186,3,3,1.0,0.36052861886076826,0.33691064241826335,0.3459597343790332,0,0
"N=3,H=3",3300187,3,3,1.0,0.38636239239754655,0.3591429498011309,0.36537633183891005,0,0
"N=3,H=3",3300188,3,3,1.0,0.23893045258495157,0.22834403990684962,0.23379229527017223,0,0
"N=3,H=3",3300189,3,3,1.0,0.4286427920682541,0.3881181420986431,0.40200767609993215,0,0
"N=3,H=3",3300190,3,3,1.0,0.4068045899611655,0.37701701157501843,0.3820306205089156,0,0
"N=3,H=3",3300191,3,3,1.0,0.40352548754672785,0.3687820828963341,0.3783403837924081,0,0
"N=3,H=3",3300192,3,3,1.0,0.2544104791489748,0.24302024133781547,0.2472087387336427,0,0
"N=3,H=3",3300193,3,3,1.0,0.37830819963631684,0.35087517890678743,0.3578153034411464,0,0
"N=3,H=3",3300194,3,3,1.0,0.40648284024322356,0.3731421720326181,0.3842451620016491,0,0
"N=3,H=3",3300195,3,3,1.0,0.36266068820559905,0.33537267425953826,0.34484886880479826,0,0
"N=3,H=3",3300196,3,3,1.0,0.3240147676715021,0.3043136514500557,0.31199687558961664,0,0
"N=3,H=3",3300197,3,3,1.0,0.39028499873149647,0.36956486455719945,0.3747930171973279,0,0
"N=3,H=3",3300198,3,3,1.0,0.385862002963667,0.3595815328759168,0.36372785875062114,0,0
"N=3,H=3",3300199,3,3,1.0,0.23084627356738227,0.2207089185877283,0.22611614419892723,0,0
"N=3,H=3",3300200,3,3,1.0,0.43213157868923635,0.40242076734375887,0.4136865437676165,0,0
"N=3,H=3",3300201,3,3,1.0,0.36555854408327404,0.3435234624033743,0.3501562465671008,0,0
"N=3,H=3",3300202,3,3,1.0,0.3587937397966443,0.3440777058996577,0.3480802629787058,0,0
"N=3,H=3",3300203,3,3,1.0,0.33901657710029026,0.3163400101914725,0.32192990940841143,0,0
"N=3,H=3",3300204,3,3,1.0,0.4308107646195335,0.40667211090408606,0.4143938628629251,0,0
"N=3,H=3",3300205,3,3,1.0,0.412076186047579,0.376401937074659,0.38608025407505153,0,0
"N=3,H=3",3300206,3,3,1.0,0.3721017524319034,0.34219506795550325,0.3557714070139118,0,0
"N=3,H=3",3300207,3,3,1.0,0.48831994859938516,0.440633220219,0.45871884741463875,0,0
"N=3,H=3",3300208,3,3,1.0,0.4451318641418147,0.39681361201506615,0.41380902984366086,0,0
"N=3,H=3",3300209,3,3,1.0,0.47041619073495133,0.44334450117963814,0.45036076290993715,0,0
"N=3,H=3",3300210,3,3,1.0,0.38696789105926627,0.361987002175453,0.37413091156871936,0,0
"N=3,H=3",3300211,3,3,1.0,0.3026942453553423,0.2871694271740515,0.2959530002606185,0,0
"N=3,H=3",3300212,3,3,1.0,0.28184636786578177,0.26636632954638645,0.2710485252152612,0,0
"N=3,H=3",3300213,3,3,1.0,0.20986436571035155,0.20888691014046432,0.21206452685376148,0,0
"N=3,H=3",3300214,3,3,1.0,0.3700587757339018,0.34891259425725174,0.3546808289379173,0,0
"N=3,H=3",3300215,3,3,1.0,0.3346237091526328,0.3128305861742916,0.3163271815656182,0,0
"N=3,H=3",3300216,3,3,1.0,0.4272240572744286,0.3971737948215362,0.4072893582183226,0,0
"N=3,H=3",3300217,3,3,1.0,0.3100949844040919,0.291210035845509,0.29500027002108803,0,0
"N=3,H=3",3300218,3,3,1.0,0.3513321834577265,0.3263202328556227,0.3353954997033782,0,0
"N=3,H=3",3300219,3,3,1.0,0.3218526492698942,0.3082766885872456,0.3133087468263077,0,0
"N=3,H=3",3300220,3,3,1.0,0.4647547342811963,0.42287330090237124,0.43079463541319457,0,0
"N=3,H=3",3300221,3,3,1.0,0.3668667168549184,0.33865378760568615,0.3461413958438301,0,0
"N=3,H=3",3300222,3,3,1.0,0.3761422327852253,0.3598478276114559,0.36329792258281995,0,0
"N=3,H=3",3300223,3,3,1.0,0.35114340996670307,0.32548578766805786,0.34016397247568503,0,0
"N=3,H=3",3300224,3,3,1.0,0.3447522338180489,0.32779449521848836,0.3341653704757869,0,0
"N=3,H=3",3300225,3,3,1.0,0.2537213755974216,0.24278440341966123,0.24794537945036307,0,0
"N=3,H=3",3300226,3,3,1.0,0.39313010244050023,0.3685826918238307,0.37688290047464656,0,0
"N=3,H=3",3300227,3,3,1.0,0.34939443366563316,0.32413959837521344,0.3269805094670446,0,0
"N=3,H=3",3300228,3,3,1.0,0.28039517212096676,0.27238740179954896,0.2777792188499089,0,0
"N=3,H=3",3300229,3,3,1.0,0.34485663042604797,0.3214134476904526,0.32487489519367413,0,0
"N=3,H=3",3300230,3,3,1.0,0.41491222825383534,0.39312605358258107,0.40075294009911927,0,0
"N=3,H=3",3300231,3,3,1.0,0.4478160686396761,0.4075196892811174,0.41868033970800583,0,0
"N=3,H=3",3300232,3,3,1.0,0.37830514243163743,0.35128466890544385,0.36019002666452354,0,0
"N=3,H=3",3300233,3,3,1.0,0.35010001681895336,0.3176169145988698,0.32700877213087987,0,0
"N=3,H=3",3300234,3,3,1.0,0.4162519834103318,0.3907730372218881,0.39710976417093213,0,0
"N=3,H=3",3300235,3,3,1.0,0.25542205165074433,0.24663242922511647,0.24996919782102284,0,0
"N=3,H=3",3300236,3,3,1.0,0.24366196330103967,0.23819103600344455,0.24437449116160836,0,0
"N=3,H=3",3300237,3,3,1.0,0.3055716728301223,0.28638733805275524,0.2915785471670411,0,0
"N=3,H=3",3300238,3,3,1.0,0.597320810950264,0.5339677239905456,0.5455375600034459,0,0
"N=3,H=3",3300239,3,3,1.0,0.5435652467053168,0.4901819859108059,0.49739725342340857,0,0
"N=3,H=3",3300240,3,3,1.0,0.45077956049884155,0.41859533663977755,0.4295605181309782,0,0
"N=3,H=3",3300241,3,3,1.0,0.42574405866973053,0.39925437836701405,0.4123626880275586,0,0
"N=3,H=3",3300242,3,3,1.0,0.38985438211413675,0.36434264769317115,0.37056246167244905,0,0
"N=3,H=3",3300243,3,3,1.0,0.30744324911889925,0.29214777803369574,0.29882404080721087,0,0
"N=3,H=3",3300244,3,3,1.0,0.38334222213812175,0.3595662269408455,0.36817723611784575,0,0
"N=3,H=3",3300245,3,3,1.0,0.3766758195248234,0.35145093066585203,0.3543143165510146,0,0
"N=3,H=3",3300246,3,3,1.0,0.40052080488337183,0.37144536637218606,0.38327441836818654,0,0
"N=3,H=3",3300247,3,3,1.0,0.3388711200183696,0.31189424747894495,0.3178834908496752,0,0
"N=3,H=3",3300248,3,3,1.0,0.34760514270184784,0.33101934577039,0.3370547392397095,0,0
"N=3,H=3",3300249,3,3,1.0,0.39997600304968983,0.37076875593085684,0.3805026234782011,0,0
"N=3,H=3",3300250,3,3,1.0,0.4744774174562309,0.43818055453928734,0.4479725217228532,0,0
"N=3,H=3",3300251,3,3,1.0,0.36112211945508843,0.33972008584128477,0.3495162478003542,0,0
"N=3,H=3",3300252,3,3,1.0,0.30336458323155285,0.2851643036369601,0.2914421099724854,0,0
"N=3,H=3",3300253,3,3,1.0,0.2687326439469641,0.2617304518257123,0.26571042598671457,0,0
"N=3,H=3",3300254,3,3,1.0,0.37658987167223396,0.359213519289281,0.36758971589351935,0,0
"N=3,H=3",3300255,3,3,1.0,0.3064874066142929,0.2961398384752678,0.3002476136920705,0,0
"N=3,H=3",3300256,3,3,1.0,0.3193357182214205,0.2994764435927399,0.3056145288195686,0,0
"N=3,H=3",3300257,3,3,1.0,0.3403484957281808,0.31921645512267727,0.3257796879019205,0,0
"N=3,H=3",3300258,3,3,1.0,0.4042790546784533,0.3736452073314627,0.38415481310827776,0,0
"N=3,H=3",3300259,3,3,1.0,0.4283700893621175,0.40052059408074053,0.40570744646482637,0,0
"N=3,H=3",3300260,3,3,1.0,0.4158089001983441,0.3830856740575645,0.3909240835515109,0,0
"N=3,H=3",3300261,3,3,1.0,0.35276441936175695,0.3293495615421063,0.33700152049877435,0,0
"N=3,H=3",3300262,3,3,1.0,0.3229858897325376,0.3049709723856376,0.3109600860417567,0,0
"N=3,H=3",3300263,3,3,1.0,0.4786529634778093,0.43335615236181646,0.4488340685312449,0,0
"N=3,H=3",3300264,3,3,1.0,0.45700775949821115,0.4199581511440644,0.4266532739028827,0,0
"N=3,H=3",3300265,3,3,1.0,0.399674287633293,0.3789391859201893,0.3871240483588785,0,0
"N=3,H=3",3300266,3,3,1.0,0.5136242405727619,0.4636639123782757,0.47957827407616893,0,0
"N=3,H=3",3300267,3,3,1.0,0.41950675547561267,0.39101352967677183,0.39909079024818905,0,0
"N=3,H=3",3300268,3,3,1.0,0.3856221797078331,0.35647120084635353,0.3631841896292739,0,0
"N=3,H=3",3300269,3,3,1.0,0.30042176672949955,0.2815525011887559,0.2876788219349027,0,0
"N=3,H=3",3300270,3,3,1.0,0.34542645087039564,0.32643636084158173,0.33372520269763944,0,0
"N=3,H=3",3300271,3,3,1.0,0.24918042654165043,0.23523107284349623,0.24158884072820017,0,0
"N=3,H=3",3300272,3,3,1.0,0.28398058606556953,0.2676203400665524,0.27164085050462133,0,0
"N=3,H=3",3300273,3,3,1.0,0.33497053066493376,0.3150171067756045,0.32575301815275515,0,0
"N=3,H=3",3300274,3,3,1.0,0.306409325299806,0.29648579541306397,0.30137588906396984,0,0
"N=3,H=3",3300275,3,3,1.0,0.48429795309565915,0.4376080660086323,0.4517705395647775,0,0
"N=3,H=3",3300276,3,3,1.0,0.3539039875146313,0.336545897270426,0.34080810549818197,0,0
"N=3,H=3",3300277,3,3,1.0,0.4152450984165115,0.3984024844373843,0.40298204370918833,0,0
"N=3,H=3",3300278,3,3,1.0,0.34841851046470096,0.32153284705432317,0.32608375117492433,0,0
"N=3,H=3",3300279,3,3,1.0,0.25045928110217347,0.23612845126948737,0.23916886336987236,0,0
"N=3,H=3",3300280,3,3,1.0,0.3851856068892011,0.3569477522645085,0.3650445466133524,0,0
"N=3,H=3",3300281,3,3,1.0,0.4620215920361916,0.4262120975741809,0.4287405647900889,0,0
"N=3,H=3",3300282,3,3,1.0,0.3158648743920387,0.29373524980575005,0.30020187957053907,0,0
"N=3,H=3",3300283,3,3,1.0,0.34561761234783944,0.3230328856523732,0.3273559065185843,0,0
"N=3,H=3",3300284,3,3,1.0,0.3375688828103527,0.3089710053352876,0.32011222634419084,0,0
"N=3,H=3",3300285,3,3,1.0,0.3683521703075826,0.3529629501745322,0.357111802182173,0,0
"N=3,H=3",3300286,3,3,1.0,0.3920325167069445,0.3620508876278214,0.3730112729160224,0,0
"N=3,H=3",3300287,3,3,1.0,0.3265445676230002,0.3169446859330759,0.3206828930616442,0,0
"N=3,H=3",3300288,3,3,1.0,0.3067885255922936,0.29213557372050863,0.29730929485279145,0,0
"N=3,H=3",3300289,3,3,1.0,0.2722870071181702,0.26244049965870186,0.2671995068987117,0,0
"N=3,H=3",3300290,3,3,1.0,0.33443362266452265,0.32802960705687617,0.33146629168688374,0,0
"N=3,H=3",3300291,3,3,1.0,0.44019204789745875,0.4092681825174598,0.41873704854960975,0,0
"N=3,H=3",3300292,3,3,1.0,0.3998824168037979,0.37495207747575315,0.3809765662919849,0,0
"N=3,H=3",3300293,3,3,1.0,0.3400587810747467,0.32273710910457315,0.3297523994844055,0,0
"N=3,H=3",3300294,3,3,1.0,0.3905339943637235,0.3654960186140677,0.3749195992250658,0,0
"N=3,H=3",3300295,3,3,1.0,0.4076197390665354,0.37260653793136833,0.3806115215162253,0,0
"N=3,H=3",3300296,3,3,1.0,0.3143720609802513,0.29662576368789384,0.3012072982039382,0,0
"N=3,H=3",3300297,3,3,1.0,0.475796043343382,0.43989202897152085,0.44712716027578314,0,0
"N=3,H=3",3300298,3,3,1.0,0.31060406456924033,0.2956318473477498,0.30001582111971864,0,0
"N=3,H=3",3300299,3,3,1.0,0.31338978879711915,0.2953357228708593,0.30181142424223956,0,0
"N=3,H=3",3300300,3,3,1.0,0.2615789663753993,0.2501210681305252,0.2543384044143773,0,0
"N=3,H=3",3300301,3,3,1.0,0.28983159586803936,0.28045390689115335,0.2864932429034231,0,0
"N=3,H=3",3300302,3,3,1.0,0.3147132354532769,0.2977455266542891,0.3061255787137233,0,0
"N=3,H=3",3300303,3,3,1.0,0.3913518096698259,0.37200170523719206,0.37877408906202686,0,0
"N=3,H=3",3300304,3,3,1.0,0.33389562534061046,0.3137790877074495,0.3204991687416813,0,0
"N=3,H=3",3300305,3,3,1.0,0.31988072193457245,0.29885816613970057,0.31037131281749347,0,0
"N=3,H=3",3300306,3,3,1.0,0.3709347711395322,0.3502020753617818,0.3533664967811193,0,0
"N=3,H=3",3300307,3,3,1.0,0.4143601232486834,0.388802859204183,0.3943883132155705,0,0
"N=3,H=3",3300308,3,3,1.0,0.35073342863438667,0.33034911100487435,0.33561793261078393,0,0
"N=3,H=3",3300309,3,3,1.0,0.3217386989903517,0.2932867094697912,0.304520963309112,0,0
"N=3,H=3",3300310,3,3,1.0,0.380993792421687,0.3504684928373263,0.3581599298096827,0,0
"N=3,H=3",3300311,3,3,1.0,0.30436968832764516,0.2911944704475594,0.3017591019117125,0,0
"N=3,H=3",3300312,3,3,1.0,0.4015594529764196,0.37087589536882953,0.3833978538899049,0,0
"N=3,H=3",3300313,3,3,1.0,0.4105888816017392,0.3856085684009521,0.39054129456724257,0,0
"N=3,H=3",3300314,3,3,1.0,0.3727137577086181,0.3385019686307347,0.35657371652208664,0,0
"N=3,H=3",3300315,3,3,1.0,0.3259070692613565,0.2956463364057633,0.31007458099465235,0,0
"N=3,H=3",3300316,3,3,1.0,0.3401059107134301,0.31745627997506953,0.32448981007919137,0,0
"N=3,H=3",3300317,3,3,1.0,0.26514031807217264,0.2584122746983601,0.26133587460034524,0,0
"N=3,H=3",3300318,3,3,1.0,0.31628180974873,0.2846761540320805,0.29275947852228656,0,0
"N=3,H=3",3300319,3,3,1.0,0.3032352491849794,0.2894986526012767,0.29855836638965666,0,0
"N=3,H=3",3300320,3,3,1.0,0.28115717647698385,0.26613054080753223,0.2696700934274697,0,0
"N=3,H=3",3300321,3,3,1.0,0.22904071021531333,0.21643842800544638,0.2247096081648623,0,0
"N=3,H=3",3300322,3,3,1.0,0.33944134621834193,0.32448930813260746,0.32807266669433244,0,0
"N=3,H=3",3300323,3,3,1.0,0.36330955419751415,0.3472810911567205,0.3517070962499147,0,0
"N=3,H=3",3300324,3,3,1.0,0.2762826562506192,0.26716721800722426,0.2710641642789816,0,0
"N=3,H=3",3300325,3,3,1.0,0.39749020900451426,0.36707827251630776,0.37369686833474125,0,0
"N=3,H=3",3300326,3,3,1.0,0.34488586167210666,0.31929226408903394,0.32610518164336016,0,0
"N=3,H=3",3300327,3,3,1.0,0.3725970356705205,0.3515963971830196,0.36128232168007185,0,0
"N=3,H=3",3300328,3,3,1.0,0.34182231367806487,0.3197451709946118,0.32952609978341596,0,0
"N=3,H=3",3300329,3,3,1.0,0.3651708538782925,0.33490171053387874,0.34847939103021386,0,0
"N=3,H=3",3300330,3,3,1.0,0.3601001836810042,0.3343715687601327,0.3400357502438094,0,0
"N=3,H=3",3300331,3,3,1.0,0.33538969912501554,0.31328789836730214,0.3211141774828947,0,0
"N=3,H=3",3300332,3,3,1.0,0.4216222010209741,0.4019378856026716,0.4111482787243856,0,0
"N=3,H=3",3300333,3,3,1.0,0.3100229525788337,0.2903106702162068,0.29576880780065495,0,0
"N=3,H=3",3300334,3,3,1.0,0.5182004811079723,0.4660542358058144,0.47877297927100027,0,0
"N=3,H=3",3300335,3,3,1.0,0.36476572930017925,0.33676896398054296,0.347257956689501,0,0
"N=3,H=3",3300336,3,3,1.0,0.4921767808411938,0.4531200775525497,0.47099246005839823,0,0
"N=3,H=3",3300337,3,3,1.0,0.46603794061832715,0.4339926059250448,0.44390303077943327,0,0
"N=3,H=3",3300338,3,3,1.0,0.2878490510311004,0.2736942990316214,0.27596914062241734,0,0
"N=3,H=3",3300339,3,3,1.0,0.2850200626169448,0.2715289688180144,0.277408399291424,0,0
"N=3,H=3",3300340,3,3,1.0,0.4483158457058422,0.4107417437886022,0.4145554435464993,0,0
"N=3,H=3",3300341,3,3,1.0,0.2612474113193107,0.24398296962518626,0.2464055370548596,0,0
"N=3,H=3",3300342,3,3,1.0,0.3257260777512658,0.310032355716926,0.3136562844558621,0,0
"N=3,H=3",3300343,3,3,1.0,0.3657244412797497,0.34630480968993405,0.35472712083119845,0,0
"N=3,H=3",3300344,3,3,1.0,0.455593011988249,0.419245812608154,0.4295230691376548,0,0
"N=3,H=3",3300345,3,3,1.0,0.3204179367341209,0.3032382670031571,0.31334314225056004,0,0
"N=3,H=3",3300346,3,3,1.0,0.3751142306396681,0.3530547040695532,0.35995622127726057,0,0
"N=3,H=3",3300347,3,3,1.0,0.30222240888200635,0.29191402930474614,0.299060358590866,0,0
"N=3,H=3",3300348,3,3,1.0,0.2636447470546648,0.2543480150973281,0.256776552669404,0,0
"N=3,H=3",3300349,3,3,1.0,0.3528618212871328,0.3288359875434134,0.34050433152717396,0,0
"N=3,H=3",3300350,3,3,1.0,0.3668283244257668,0.3402402095177988,0.3516761291711683,0,0
"N=3,H=3",3300351,3,3,1.0,0.4721873051297,0.44199327167248176,0.44781275512063334,0,0
"N=3,H=3",3300352,3,3,1.0,0.29329023861063114,0.27162639026565477,0.2815586782761857,0,0
"N=3,H=3",3300353,3,3,1.0,0.31083472512314925,0.2910914874276722,0.29503811585383755,0,0
"N=3,H=3",3300354,3,3,1.0,0.408813519016937,0.37707975549848527,0.3824617633505413,0,0
"N=3,H=3",3300355,3,3,1.0,0.28218955957878383,0.2717187016873101,0.27532777817887616,0,0
"N=3,H=3",3300356,3,3,1.0,0.3503756436326634,0.32256143777598856,0.3285439325313752,0,0
"N=3,H=3",3300357,3,3,1.0,0.23334433453487755,0.22062528863051145,0.2258089761121517,0,0
"N=3,H=3",3300358,3,3,1.0,0.3374007447469065,0.32328086729700006,0.332851810390456,0,0
"N=3,H=3",3300359,3,3,1.0,0.29971439047606235,0.2849010329699385,0.2883901395135369,0,0
"N=3,H=3",3300360,3,3,1.0,0.3066709715626219,0.29325045645486264,0.29719615173734565,0,0
"N=3,H=3",3300361,3,3,1.0,0.3832878580229004,0.35777926501231916,0.3665225392175762,0,0
"N=3,H=3",3300362,3,3,1.0,0.3116802434795425,0.28584544405097295,0.29790255360195816,0,0
"N=3,H=3",3300363,3,3,1.0,0.3272625185130229,0.31777265839720464,0.3229942452270971,0,0
"N=3,H=3",3300364,3,3,1.0,0.298019341865867,0.27824384952513714,0.2849553158954589,0,0
"N=3,H=3",3300365,3,3,1.0,0.3049529061946471,0.28198260350768845,0.2891469096478944,0,0
"N=3,H=3",3300366,3,3,1.0,0.2896938420419444,0.2751832110584059,0.2812927197274206,0,0
"N=3,H=3",3300367,3,3,1.0,0.42307037919565904,0.39435932754144115,0.4024837782795397,0,0
"N=3,H=3",3300368,3,3,1.0,0.3423622754847897,0.3242478496549885,0.33476762785439096,0,0
"N=3,H=3",3300369,3,3,1.0,0.30614233389204215,0.28840564658550705,0.2970855222036215,0,0
"N=3,H=3",3300370,3,3,1.0,0.34301514848476766,0.3298492989086391,0.3370988676248439,0,0
"N=3,H=3",3300371,3,3,1.0,0.3292798517609298,0.3096299324608819,0.31874668392833255,0,0
"N=3,H=3",3300372,3,3,1.0,0.36588324942611705,0.33630314274248874,0.34283181988367323,0,0
"N=3,H=3",3300373,3,3,1.0,0.4057134230731028,0.38695847825059926,0.3932428883231578,0,0
"N=3,H=3",3300374,3,3,1.0,0.4322334583458236,0.4033153798712788,0.40954446156016916,0,0
"N=3,H=3",3300375,3,3,1.0,0.2553834661669514,0.2409212042992872,0.24429179695669323,0,0
"N=3,H=3",3300376,3,3,1.0,0.30833608397648415,0.29372422575198115,0.29680071553388937,0,0
"N=3,H=3",3300377,3,3,1.0,0.23575535970693903,0.22039364583069612,0.22388800145137314,0,0
"N=3,H=3",3300378,3,3,1.0,0.2837351662769256,0.27565791306990545,0.2791145852374538,0,0
"N=3,H=3",3300379,3,3,1.0,0.3530051168011228,0.33960298937502104,0.34310835918845456,0,0
"N=3,H=3",3300380,3,3,1.0,0.2997686144899203,0.28763861532687396,0.2922523863000453,0,0
"N=3,H=3",3300381,3,3,1.0,0.3441984471219182,0.32170807943304514,0.32709700073069653,0,0
"N=3,H=3",3300382,3,3,1.0,0.3964648311033736,0.36590509729200094,0.3732633839197332,0,0
"N=3,H=3",3300383,3,3,1.0,0.2776728229814708,0.2614637569484282,0.2679301503771437,0,0
"N=3,H=3",3300384,3,3,1.0,0.31443345586051874,0.301958379386536,0.30644226938344876,0,0
"N=3,H=3",3300385,3,3,1.0,0.38058515783641866,0.3518017153849996,0.3609397904348215,0,0
"N=3,H=3",3300386,3,3,1.0,0.44088708921219744,0.4001437763091588,0.4143023530848379,0,0
"N=3,H=3",3300387,3,3,1.0,0.4276218641619111,0.38538423022153634,0.38746787128554777,0,0
"N=3,H=3",3300388,3,3,1.0,0.3089826456745317,0.28488948495081645,0.29696450053808515,0,0
"N=3,H=3",3300389,3,3,1.0,0.3846639513556198,0.3620834945975798,0.37363729037697513,0,0
"N=3,H=3",3300390,3,3,1.0,0.37555418575248883,0.35359484264599833,0.3602803438249771,0,0
"N=3,H=3",3300391,3,3,1.0,0.397701368004936,0.3586756641039705,0.37204611079665867,0,0
"N=3,H=3",3300392,3,3,1.0,0.4341412672092062,0.40906521860181627,0.4175403585392819,0,0
"N=3,H=3",3300393,3,3,1.0,0.339357197377529,0.3261066982898369,0.3330826493111044,0,0
"N=3,H=3",3300394,3,3,1.0,0.450698643919056,0.40806484589938974,0.41824482272125846,0,0
"N=3,H=3",3300395,3,3,1.0,0.4382878053336874,0.40203388666450923,0.4132516951610471,0,0
"N=3,H=3",3300396,3,3,1.0,0.32683500327712817,0.306054718406252,0.31603125560563594,0,0
"N=3,H=3",3300397,3,3,1.0,0.4099380111829251,0.388844830572993,0.3927928901997059,0,0
"N=3,H=3",3300398,3,3,1.0,0.46938223661523604,0.4324215012177663,0.4363053419303462,0,0
"N=3,H=3",3300399,3,3,1.0,0.29774124463942464,0.2802633267401116,0.28780432884753604,0,0
"N=3,H=4",3400000,4,3,1.0,0.5962892224076632,0.5388858439838468,0.5564619091020052,0,0
"N=3,H=4",3400001,4,3,1.0,0.48365358990392043,0.44901779787303314,0.4635068418535442,0,0
"N=3,H=4",3400002,4,3,1.0,0.5773561818071626,0.5288325230175388,0.5438050621312912,0,0
"N=3,H=4",3400003,4,3,1.0,0.5786096290472084,0.5448975870120458,0.5543651094902239,0,0
"N=3,H=4",3400004,4,3,1.0,0.532124006799777,0.4909120879622598,0.5048833956967164,0,0
"N=3,H=4",3400005,4,3,1.0,0.43029221215429697,0.4002415253495081,0.4136113192571755,0,0
"N=3,H=4",3400006,4,3,1.0,0.5012206511320684,0.45790795756581315,0.4673191408149293,0,0
"N=3,H=4",3400007,4,3,1.0,0.4433835537068901,0.4168702858469096,0.43125833784798795,0,0
"N=3,H=4",3400008,4,3,1.0,0.6034016971423058,0.5423735678324305,0.551681321605688,0,0
"N=3,H=4",3400009,4,3,1.0,0.6786951870050296,0.6236556736028088,0.6411292327600634,0,0
"N=3,H=4",3400010,4,3,1.0,0.45928328508072913,0.4307131474300116,0.4399564222118492,0,0
"N=3,H=4",3400011,4,3,1.0,0.5188098399284343,0.4855471351735445,0.49860625251795604,0,0
"N=3,H=4",3400012,4,3,1.0,0.5156166345292934,0.4802688664630959,0.4914659664786911,0,0
"N=3,H=4",3400013,4,3,1.0,0.5257597873816858,0.49823871045716145,0.5069707324702238,0,0
"N=3,H=4",3400014,4,3,1.0,0.5114813066931188,0.4759179178696194,0.48974629443660933,0,0
"N=3,H=4",3400015,4,3,1.0,0.36924145670421527,0.3535393272214695,0.3621709188616649,0,0
"N=3,H=4",3400016,4,3,1.0,0.47486248327628233,0.44995225878058664,0.4594703755247202,0,0
"N=3,H=4",3400017,4,3,1.0,0.39219316989865327,0.37516806482280496,0.38262667157901054,0,0
"N=3,H=4",3400018,4,3,1.0,0.4805396987320252,0.45835148621637856,0.4650782797131916,0,0
"N=3,H=4",3400019,4,3,1.0,0.588640721316041,0.5311294684522784,0.5440481721397122,0,0
"N=3,H=4",3400020,4,3,1.0,0.49732101035780235,0.4748867443870578,0.484810088275089,0,0
"N=3,H=4",3400021,4,3,1.0,0.455972924275816,0.42862311236497236,0.4407539678857925,0,0
"N=3,H=4",3400022,4,3,1.0,0.4585470497791142,0.42395519445971797,0.4313957552047302,0,0
"N=3,H=4",3400023,4,3,1.0,0.47027814321012307,0.4439610738170515,0.45349453047649213,0,0
"N=3,H=4",3400024,4,3,1.0,0.5394229644344912,0.501719776574615,0.5126095353512544,0,0
"N=3,H=4",3400025,4,3,1.0,0.39928665015897863,0.3767907851724795,0.3859863087132898,0,0
"N=3,H=4",3400026,4,3,1.0,0.4249892277327385,0.3988974540288824,0.4076735396693879,0,0
"N=3,H=4",3400027,4,3,1.0,0.41919308219706175,0.40027231033573885,0.4031369685808232,0,0
"N=3,H=4",3400028,4,3,1.0,0.43127927510724745,0.40427744817448985,0.4125226342385264,0,0
"N=3,H=4",3400029,4,3,1.0,0.46674605739475483,0.43719475483389664,0.45076070934636076,0,0
"N=3,H=4",3400030,4,3,1.0,0.7617817364618693,0.6830583286384999,0.7113400714505539,0,0
"N=3,H=4",3400031,4,3,1.0,0.4581802129260949,0.43496338238056514,0.44114017716545684,0,0
"N=3,H=4",3400032,4,3,1.0,0.46340040103810626,0.4332861064583228,0.44136666414982284,0,0
"N=3,H=4",3400033,4,3,1.0,0.6044752810769926,0.5524542412031125,0.5705814703985602,0,0
"N=3,H=4",3400034,4,3,1.0,0.3882250118195097,0.3704632501531606,0.38004049464921685,0,0
"N=3,H=4",3400035,4,3,1.0,0.38035838974698205,0.36409964768811576,0.36926257495417325,0,0
"N=3,H=4",3400036,4,3,1.0,0.4883457908423619,0.4620550384712353,0.4722914429016276,0,0
"N=3,H=4",3400037,4,3,1.0,0.610007637749281,0.547931741057124,0.5610433513611249,0,0
"N=3,H=4",3400038,4,3,1.0,0.5076633466437801,0.47596522450547196,0.4820137162740846,0,0
"N=3,H=4",3400039,4,3,1.0,0.43949162750246495,0.40875499071941723,0.42192773979609033,0,0
"N=3,H=4",3400040,4,3,1.0,0.39961959817113046,0.3901026180541604,0.39308162407355407,0,0
"N=3,H=4",3400041,4,3,1.0,0.4711853137819435,0.4417366038643875,0.44866724234407335,0,0
"N=3,H=4",3400042,4,3,1.0,0.5040528421647132,0.46234960410897236,0.4767349173115997,0,0
"N=3,H=4",3400043,4,3,1.0,0.39554741843812335,0.37094691307983557,0.380950792135156,0,0
"N=3,H=4",3400044,4,3,1.0,0.47634125138212713,0.4481581628286291,0.45492603209301213,0,0
"N=3,H=4",3400045,4,3,1.0,0.4434088475391378,0.424671610367126,0.43023275892870766,0,0
"N=3,H=4",3400046,4,3,1.0,0.5711653960811848,0.5176847353211399,0.5249236909143175,0,0
"N=3,H=4",3400047,4,3,1.0,0.5960410749160681,0.5524092932115362,0.5677013588706816,0,0
"N=3,H=4",3400048,4,3,1.0,0.5235806956680455,0.48067091166786763,0.488813586230883,0,0
"N=3,H=4",3400049,4,3,1.0,0.4108454564474726,0.3950887129137677,0.39903224040436797,0,0
"N=3,H=4",3400050,4,3,1.0,0.448081678091561,0.4293333215177702,0.43826862643520687,0,0
"N=3,H=4",3400051,4,3,1.0,0.5154726455450359,0.4769726264231691,0.488744776497892,0,0
"N=3,H=4",3400052,4,3,1.0,0.5891311062974363,0.539770004519306,0.5581087607332847,0,0
"N=3,H=4",3400053,4,3,1.0,0.5076913907022971,0.4719211460876662,0.47951841762515135,0,0
"N=3,H=4",3400054,4,3,1.0,0.6062164587001582,0.5516400626639165,0.5650369158372628,0,0
"N=3,H=4",3400055,4,3,1.0,0.45703023193114595,0.4293313190216635,0.438413697579517,0,0
"N=3,H=4",3400056,4,3,1.0,0.485168765748028,0.45101766984215724,0.4597614917686192,0,0
"N=3,H=4",3400057,4,3,1.0,0.5454068652494561,0.5112541858690954,0.5183795277592783,0,0
"N=3,H=4",3400058,4,3,1.0,0.5573970459732378,0.5202891326416482,0.5323659845964039,0,0
"N=3,H=4",3400059,4,3,1.0,0.4528326918261519,0.423609522838943,0.43236780834746524,0,0
"N=3,H=4",3400060,4,3,1.0,0.45316720027712143,0.4255457996708506,0.4314804350654919,0,0
"N=3,H=4",3400061,4,3,1.0,0.48354155201448756,0.44308446047336486,0.4551851909203008,0,0
"N=3,H=4",3400062,4,3,1.0,0.5612846192224894,0.5127033940725993,0.5256148293486138,0,0
"N=3,H=4",3400063,4,3,1.0,0.5049331078134659,0.4681106386269307,0.4794052947313654,0,0
"N=3,H=4",3400064,4,3,1.0,0.4406077379261057,0.4168637121462305,0.4266122656323543,0,0
"N=3,H=4",3400065,4,3,1.0,0.4176121351416279,0.39132976089285737,0.40041568753243334,0,0
"N=3,H=4",3400066,4,3,1.0,0.38997607502653914,0.3801165184712644,0.38489421201710844,0,0
"N=3,H=4",3400067,4,3,1.0,0.3762978344865528,0.35412939373134306,0.35891039252058005,0,0
"N=3,H=4",3400068,4,3,1.0,0.5228322940264789,0.48684859512695317,0.5009129022304953,0,0
"N=3,H=4",3400069,4,3,1.0,0.37460039944130147,0.35711917993112435,0.3629560154004437,0,0
"N=3,H=4",3400070,4,3,1.0,0.47052503775013693,0.431845090049706,0.44808901581874544,0,0
"N=3,H=4",3400071,4,3,1.0,0.4518101801922393,0.4213984511091247,0.4302685026971216,0,0
"N=3,H=4",3400072,4,3,1.0,0.5409614267736428,0.49896645045791116,0.5135849520596486,0,0
"N=3,H=4",3400073,4,3,1.0,0.5839398205879862,0.5298907723745372,0.5440086597663104,0,0
"N=3,H=4",3400074,4,3,1.0,0.5643989007391577,0.5112673939454813,0.5299563305758889,0,0
"N=3,H=4",3400075,4,3,1.0,0.5156451322814145,0.4838808183164971,0.49711176116420897,0,0
"N=3,H=4",3400076,4,3,1.0,0.38160186273902125,0.36975947295337885,0.37991801917147255,0,0
"N=3,H=4",3400077,4,3,1.0,0.383628856288657,0.358060329085733,0.3642248328530023,0,0
"N=3,H=4",3400078,4,3,1.0,0.5387697007784665,0.49734538514673227,0.5118260657451787,0,0
"N=3,H=4",3400079,4,3,1.0,0.5073623422613753,0.4748806529175998,0.48737440438393903,0,0
"N=3,H=4",3400080,4,3,1.0,0.4277106622241581,0.40336793685414474,0.41370033172026716,0,0
"N=3,H=4",3400081,4,3,1.0,0.5236009759103828,0.4752898953140497,0.49120086227999127,0,0
"N=3,H=4",3400082,4,3,1.0,0.4863711505170405,0.45329453488157895,0.46416334201669557,0,0
"N=3,H=4",3400083,4,3,1.0,0.42007005282145987,0.39220947141398915,0.40264379984559484,0,0
"N=3,H=4",3400084,4,3,1.0,0.48746162308005336,0.44972720240197506,0.45887718723162535,0,0
"N=3,H=4",3400085,4,3,1.0,0.47193751422815594,0.4422255492409821,0.4558476904719448,0,0
"N=3,H=4",3400086,4,3,1.0,0.44866525731356643,0.4199722415047384,0.43057735998292135,0,0
"N=3,H=4",3400087,4,3,1.0,0.47487778983588813,0.44423457044211945,0.45550473186545093,0,0
"N=3,H=4",3400088,4,3,1.0,0.33109297652954595,0.314099440960382,0.3257998991739665,0,0
"N=3,H=4",3400089,4,3,1.0,0.5712230792486827,0.5337233367466413,0.547465320195251,0,0
"N=3,H=4",3400090,4,3,1.0,0.5124759059251086,0.4690848853374519,0.4864755731330028,0,0
"N=3,H=4",3400091,4,3,1.0,0.4840970730399011,0.45147199540599564,0.4590215487362939,0,0
"N=3,H=4",3400092,4,3,1.0,0.605645760070674,0.5636394497456406,0.5763016366300264,0,0
"N=3,H=4",3400093,4,3,1.0,0.38598386351540737,0.353607215055871,0.363667358431401,0,0
"N=3,H=4",3400094,4,3,1.0,0.42323930011170663,0.4003522209140523,0.4097295590957532,0,0
"N=3,H=4",3400095,4,3,1.0,0.7465535544060661,0.6687043736363014,0.6959164949916243,0,0
"N=3,H=4",3400096,4,3,1.0,0.574092872578291,0.5363876189582971,0.5474981634976005,0,0
"N=3,H=4",3400097,4,3,1.0,0.4318332129349218,0.4215974725796202,0.4276205123820459,0,0
"N=3,H=4",3400098,4,3,1.0,0.4639375982260248,0.43969097047467864,0.445721831382516,0,0
"N=3,H=4",3400099,4,3,1.0,0.46814986689396365,0.441633627722532,0.4501155558430601,0,0
"N=3,H=4",3400100,4,3,1.0,0.6324307774205776,0.5681053046808977,0.5915929689924045,0,0
"N=3,H=4",3400101,4,3,1.0,0.5891535221747993,0.5466260753597938,0.5617342658305101,0,0
"N=3,H=4",3400102,4,3,1.0,0.533871528653466,0.5136900261792527,0.5236610138068634,0,0
"N=3,H=4",3400103,4,3,1.0,0.45366187260956625,0.42322378409176153,0.43912075158571295,0,0
"N=3,H=4",3400104,4,3,1.0,0.48442039539170434,0.463804709591374,0.47257610650689597,0,0
"N=3,H=4",3400105,4,3,1.0,0.4765498318444109,0.44232196905946675,0.45340024433736603,0,0
"N=3,H=4",3400106,4,3,1.0,0.4453342257368084,0.4226149340312145,0.43268071196207336,0,0
"N=3,H=4",3400107,4,3,1.0,0.3879979092601959,0.36646609158220533,0.37417284053736194,0,0
"N=3,H=4",3400108,4,3,1.0,0.4866137617040543,0.4557681923769631,0.4636836613287087,0,0
"N=3,H=4",3400109,4,3,1.0,0.4299699994016037,0.3991159439795638,0.4082614434306275,0,0
"N=3,H=4",3400110,4,3,1.0,0.48944016145325947,0.46334616558452935,0.46850646844391325,0,0
"N=3,H=4",3400111,4,3,1.0,0.6706452205709434,0.6085268027235249,0.6215337626166609,0,0
"N=3,H=4",3400112,4,3,1.0,0.4887845522469003,0.45359092769780823,0.4596922421936083,0,0
"N=3,H=4",3400113,4,3,1.0,0.5426104769562557,0.5116278314863004,0.5186988146599812,0,0
"N=3,H=4",3400114,4,3,1.0,0.5231202990170386,0.48852221322115763,0.5006194242438352,0,0
"N=3,H=4",3400115,4,3,1.0,0.4756625531374141,0.4512790270995864,0.4596065226007286,0,0
"N=3,H=4",3400116,4,3,1.0,0.4777012303355813,0.44785553841070963,0.46177300390895387,0,0
"N=3,H=4",3400117,4,3,1.0,0.5994755489137837,0.5444281526918964,0.5619269260455856,0,0
"N=3,H=4",3400118,4,3,1.0,0.5135319840481709,0.48218392916322356,0.4874623218601719,0,0
"N=3,H=4",3400119,4,3,1.0,0.4812822778666823,0.44794162133494353,0.45895606805040656,0,0
"N=3,H=4",3400120,4,3,1.0,0.6978611188402921,0.6479427601369366,0.6608653957376979,0,0
"N=3,H=4",3400121,4,3,1.0,0.6530018849761864,0.5944879114205001,0.6115324763511967,0,0
"N=3,H=4",3400122,4,3,1.0,0.49618317356410996,0.46490266176450273,0.4749281212518179,0,0
"N=3,H=4",3400123,4,3,1.0,0.4382061549548285,0.4106968105965162,0.420694593490026,0,0
"N=3,H=4",3400124,4,3,1.0,0.4166176077990643,0.3848489610984183,0.39666296998002565,0,0
"N=3,H=4",3400125,4,3,1.0,0.5430021740081273,0.5050376557995849,0.5213406503531053,0,0
"N=3,H=4",3400126,4,3,1.0,0.6494163813432001,0.5955663142413232,0.6076664445235037,0,0
"N=3,H=4",3400127,4,3,1.0,0.5049582786026342,0.47417826884119096,0.4815612201854031,0,0
"N=3,H=4",3400128,4,3,1.0,0.43177656697059535,0.40506076053292844,0.41042987726271835,0,0
"N=3,H=4",3400129,4,3,1.0,0.4356687529181907,0.4177380803009916,0.4234771733800222,0,0
"N=3,H=4",3400130,4,3,1.0,0.4936333233089084,0.4572364494742642,0.4675119145960924,0,0
"N=3,H=4",3400131,4,3,1.0,0.44311471517435974,0.40884652820119816,0.420552411283368,0,0
"N=3,H=4",3400132,4,3,1.0,0.5887656460550386,0.5417802056040587,0.554594737629514,0,0
"N=3,H=4",3400133,4,3,1.0,0.5099629270187958,0.47176205742071453,0.4819599507950564,0,0
"N=3,H=4",3400134,4,3,1.0,0.4108582570646917,0.3844432348162166,0.3950698226004336,0,0
"N=3,H=4",3400135,4,3,1.0,0.4367384301977901,0.40342665874455214,0.4134706336668703,0,0
"N=3,H=4",3400136,4,3,1.0,0.4631501890037827,0.4341775992996564,0.4432207933536045,0,0
"N=3,H=4",3400137,4,3,1.0,0.382293418047192,0.36043325899972684,0.36882117528484754,0,0
"N=3,H=4",3400138,4,3,1.0,0.44125780091078826,0.420251674260951,0.42517600199747185,0,0
"N=3,H=4",3400139,4,3,1.0,0.4261882976673815,0.40408057323785596,0.40939007957517765,0,0
"N=3,H=4",3400140,4,3,1.0,0.47254807752553063,0.45418813401980823,0.46244241858712787,0,0
"N=3,H=4",3400141,4,3,1.0,0.5794434105771717,0.5282909543684238,0.548288610706729,0,0
"N=3,H=4",3400142,4,3,1.0,0.5389020094735397,0.5072259047145207,0.5160502304308852,0,0
"N=3,H=4",3400143,4,3,1.0,0.417926128893035,0.3957212657392146,0.4017420499301159,0,0
"N=3,H=4",3400144,4,3,1.0,0.6379019394344823,0.5865886093473012,0.5968765228067389,0,0
"N=3,H=4",3400145,4,3,1.0,0.40932659040079006,0.3825621654664832,0.3966517938596244,0,0
"N=3,H=4",3400146,4,3,1.0,0.4005602087980446,0.3677080322348079,0.3769464824161067,0,0
"N=3,H=4",3400147,4,3,1.0,0.5106626445936326,0.4771474294548627,0.48512130131403325,0,0
"N=3,H=4",3400148,4,3,1.0,0.4861250152107637,0.4565089477344682,0.46910686718747985,0,0
"N=3,H=4",3400149,4,3,1.0,0.4834474801080275,0.4582965084671821,0.4668997115533875,0,0
"N=3,H=4",3400150,4,3,1.0,0.5513549997807451,0.5140646368120267,0.5235556370600797,0,0
"N=3,H=4",3400151,4,3,1.0,0.4345987413170486,0.4016446385671067,0.4095127603713051,0,0
"N=3,H=4",3400152,4,3,1.0,0.6008857798920999,0.549919807566189,0.5677439487245297,0,0
"N=3,H=4",3400153,4,3,1.0,0.49588060091597963,0.47493243387874684,0.48195058316227796,0,0
"N=3,H=4",3400154,4,3,1.0,0.5934784982051954,0.5499808421778152,0.561184542585129,0,0
"N=3,H=4",3400155,4,3,1.0,0.5425235571288187,0.5027833946887726,0.5194569094530462,0,0
"N=3,H=4",3400156,4,3,1.0,0.4860400791451137,0.46034025000964585,0.46973442644993,0,0
"N=3,H=4",3400157,4,3,1.0,0.3791316171476826,0.3593719882311618,0.36616167252957177,0,0
"N=3,H=4",3400158,4,3,1.0,0.4332192463793744,0.40590033189969565,0.4138539407545695,0,0
"N=3,H=4",3400159,4,3,1.0,0.40336328817858425,0.3845053170536726,0.39283791780049543,0,0
"N=3,H=4",3400160,4,3,1.0,0.3660952352206916,0.34781736540388003,0.353884963574783,0,0
"N=3,H=4",3400161,4,3,1.0,0.533938477117796,0.4960917712875714,0.5042247207578007,0,0
"N=3,H=4",3400162,4,3,1.0,0.567583497782903,0.5212782494862515,0.5324232984383099,0,0
"N=3,H=4",3400163,4,3,1.0,0.4831972493279934,0.44679913680004063,0.4626830502251915,0,0
"N=3,H=4",3400164,4,3,1.0,0.4334592721651505,0.41312027550690844,0.42150914238568093,0,0
"N=3,H=4",3400165,4,3,1.0,0.4736706385707914,0.4496889646194067,0.4525788100919325,0,0
"N=3,H=4",3400166,4,3,1.0,0.5570213604811842,0.5221642574226747,0.5319482227744818,0,0
"N=3,H=4",3400167,4,3,1.0,0.545965593860963,0.5073669206193944,0.5300255938339054,0,0
"N=3,H=4",3400168,4,3,1.0,0.35838627066716394,0.33448027925724627,0.33998204477116467,0,0
"N=3,H=4",3400169,4,3,1.0,0.42889877249484454,0.4006643609101662,0.40759374647845986,0,0
"N=3,H=4",3400170,4,3,1.0,0.5155028545559134,0.48717186210782815,0.49535462914947026,0,0
"N=3,H=4",3400171,4,3,1.0,0.42029881449465717,0.40546334695838215,0.41175901600345616,0,0
"N=3,H=4",3400172,4,3,1.0,0.5276871446775565,0.4939797600497847,0.5048160779990888,0,0
"N=3,H=4",3400173,4,3,1.0,0.4536514206328383,0.42549250208886985,0.433069916721582,0,0
"N=3,H=4",3400174,4,3,1.0,0.5213688813512106,0.48385023256587834,0.49741313182168145,0,0
"N=3,H=4",3400175,4,3,1.0,0.5459976983549208,0.4993000535767401,0.5143513154316235,0,0
"N=3,H=4",3400176,4,3,1.0,0.5523508165780155,0.5162824921459879,0.5337493582799085,0,0
"N=3,H=4",3400177,4,3,1.0,0.4490637925511947,0.41737600741259256,0.4254444359476182,0,0
"N=3,H=4",3400178,4,3,1.0,0.4414190146750776,0.4210790674371602,0.42839112258063256,0,0
"N=3,H=4",3400179,4,3,1.0,0.43110675141643934,0.41162856943308795,0.4153643271695611,0,0
"N=3,H=4",3400180,4,3,1.0,0.3969537255011173,0.38277849352752163,0.38784176429748873,0,0
"N=3,H=4",3400181,4,3,1.0,0.5182572010869242,0.48467036640705313,0.49633639091524184,0,0
"N=3,H=4",3400182,4,3,1.0,0.4464478111571034,0.4242975257907951,0.4345898043765968,0,0
"N=3,H=4",3400183,4,3,1.0,0.32318990001838904,0.3106930857547888,0.31490880614476496,0,0
"N=3,H=4",3400184,4,3,1.0,0.37874944808437394,0.35761227543899404,0.36658811763758853,0,0
"N=3,H=4",3400185,4,3,1.0,0.43777886067256566,0.4142686068318878,0.4235042879768241,0,0
"N=3,H=4",3400186,4,3,1.0,0.5097543780480054,0.4794731337331635,0.4892161703255905,0,0
"N=3,H=4",3400187,4,3,1.0,0.4464551147498349,0.4183984769911049,0.4267176250130349,0,0
"N=3,H=4",3400188,4,3,1.0,0.4164413700319466,0.39437018030647386,0.40130667872553694,0,0
"N=3,H=4",3400189,4,3,1.0,0.53280785238182,0.5022928150012443,0.5122805514856248,0,0
"N=3,H=4",3400190,4,3,1.0,0.43781567516384384,0.4153505851040613,0.4232307081994013,0,0
"N=3,H=4",3400191,4,3,1.0,0.5456587763830056,0.5058125865621375,0.519757023419681,0,0
"N=3,H=4",3400192,4,3,1.0,0.39846849268399326,0.37717356762150983,0.38379378479110837,0,0
"N=3,H=4",3400193,4,3,1.0,0.4932883548312601,0.4609373472296138,0.4756395045229205,0,0
"N=3,H=4",3400194,4,3,1.0,0.5284800707145844,0.47843081778144775,0.49160811392553433,0,0
"N=3,H=4",3400195,4,3,1.0,0.5359652100532003,0.4938103030467977,0.5139978410953725,0,0
"N=3,H=4",3400196,4,3,1.0,0.4152342717264515,0.39591472988984455,0.40572707017707954,0,0
"N=3,H=4",3400197,4,3,1.0,0.4967029491615509,0.4641135170236502,0.4765378113760315,0,0
"N=3,H=4",3400198,4,3,1.0,0.4722061904146245,0.4431503621916367,0.4542391217943879,0,0
"N=3,H=4",3400199,4,3,1.0,0.5146606548948184,0.4751948059523832,0.48866599497118696,0,0
"N=3,H=4",3400200,4,3,1.0,0.5117378782920212,0.47674492754875275,0.48947891775680274,0,0
"N=3,H=4",3400201,4,3,1.0,0.5701186892613374,0.5334983273459962,0.5431569345390941,0,0
"N=3,H=4",3400202,4,3,1.0,0.4650674795207579,0.43009800969521644,0.4477820870588696,0,0
"N=3,H=4",3400203,4,3,1.0,0.5465118162926901,0.5149746771357757,0.524578736424241,0,0
"N=3,H=4",3400204,4,3,1.0,0.538995329092809,0.5076082662153542,0.5174954394796045,0,0
"N=3,H=4",3400205,4,3,1.0,0.4799021922718697,0.4509775405357076,0.4621036391428831,0,0
"N=3,H=4",3400206,4,3,1.0,0.46281350911155333,0.42482093867668613,0.4352672993689125,0,0
"N=3,H=4",3400207,4,3,1.0,0.5711747354660186,0.5255710873444759,0.5413168689084612,0,0
"N=3,H=4",3400208,4,3,1.0,0.4201699618723669,0.3966447524416184,0.40121400040894434,0,0
"N=3,H=4",3400209,4,3,1.0,0.3725705752786025,0.36064534939012977,0.36781611875293785,0,0
"N=3,H=4",3400210,4,3,1.0,0.3109116653972645,0.29932518373097766,0.309998084568883,0,0
"N=3,H=4",3400211,4,3,1.0,0.6999117485338782,0.6359236509528272,0.6483993315229092,0,0
"N=3,H=4",3400212,4,3,1.0,0.5290447693230459,0.5006229206350018,0.5105810136133501,0,0
"N=3,H=4",3400213,4,3,1.0,0.5261522452039066,0.492571597432407,0.5063357646765448,0,0
"N=3,H=4",3400214,4,3,1.0,0.4818562333440482,0.45508928940831495,0.46357520182074097,0,0
"N=3,H=4",3400215,4,3,1.0,0.4866792091084282,0.45086563199865776,0.460494421250307,0,0
"N=3,H=4",3400216,4,3,1.0,0.5032084211606496,0.4833093996162267,0.4910381775914625,0,0
"N=3,H=4",3400217,4,3,1.0,0.5912619499632144,0.5430102293890549,0.562516449091941,0,0
"N=3,H=4",3400218,4,3,1.0,0.4642306283172848,0.43759027968510467,0.44336281039226183,0,0
"N=3,H=4",3400219,4,3,1.0,0.4128269887812551,0.3907588951544122,0.39918431005662464,0,0
"N=3,H=4",3400220,4,3,1.0,0.6199022138413764,0.5642642408460539,0.5769229769857608,0,0
"N=3,H=4",3400221,4,3,1.0,0.4637195768387199,0.4426837076985874,0.4526718605785424,0,0
"N=3,H=4",3400222,4,3,1.0,0.49810781241420937,0.46204188071428837,0.47166075926039563,0,0
"N=3,H=4",3400223,4,3,1.0,0.5120764813614817,0.48982492530188665,0.49660831384163356,0,0
"N=3,H=4",3400224,4,3,1.0,0.44616360883426076,0.4226639110598012,0.42646945500843175,0,0
"N=3,H=4",3400225,4,3,1.0,0.6210785692181523,0.5664301722751792,0.5747602216913288,0,0
"N=3,H=4",3400226,4,3,1.0,0.48939878327496555,0.4634989869258855,0.47143927607666025,0,0
"N=3,H=4",3400227,4,3,1.0,0.5681788351067203,0.5350480925896279,0.5439134266343008,0,0
"N=3,H=4",3400228,4,3,1.0,0.5233342170347728,0.48418197480606456,0.497602118805243,0,0
"N=3,H=4",3400229,4,3,1.0,0.5310296138577839,0.49891211468918417,0.509145632536015,0,0
"N=3,H=4",3400230,4,3,1.0,0.3218319909339188,0.31674071908869056,0.3217131977654366,0,0
"N=3,H=4",3400231,4,3,1.0,0.3690987480582157,0.35844524500168223,0.3652729222813222,0,0
"N=3,H=4",3400232,4,3,1.0,0.5004995850591619,0.455974233577424,0.4683445895137543,0,0
"N=3,H=4",3400233,4,3,1.0,0.473909758776632,0.4452726495967071,0.45195956530545717,0,0
"N=3,H=4",3400234,4,3,1.0,0.5029490061068903,0.47368970019828355,0.485081123998762,0,0
"N=3,H=4",3400235,4,3,1.0,0.5402642099838055,0.5008358102558357,0.51179148431929,0,0
"N=3,H=4",3400236,4,3,1.0,0.4629405132772569,0.43236621284112825,0.4409349964698097,0,0
"N=3,H=4",3400237,4,3,1.0,0.4481395983896713,0.4293151588943795,0.43928908230663494,0,0
"N=3,H=4",3400238,4,3,1.0,0.4259503392286443,0.4066140265015086,0.41546656798702797,0,0
"N=3,H=4",3400239,4,3,1.0,0.3782618810781958,0.355742509187896,0.3627771773283527,0,0
"N=3,H=4",3400240,4,3,1.0,0.5167764097160481,0.48306140585000024,0.49969809289289063,0,0
"N=3,H=4",3400241,4,3,1.0,0.6515809945833676,0.6085962352376937,0.6174344047579893,0,0
"N=3,H=4",3400242,4,3,1.0,0.5324143966791186,0.4857901211457402,0.49580541640205716,0,0
"N=3,H=4",3400243,4,3,1.0,0.45149277296437934,0.42863633828124575,0.44125765970183484,0,0
"N=3,H=4",3400244,4,3,1.0,0.49827343298537624,0.4526571682626837,0.46269217804301555,0,0
"N=3,H=4",3400245,4,3,1.0,0.5294868576901123,0.48807100198801556,0.5031866410422046,0,0
"N=3,H=4",3400246,4,3,1.0,0.34319394108477924,0.33000773939705613,0.33598387503578625,0,0
"N=3,H=4",3400247,4,3,1.0,0.40431895360677567,0.3743534776893072,0.38423116772823557,0,0
"N=3,H=4",3400248,4,3,1.0,0.5195440270900061,0.4663199646885218,0.4842165048352693,0,0
"N=3,H=4",3400249,4,3,1.0,0.5013271751679128,0.4659741989731393,0.4848845486779893,0,0
"N=3,H=4",3400250,4,3,1.0,0.6048061054203289,0.5526406206937079,0.5652943282765645,0,0
"N=3,H=4",3400251,4,3,1.0,0.6549363766374695,0.6004320177930419,0.6137238732537392,0,0
"N=3,H=4",3400252,4,3,1.0,0.5103622481256334,0.4694915740160444,0.4946865529885202,0,0
"N=3,H=4",3400253,4,3,1.0,0.49786682625087736,0.46253824846051816,0.4726077767494979,0,0
"N=3,H=4",3400254,4,3,1.0,0.4883346922543423,0.44755099992725517,0.45913259259967687,0,0
"N=3,H=4",3400255,4,3,1.0,0.5869716897189723,0.5446071790722199,0.553183236552567,0,0
"N=3,H=4",3400256,4,3,1.0,0.40934692052208443,0.3803447850302889,0.3902770720327185,0,0
"N=3,H=4",3400257,4,3,1.0,0.4394336401337649,0.4147777868079717,0.42565481600561844,0,0
"N=3,H=4",3400258,4,3,1.0,0.439438248432441,0.40823362821825804,0.4175289458727734,0,0
"N=3,H=4",3400259,4,3,1.0,0.5064399605748999,0.4763991956809771,0.48155459728721783,0,0
"N=3,H=4",3400260,4,3,1.0,0.460212045590598,0.4177673315858579,0.4310989386112967,0,0
"N=3,H=4",3400261,4,3,1.0,0.4745612432948885,0.4471975205304642,0.45509609135315066,0,0
"N=3,H=4",3400262,4,3,1.0,0.36065349973390803,0.34830183144765936,0.3554308279031193,0,0
"N=3,H=4",3400263,4,3,1.0,0.5030463128529036,0.4736347218639459,0.48237180001222696,0,0
"N=3,H=4",3400264,4,3,1.0,0.47559217137020093,0.4509364269637894,0.4612893358470381,0,0
"N=3,H=4",3400265,4,3,1.0,0.5496265948452885,0.512808453305753,0.5230202323367004,0,0
"N=3,H=4",3400266,4,3,1.0,0.43326221249117436,0.4052263483409381,0.4115915999761465,0,0
"N=3,H=4",3400267,4,3,1.0,0.6301736877786784,0.5866400070606956,0.5998354750320858,0,0
"N=3,H=4",3400268,4,3,1.0,0.31260087078244236,0.3015556023777141,0.30460133728026667,0,0
"N=3,H=4",3400269,4,3,1.0,0.4479320091324234,0.414443667471936,0.4270475358078342,0,0
"N=3,H=4",3400270,4,3,1.0,0.6561393762314442,0.6004225569582665,0.6139391781556596,0,0
"N=3,H=4",3400271,4,3,1.0,0.5568180954304257,0.5077956337863946,0.5320035903170285,0,0
"N=3,H=4",3400272,4,3,1.0,0.48774643326523714,0.460774846077811,0.4657553663137832,0,0
"N=3,H=4",3400273,4,3,1.0,0.5562182596369191,0.5193381135345353,0.5292409619072433,0,0
"N=3,H=4",3400274,4,3,1.0,0.389717686398034,0.36542824001677304,0.3758151286976425,0,0
"N=3,H=4",3400275,4,3,1.0,0.5422209566435103,0.5084651786943586,0.5200686225270926,0,0
"N=3,H=4",3400276,4,3,1.0,0.5155552974241949,0.49338970801923493,0.49963295326073315,0,0
"N=3,H=4",3400277,4,3,1.0,0.4931633861379731,0.4556869566063456,0.46672507381673717,0,0
"N=3,H=4",3400278,4,3,1.0,0.4199948378409291,0.3970837007803441,0.4077654140870224,0,0
"N=3,H=4",3400279,4,3,1.0,0.4405171400083962,0.40924131396549335,0.41896442064417855,0,0
"N=3,H=4",3400280,4,3,1.0,0.42415113738190613,0.396162603936873,0.4038734018337343,0,0
"N=3,H=4",3400281,4,3,1.0,0.4473255742874534,0.4289782420919976,0.44209298961060045,0,0
"N=3,H=4",3400282,4,3,1.0,0.4752319954413576,0.44769733543754586,0.45509081966040327,0,0
"N=3,H=4",3400283,4,3,1.0,0.47367899721060147,0.4452608723859998,0.45293670116326157,0,0
"N=3,H=4",3400284,4,3,1.0,0.5218289986959642,0.47666745536716604,0.491771179032093,0,0
"N=3,H=4",3400285,4,3,1.0,0.5951910528118451,0.5551818651085539,0.5656847173743603,0,0
"N=3,H=4",3400286,4,3,1.0,0.6171489277085744,0.5775434655357784,0.5919871196192349,0,0
"N=3,H=4",3400287,4,3,1.0,0.5116244456465247,0.4689535626665147,0.4863244148995357,0,0
"N=3,H=4",3400288,4,3,1.0,0.5688177681754246,0.5316133993918444,0.5405206122421815,0,0
"N=3,H=4",3400289,4,3,1.0,0.5484646952677346,0.5152450121931363,0.5287070973272812,0,0
"N=3,H=4",3400290,4,3,1.0,0.5060637459513581,0.47001846890748666,0.4856347024347259,0,0
"N=3,H=4",3400291,4,3,1.0,0.40711335278581495,0.3840266155578038,0.3907417699763239,0,0
"N=3,H=4",3400292,4,3,1.0,0.39831791102776554,0.3806194370785077,0.38784087840221754,0,0
"N=3,H=4",3400293,4,3,1.0,0.5700037466161698,0.5396510179415726,0.5478354824576797,0,0
"N=3,H=4",3400294,4,3,1.0,0.4532981661964117,0.4367216965360377,0.44453068109283084,0,0
"N=3,H=4",3400295,4,3,1.0,0.3544986445599455,0.34114825134103544,0.34793261890475163,0,0
"N=3,H=4",3400296,4,3,1.0,0.4527309088571766,0.4308682970206436,0.4389509420383123,0,0
"N=3,H=4",3400297,4,3,1.0,0.5229878437649654,0.4918711325810861,0.49993457297794736,0,0
"N=3,H=4",3400298,4,3,1.0,0.4082697101142493,0.3884140105637498,0.39412029648745966,0,0
"N=3,H=4",3400299,4,3,1.0,0.5085209822336646,0.46963264057098414,0.47959897278955466,0,0
"N=3,H=4",3400300,4,3,1.0,0.4557166040659412,0.4257772167353748,0.4467641807947444,0,0
"N=3,H=4",3400301,4,3,1.0,0.42699965983936283,0.4104760886027518,0.419265622744843,0,0
"N=3,H=4",3400302,4,3,1.0,0.47620230400731706,0.4388186765779006,0.45378119293236063,0,0
"N=3,H=4",3400303,4,3,1.0,0.5004071588182878,0.4620754975625128,0.468155831406602,0,0
"N=3,H=4",3400304,4,3,1.0,0.5927510288057641,0.5394942568253063,0.5556167545962655,0,0
"N=3,H=4",3400305,4,3,1.0,0.40133274130840635,0.38286045490139253,0.39201625256446065,0,0
"N=3,H=4",3400306,4,3,1.0,0.40384511204279194,0.38320721198367785,0.39190880102470876,0,0
"N=3,H=4",3400307,4,3,1.0,0.40276585647734964,0.38029756864928566,0.3889191601351772,0,0
"N=3,H=4",3400308,4,3,1.0,0.5402309488082293,0.49945820964416754,0.515392581457572,0,0
"N=3,H=4",3400309,4,3,1.0,0.4507049513972229,0.4300607981747479,0.43758113138616284,0,0
"N=3,H=4",3400310,4,3,1.0,0.5693508553837607,0.5242037976668379,0.5405028586152464,0,0
"N=3,H=4",3400311,4,3,1.0,0.40305058836130087,0.3870324888134474,0.3957111007047803,0,0
"N=3,H=4",3400312,4,3,1.0,0.3666740383911927,0.3508524773249192,0.3557240353316902,0,0
"N=3,H=4",3400313,4,3,1.0,0.5440480310499329,0.500928610104175,0.5159374257922048,0,0
"N=3,H=4",3400314,4,3,1.0,0.5380836957593176,0.5017278405987762,0.5132699936319023,0,0
"N=3,H=4",3400315,4,3,1.0,0.6010473644248774,0.5542665183203624,0.5694691104229671,0,0
"N=3,H=4",3400316,4,3,1.0,0.3416731811864641,0.3215439567991919,0.33092902072584696,0,0
"N=3,H=4",3400317,4,3,1.0,0.5436374889341452,0.5052325573389076,0.5154173097246246,0,0
"N=3,H=4",3400318,4,3,1.0,0.4698978830455725,0.44048289648711,0.45457035286543923,0,0
"N=3,H=4",3400319,4,3,1.0,0.5949595534629346,0.553920545029096,0.5654147219076858,0,0
"N=3,H=4",3400320,4,3,1.0,0.4975696419180812,0.4618263383979163,0.46789370642312345,0,0
"N=3,H=4",3400321,4,3,1.0,0.6576714141335802,0.5951471654444165,0.6098720272463767,0,0
"N=3,H=4",3400322,4,3,1.0,0.5402782826250965,0.5018590878819003,0.5126458228153341,0,0
"N=3,H=4",3400323,4,3,1.0,0.47229161766590305,0.4494856185091067,0.45465665241867137,0,0
"N=3,H=4",3400324,4,3,1.0,0.43853741278061453,0.41413153122774116,0.42090668672781073,0,0
"N=3,H=4",3400325,4,3,1.0,0.4860777096373322,0.4505634304926784,0.4586173440342649,0,0
"N=3,H=4",3400326,4,3,1.0,0.41237527091425885,0.3917327965334372,0.40465920446497666,0,0
"N=3,H=4",3400327,4,3,1.0,0.46259381702786556,0.4375535801538451,0.4489723685351138,0,0
"N=3,H=4",3400328,4,3,1.0,0.4079021329049106,0.38971758571866405,0.3932381045608374,0,0
"N=3,H=4",3400329,4,3,1.0,0.5752436189820931,0.528113107163247,0.5438286494354275,0,0
"N=3,H=4",3400330,4,3,1.0,0.6222740247683415,0.571800216752006,0.5826640983726071,0,0
"N=3,H=4",3400331,4,3,1.0,0.5742260635729782,0.530296781330071,0.5450416725185858,0,0
"N=3,H=4",3400332,4,3,1.0,0.45985093847725367,0.43018542173921814,0.44176994657471785,0,0
"N=3,H=4",3400333,4,3,1.0,0.44553568066697175,0.420601004956505,0.43375693822769795,0,0
"N=3,H=4",3400334,4,3,1.0,0.5412686843220639,0.5059525762139624,0.5187448523489745,0,0
"N=3,H=4",3400335,4,3,1.0,0.5782639437219499,0.5529330393890851,0.5643617412949806,0,0
"N=3,H=4",3400336,4,3,1.0,0.45069540524713814,0.43053481646102776,0.43443630290962476,0,0
"N=3,H=4",3400337,4,3,1.0,0.5019996493900936,0.4602165360613852,0.47319334630919274,0,0
"N=3,H=4",3400338,4,3,1.0,0.404516180580158,0.3845977379722017,0.39180227897298076,0,0
"N=3,H=4",3400339,4,3,1.0,0.5327775956337648,0.491846561440984,0.5073885449364663,0,0
"N=3,H=4",3400340,4,3,1.0,0.5793442018798539,0.5361128035255253,0.545137540373412,0,0
"N=3,H=4",3400341,4,3,1.0,0.6099145087257694,0.5605003187018909,0.5721097664513197,0,0
"N=3,H=4",3400342,4,3,1.0,0.3756908531304165,0.3553330901295958,0.361538638080997,0,0
"N=3,H=4",3400343,4,3,1.0,0.613871822885609,0.5511121192075137,0.5590521402476903,0,0
"N=3,H=4",3400344,4,3,1.0,0.545419952720242,0.506770132017972,0.5191748114910211,0,0
"N=3,H=4",3400345,4,3,1.0,0.5700054177477161,0.5338371997911783,0.5523983445844992,0,0
"N=3,H=4",3400346,4,3,1.0,0.47546938666301414,0.45487252230159236,0.4646052564182064,0,0
"N=3,H=4",3400347,4,3,1.0,0.5994880677746811,0.5523225608176386,0.5632557391257336,0,0
"N=3,H=4",3400348,4,3,1.0,0.5294806752414606,0.48494072003765154,0.5005586661415259,0,0
"N=3,H=4",3400349,4,3,1.0,0.47828562478289766,0.45180509026267623,0.4604935234808014,0,0
"N=3,H=4",3400350,4,3,1.0,0.512859788168149,0.4743357898184017,0.48480042286777586,0,0
"N=3,H=4",3400351,4,3,1.0,0.5298809994904774,0.4842643346503261,0.4985751603341022,0,0
"N=3,H=4",3400352,4,3,1.0,0.503350469449539,0.46187323800772384,0.47920210049330403,0,0
"N=3,H=4",3400353,4,3,1.0,0.4020345512747172,0.38079340995213345,0.39067563056798194,0,0
"N=3,H=4",3400354,4,3,1.0,0.46110163684786093,0.4373546890190648,0.4507719732027379,0,0
"N=3,H=4",3400355,4,3,1.0,0.3970253705746539,0.37843782262978853,0.3862885035906535,0,0
"N=3,H=4",3400356,4,3,1.0,0.6534898751966987,0.6076203227771395,0.6151363548258907,0,0
"N=3,H=4",3400357,4,3,1.0,0.4915701413701736,0.4613138379034932,0.47106495742755994,0,0
"N=3,H=4",3400358,4,3,1.0,0.45867159433524185,0.41937533731080046,0.43584932932703385,0,0
"N=3,H=4",3400359,4,3,1.0,0.5161355414082008,0.4849209210010549,0.4923638607368366,0,0
"N=3,H=4",3400360,4,3,1.0,0.4943019044682886,0.4547671957911071,0.46440067741117186,0,0
"N=3,H=4",3400361,4,3,1.0,0.6194772964149311,0.5626909742572608,0.5750825005040858,0,0
"N=3,H=4",3400362,4,3,1.0,0.42605935642590975,0.4025059302348897,0.41112124648207155,0,0
"N=3,H=4",3400363,4,3,1.0,0.5813888729846218,0.5254707546460634,0.5389637968757002,0,0
"N=3,H=4",3400364,4,3,1.0,0.579845096886747,0.5232559356760934,0.5376406510269166,0,0
"N=3,H=4",3400365,4,3,1.0,0.5310334155273899,0.4856527288505462,0.4966890799171966,0,0
"N=3,H=4",3400366,4,3,1.0,0.5883107294276286,0.5509721865751867,0.5622985921031458,0,0
"N=3,H=4",3400367,4,3,1.0,0.5183153779632285,0.48516779962714807,0.49109422763321064,0,0
"N=3,H=4",3400368,4,3,1.0,0.540431892100649,0.49849086799991715,0.5074751087101348,0,0
"N=3,H=4",3400369,4,3,1.0,0.5849525220768645,0.5432077216357493,0.5553771688594985,0,0
"N=3,H=4",3400370,4,3,1.0,0.608338426538165,0.562198657470348,0.5796878651566894,0,0
"N=3,H=4",3400371,4,3,1.0,0.43905609157650605,0.4138914002088918,0.4248962626081324,0,0
"N=3,H=4",3400372,4,3,1.0,0.5769667155638555,0.5420187248168051,0.5483291828745355,0,0
"N=3,H=4",3400373,4,3,1.0,0.4947114305732088,0.47568153917130324,0.48312994842343576,0,0
"N=3,H=4",3400374,4,3,1.0,0.532339977568005,0.49892965843510484,0.5071792407687773,0,0
"N=3,H=4",3400375,4,3,1.0,0.3379021948856305,0.3192049791319945,0.3293228763182501,0,0
"N=3,H=4",3400376,4,3,1.0,0.4650730310337638,0.44171911308699036,0.4562607075351424,0,0
"N=3,H=4",3400377,4,3,1.0,0.4688672980172771,0.4412665655189933,0.4495102128684436,0,0
"N=3,H=4",3400378,4,3,1.0,0.5544993589686027,0.5204050114644176,0.531242306017587,0,0
"N=3,H=4",3400379,4,3,1.0,0.5622120021025883,0.5218211362622338,0.5363006690056751,0,0
"N=3,H=4",3400380,4,3,1.0,0.5149708646818434,0.47921698249915434,0.4899948734324347,0,0
"N=3,H=4",3400381,4,3,1.0,0.40678520890275194,0.3825857072081745,0.39373984232080683,0,0
"N=3,H=4",3400382,4,3,1.0,0.4095528384697348,0.3828802299525796,0.3931336859633466,0,0
"N=3,H=4",3400383,4,3,1.0,0.5487865159329527,0.5055126722435115,0.5217678674116821,0,0
"N=3,H=4",3400384,4,3,1.0,0.5196607904898903,0.48687493025419115,0.49526170155429133,0,0
"N=3,H=4",3400385,4,3,1.0,0.5454476203582355,0.522860497890881,0.532578251841252,0,0
"N=3,H=4",3400386,4,3,1.0,0.4289941147109267,0.3907307520667313,0.4016580354054821,0,0
"N=3,H=4",3400387,4,3,1.0,0.6316744005451896,0.5656131479118509,0.5843286241000409,0,0
"N=3,H=4",3400388,4,3,1.0,0.4576669278388071,0.42946456218406054,0.4456318704584344,0,0
"N=3,H=4",3400389,4,3,1.0,0.5071003506757071,0.47167484420812117,0.4907166769476972,0,0
"N=3,H=4",3400390,4,3,1.0,0.37802993409793967,0.36472280057367384,0.37137048908546155,0,0
"N=3,H=4",3400391,4,3,1.0,0.3732650353173953,0.35456594244987094,0.3594458110600042,0,0
"N=3,H=4",3400392,4,3,1.0,0.3566213296309807,0.3426334267914004,0.34819841762903175,0,0
"N=3,H=4",3400393,4,3,1.0,0.41000420646288277,0.38483557640665655,0.3990060629553992,0,0
"N=3,H=4",3400394,4,3,1.0,0.5720911177705341,0.5146395511216915,0.5345420656086671,0,0
"N=3,H=4",3400395,4,3,1.0,0.4483807242866778,0.41633716902346474,0.4290028162362116,0,0
"N=3,H=4",3400396,4,3,1.0,0.516660689372212,0.5060411350086873,0.5140334388471731,0,0
"N=3,H=4",3400397,4,3,1.0,0.3837905714978591,0.372846437005202,0.3768248869181568,0,0
"N=3,H=4",3400398,4,3,1.0,0.3239005104998657,0.31048654713088325,0.3192514608733793,0,0
"N=3,H=4",3400399,4,3,1.0,0.4997385691547409,0.46021639645956397,0.4688051932294138,0,0
"N=3,H=5",3500000,5,3,1.0,0.557984645572937,0.5216890486701256,0.5366784575380807,0,0
"N=3,H=5",3500001,5,3,1.0,0.5796562446827094,0.5329228973147683,0.5477965402849984,0,0
"N=3,H=5",3500002,5,3,1.0,0.6318229012993211,0.5888753020216265,0.5995010898896026,0,0
"N=3,H=5",3500003,5,3,1.0,0.5681140314926347,0.5230893677837262,0.535783279327713,0,0
"N=3,H=5",3500004,5,3,1.0,0.5442403062348381,0.5206867934622897,0.529138087534528,0,0
"N=3,H=5",3500005,5,3,1.0,0.6854954326066403,0.6330408706967158,0.651955691747522,0,0
"N=3,H=5",3500006,5,3,1.0,0.5530682634775421,0.519701598392076,0.5333700292347635,0,0
"N=3,H=5",3500007,5,3,1.0,0.5624271663285437,0.5317656199085208,0.5464987386228911,0,0
"N=3,H=5",3500008,5,3,1.0,0.5117800067722313,0.4774840269639503,0.485046284366058,0,0
"N=3,H=5",3500009,5,3,1.0,0.5733923738618201,0.5273631548132263,0.5486526789935905,0,0
"N=3,H=5",3500010,5,3,1.0,0.5173064853310072,0.4880793399598245,0.4981656090336804,0,0
"N=3,H=5",3500011,5,3,1.0,0.6537553895824368,0.6091984090715415,0.6216068442523495,0,0
"N=3,H=5",3500012,5,3,1.0,0.6496114895613131,0.5951252557773495,0.6137881357704928,0,0
"N=3,H=5",3500013,5,3,1.0,0.5941144185270947,0.5545153225029674,0.5674815654886546,0,0
"N=3,H=5",3500014,5,3,1.0,0.6093674907368053,0.5707326212190595,0.5881858034049131,0,0
"N=3,H=5",3500015,5,3,1.0,0.6523467784942955,0.6148277172675931,0.6270511693810813,0,0
"N=3,H=5",3500016,5,3,1.0,0.6088896604960737,0.5726516993446777,0.5845780312260631,0,0
"N=3,H=5",3500017,5,3,1.0,0.6756938615998603,0.6250433750986355,0.6395420172703846,0,0
"N=3,H=5",3500018,5,3,1.0,0.7022161078654605,0.6527098939154274,0.6723400504748623,0,0
"N=3,H=5",3500019,5,3,1.0,0.6824170918180131,0.630775130803966,0.6444015423593652,0,0
"N=3,H=5",3500020,5,3,1.0,0.6204902990470567,0.5682639762845229,0.5822243457131638,0,0
"N=3,H=5",3500021,5,3,1.0,0.5844039373003512,0.5422201910606415,0.5585889233496621,0,0
"N=3,H=5",3500022,5,3,1.0,0.462485127616364,0.4401259530091278,0.44368450855470626,0,0
"N=3,H=5",3500023,5,3,1.0,0.6021484195612918,0.5777115269754838,0.5928813505227204,0,0
"N=3,H=5",3500024,5,3,1.0,0.5881087469108909,0.5501327964130986,0.5658352337703175,0,0
"N=3,H=5",3500025,5,3,1.0,0.7408914316936924,0.6854027746673251,0.7060569261140409,0,0
"N=3,H=5",3500026,5,3,1.0,0.4847365328445101,0.4567379057059295,0.4678592085792966,0,0
"N=3,H=5",3500027,5,3,1.0,0.6660153358601459,0.6287484030872129,0.638675065728738,0,0
"N=3,H=5",3500028,5,3,1.0,0.5529362640457025,0.5049911884038809,0.5205433047656164,0,0
"N=3,H=5",3500029,5,3,1.0,0.4786516002233442,0.45619453425946155,0.46304851574272765,0,0
"N=3,H=5",3500030,5,3,1.0,0.7032023734618111,0.6579968038227244,0.6688227706251128,0,0
"N=3,H=5",3500031,5,3,1.0,0.6391934659003694,0.5975044006663653,0.6085069432442272,0,0
"N=3,H=5",3500032,5,3,1.0,0.7744590226854202,0.7280139361636158,0.7425280673055005,0,0
"N=3,H=5",3500033,5,3,1.0,0.5109775638447607,0.4817685262070584,0.4922126780859307,0,0
"N=3,H=5",3500034,5,3,1.0,0.6155525907781237,0.5720806837377777,0.5845121388213389,0,0
"N=3,H=5",3500035,5,3,1.0,0.8071814148615158,0.7336525870994868,0.7560650372305855,0,0
"N=3,H=5",3500036,5,3,1.0,0.6844150964043215,0.6333877412076672,0.6442571762313264,0,0
"N=3,H=5",3500037,5,3,1.0,0.5738006563660131,0.5422677058751674,0.5617338706777166,0,0
"N=3,H=5",3500038,5,3,1.0,0.6965447430912024,0.6448986017603239,0.6638852231847847,0,0
"N=3,H=5",3500039,5,3,1.0,0.5129248982537167,0.48560007977544817,0.4935015655674685,0,0
"N=3,H=5",3500040,5,3,1.0,0.5506003481845104,0.5186174395328961,0.5272629647034454,0,0
"N=3,H=5",3500041,5,3,1.0,0.5248841945645073,0.4886059637396329,0.5096591328986063,0,0
"N=3,H=5",3500042,5,3,1.0,0.5858247364432643,0.548524625630058,0.5594394990288216,0,0
"N=3,H=5",3500043,5,3,1.0,0.5927151204376712,0.5554767975481595,0.5632944020193712,0,0
"N=3,H=5",3500044,5,3,1.0,0.6772887956141093,0.6207327419363045,0.6352258573718518,0,0
"N=3,H=5",3500045,5,3,1.0,0.6052572887764808,0.5663487574012996,0.5825080160648555,0,0
"N=3,H=5",3500046,5,3,1.0,0.5802967273917613,0.5425032820811752,0.5574837073350885,0,0
"N=3,H=5",3500047,5,3,1.0,0.6923572345451839,0.6369684282249731,0.653485795149943,0,0
"N=3,H=5",3500048,5,3,1.0,0.6364218416353545,0.5988064673515795,0.6168251689046972,0,0
"N=3,H=5",3500049,5,3,1.0,0.6193423344884907,0.5721802815580043,0.5840800484798018,0,0
"N=3,H=5",3500050,5,3,1.0,0.525320742337066,0.4850203649988485,0.5051957484985716,0,0
"N=3,H=5",3500051,5,3,1.0,0.47186821364153003,0.44415679085307697,0.4566726717599926,0,0
"N=3,H=5",3500052,5,3,1.0,0.6677278133143948,0.615944154394903,0.643188846697199,0,0
"N=3,H=5",3500053,5,3,1.0,0.6320092152797051,0.5955421229514849,0.617610501829624,0,0
"N=3,H=5",3500054,5,3,1.0,0.5226979317971965,0.49058768750707077,0.5020817233596305,0,0
"N=3,H=5",3500055,5,3,1.0,0.5538401626575301,0.5171223211036173,0.5278308157550129,0,0
"N=3,H=5",3500056,5,3,1.0,0.5751467492944027,0.5553333409417033,0.562315805328779,0,0
"N=3,H=5",3500057,5,3,1.0,0.587766076612561,0.5476412370661189,0.5632850009997624,0,0
"N=3,H=5",3500058,5,3,1.0,0.6283449417837238,0.6018710111444407,0.612779535061618,0,0
"N=3,H=5",3500059,5,3,1.0,0.5203832797382238,0.5003470430376108,0.5086961485756394,0,0
"N=3,H=5",3500060,5,3,1.0,0.5626450209685762,0.5278109358657599,0.5387362882783947,0,0
"N=3,H=5",3500061,5,3,1.0,0.5122751226574116,0.4765409342819123,0.4858419666171363,0,0
"N=3,H=5",3500062,5,3,1.0,0.8098797376214127,0.7447993340427408,0.758598009540639,0,0
"N=3,H=5",3500063,5,3,1.0,0.5670991750990055,0.5323723207888295,0.5429188598125548,0,0
"N=3,H=5",3500064,5,3,1.0,0.5194774334890575,0.49510049282900503,0.5026426677971781,0,0
"N=3,H=5",3500065,5,3,1.0,0.5640613490455738,0.5274547121162104,0.5442363645794365,0,0
"N=3,H=5",3500066,5,3,1.0,0.757745210013727,0.7068792043818124,0.7208960432872726,0,0
"N=3,H=5",3500067,5,3,1.0,0.6615891845424052,0.615093943645615,0.6248630191055706,0,0
"N=3,H=5",3500068,5,3,1.0,0.6685452814440289,0.6197254479337266,0.6361505554048226,0,0
"N=3,H=5",3500069,5,3,1.0,0.6475134706009855,0.6128603425205787,0.6210262415958467,0,0
"N=3,H=5",3500070,5,3,1.0,0.6709240524910707,0.6188411762966948,0.6375799000590608,0,0
"N=3,H=5",3500071,5,3,1.0,0.5671309042057148,0.5400096005122776,0.5482589723710161,0,0
"N=3,H=5",3500072,5,3,1.0,0.5599459813365932,0.5311796855608957,0.5423629834932414,0,0
"N=3,H=5",3500073,5,3,1.0,0.4947944000856647,0.47786972387569476,0.48342957296674954,0,0
"N=3,H=5",3500074,5,3,1.0,0.6662981812752509,0.6108401469324835,0.6316842722009316,0,0
"N=3,H=5",3500075,5,3,1.0,0.6491584031477909,0.6004955509971733,0.6136393361526215,0,0
"N=3,H=5",3500076,5,3,1.0,0.6942619335847242,0.6422967029767876,0.6518158280665097,0,0
"N=3,H=5",3500077,5,3,1.0,0.7292465327036446,0.6679149713121746,0.6755377681299047,0,0
"N=3,H=5",3500078,5,3,1.0,0.540794636135498,0.49922271412799873,0.5169155110599845,0,0
"N=3,H=5",3500079,5,3,1.0,0.5705454306624249,0.5382460783042606,0.5468091297475941,0,0
"N=3,H=5",3500080,5,3,1.0,0.49353049860601583,0.46427857616346685,0.47315342084475875,0,0
"N=3,H=5",3500081,5,3,1.0,0.6082067423011281,0.5833159797448723,0.5977239866959232,0,0
"N=3,H=5",3500082,5,3,1.0,0.6489626324763648,0.6068086792278845,0.6261486644518763,0,0
"N=3,H=5",3500083,5,3,1.0,0.5456627848857363,0.5009996824843168,0.5082298399500741,0,0
"N=3,H=5",3500084,5,3,1.0,0.6939448777561017,0.6412255887548539,0.6581894388610624,0,0
"N=3,H=5",3500085,5,3,1.0,0.5948672332140442,0.5647877317867838,0.575801383866446,0,0
"N=3,H=5",3500086,5,3,1.0,0.6695525039582875,0.6184458851393779,0.6385944760386536,0,0
"N=3,H=5",3500087,5,3,1.0,0.6151479933760141,0.5801499679748282,0.5909970943034322,0,0
"N=3,H=5",3500088,5,3,1.0,0.7292950639701514,0.6589082198582026,0.6738343133944839,0,0
"N=3,H=5",3500089,5,3,1.0,0.6562284991822667,0.6067856657756308,0.6172185943204882,0,0
"N=3,H=5",3500090,5,3,1.0,0.6138230419735543,0.5744013321161279,0.5914948956473399,0,0
"N=3,H=5",3500091,5,3,1.0,0.5886941643206721,0.5562397827530279,0.573925380695882,0,0
"N=3,H=5",3500092,5,3,1.0,0.46917910997854484,0.4544804200606652,0.46120282781162497,0,0
"N=3,H=5",3500093,5,3,1.0,0.7094136571076674,0.6636734132640028,0.6724880897898969,0,0
"N=3,H=5",3500094,5,3,1.0,0.7797978405554014,0.7204677382384682,0.731276905144753,0,0
"N=3,H=5",3500095,5,3,1.0,0.5853091940629513,0.5390729999402151,0.5571047725240963,0,0
"N=3,H=5",3500096,5,3,1.0,0.6223437662340249,0.5875692865094957,0.59530999430804,0,0
"N=3,H=5",3500097,5,3,1.0,0.5717116220346454,0.5344868199395885,0.5484505171209884,0,0
"N=3,H=5",3500098,5,3,1.0,0.8220768931568516,0.7426830166241724,0.7639113303930418,0,0
"N=3,H=5",3500099,5,3,1.0,0.5952776726772434,0.5603227822794996,0.5719062376603653,0,0
"N=3,H=5",3500100,5,3,1.0,0.7857434100678661,0.7300743299939225,0.7457271960380438,0,0
"N=3,H=5",3500101,5,3,1.0,0.600532640197786,0.5574113333849473,0.5763563259504385,0,0
"N=3,H=5",3500102,5,3,1.0,0.5526620540161012,0.5246728611206263,0.531207466747446,0,0
"N=3,H=5",3500103,5,3,1.0,0.5360941635852983,0.5140518282760628,0.5225607667478976,0,0
"N=3,H=5",3500104,5,3,1.0,0.5602700796691045,0.5239262736061961,0.5313218926299209,0,0
"N=3,H=5",3500105,5,3,1.0,0.7543954574124861,0.6964591119358653,0.7231098818921805,0,0
"N=3,H=5",3500106,5,3,1.0,0.6381043910277243,0.5862879614005146,0.5960114589177588,0,0
"N=3,H=5",3500107,5,3,1.0,0.490295179514958,0.46322915208980003,0.47333484868409614,0,0
"N=3,H=5",3500108,5,3,1.0,0.6735705467902144,0.6272686377659329,0.6387222961352111,0,0
"N=3,H=5",3500109,5,3,1.0,0.5474536481781984,0.5150938472685269,0.5220421247764908,0,0
"N=3,H=5",3500110,5,3,1.0,0.43143332892208114,0.425618748207996,0.43171337026098894,0,0
"N=3,H=5",3500111,5,3,1.0,0.6648533316341487,0.6164405378286865,0.6293551617628043,0,0
"N=3,H=5",3500112,5,3,1.0,0.5705360591216982,0.5523961614415773,0.5704036999894756,0,0
"N=3,H=5",3500113,5,3,1.0,0.44419247897941183,0.42383395730912604,0.433505446536066,0,0
"N=3,H=5",3500114,5,3,1.0,0.4988321530424187,0.47453991614941154,0.4853966581206333,0,0
"N=3,H=5",3500115,5,3,1.0,0.47670707948425756,0.45633550909764453,0.460650724179224,0,0
"N=3,H=5",3500116,5,3,1.0,0.6520852861149858,0.6021059226430001,0.6169236071278548,0,0
"N=3,H=5",3500117,5,3,1.0,0.48254635741416557,0.4495607796819062,0.46838492840517015,0,0
"N=3,H=5",3500118,5,3,1.0,0.6345457686005748,0.602930561287193,0.6141553697397341,0,0
"N=3,H=5",3500119,5,3,1.0,0.5672194099696154,0.527717330072228,0.5427771200195012,0,0
"N=3,H=5",3500120,5,3,1.0,0.6387389310641146,0.5823119069052385,0.5995413057210334,0,0
"N=3,H=5",3500121,5,3,1.0,0.587907723747801,0.564854944861184,0.5783862474849634,0,0
"N=3,H=5",3500122,5,3,1.0,0.46305684457940216,0.4475018184711682,0.45404730177548147,0,0
"N=3,H=5",3500123,5,3,1.0,0.5050467339483308,0.47902636937491283,0.49089920370975965,0,0
"N=3,H=5",3500124,5,3,1.0,0.7051206039945901,0.6436441410907657,0.6599921908158319,0,0
"N=3,H=5",3500125,5,3,1.0,0.7134300089643747,0.6574960187985315,0.6698342363177903,0,0
"N=3,H=5",3500126,5,3,1.0,0.721817555104455,0.6655403424612399,0.6836400070957982,0,0
"N=3,H=5",3500127,5,3,1.0,0.613605298519947,0.5607724479687776,0.5879698284002978,0,0
"N=3,H=5",3500128,5,3,1.0,0.507790532501612,0.48683637959207776,0.49542987768201147,0,0
"N=3,H=5",3500129,5,3,1.0,0.6451390860912266,0.5929536975932436,0.6101632837646193,0,0
"N=3,H=5",3500130,5,3,1.0,0.5616234572389595,0.5294936866356864,0.5355680110117103,0,0
"N=3,H=5",3500131,5,3,1.0,0.6185066943632255,0.5811166355689414,0.594266152517732,0,0
"N=3,H=5",3500132,5,3,1.0,0.7916852544898549,0.7230658758109991,0.7376192507479243,0,0
"N=3,H=5",3500133,5,3,1.0,0.5502932574998337,0.5190515612309493,0.5274397260929726,0,0
"N=3,H=5",3500134,5,3,1.0,0.5567921661074184,0.526898714634046,0.5351278515872907,0,0
"N=3,H=5",3500135,5,3,1.0,0.5311434345613498,0.5093348479890585,0.5147346665980034,0,0
"N=3,H=5",3500136,5,3,1.0,0.46590988935488964,0.44299509672470466,0.45287155653331707,0,0
"N=3,H=5",3500137,5,3,1.0,0.48326212108194655,0.46087343083532695,0.47153877752689277,0,0
"N=3,H=5",3500138,5,3,1.0,0.7160711365520779,0.6629144141049248,0.6835309219251451,0,0
"N=3,H=5",3500139,5,3,1.0,0.6156533131328341,0.577304416966872,0.5917420248141135,0,0
"N=3,H=5",3500140,5,3,1.0,0.5247011588270829,0.5027062532754837,0.5110364726891224,0,0
"N=3,H=5",3500141,5,3,1.0,0.5506849812325546,0.5175972503570013,0.5234478712098503,0,0
"N=3,H=5",3500142,5,3,1.0,0.67368230395765,0.6255535022896463,0.6402153639909489,0,0
"N=3,H=5",3500143,5,3,1.0,0.5962488262352981,0.557588717943278,0.566264605852361,0,0
"N=3,H=5",3500144,5,3,1.0,0.5908920222569133,0.5533462492176757,0.562610356591338,0,0
"N=3,H=5",3500145,5,3,1.0,0.6513474232208911,0.6159660856710703,0.6247793383810445,0,0
"N=3,H=5",3500146,5,3,1.0,0.6565990180114056,0.60560624497887,0.6231691311930251,0,0
"N=3,H=5",3500147,5,3,1.0,0.7214102078216046,0.6553357486238699,0.6678558937735151,0,0
"N=3,H=5",3500148,5,3,1.0,0.7287532619006699,0.6697879630958067,0.6887046570122689,0,0
"N=3,H=5",3500149,5,3,1.0,0.6774456828778587,0.6298777490684533,0.6416584187995436,0,0
"N=3,H=5",3500150,5,3,1.0,0.7402075098286054,0.6933083967287589,0.7065548973694469,0,0
"N=3,H=5",3500151,5,3,1.0,0.5512218907519929,0.521718423701684,0.533299229633149,0,0
"N=3,H=5",3500152,5,3,1.0,0.5754805193348543,0.5478739188132172,0.5574132437706447,0,0
"N=3,H=5",3500153,5,3,1.0,0.4978146951020232,0.47523733442617355,0.4834042559102808,0,0
"N=3,H=5",3500154,5,3,1.0,0.6712098341969535,0.6166651682309571,0.6297507231432796,0,0
"N=3,H=5",3500155,5,3,1.0,0.6019472216160665,0.5582901563535737,0.5744716164757757,0,0
"N=3,H=5",3500156,5,3,1.0,0.631870743884921,0.5925186534922263,0.6101183341778665,0,0
"N=3,H=5",3500157,5,3,1.0,0.5242510045069307,0.5040588354749999,0.5112815907971016,0,0
"N=3,H=5",3500158,5,3,1.0,0.5106139337260676,0.4771284915446091,0.4899794154535124,0,0
"N=3,H=5",3500159,5,3,1.0,0.7178931996921147,0.6678117441838112,0.6768738775733956,0,0
"N=3,H=5",3500160,5,3,1.0,0.6309201714938817,0.6041415278771288,0.6142907698575725,0,0
"N=3,H=5",3500161,5,3,1.0,0.5760816325832483,0.5452660343094923,0.552968745845094,0,0
"N=3,H=5",3500162,5,3,1.0,0.6162860943034643,0.5632358951972571,0.5826629051231147,0,0
"N=3,H=5",3500163,5,3,1.0,0.5520980878082916,0.5186377180969668,0.5321791991704947,0,0
"N=3,H=5",3500164,5,3,1.0,0.757642840007942,0.7040223238818195,0.7215604524308415,0,0
"N=3,H=5",3500165,5,3,1.0,0.6565103387982201,0.6056958514431585,0.623091644392785,0,0
"N=3,H=5",3500166,5,3,1.0,0.5973618697061319,0.5652550320086451,0.5753517699310401,0,0
"N=3,H=5",3500167,5,3,1.0,0.5852738039743308,0.5498805270294135,0.56319220379045,0,0
"N=3,H=5",3500168,5,3,1.0,0.6751395372538358,0.6091583543136687,0.643008949422247,0,0
"N=3,H=5",3500169,5,3,1.0,0.7231778505265728,0.6698582027850322,0.6827242849005527,0,0
"N=3,H=5",3500170,5,3,1.0,0.7899965982190669,0.7330134565784691,0.7563292253913472,0,0
"N=3,H=5",3500171,5,3,1.0,0.6494478454549317,0.610022401479508,0.6238923445731526,0,0
"N=3,H=5",3500172,5,3,1.0,0.647910632429142,0.6112926703566487,0.6242230484872212,0,0
"N=3,H=5",3500173,5,3,1.0,0.5217608067647402,0.4881074323867517,0.497359181879114,0,0
"N=3,H=5",3500174,5,3,1.0,0.6134471903260371,0.5689001909064021,0.5827991144457423,0,0
"N=3,H=5",3500175,5,3,1.0,0.6442445690181997,0.5889205925614265,0.5981623467985951,0,0
"N=3,H=5",3500176,5,3,1.0,0.40020773276489996,0.3909168808228245,0.39622410640393746,0,0
"N=3,H=5",3500177,5,3,1.0,0.5407957123163598,0.520381843586126,0.527493500601266,0,0
"N=3,H=5",3500178,5,3,1.0,0.5615342844765409,0.5230273806612982,0.5327516115183156,0,0
"N=3,H=5",3500179,5,3,1.0,0.6846935248343009,0.6450357563972026,0.6538856524174284,0,0
"N=3,H=5",3500180,5,3,1.0,0.6614091552947282,0.6255746167299081,0.636467817216968,0,0
"N=3,H=5",3500181,5,3,1.0,0.5856583329056894,0.5529626794354975,0.5629653831837957,0,0
"N=3,H=5",3500182,5,3,1.0,0.5675143988315771,0.5270428872974198,0.5369114113795987,0,0
"N=3,H=5",3500183,5,3,1.0,0.5367063338769008,0.50432232972021,0.5159395182863508,0,0
"N=3,H=5",3500184,5,3,1.0,0.6730828722046888,0.6108617626961718,0.6295364499391672,0,0
"N=3,H=5",3500185,5,3,1.0,0.6854987551240777,0.6335186778982692,0.6461641542115287,0,0
"N=3,H=5",3500186,5,3,1.0,0.6780554425295332,0.6268054385966761,0.6456533085249426,0,0
"N=3,H=5",3500187,5,3,1.0,0.5335568419859589,0.5119050282377337,0.5167979499917862,0,0
"N=3,H=5",3500188,5,3,1.0,0.4833730154973295,0.4535081247903989,0.4638754812707492,0,0
"N=3,H=5",3500189,5,3,1.0,0.6244875709451899,0.601033501092907,0.6132402837808081,0,0
"N=3,H=5",3500190,5,3,1.0,0.5406904916388223,0.5130795229551832,0.5237928115271808,0,0
"N=3,H=5",3500191,5,3,1.0,0.6325313285176474,0.5831283997127479,0.593962743465746,0,0
"N=3,H=5",3500192,5,3,1.0,0.6922707222695437,0.6448573941064809,0.6555645286370849,0,0
"N=3,H=5",3500193,5,3,1.0,0.5945047532707448,0.5587943168810637,0.5654575833995789,0,0
"N=3,H=5",3500194,5,3,1.0,0.6975064359513331,0.6468736529123975,0.6612518068634426,0,0
"N=3,H=5",3500195,5,3,1.0,0.6953677980438113,0.6454748246216104,0.6626470202568208,0,0
"N=3,H=5",3500196,5,3,1.0,0.7368948597030975,0.6797118202130373,0.7004165100016947,0,0
"N=3,H=5",3500197,5,3,1.0,0.5379366779885999,0.5069720759719232,0.5171522537747677,0,0
"N=3,H=5",3500198,5,3,1.0,0.6307504098145152,0.5968355012619609,0.605522654432224,0,0
"N=3,H=5",3500199,5,3,1.0,0.5658916558017694,0.5334987614922464,0.5475393254029958,0,0
"N=3,H=5",3500200,5,3,1.0,0.6349224804291879,0.5843944351870524,0.59976540203598,0,0
"N=3,H=5",3500201,5,3,1.0,0.630594932899722,0.587387686619878,0.5985539113713987,0,0
"N=3,H=5",3500202,5,3,1.0,0.5947459140868027,0.5650327495542422,0.5740016492752352,0,0
"N=3,H=5",3500203,5,3,1.0,0.7308212183895263,0.6674634664500224,0.6773006487526892,0,0
"N=3,H=5",3500204,5,3,1.0,0.5518391874113552,0.5192094279113034,0.5310216805555645,0,0
"N=3,H=5",3500205,5,3,1.0,0.5279028740427849,0.48601521459475266,0.4974066374710836,0,0
"N=3,H=5",3500206,5,3,1.0,0.6663197855747605,0.6188860308349601,0.6334368248965428,0,0
"N=3,H=5",3500207,5,3,1.0,0.7273947125743068,0.6711606274317096,0.6905738069795045,0,0
"N=3,H=5",3500208,5,3,1.0,0.6815251980692187,0.6223141891549236,0.6432903867284675,0,0
"N=3,H=5",3500209,5,3,1.0,0.6247821958161466,0.58176006196868,0.5956902662348404,0,0
"N=3,H=5",3500210,5,3,1.0,0.6390595277515267,0.5862835403284754,0.6031249510652387,0,0
"N=3,H=5",3500211,5,3,1.0,0.6007651002255102,0.5601291846847727,0.5721146307746536,0,0
"N=3,H=5",3500212,5,3,1.0,0.477106270525739,0.45198045046149404,0.4576190550819917,0,0
"N=3,H=5",3500213,5,3,1.0,0.7074194579902662,0.6523784157908279,0.6611670854534787,0,0
"N=3,H=5",3500214,5,3,1.0,0.6227466311898479,0.5723648700520205,0.5888200538067074,0,0
"N=3,H=5",3500215,5,3,1.0,0.5741796099131095,0.5355667526507338,0.54865241688929,0,0
"N=3,H=5",3500216,5,3,1.0,0.6611444695604838,0.6169417404432347,0.6304695481113203,0,0
"N=3,H=5",3500217,5,3,1.0,0.691285870779847,0.6306237501917623,0.6476216908817205,0,0
"N=3,H=5",3500218,5,3,1.0,0.47432107164266335,0.44823216434108193,0.45908503433103254,0,0
"N=3,H=5",3500219,5,3,1.0,0.6994620688233977,0.631626174873369,0.6614898670620506,0,0
"N=3,H=5",3500220,5,3,1.0,0.5748469347902573,0.5309908563382483,0.5540154450815085,0,0
"N=3,H=5",3500221,5,3,1.0,0.6993519561000009,0.6359623399524703,0.6558146887185059,0,0
"N=3,H=5",3500222,5,3,1.0,0.6270305641726692,0.5907659557508258,0.6013272176932721,0,0
"N=3,H=5",3500223,5,3,1.0,0.6943155177492358,0.6430130842903627,0.660701032417607,0,0
"N=3,H=5",3500224,5,3,1.0,0.6105976807259619,0.5679578410833585,0.582705907836031,0,0
"N=3,H=5",3500225,5,3,1.0,0.5393485576099795,0.5051516913399654,0.5176987447120859,0,0
"N=3,H=5",3500226,5,3,1.0,0.644186669237564,0.6103537095619528,0.6197921816491224,0,0
"N=3,H=5",3500227,5,3,1.0,0.6231875506040813,0.5778036733350517,0.5954608039242156,0,0
"N=3,H=5",3500228,5,3,1.0,0.6674040209481167,0.6130850717281957,0.6295747415083314,0,0
"N=3,H=5",3500229,5,3,1.0,0.61210102909864,0.5569623923260705,0.5738246862646096,0,0
"N=3,H=5",3500230,5,3,1.0,0.7268266038930671,0.6663686054187808,0.6848501782797145,0,0
"N=3,H=5",3500231,5,3,1.0,0.6655106183175544,0.6200410273341479,0.6307126751008522,0,0
"N=3,H=5",3500232,5,3,1.0,0.7901992025278998,0.7274257154765528,0.7464596490004496,0,0
"N=3,H=5",3500233,5,3,1.0,0.6257400090408143,0.5876384641293942,0.6004943888483305,0,0
"N=3,H=5",3500234,5,3,1.0,0.7067934388829417,0.6524137627783323,0.6653004023232842,0,0
"N=3,H=5",3500235,5,3,1.0,0.6474929680062437,0.5993668677510735,0.6156500624735015,0,0
"N=3,H=5",3500236,5,3,1.0,0.7565526788445616,0.6789526939937964,0.7029176447477479,0,0
"N=3,H=5",3500237,5,3,1.0,0.5785180766742085,0.542308859682722,0.5539694968100072,0,0
"N=3,H=5",3500238,5,3,1.0,0.6982152078352737,0.643664302413045,0.6596473921466148,0,0
"N=3,H=5",3500239,5,3,1.0,0.6498734926451266,0.6068110866825024,0.6174803825428314,0,0
"N=3,H=5",3500240,5,3,1.0,0.5530622408655763,0.520740629729161,0.5325602957270205,0,0
"N=3,H=5",3500241,5,3,1.0,0.5529541651511252,0.5221769490729307,0.5378526810038057,0,0
"N=3,H=5",3500242,5,3,1.0,0.45371142497056177,0.4391202700543916,0.44403808180436244,0,0
"N=3,H=5",3500243,5,3,1.0,0.4503427189278197,0.43060348920009317,0.4372873678869373,0,0
"N=3,H=5",3500244,5,3,1.0,0.5827155723995111,0.5434513629098008,0.5628396944127352,0,0
"N=3,H=5",3500245,5,3,1.0,0.5508484481400571,0.5199822010603988,0.5338355078399439,0,0
"N=3,H=5",3500246,5,3,1.0,0.4638055957503341,0.4373434339360043,0.44526186055152983,0,0
"N=3,H=5",3500247,5,3,1.0,0.41510926658689684,0.3927088069358952,0.40032947472817404,0,0
"N=3,H=5",3500248,5,3,1.0,0.6572895304991196,0.6106212392673954,0.6217601312418174,0,0
"N=3,H=5",3500249,5,3,1.0,0.6251230841376605,0.5971846263967093,0.6071300082645736,0,0
"N=3,H=5",3500250,5,3,1.0,0.63830325176906,0.5769120708102367,0.5951283188601951,0,0
"N=3,H=5",3500251,5,3,1.0,0.5861784445751017,0.5582720859474453,0.5719411724342243,0,0
"N=3,H=5",3500252,5,3,1.0,0.618717172540796,0.5776396058748404,0.5941032792547056,0,0
"N=3,H=5",3500253,5,3,1.0,0.634135536946536,0.5878994505304962,0.5995436365487842,0,0
"N=3,H=5",3500254,5,3,1.0,0.7156949754643598,0.6599873243728636,0.6739293789658223,0,0
"N=3,H=5",3500255,5,3,1.0,0.580066542022066,0.5452929907247223,0.5577651072478311,0,0
"N=3,H=5",3500256,5,3,1.0,0.546058857570963,0.5184888005424108,0.5242314911419356,0,0
"N=3,H=5",3500257,5,3,1.0,0.6019748484762723,0.5676621687777861,0.5763907882669949,0,0
"N=3,H=5",3500258,5,3,1.0,0.637432855238416,0.5883955420833544,0.5982572479853653,0,0
"N=3,H=5",3500259,5,3,1.0,0.5774743841882741,0.5371987152571803,0.5506719232693643,0,0
"N=3,H=5",3500260,5,3,1.0,0.5074629081779093,0.48092942780280534,0.49054539420463766,0,0
"N=3,H=5",3500261,5,3,1.0,0.783512902478345,0.7182635003312637,0.7353118377984901,0,0
"N=3,H=5",3500262,5,3,1.0,0.5557957275432062,0.5175403199364778,0.530961494103918,0,0
"N=3,H=5",3500263,5,3,1.0,0.5713269177984608,0.5353107735340694,0.5454291073318063,0,0
"N=3,H=5",3500264,5,3,1.0,0.6236315322255928,0.5874420557357952,0.5941221737935911,0,0
"N=3,H=5",3500265,5,3,1.0,0.698371448805444,0.6508393710632492,0.6648633869704137,0,0
"N=3,H=5",3500266,5,3,1.0,0.5945460592547501,0.5566252100061436,0.5720139144732295,0,0
"N=3,H=5",3500267,5,3,1.0,0.49571334966359504,0.4656640513192133,0.4720294735248702,0,0
"N=3,H=5",3500268,5,3,1.0,0.6612708383967887,0.6251585300869613,0.6374216493707654,0,0
"N=3,H=5",3500269,5,3,1.0,0.5091984205410228,0.48687959648241763,0.4979932678826054,0,0
"N=3,H=5",3500270,5,3,1.0,0.5656270408274465,0.531093633032422,0.5490367536619334,0,0
"N=3,H=5",3500271,5,3,1.0,0.7249010759492511,0.6706695222179989,0.6815969023479752,0,0
"N=3,H=5",3500272,5,3,1.0,0.6544748315257475,0.6107429412524001,0.6250953533105424,0,0
"N=3,H=5",3500273,5,3,1.0,0.5303221978710694,0.505106020611689,0.51550261062998,0,0
"N=3,H=5",3500274,5,3,1.0,0.6186194300212997,0.5854004517515525,0.60005272153328,0,0
"N=3,H=5",3500275,5,3,1.0,0.7516908504875955,0.6984974978919803,0.7107929768451807,0,0
"N=3,H=5",3500276,5,3,1.0,0.6997409123867733,0.650667851553723,0.666103344063595,0,0
"N=3,H=5",3500277,5,3,1.0,0.5415168084016921,0.5055108075339055,0.5136974184657531,0,0
"N=3,H=5",3500278,5,3,1.0,0.7542854653532888,0.7045035277451769,0.7146510873985568,0,0
"N=3,H=5",3500279,5,3,1.0,0.5991637170647807,0.562637392498199,0.5778713184527826,0,0
"N=3,H=5",3500280,5,3,1.0,0.7665871739142097,0.698326255879293,0.7158422701181727,0,0
"N=3,H=5",3500281,5,3,1.0,0.5647282855358955,0.518363892982796,0.5361970885079642,0,0
"N=3,H=5",3500282,5,3,1.0,0.5685949637267397,0.537416360887675,0.5509550641275991,0,0
"N=3,H=5",3500283,5,3,1.0,0.5742009493881263,0.5427540494691862,0.5588575704076552,0,0
"N=3,H=5",3500284,5,3,1.0,0.6748282052034812,0.6221309412521032,0.6374874438469902,0,0
"N=3,H=5",3500285,5,3,1.0,0.576377048947067,0.5348860954026411,0.5585255784796535,0,0
"N=3,H=5",3500286,5,3,1.0,0.6528864159263734,0.6166090907245695,0.6484310582701717,0,0
"N=3,H=5",3500287,5,3,1.0,0.5841950735790356,0.5448831846642939,0.5581887549051806,0,0
"N=3,H=5",3500288,5,3,1.0,0.7209346364190272,0.663984966822696,0.6811917256013743,0,0
"N=3,H=5",3500289,5,3,1.0,0.7193282397569398,0.6661329387901335,0.683192987157949,0,0
"N=3,H=5",3500290,5,3,1.0,0.5825258549143023,0.5435758370471174,0.5554461520778553,0,0
"N=3,H=5",3500291,5,3,1.0,0.5455191911109003,0.514529899700337,0.5259778279148403,0,0
"N=3,H=5",3500292,5,3,1.0,0.5507795009911665,0.4955133345040247,0.5223246889845662,0,0
"N=3,H=5",3500293,5,3,1.0,0.5671577239052743,0.527862405690672,0.5396922321636715,0,0
"N=3,H=5",3500294,5,3,1.0,0.5212069266858618,0.49384920893766343,0.5042098733130194,0,0
"N=3,H=5",3500295,5,3,1.0,0.5228347309746991,0.4969838158489544,0.505109373718744,0,0
"N=3,H=5",3500296,5,3,1.0,0.6387760674091113,0.6056949680987966,0.6173976758064408,0,0
"N=3,H=5",3500297,5,3,1.0,0.49902664120495527,0.4694683384405079,0.47933890649397337,0,0
"N=3,H=5",3500298,5,3,1.0,0.5485100945055035,0.5152740714623631,0.5279420580715989,0,0
"N=3,H=5",3500299,5,3,1.0,0.6604589057421116,0.6068404125339614,0.6240708426890198,0,0
"N=3,H=5",3500300,5,3,1.0,0.5705362526201189,0.5349202351390381,0.5465461303408037,0,0
"N=3,H=5",3500301,5,3,1.0,0.6034887663831517,0.5575561901766841,0.5743998477002104,0,0
"N=3,H=5",3500302,5,3,1.0,0.7325468077380533,0.6876217440120572,0.7032737327299449,0,0
"N=3,H=5",3500303,5,3,1.0,0.6347774732789576,0.5973825410891912,0.6040300643363561,0,0
"N=3,H=5",3500304,5,3,1.0,0.642264258390435,0.5872383898165864,0.6057711124807911,0,0
"N=3,H=5",3500305,5,3,1.0,0.5338560837970652,0.4984993466233325,0.5124253762559705,0,0
"N=3,H=5",3500306,5,3,1.0,0.5267243052761945,0.49864133739019756,0.5097682151458278,0,0
"N=3,H=5",3500307,5,3,1.0,0.6506343931468705,0.6045395366111757,0.6165379631446506,0,0
"N=3,H=5",3500308,5,3,1.0,0.6537480513144698,0.6103958409219005,0.6292488603576706,0,0
"N=3,H=5",3500309,5,3,1.0,0.761428692270719,0.697422825350753,0.7216681036026205,0,0
"N=3,H=5",3500310,5,3,1.0,0.6017168432787209,0.5636304650180598,0.5807965792289441,0,0
"N=3,H=5",3500311,5,3,1.0,0.5861226647842588,0.5558734840813092,0.572296190127429,0,0
"N=3,H=5",3500312,5,3,1.0,0.7249486614664076,0.6564025729243956,0.6820684813784226,0,0
"N=3,H=5",3500313,5,3,1.0,0.5049074501096207,0.47627096463521224,0.4866678333172249,0,0
"N=3,H=5",3500314,5,3,1.0,0.6659910893909702,0.6185447708116566,0.6339931348657228,0,0
"N=3,H=5",3500315,5,3,1.0,0.5985936549404202,0.552692202102787,0.5660168876236489,0,0
"N=3,H=5",3500316,5,3,1.0,0.5365046296157798,0.49998725085009277,0.5142401383117126,0,0
"N=3,H=5",3500317,5,3,1.0,0.6915900896202725,0.6379726895664286,0.6499234483388712,0,0
"N=3,H=5",3500318,5,3,1.0,0.6836645627415963,0.6246767330978112,0.6409178120726972,0,0
"N=3,H=5",3500319,5,3,1.0,0.5064803283319496,0.4865928493425524,0.4950398594128081,0,0
"N=3,H=5",3500320,5,3,1.0,0.6207515435883829,0.5692142289883533,0.5848271851640141,0,0
"N=3,H=5",3500321,5,3,1.0,0.5044489830713053,0.47773565317007205,0.48575466635144465,0,0
"N=3,H=5",3500322,5,3,1.0,0.6134699592137485,0.5609684058364758,0.5837213487623423,0,0
"N=3,H=5",3500323,5,3,1.0,0.5572488170202484,0.518570931327446,0.5315278875897573,0,0
"N=3,H=5",3500324,5,3,1.0,0.5726170378520505,0.5324587974773051,0.550124742039917,0,0
"N=3,H=5",3500325,5,3,1.0,0.8099655121882828,0.7355969609480266,0.7574667810765804,0,0
"N=3,H=5",3500326,5,3,1.0,0.6484543370861511,0.6109015649549699,0.6248459460812462,0,0
"N=3,H=5",3500327,5,3,1.0,0.5804893540905605,0.5494298933978392,0.5607748438607751,0,0
"N=3,H=5",3500328,5,3,1.0,0.5654579539116394,0.5339431833423911,0.5479374197590343,0,0
"N=3,H=5",3500329,5,3,1.0,0.6738656153859128,0.6300036197144527,0.6374876850591074,0,0
"N=3,H=5",3500330,5,3,1.0,0.668178084501552,0.621264623826108,0.6380528571224817,0,0
"N=3,H=5",3500331,5,3,1.0,0.5348805710814992,0.504015878456253,0.5166517702585053,0,0
"N=3,H=5",3500332,5,3,1.0,0.5724189968169294,0.5500646879750429,0.5566351592255814,0,0
"N=3,H=5",3500333,5,3,1.0,0.595233673232861,0.5591207395022925,0.5724816988358007,0,0
"N=3,H=5",3500334,5,3,1.0,0.5310567931822369,0.49370676195685115,0.5109433457147198,0,0
"N=3,H=5",3500335,5,3,1.0,0.6350138762307722,0.6026064695535963,0.6118894129888371,0,0
"N=3,H=5",3500336,5,3,1.0,0.6390933396627692,0.6130829706707764,0.6228138214971299,0,0
"N=3,H=5",3500337,5,3,1.0,0.7268006118899325,0.6675004142415489,0.6860887484819235,0,0
"N=3,H=5",3500338,5,3,1.0,0.7626867734723657,0.7062602334633942,0.7214788462149241,0,0
"N=3,H=5",3500339,5,3,1.0,0.600356836523807,0.5703578940422255,0.5809312699815121,0,0
"N=3,H=5",3500340,5,3,1.0,0.716416920206049,0.6554689443648958,0.6711046756952715,0,0
"N=3,H=5",3500341,5,3,1.0,0.6108547043217869,0.5757852210785201,0.5844539892267856,0,0
"N=3,H=5",3500342,5,3,1.0,0.4728727581248373,0.44255599140581264,0.4546303163602022,0,0
"N=3,H=5",3500343,5,3,1.0,0.5363186274020233,0.5117783982622602,0.5177992843470647,0,0
"N=3,H=5",3500344,5,3,1.0,0.7931486990625779,0.7250086340841522,0.7424357327315532,0,0
"N=3,H=5",3500345,5,3,1.0,0.36810734088739955,0.35114436691828704,0.3572373711550417,0,0
"N=3,H=5",3500346,5,3,1.0,0.6442133109605269,0.5975799128616518,0.6122346392089755,0,0
"N=3,H=5",3500347,5,3,1.0,0.5530065359830716,0.5187917287160068,0.5305960516953047,0,0
"N=3,H=5",3500348,5,3,1.0,0.6608084319575264,0.615896378193395,0.6297834467577885,0,0
"N=3,H=5",3500349,5,3,1.0,0.6612001089680549,0.6101873794686486,0.6437090454095886,0,0
"N=3,H=5",3500350,5,3,1.0,0.6900506664860008,0.637898775879025,0.6560830043426255,0,0
"N=3,H=5",3500351,5,3,1.0,0.600453612899249,0.5644571815003702,0.5795145707221584,0,0
"N=3,H=5",3500352,5,3,1.0,0.6646592588132534,0.6228618917502671,0.6339568625503377,0,0
"N=3,H=5",3500353,5,3,1.0,0.7426283664239441,0.6863047051637694,0.706733538075901,0,0
"N=3,H=5",3500354,5,3,1.0,0.728342715775748,0.6658862262718467,0.6837052489101122,0,0
"N=3,H=5",3500355,5,3,1.0,0.5709532669587466,0.5336320563420638,0.5418205344377981,0,0
"N=3,H=5",3500356,5,3,1.0,0.5714672708245567,0.547619087887529,0.5544240088954789,0,0
"N=3,H=5",3500357,5,3,1.0,0.793417638781919,0.7282695249678283,0.7449539396800947,0,0
"N=3,H=5",3500358,5,3,1.0,0.5726505051208728,0.5440518489797306,0.5556982436770673,0,0
"N=3,H=5",3500359,5,3,1.0,0.8895095761506416,0.8146016957180625,0.8348848322069944,0,0
"N=3,H=5",3500360,5,3,1.0,0.5879469388910215,0.5396491197366745,0.5492769779570625,0,0
"N=3,H=5",3500361,5,3,1.0,0.5694615106098486,0.5217045276203203,0.5442303421982948,0,0
"N=3,H=5",3500362,5,3,1.0,0.5652896321513028,0.5289676503613868,0.5422394486708102,0,0
"N=3,H=5",3500363,5,3,1.0,0.7524757576188587,0.6870887227517856,0.7050728860714528,0,0
"N=3,H=5",3500364,5,3,1.0,0.5999744535426116,0.5679152698070236,0.5803095101309416,0,0
"N=3,H=5",3500365,5,3,1.0,0.5381887025554355,0.5109341991745243,0.520636591951633,0,0
"N=3,H=5",3500366,5,3,1.0,0.512709691200242,0.48496240811008695,0.49641435515636306,0,0
"N=3,H=5",3500367,5,3,1.0,0.5176946325719831,0.48807743115964813,0.49802282408262155,0,0
"N=3,H=5",3500368,5,3,1.0,0.6213926657707887,0.5888957099004002,0.6010262841058679,0,0
"N=3,H=5",3500369,5,3,1.0,0.5794596163614649,0.5428242427364607,0.5559995567377133,0,0
"N=3,H=5",3500370,5,3,1.0,0.6872617535389598,0.6260861771963536,0.6497322067228891,0,0
"N=3,H=5",3500371,5,3,1.0,0.5738404444118417,0.537429810997026,0.5526793003394432,0,0
"N=3,H=5",3500372,5,3,1.0,0.42892755943883515,0.40662449170747555,0.41662112411418234,0,0
"N=3,H=5",3500373,5,3,1.0,0.5461869333145104,0.5190572139248472,0.5314931140983828,0,0
"N=3,H=5",3500374,5,3,1.0,0.4556068643059765,0.4337237235997095,0.44467977452881374,0,0
"N=3,H=5",3500375,5,3,1.0,0.6048676261837274,0.5646155116345912,0.5831091265992835,0,0
"N=3,H=5",3500376,5,3,1.0,0.6323107967256703,0.5917038662419484,0.605857509322896,0,0
"N=3,H=5",3500377,5,3,1.0,0.6929036170176783,0.6473366617102667,0.6575697440940305,0,0
"N=3,H=5",3500378,5,3,1.0,0.5433734286112231,0.5128958784732401,0.5286712551195234,0,0
"N=3,H=5",3500379,5,3,1.0,0.6147227928146318,0.5775627512618512,0.5911690460909946,0,0
"N=3,H=5",3500380,5,3,1.0,0.5544162950992344,0.5150307398125552,0.5271135602290609,0,0
"N=3,H=5",3500381,5,3,1.0,0.6908538578838666,0.6420381043312393,0.6546125311864883,0,0
"N=3,H=5",3500382,5,3,1.0,0.4594122695950238,0.4321919976236776,0.4422907980830721,0,0
"N=3,H=5",3500383,5,3,1.0,0.6291176334875282,0.5796717870996158,0.591670412896612,0,0
"N=3,H=5",3500384,5,3,1.0,0.7152860636604419,0.6669033853945767,0.6852825855587592,0,0
"N=3,H=5",3500385,5,3,1.0,0.5677244942679078,0.538374657101818,0.5501485655427456,0,0
"N=3,H=5",3500386,5,3,1.0,0.6200030738057996,0.5779788659001024,0.5948121009134764,0,0
"N=3,H=5",3500387,5,3,1.0,0.5433007305130862,0.5021768374488781,0.5169885058192792,0,0
"N=3,H=5",3500388,5,3,1.0,0.5787736324197365,0.5362869955604754,0.5516445622154945,0,0
"N=3,H=5",3500389,5,3,1.0,0.6182286804094174,0.5731509407709025,0.5925149292127715,0,0
"N=3,H=5",3500390,5,3,1.0,0.4792327761918458,0.45410213726040255,0.4628506851592385,0,0
"N=3,H=5",3500391,5,3,1.0,0.6330568114540228,0.5878280776263471,0.5969895953921605,0,0
"N=3,H=5",3500392,5,3,1.0,0.43574627895723705,0.4159673787427865,0.42670424115403593,0,0
"N=3,H=5",3500393,5,3,1.0,0.662810775585584,0.6258886439982544,0.6354141978229113,0,0
"N=3,H=5",3500394,5,3,1.0,0.7203276271554726,0.6714002173745963,0.6874443330782295,0,0
"N=3,H=5",3500395,5,3,1.0,0.6407202216238629,0.5961151867044959,0.6057408400757082,0,0
"N=3,H=5",3500396,5,3,1.0,0.615578286597921,0.5763684856165672,0.5912456571944043,0,0
"N=3,H=5",3500397,5,3,1.0,0.5361032724241316,0.4938951339105456,0.50386898908528,0,0
"N=3,H=5",3500398,5,3,1.0,0.650024814115873,0.6135681131848373,0.6263729084245186,0,0
"N=3,H=5",3500399,5,3,1.0,0.4475164134338599,0.42442566987072605,0.43127889110604756,0,0
"N=5,H=3",5300000,3,5,1.0,0.2777505632391172,0.26518732522708777,0.26743089507973283,0,0
"N=5,H=3",5300001,3,5,1.0,0.3326076881674123,0.3190832331670814,0.3218322627560025,0,0
"N=5,H=3",5300002,3,5,1.0,0.2529413763614293,0.2378125348564516,0.24577769340074754,0,0
"N=5,H=3",5300003,3,5,1.0,0.2457748043340087,0.23506477377848053,0.23787328488840156,0,0
"N=5,H=3",5300004,3,5,1.0,0.28873839772626075,0.2815299709192521,0.2843642854712165,0,0
"N=5,H=3",5300005,3,5,1.0,0.18708961668049118,0.17871262104146082,0.18252495511138397,0,0
"N=5,H=3",5300006,3,5,1.0,0.2652713165043791,0.2580748429864614,0.2610948784360659,0,0
"N=5,H=3",5300007,3,5,1.0,0.2899371124276463,0.2734531200753717,0.2770143535547396,0,0
"N=5,H=3",5300008,3,5,1.0,0.2526967873211109,0.23992790329600105,0.24359010891587451,0,0
"N=5,H=3",5300009,3,5,1.0,0.21085110905821824,0.2081181586674778,0.20916991435018012,0,0
"N=5,H=3",5300010,3,5,1.0,0.2554459114481144,0.24687415277681998,0.25011069701351485,0,0
"N=5,H=3",5300011,3,5,1.0,0.31356106728951794,0.293592955039533,0.3068807656994114,0,0
"N=5,H=3",5300012,3,5,1.0,0.29347121728980724,0.28328198975530183,0.2902909438473143,0,0
"N=5,H=3",5300013,3,5,1.0,0.2821406783976619,0.27599378517561085,0.2789631239812893,0,0
"N=5,H=3",5300014,3,5,1.0,0.21798951782301243,0.2121748227601451,0.2168982208904709,0,0
"N=5,H=3",5300015,3,5,1.0,0.3205766793892978,0.3041665910954393,0.312354644577655,0,0
"N=5,H=3",5300016,3,5,1.0,0.3643948129837662,0.3394832820288682,0.3468128040287473,0,0
"N=5,H=3",5300017,3,5,1.0,0.28737408620304583,0.269197899423284,0.2794742197444969,0,0
"N=5,H=3",5300018,3,5,1.0,0.2382870987488313,0.23005706553761018,0.23487291606963193,0,0
"N=5,H=3",5300019,3,5,1.0,0.21979842040369102,0.2104864022573546,0.21774060027400713,0,0
"N=5,H=3",5300020,3,5,1.0,0.3118617359962103,0.2973055218510792,0.30221964358212733,0,0
"N=5,H=3",5300021,3,5,1.0,0.2025399490567112,0.19365464589614353,0.19612097893193584,0,0
"N=5,H=3",5300022,3,5,1.0,0.35979694899690184,0.33443225964586504,0.3447657433924646,0,0
"N=5,H=3",5300023,3,5,1.0,0.305302819069746,0.2925106407230199,0.2997811880143156,0,0
"N=5,H=3",5300024,3,5,1.0,0.21080088019376036,0.20345196890128753,0.20629642716456772,0,0
"N=5,H=3",5300025,3,5,1.0,0.21514214113574062,0.20937085017454618,0.21134874649347793,0,0
"N=5,H=3",5300026,3,5,1.0,0.2760342900830357,0.2508595162539301,0.2563342756443853,0,0
"N=5,H=3",5300027,3,5,1.0,0.3412393551933634,0.3243023458179437,0.33083527234818944,0,0
"N=5,H=3",5300028,3,5,1.0,0.32970759886332296,0.31796306569739236,0.32338844693428526,0,0
"N=5,H=3",5300029,3,5,1.0,0.2634413386321302,0.2579171949979533,0.2601179376589688,0,0
"N=5,H=3",5300030,3,5,1.0,0.2832501102154733,0.2692788888642823,0.2729305132053114,0,0
"N=5,H=3",5300031,3,5,1.0,0.2362364204940962,0.224742969174667,0.22727113809227628,0,0
"N=5,H=3",5300032,3,5,1.0,0.2795652609004089,0.272690939703913,0.27603547583446353,0,0
"N=5,H=3",5300033,3,5,1.0,0.23582758692684597,0.2305938470910925,0.23322207288568347,0,0
"N=5,H=3",5300034,3,5,1.0,0.27035829897504393,0.2500665098652377,0.2682628115593224,0,0
"N=5,H=3",5300035,3,5,1.0,0.25485078068646466,0.23839151389587945,0.2425857391446553,0,0
"N=5,H=3",5300036,3,5,1.0,0.34734832446763075,0.3286573880082111,0.33503413466948184,0,0
"N=5,H=3",5300037,3,5,1.0,0.2914489024989324,0.28733932987581307,0.28846030244176857,0,0
"N=5,H=3",5300038,3,5,1.0,0.22653118296129462,0.22118361836535422,0.22364225610634106,0,0
"N=5,H=3",5300039,3,5,1.0,0.3935305894630958,0.36920556074068034,0.378340302612683,0,0
"N=5,H=3",5300040,3,5,1.0,0.20240199556041538,0.194706745344065,0.19633426560544767,0,0
"N=5,H=3",5300041,3,5,1.0,0.20510668125790568,0.19700089526315223,0.20138125902961498,0,0
"N=5,H=3",5300042,3,5,1.0,0.29137595147058715,0.27701091289369395,0.28208788851184086,0,0
"N=5,H=3",5300043,3,5,1.0,0.4005772444281686,0.3738841529935703,0.3757199238101173,0,0
"N=5,H=3",5300044,3,5,1.0,0.33575721332624575,0.30793016881812585,0.31765410290727014,0,0
"N=5,H=3",5300045,3,5,1.0,0.3085864931792717,0.2876997382934128,0.29151272463614314,0,0
"N=5,H=3",5300046,3,5,1.0,0.4074780629445637,0.37435252941146513,0.3793379633126714,0,0
"N=5,H=3",5300047,3,5,1.0,0.24739267404860255,0.23739914587703667,0.24415605753813913,0,0
"N=5,H=3",5300048,3,5,1.0,0.38007713757612566,0.35769135070280583,0.3640355097418653,0,0
"N=5,H=3",5300049,3,5,1.0,0.25771773517094787,0.2485877437580585,0.2527721829764079,0,0
"N=5,H=3",5300050,3,5,1.0,0.3629775046428404,0.33349591690689306,0.345881716316391,0,0
"N=5,H=3",5300051,3,5,1.0,0.21828825377006275,0.21297927602150185,0.21440177683708184,0,0
"N=5,H=3",5300052,3,5,1.0,0.33819572318116153,0.3137217108883042,0.3180056153382753,0,0
"N=5,H=3",5300053,3,5,1.0,0.3866221904226486,0.361971367446318,0.3723998127900372,0,0
"N=5,H=3",5300054,3,5,1.0,0.3954469881297399,0.36941361038843956,0.374780214604129,0,0
"N=5,H=3",5300055,3,5,1.0,0.17899134069795564,0.17278943294410742,0.17421919634378427,0,0
"N=5,H=3",5300056,3,5,1.0,0.29682064818409765,0.28096259218030195,0.2835410314018889,0,0
"N=5,H=3",5300057,3,5,1.0,0.47082629969308903,0.4411044356470498,0.44645691174657315,0,0
"N=5,H=3",5300058,3,5,1.0,0.327163810381973,0.3137089989813586,0.315282162228552,0,0
"N=5,H=3",5300059,3,5,1.0,0.2970410382942574,0.2822132033947851,0.2878375570726862,0,0
"N=5,H=3",5300060,3,5,1.0,0.27906127271578646,0.26698730802126025,0.2715686514975762,0,0
"N=5,H=3",5300061,3,5,1.0,0.29391675707890996,0.2802445216194906,0.2847499680856791,0,0
"N=5,H=3",5300062,3,5,1.0,0.21308558627988256,0.20244723434763806,0.20775805686964566,0,0
"N=5,H=3",5300063,3,5,1.0,0.1889172441319708,0.1857329472691765,0.18839625939148888,0,0
"N=5,H=3",5300064,3,5,1.0,0.39733373808375555,0.36867744363783156,0.3776970078927344,0,0
"N=5,H=3",5300065,3,5,1.0,0.35733233085895905,0.3359308453939361,0.34453916225149395,0,0
"N=5,H=3",5300066,3,5,1.0,0.3178019545617145,0.30044092545703344,0.3054047231017788,0,0
"N=5,H=3",5300067,3,5,1.0,0.2490372740542302,0.23126092519511238,0.23596543877079176,0,0
"N=5,H=3",5300068,3,5,1.0,0.3259074211770611,0.29797051206586916,0.3087788648191268,0,0
"N=5,H=3",5300069,3,5,1.0,0.30540796560784367,0.2880296201254798,0.29059289505712427,0,0
"N=5,H=3",5300070,3,5,1.0,0.18896766371526308,0.1840928990802692,0.185490441604022,0,0
"N=5,H=3",5300071,3,5,1.0,0.2551165339184975,0.24057129649712145,0.24708231489980925,0,0
"N=5,H=3",5300072,3,5,1.0,0.2664500828767024,0.2567051070984087,0.2611034643366115,0,0
"N=5,H=3",5300073,3,5,1.0,0.27934469344754836,0.26867888433583825,0.2717343374791457,0,0
"N=5,H=3",5300074,3,5,1.0,0.44800304735282276,0.41698200277410186,0.42277515981331354,0,0
"N=5,H=3",5300075,3,5,1.0,0.37553427490855934,0.3562771035639169,0.3699325476249166,0,0
"N=5,H=3",5300076,3,5,1.0,0.2582662438152493,0.2439803039227239,0.24778895872593407,0,0
"N=5,H=3",5300077,3,5,1.0,0.34595527806730075,0.31972240750917713,0.3291209074135491,0,0
"N=5,H=3",5300078,3,5,1.0,0.15650870939805797,0.15427207642303378,0.1567061658643051,0,0
"N=5,H=3",5300079,3,5,1.0,0.2152985825412119,0.20491314389588328,0.20598430930030218,0,0
"N=5,H=3",5300080,3,5,1.0,0.36754376572092734,0.33792473733138323,0.3431794922008368,0,0
"N=5,H=3",5300081,3,5,1.0,0.22361351416655975,0.21695176546058154,0.21811953054214925,0,0
"N=5,H=3",5300082,3,5,1.0,0.37948700692186726,0.34905787479769784,0.35635151649481883,0,0
"N=5,H=3",5300083,3,5,1.0,0.21572123865600767,0.21415641833980306,0.2180773191399202,0,0
"N=5,H=3",5300084,3,5,1.0,0.2662981381354734,0.2527110351117015,0.25943716471594663,0,0
"N=5,H=3",5300085,3,5,1.0,0.25696502889537054,0.24538758244424447,0.2492908167744827,0,0
"N=5,H=3",5300086,3,5,1.0,0.2778619368847432,0.2717978912585643,0.2735588553600153,0,0
"N=5,H=3",5300087,3,5,1.0,0.21063327889893244,0.20655083865520835,0.2090575079795032,0,0
"N=5,H=3",5300088,3,5,1.0,0.35618571907193375,0.33441332911484495,0.3357148068920596,0,0
"N=5,H=3",5300089,3,5,1.0,0.3124539357340982,0.30084584312028984,0.30825947241038626,0,0
"N=5,H=3",5300090,3,5,1.0,0.31273183839353247,0.2874691637945985,0.2932162135098131,0,0
"N=5,H=3",5300091,3,5,1.0,0.18525865442375963,0.18004721965256804,0.1815475891756166,0,0
"N=5,H=3",5300092,3,5,1.0,0.27420314925472644,0.26134922548631634,0.2665387783846825,0,0
"N=5,H=3",5300093,3,5,1.0,0.2810273700514574,0.26165981468139915,0.2701149660824298,0,0
"N=5,H=3",5300094,3,5,1.0,0.2902745397638691,0.28501728969071877,0.2864325611827447,0,0
"N=5,H=3",5300095,3,5,1.0,0.29146758642292303,0.2791757403365483,0.2862802833710034,0,0
"N=5,H=3",5300096,3,5,1.0,0.2927612483222596,0.27947678625165584,0.2822032845713088,0,0
"N=5,H=3",5300097,3,5,1.0,0.31605637989180896,0.30142367842988405,0.3053869967510623,0,0
"N=5,H=3",5300098,3,5,1.0,0.28441914491948456,0.2730636721828512,0.2779009124964233,0,0
"N=5,H=3",5300099,3,5,1.0,0.3004329517049807,0.2846975414136877,0.2893742470746223,0,0
"N=5,H=3",5300100,3,5,1.0,0.2874362821534029,0.26927371172046827,0.2764073799238655,0,0
"N=5,H=3",5300101,3,5,1.0,0.29396019127605444,0.2745492975209582,0.28028911875912305,0,0
"N=5,H=3",5300102,3,5,1.0,0.274419540958051,0.2503326326146085,0.25306163892427574,0,0
"N=5,H=3",5300103,3,5,1.0,0.3524201900559435,0.3320004498729295,0.33829403976869826,0,0
"N=5,H=3",5300104,3,5,1.0,0.27970631136579593,0.27050598881438764,0.2753947044249946,0,0
"N=5,H=3",5300105,3,5,1.0,0.3152342159248594,0.29622538076281435,0.29939080948530805,0,0
"N=5,H=3",5300106,3,5,1.0,0.2923807117188683,0.27677869956794676,0.2832212178740106,0,0
"N=5,H=3",5300107,3,5,1.0,0.21156936392435935,0.20689914630059095,0.2085383673078412,0,0
"N=5,H=3",5300108,3,5,1.0,0.24081160612123872,0.2269875908943692,0.23092950981571433,0,0
"N=5,H=3",5300109,3,5,1.0,0.2794429209445989,0.2647520917573478,0.2678666199000592,0,0
"N=5,H=3",5300110,3,5,1.0,0.3527936861519609,0.3321014612616108,0.3339192046182213,0,0
"N=5,H=3",5300111,3,5,1.0,0.26849326097191034,0.2579944595017768,0.2609188282630437,0,0
"N=5,H=3",5300112,3,5,1.0,0.27747736630409564,0.26161386938834813,0.2639860664734439,0,0
"N=5,H=3",5300113,3,5,1.0,0.33259786243315614,0.31360799256228283,0.3185502481386763,0,0
"N=5,H=3",5300114,3,5,1.0,0.2158187979657743,0.20723874589647637,0.21093054072793252,0,0
"N=5,H=3",5300115,3,5,1.0,0.16432514219935118,0.16345894073813463,0.1649879462471925,0,0
"N=5,H=3",5300116,3,5,1.0,0.21302511938521326,0.2070403454008316,0.21067503320449146,0,0
"N=5,H=3",5300117,3,5,1.0,0.32973992458954415,0.3121577644244091,0.3165471858649408,0,0
"N=5,H=3",5300118,3,5,1.0,0.32935304565839824,0.31083645808431787,0.3153013443947215,0,0
"N=5,H=3",5300119,3,5,1.0,0.38707072812953114,0.3607361433357061,0.3671215298023975,0,0
"N=5,H=3",5300120,3,5,1.0,0.15324354998481055,0.14816416965010018,0.14961864061034758,0,0
"N=5,H=3",5300121,3,5,1.0,0.43009457661567374,0.39279420458474845,0.4000539941554017,0,0
"N=5,H=3",5300122,3,5,1.0,0.2785879299511245,0.2585080230577279,0.27156740282023556,0,0
"N=5,H=3",5300123,3,5,1.0,0.2958193214009267,0.2765244016867567,0.2837231639931834,0,0
"N=5,H=3",5300124,3,5,1.0,0.26341760775606,0.25155427603893415,0.2552051119550955,0,0
"N=5,H=3",5300125,3,5,1.0,0.28691693772486027,0.2734436867490844,0.2775276238292702,0,0
"N=5,H=3",5300126,3,5,1.0,0.47462887365889095,0.428695392098463,0.44975852039281833,0,0
"N=5,H=3",5300127,3,5,1.0,0.33907484985021163,0.3236049542192113,0.3304783746239435,0,0
"N=5,H=3",5300128,3,5,1.0,0.23747246829709778,0.22652223804404786,0.2308286099706777,0,0
"N=5,H=3",5300129,3,5,1.0,0.25286956063769034,0.2416426433606528,0.2462872211522566,0,0
"N=5,H=3",5300130,3,5,1.0,0.3202065991486701,0.30794925596461065,0.31096958596954927,0,0
"N=5,H=3",5300131,3,5,1.0,0.3506760618623084,0.32539500661923043,0.3335212138628422,0,0
"N=5,H=3",5300132,3,5,1.0,0.36749115753792266,0.34004239356657406,0.347039908209354,0,0
"N=5,H=3",5300133,3,5,1.0,0.24450768590746466,0.23407470920970527,0.238456761344197,0,0
"N=5,H=3",5300134,3,5,1.0,0.3487115507127975,0.32216737743705914,0.33667743335013905,0,0
"N=5,H=3",5300135,3,5,1.0,0.2905551764753668,0.27931074684225554,0.2873623635917935,0,0
"N=5,H=3",5300136,3,5,1.0,0.3011654707660475,0.27782216535394527,0.2819005916312733,0,0
"N=5,H=3",5300137,3,5,1.0,0.32831387356548886,0.30973514389986717,0.3117159696526914,0,0
"N=5,H=3",5300138,3,5,1.0,0.1942423023981208,0.18795880890813713,0.1900315031217386,0,0
"N=5,H=3",5300139,3,5,1.0,0.3905887588374846,0.37288419440940634,0.37850436494979023,0,0
"N=5,H=3",5300140,3,5,1.0,0.3196925648364742,0.30354270800635663,0.3091680076475989,0,0
"N=5,H=3",5300141,3,5,1.0,0.20148514852329172,0.19541349791350418,0.19722889096965615,0,0
"N=5,H=3",5300142,3,5,1.0,0.3051022181205682,0.2839055238867881,0.28616121407060374,0,0
"N=5,H=3",5300143,3,5,1.0,0.33938554764763484,0.31965186182842115,0.3234098239513341,0,0
"N=5,H=3",5300144,3,5,1.0,0.37295179206545265,0.34638949210507103,0.3532246659731353,0,0
"N=5,H=3",5300145,3,5,1.0,0.3233844805304442,0.3061993645227698,0.31161327230412056,0,0
"N=5,H=3",5300146,3,5,1.0,0.26261068610565114,0.25309041430964635,0.2574313167774786,0,0
"N=5,H=3",5300147,3,5,1.0,0.30132984815948505,0.27491322033382626,0.28890818533035756,0,0
"N=5,H=3",5300148,3,5,1.0,0.3385043211387706,0.3159417645316767,0.3248362729153179,0,0
"N=5,H=3",5300149,3,5,1.0,0.1804396313720806,0.17429714466247914,0.17761057039148512,0,0
"N=5,H=3",5300150,3,5,1.0,0.2363824288495761,0.22729195074462324,0.23085310297111503,0,0
"N=5,H=3",5300151,3,5,1.0,0.29988717219291,0.291711183192674,0.29494008917490205,0,0
"N=5,H=3",5300152,3,5,1.0,0.27464014576546825,0.26448979156355723,0.26561304144405606,0,0
"N=5,H=3",5300153,3,5,1.0,0.2973990588291836,0.28481033843031545,0.2909681405870667,0,0
"N=5,H=3",5300154,3,5,1.0,0.3041799931087604,0.2973190906062223,0.30188403210028647,0,0
"N=5,H=3",5300155,3,5,1.0,0.27856632805254833,0.266726597417774,0.2709803806719636,0,0
"N=5,H=3",5300156,3,5,1.0,0.268583368200475,0.26149262455772054,0.26455107001778944,0,0
"N=5,H=3",5300157,3,5,1.0,0.2797043547648096,0.26431747144693757,0.27279516508911067,0,0
"N=5,H=3",5300158,3,5,1.0,0.21941831381043495,0.21351182740339394,0.21591164796527845,0,0
"N=5,H=3",5300159,3,5,1.0,0.3934206676930218,0.36612106071369643,0.3776556357053804,0,0
"N=5,H=3",5300160,3,5,1.0,0.24126953099245518,0.23836676105397916,0.239752724053054,0,0
"N=5,H=3",5300161,3,5,1.0,0.34470767017726184,0.32629739236682476,0.3347385871108749,0,0
"N=5,H=3",5300162,3,5,1.0,0.34877332155738294,0.3286302856746469,0.3347102410999585,0,0
"N=5,H=3",5300163,3,5,1.0,0.23433857176668837,0.2259503511248941,0.2295591551882609,0,0
"N=5,H=3",5300164,3,5,1.0,0.3193934763728496,0.3021887023065208,0.3097118391063113,0,0
"N=5,H=3",5300165,3,5,1.0,0.20135466972543548,0.19112694696487337,0.19483272733599363,0,0
"N=5,H=3",5300166,3,5,1.0,0.31572319926227116,0.2962958690608933,0.30073552705124407,0,0
"N=5,H=3",5300167,3,5,1.0,0.2231230058030884,0.21263877981910997,0.21444948518075813,0,0
"N=5,H=3",5300168,3,5,1.0,0.21599554945908445,0.20944003880406487,0.21324850467631856,0,0
"N=5,H=3",5300169,3,5,1.0,0.3661243271498743,0.3464833668286312,0.35233651039076846,0,0
"N=5,H=3",5300170,3,5,1.0,0.17052426554174524,0.1647209285592248,0.16590774776691702,0,0
"N=5,H=3",5300171,3,5,1.0,0.293739585108248,0.2734102096087579,0.27987489935811943,0,0
"N=5,H=3",5300172,3,5,1.0,0.25047343492427304,0.24118948417813352,0.24289210031885858,0,0
"N=5,H=3",5300173,3,5,1.0,0.43569963869784156,0.4000875744194114,0.4030553328117755,0,0
"N=5,H=3",5300174,3,5,1.0,0.30608530384618093,0.2859367272053544,0.2938365724335025,0,0
"N=5,H=3",5300175,3,5,1.0,0.3365487905242717,0.3151829923431934,0.32265491362586785,0,0
"N=5,H=3",5300176,3,5,1.0,0.2653060917089513,0.24709554267763442,0.252395805912606,0,0
"N=5,H=3",5300177,3,5,1.0,0.2284089302653011,0.21517877990189285,0.2228303661171235,0,0
"N=5,H=3",5300178,3,5,1.0,0.2275315871236904,0.21728063734578013,0.2196518622924266,0,0
"N=5,H=3",5300179,3,5,1.0,0.18523340595583462,0.18148994831664597,0.18401906909251187,0,0
"N=5,H=3",5300180,3,5,1.0,0.2324491591226873,0.2220470316020733,0.2248712861203629,0,0
"N=5,H=3",5300181,3,5,1.0,0.34795975576972527,0.31711826628147466,0.3271832619848982,0,0
"N=5,H=3",5300182,3,5,1.0,0.2753476234100057,0.26074348766868194,0.26561744566536777,0,0
"N=5,H=3",5300183,3,5,1.0,0.2807951565034078,0.26368315267080933,0.27233283964328137,0,0
"N=5,H=3",5300184,3,5,1.0,0.33957143608619605,0.31847553203301826,0.32870323071193835,0,0
"N=5,H=3",5300185,3,5,1.0,0.28458170326048887,0.27660423501377207,0.27978702869489525,0,0
"N=5,H=3",5300186,3,5,1.0,0.29932950506870326,0.2893771025991527,0.29240557758404706,0,0
"N=5,H=3",5300187,3,5,1.0,0.22716409904379803,0.21469609134561432,0.22153784383529632,0,0
"N=5,H=3",5300188,3,5,1.0,0.18947628822037044,0.18305336241086195,0.18627254294056958,0,0
"N=5,H=3",5300189,3,5,1.0,0.21558102262122789,0.21070094315381607,0.21386108212925298,0,0
"N=5,H=3",5300190,3,5,1.0,0.2386838380932109,0.2291642674891139,0.23068720695528286,0,0
"N=5,H=3",5300191,3,5,1.0,0.24912421795344408,0.24251376253244858,0.24428873431916506,0,0
"N=5,H=3",5300192,3,5,1.0,0.3512094883847158,0.33041051357163664,0.3429624800570101,0,0
"N=5,H=3",5300193,3,5,1.0,0.24976667806148958,0.2434846082742958,0.2470138138396573,0,0
"N=5,H=3",5300194,3,5,1.0,0.24856886733572567,0.24111185220855738,0.24332248968700249,0,0
"N=5,H=3",5300195,3,5,1.0,0.23595376252696146,0.22465438293846265,0.23380954282808702,0,0
"N=5,H=3",5300196,3,5,1.0,0.38656038529428693,0.3660553621139804,0.36903783662620937,0,0
"N=5,H=3",5300197,3,5,1.0,0.23683407624135727,0.22341787296121832,0.22648516660026558,0,0
"N=5,H=3",5300198,3,5,1.0,0.26888002750436213,0.2595095675822677,0.26488519832084995,0,0
"N=5,H=3",5300199,3,5,1.0,0.34217865873269604,0.32075048172516957,0.3279813104483449,0,0
"N=5,H=3",5300200,3,5,1.0,0.24958007838030008,0.2349082920984253,0.23961650000012963,0,0
"N=5,H=3",5300201,3,5,1.0,0.3292986163206241,0.3198242909356848,0.32104610313066295,0,0
"N=5,H=3",5300202,3,5,1.0,0.3439980146789768,0.3177022913771323,0.32529620409270155,0,0
"N=5,H=3",5300203,3,5,1.0,0.24710591926930556,0.2358432402988393,0.24014395561598198,0,0
"N=5,H=3",5300204,3,5,1.0,0.284382831930797,0.2685391239602848,0.27901374035858517,0,0
"N=5,H=3",5300205,3,5,1.0,0.2696287862741746,0.25257984614483253,0.2548094738695814,0,0
"N=5,H=3",5300206,3,5,1.0,0.2763160737953176,0.2633447000410187,0.2682293779374865,0,0
"N=5,H=3",5300207,3,5,1.0,0.27249465127111516,0.2519142967790181,0.25966327106751597,0,0
"N=5,H=3",5300208,3,5,1.0,0.2751298381573585,0.2577869141715684,0.2647571884015801,0,0
"N=5,H=3",5300209,3,5,1.0,0.28573766033000897,0.26871177551593883,0.2711584407509477,0,0
"N=5,H=3",5300210,3,5,1.0,0.2557303579163592,0.24542403250429756,0.24671108929136823,0,0
"N=5,H=3",5300211,3,5,1.0,0.31769930791229933,0.29446677918891895,0.2980359880929068,0,0
"N=5,H=3",5300212,3,5,1.0,0.3674226083478601,0.3466638959080945,0.35682756059967113,0,0
"N=5,H=3",5300213,3,5,1.0,0.3450074678308426,0.3192756789208194,0.32910681109333156,0,0
"N=5,H=3",5300214,3,5,1.0,0.3074388791453624,0.29064243507914234,0.2943088210434565,0,0
"N=5,H=3",5300215,3,5,1.0,0.14338050996254656,0.14072540267655007,0.1419313141012102,0,0
"N=5,H=3",5300216,3,5,1.0,0.277038849286507,0.2613609820553287,0.26779191584101186,0,0
"N=5,H=3",5300217,3,5,1.0,0.24417632854797675,0.23381172156310506,0.23556377661189554,0,0
"N=5,H=3",5300218,3,5,1.0,0.35413144435535465,0.3284805676554668,0.33854463878983015,0,0
"N=5,H=3",5300219,3,5,1.0,0.22098002284449236,0.20917026323171692,0.21216796144448927,0,0
"N=5,H=3",5300220,3,5,1.0,0.3301957114033193,0.3120420214460518,0.31633447045959684,0,0
"N=5,H=3",5300221,3,5,1.0,0.2433365649082045,0.23087490952224246,0.23374182587460754,0,0
"N=5,H=3",5300222,3,5,1.0,0.32888221734113876,0.32118100927240767,0.32445468406025163,0,0
"N=5,H=3",5300223,3,5,1.0,0.34326896469677665,0.3263437437220701,0.3288115237625524,0,0
"N=5,H=3",5300224,3,5,1.0,0.2789125139868739,0.2690301838504844,0.2734684795220579,0,0
"N=5,H=3",5300225,3,5,1.0,0.3195733523378627,0.3021966720616094,0.30591329812365253,0,0
"N=5,H=3",5300226,3,5,1.0,0.3011125137909968,0.28745041108976005,0.2938498439070098,0,0
"N=5,H=3",5300227,3,5,1.0,0.243006299544667,0.23415287955905648,0.23653795224131507,0,0
"N=5,H=3",5300228,3,5,1.0,0.316580987553591,0.2949628321711443,0.29716624660195057,0,0
"N=5,H=3",5300229,3,5,1.0,0.2612792435027505,0.2543699265331918,0.25668613537284224,0,0
"N=5,H=3",5300230,3,5,1.0,0.3511467274226898,0.32850579447815,0.33995927504874024,0,0
"N=5,H=3",5300231,3,5,1.0,0.23936764703441402,0.2325662839679785,0.23438388156771395,0,0
"N=5,H=3",5300232,3,5,1.0,0.34057927896570467,0.32347269028189696,0.3318690100379461,0,0
"N=5,H=3",5300233,3,5,1.0,0.20684268225579752,0.19952570305905962,0.20040225845747742,0,0
"N=5,H=3",5300234,3,5,1.0,0.1928730528155616,0.18689684703585396,0.19060872845440222,0,0
"N=5,H=3",5300235,3,5,1.0,0.4428503382524364,0.40285447907431504,0.4224377224988304,0,0
"N=5,H=3",5300236,3,5,1.0,0.32690474224052934,0.30361153458123713,0.3148271739113575,0,0
"N=5,H=3",5300237,3,5,1.0,0.30757075637837256,0.29416654703749867,0.3017698330666543,0,0
"N=5,H=3",5300238,3,5,1.0,0.26830343851374,0.2610320844173763,0.2652374672482922,0,0
"N=5,H=3",5300239,3,5,1.0,0.18110057522700915,0.1804633855452846,0.1818459032258426,0,0
"N=5,H=3",5300240,3,5,1.0,0.39677452004335373,0.37302060399963843,0.38222229802859825,0,0
"N=5,H=3",5300241,3,5,1.0,0.3607643217484014,0.3435422688076184,0.35194153540006384,0,0
"N=5,H=3",5300242,3,5,1.0,0.28643455236325344,0.2699702058976136,0.2763109372719672,0,0
"N=5,H=3",5300243,3,5,1.0,0.34338750127505774,0.3314524641436666,0.3339426722883032,0,0
"N=5,H=3",5300244,3,5,1.0,0.3048369853934942,0.2862910582262204,0.2914074829465422,0,0
"N=5,H=3",5300245,3,5,1.0,0.20074757161669926,0.19728093943167294,0.2031189079005427,0,0
"N=5,H=3",5300246,3,5,1.0,0.3369721951905181,0.3214913541988368,0.32396054062585466,0,0
"N=5,H=3",5300247,3,5,1.0,0.20095289130765007,0.19560381187187642,0.19675281713959467,0,0
"N=5,H=3",5300248,3,5,1.0,0.2943222438544993,0.27878332274957696,0.2809355307266045,0,0
"N=5,H=3",5300249,3,5,1.0,0.19389972354196278,0.18931048721130644,0.19206908270812892,0,0
"N=5,H=3",5300250,3,5,1.0,0.2682663634475067,0.26050783209960576,0.2624776256393328,0,0
"N=5,H=3",5300251,3,5,1.0,0.29380779554511643,0.28119066040167784,0.28541872918410616,0,0
"N=5,H=3",5300252,3,5,1.0,0.28928315437523533,0.27343857069710187,0.2754483792760175,0,0
"N=5,H=3",5300253,3,5,1.0,0.25048628355669506,0.23573008864459566,0.24355452773984784,0,0
"N=5,H=3",5300254,3,5,1.0,0.3550777112198688,0.33758381771590307,0.3411709086368877,0,0
"N=5,H=3",5300255,3,5,1.0,0.20237387398060533,0.19400976988427443,0.197133930759128,0,0
"N=5,H=3",5300256,3,5,1.0,0.3799242565343688,0.3533570387755257,0.3595946985007358,0,0
"N=5,H=3",5300257,3,5,1.0,0.2786004248531194,0.2649640251629048,0.2708869054193857,0,0
"N=5,H=3",5300258,3,5,1.0,0.24123008562864487,0.22921220821145893,0.23254036480041007,0,0
"N=5,H=3",5300259,3,5,1.0,0.17062085374993033,0.16380793404417912,0.16565310435897376,0,0
"N=5,H=3",5300260,3,5,1.0,0.22272147376748616,0.21609211105645248,0.21966566315855235,0,0
"N=5,H=3",5300261,3,5,1.0,0.26639701384614,0.2549684825657998,0.2567583025486989,0,0
"N=5,H=3",5300262,3,5,1.0,0.2649311160999419,0.2563261586650747,0.2637519240460823,0,0
"N=5,H=3",5300263,3,5,1.0,0.2466571320587911,0.24273481485140339,0.2463700377639539,0,0
"N=5,H=3",5300264,3,5,1.0,0.26055977671859293,0.24230932048987106,0.251253623134616,0,0
"N=5,H=3",5300265,3,5,1.0,0.21711668231846282,0.21212400698662592,0.2145770618058506,0,0
"N=5,H=3",5300266,3,5,1.0,0.19787760669313437,0.18623067394649226,0.19008152549029025,0,0
"N=5,H=3",5300267,3,5,1.0,0.22016387897589895,0.20888608832607186,0.21576351892210646,0,0
"N=5,H=3",5300268,3,5,1.0,0.4414487769616679,0.4072876674452707,0.4163368574935068,0,0
"N=5,H=3",5300269,3,5,1.0,0.24277431797019663,0.23348425724478827,0.23876516774287287,0,0
"N=5,H=3",5300270,3,5,1.0,0.22521307928789025,0.21921013846694584,0.22342169026617803,0,0
"N=5,H=3",5300271,3,5,1.0,0.2468374561490595,0.23776376779084188,0.24420549809561312,0,0
"N=5,H=3",5300272,3,5,1.0,0.28774973232567896,0.27403339910544244,0.27669242594847754,0,0
"N=5,H=3",5300273,3,5,1.0,0.2263804053756302,0.21571933324027384,0.21999542678682113,0,0
"N=5,H=3",5300274,3,5,1.0,0.2836120243565673,0.27438403417238233,0.2770226840679379,0,0
"N=5,H=3",5300275,3,5,1.0,0.19443639998518333,0.19049734914605776,0.19225285099197176,0,0
"N=5,H=3",5300276,3,5,1.0,0.30492602175784955,0.2880159322082967,0.2927453672769005,0,0
"N=5,H=3",5300277,3,5,1.0,0.22664011055714153,0.21398763834924858,0.22100131671907855,0,0
"N=5,H=3",5300278,3,5,1.0,0.36677602716208957,0.34294916571810974,0.3500919497643829,0,0
"N=5,H=3",5300279,3,5,1.0,0.3578785331448034,0.33786136867415506,0.3412326214344017,0,0
"N=5,H=3",5300280,3,5,1.0,0.3417759286165186,0.31684771373887205,0.32324031839420714,0,0
"N=5,H=3",5300281,3,5,1.0,0.25622788065720054,0.23943277754617032,0.24433698726651648,0,0
"N=5,H=3",5300282,3,5,1.0,0.3279801484025785,0.3045204203089568,0.30789890992567576,0,0
"N=5,H=3",5300283,3,5,1.0,0.3038872090639708,0.28064250792959666,0.29044414616270003,0,0
"N=5,H=3",5300284,3,5,1.0,0.26588688784227227,0.25297434447576506,0.25911457943429067,0,0
"N=5,H=3",5300285,3,5,1.0,0.2505645859460564,0.2369890384901378,0.23901305642783158,0,0
"N=5,H=3",5300286,3,5,1.0,0.2767005851363784,0.2674297399393888,0.2759744653547836,0,0
"N=5,H=3",5300287,3,5,1.0,0.27357344627011454,0.258061759815883,0.25936610614743727,0,0
"N=5,H=3",5300288,3,5,1.0,0.31575149941026404,0.3087565984918748,0.31175146760570704,0,0
"N=5,H=3",5300289,3,5,1.0,0.2888201516702936,0.2723127292463502,0.27839382123231393,0,0
"N=5,H=3",5300290,3,5,1.0,0.35141530738182064,0.3304366302648506,0.3370480291183447,0,0
"N=5,H=3",5300291,3,5,1.0,0.14370226260800328,0.14008116530800693,0.14204368333548484,0,0
"N=5,H=3",5300292,3,5,1.0,0.21487353658487818,0.2082168162081834,0.21341559594415133,0,0
"N=5,H=3",5300293,3,5,1.0,0.3331194031110497,0.31168253083061714,0.31569274568434375,0,0
"N=5,H=3",5300294,3,5,1.0,0.18824599892580285,0.186756389934358,0.189184844134023,0,0
"N=5,H=3",5300295,3,5,1.0,0.2622027678019101,0.25455707498695945,0.2568673089852681,0,0
"N=5,H=3",5300296,3,5,1.0,0.33679441759235207,0.3154946416247524,0.3214705256123458,0,0
"N=5,H=3",5300297,3,5,1.0,0.20227806416599395,0.19612033153100977,0.2011249478603304,0,0
"N=5,H=3",5300298,3,5,1.0,0.25407448111280395,0.24435794036293332,0.24764168519300425,0,0
"N=5,H=3",5300299,3,5,1.0,0.2985801934070264,0.2855391499796102,0.28870090603821597,0,0
"N=5,H=3",5300300,3,5,1.0,0.31530406510805553,0.2975571671669624,0.3031759835951603,0,0
"N=5,H=3",5300301,3,5,1.0,0.30258669430501967,0.28760496292096266,0.2951781866860278,0,0
"N=5,H=3",5300302,3,5,1.0,0.2809891884731458,0.2614875576966032,0.2684713504993418,0,0
"N=5,H=3",5300303,3,5,1.0,0.25810241916295934,0.24717878613524263,0.25095058188919556,0,0
"N=5,H=3",5300304,3,5,1.0,0.17842205770633704,0.17307845115770062,0.17600123133812615,0,0
"N=5,H=3",5300305,3,5,1.0,0.231410040521562,0.21761615028133316,0.2217972256432467,0,0
"N=5,H=3",5300306,3,5,1.0,0.30554090596332023,0.29468361104425383,0.2990564309193516,0,0
"N=5,H=3",5300307,3,5,1.0,0.2820272124514757,0.26616288567936885,0.27023866082488185,0,0
"N=5,H=3",5300308,3,5,1.0,0.23642012692182227,0.229541523096125,0.23131696674900712,0,0
"N=5,H=3",5300309,3,5,1.0,0.3948358158668752,0.346479387828186,0.3673902554635837,0,0
"N=5,H=3",5300310,3,5,1.0,0.28147598656077527,0.26678286953558256,0.2711479713081383,0,0
"N=5,H=3",5300311,3,5,1.0,0.253863552830702,0.239875031763311,0.2505133103548686,0,0
"N=5,H=3",5300312,3,5,1.0,0.29491130590824777,0.2766478186588944,0.28230946011550556,0,0
"N=5,H=3",5300313,3,5,1.0,0.3053657574054572,0.2877107738397107,0.29275985808339794,0,0
"N=5,H=3",5300314,3,5,1.0,0.16051767982788828,0.15493275799107994,0.15672353807735934,0,0
"N=5,H=3",5300315,3,5,1.0,0.35520403389457766,0.3326451651460342,0.34343294441261163,0,0
"N=5,H=3",5300316,3,5,1.0,0.36694153566743914,0.3336457331215333,0.3506197215660049,0,0
"N=5,H=3",5300317,3,5,1.0,0.28211824989305073,0.2720783855924668,0.2745503085699715,0,0
"N=5,H=3",5300318,3,5,1.0,0.2533418052924972,0.24437816282895475,0.2488664515289294,0,0
"N=5,H=3",5300319,3,5,1.0,0.21684536625039447,0.20360984564922346,0.20707663055003495,0,0
"N=5,H=3",5300320,3,5,1.0,0.16778735863406144,0.16512368436720556,0.16595709255040922,0,0
"N=5,H=3",5300321,3,5,1.0,0.33005148527870276,0.30886392480430774,0.31350105324521366,0,0
"N=5,H=3",5300322,3,5,1.0,0.2503571243330427,0.24256593547905303,0.24480933716195988,0,0
"N=5,H=3",5300323,3,5,1.0,0.26890189345266974,0.25884432485452863,0.2625303211550224,0,0
"N=5,H=3",5300324,3,5,1.0,0.27080897635618734,0.2482670698877481,0.2523374281346615,0,0
"N=5,H=3",5300325,3,5,1.0,0.36455924879896107,0.3395498127843381,0.3481777988425477,0,0
"N=5,H=3",5300326,3,5,1.0,0.3578576439982807,0.3329234489540933,0.34240981414762617,0,0
"N=5,H=3",5300327,3,5,1.0,0.27135087936559127,0.26416183273138977,0.2706201032278545,0,0
"N=5,H=3",5300328,3,5,1.0,0.15188426411356049,0.14927304506166625,0.15037301523198707,0,0
"N=5,H=3",5300329,3,5,1.0,0.28240735580961596,0.2689880871474722,0.2717646991626963,0,0
"N=5,H=3",5300330,3,5,1.0,0.31155240863977157,0.2871376008651447,0.29830438690882183,0,0
"N=5,H=3",5300331,3,5,1.0,0.29556369928581183,0.2774439094741437,0.28374390012329365,0,0
"N=5,H=3",5300332,3,5,1.0,0.2593633965178066,0.24548455316274154,0.24936540636449714,0,0
"N=5,H=3",5300333,3,5,1.0,0.22464834159776476,0.21317087346124083,0.21492976047340168,0,0
"N=5,H=3",5300334,3,5,1.0,0.3912638575648664,0.3578749658487284,0.36881234815239494,0,0
"N=5,H=3",5300335,3,5,1.0,0.2787151357120785,0.2565546275652434,0.25818545762325673,0,0
"N=5,H=3",5300336,3,5,1.0,0.30468938327898626,0.28874979944594636,0.293303865310909,0,0
"N=5,H=3",5300337,3,5,1.0,0.33031002460901343,0.3106743897458125,0.31742396283155855,0,0
"N=5,H=3",5300338,3,5,1.0,0.21913395390995077,0.2123989651387265,0.2155564298198751,0,0
"N=5,H=3",5300339,3,5,1.0,0.32548436937755265,0.3100690922796722,0.3157987616747718,0,0
"N=5,H=3",5300340,3,5,1.0,0.3111654524799602,0.2921470205460409,0.29632544348364165,0,0
"N=5,H=3",5300341,3,5,1.0,0.20092270232336845,0.19020236809058544,0.19406988001014025,0,0
"N=5,H=3",5300342,3,5,1.0,0.37696055664231615,0.34620241228027404,0.3509109489580218,0,0
"N=5,H=3",5300343,3,5,1.0,0.3503262247113525,0.32921213767567514,0.33337691883848203,0,0
"N=5,H=3",5300344,3,5,1.0,0.317139235327125,0.3068445371440721,0.30989258926211044,0,0
"N=5,H=3",5300345,3,5,1.0,0.27311016504094576,0.2604333518068755,0.26294875888896646,0,0
"N=5,H=3",5300346,3,5,1.0,0.3170458710071867,0.3046100673225499,0.30623830533551655,0,0
"N=5,H=3",5300347,3,5,1.0,0.19817520751126333,0.19181028367273456,0.196167036416165,0,0
"N=5,H=3",5300348,3,5,1.0,0.3526104285938211,0.33742074928509563,0.3441924551411156,0,0
"N=5,H=3",5300349,3,5,1.0,0.32248386862500117,0.3043240762007415,0.30751201121459065,0,0
"N=5,H=3",5300350,3,5,1.0,0.17169243572351006,0.16462936803205178,0.16916071640235145,0,0
"N=5,H=3",5300351,3,5,1.0,0.32340900425747887,0.30082094784894764,0.3040640969848464,0,0
"N=5,H=3",5300352,3,5,1.0,0.43692775582256543,0.3910582969783289,0.40487106908116605,0,0
"N=5,H=3",5300353,3,5,1.0,0.4077202804782973,0.3780320278258004,0.3844103433414126,0,0
"N=5,H=3",5300354,3,5,1.0,0.3131547795145584,0.2944237389557539,0.2997422763845075,0,0
"N=5,H=3",5300355,3,5,1.0,0.32445399690058163,0.3060582577228986,0.3135375121300526,0,0
"N=5,H=3",5300356,3,5,1.0,0.3109384453670044,0.29992826704244463,0.30418011437671,0,0
"N=5,H=3",5300357,3,5,1.0,0.2665343601717687,0.25011622025302743,0.2544344695382348,0,0
"N=5,H=3",5300358,3,5,1.0,0.35996628638945316,0.34195530413014413,0.34602038550267766,0,0
"N=5,H=3",5300359,3,5,1.0,0.22744575520909582,0.21727454068511978,0.22088088760382635,0,0
"N=5,H=3",5300360,3,5,1.0,0.3368731235332992,0.31815942697481525,0.3225683904591893,0,0
"N=5,H=3",5300361,3,5,1.0,0.37278204256582814,0.34626492275295934,0.358136666400949,0,0
"N=5,H=3",5300362,3,5,1.0,0.25651840605173976,0.2498826652271988,0.2535018476258596,0,0
"N=5,H=3",5300363,3,5,1.0,0.2695108206631905,0.256467915786358,0.2609225767749135,0,0
"N=5,H=3",5300364,3,5,1.0,0.2784467516784997,0.25820401303493407,0.2731270075506497,0,0
"N=5,H=3",5300365,3,5,1.0,0.28184665389792257,0.2718713220842321,0.2749290893747277,0,0
"N=5,H=3",5300366,3,5,1.0,0.4656064729698228,0.4337078613512344,0.44460454467933525,0,0
"N=5,H=3",5300367,3,5,1.0,0.256747021856387,0.24501185692616295,0.2506318931864911,0,0
"N=5,H=3",5300368,3,5,1.0,0.37547434030461785,0.35769731991042875,0.360834000040839,0,0
"N=5,H=3",5300369,3,5,1.0,0.29744071579508136,0.2897653761274745,0.2954088737505378,0,0
"N=5,H=3",5300370,3,5,1.0,0.20592508738955478,0.19314846873473046,0.19593249982283456,0,0
"N=5,H=3",5300371,3,5,1.0,0.18321848154418377,0.1791994758554107,0.18113912501781562,0,0
"N=5,H=3",5300372,3,5,1.0,0.3214694017112469,0.31111737228127695,0.31612104245901296,0,0
"N=5,H=3",5300373,3,5,1.0,0.32192105012483285,0.308344107437072,0.31540012066651285,0,0
"N=5,H=3",5300374,3,5,1.0,0.1820247974235751,0.17485975177116134,0.17841916428408192,0,0
"N=5,H=3",5300375,3,5,1.0,0.26143932426814825,0.2523413065947919,0.25633810290342424,0,0
"N=5,H=3",5300376,3,5,1.0,0.24369739557632433,0.23119396154496244,0.23427182464755247,0,0
"N=5,H=3",5300377,3,5,1.0,0.37525009900412826,0.3546666421134189,0.36346160212657597,0,0
"N=5,H=3",5300378,3,5,1.0,0.3249567138532598,0.2986031788742016,0.3133737109394169,0,0
"N=5,H=3",5300379,3,5,1.0,0.20978603934124537,0.20098026202326194,0.2049342826220384,0,0
"N=5,H=3",5300380,3,5,1.0,0.30808794941612644,0.29120840071573795,0.29540394959608995,0,0
"N=5,H=3",5300381,3,5,1.0,0.32805993005080103,0.3098104433990098,0.31360032971407276,0,0
"N=5,H=3",5300382,3,5,1.0,0.22255423205917188,0.21277963560495425,0.22132013970507627,0,0
"N=5,H=3",5300383,3,5,1.0,0.24205724818867916,0.23391811448986552,0.23781930219932162,0,0
"N=5,H=3",5300384,3,5,1.0,0.30105113614345114,0.2900017938070581,0.2926068501398626,0,0
"N=5,H=3",5300385,3,5,1.0,0.2826445367261025,0.27172412984459887,0.2763788767779321,0,0
"N=5,H=3",5300386,3,5,1.0,0.32385613768678584,0.3071654729150409,0.31388000129790755,0,0
"N=5,H=3",5300387,3,5,1.0,0.28862779290516755,0.26906605714349796,0.2748583972512417,0,0
"N=5,H=3",5300388,3,5,1.0,0.28163001560649326,0.2714018150983562,0.27588792270026263,0,0
"N=5,H=3",5300389,3,5,1.0,0.281223554723938,0.26545129082015967,0.2719479974515793,0,0
"N=5,H=3",5300390,3,5,1.0,0.3970371006835468,0.36701532407449156,0.3766255770564009,0,0
"N=5,H=3",5300391,3,5,1.0,0.23373610567354658,0.21763379467181476,0.22483998521447934,0,0
"N=5,H=3",5300392,3,5,1.0,0.16945009579369075,0.1650489695579467,0.1672205734123091,0,0
"N=5,H=3",5300393,3,5,1.0,0.19212183617743786,0.1878256983423857,0.18885692717189353,0,0
"N=5,H=3",5300394,3,5,1.0,0.21601105478951527,0.21042087222007505,0.21423473752877098,0,0
"N=5,H=3",5300395,3,5,1.0,0.29208640173241296,0.2733365071562477,0.27736156623576275,0,0
"N=5,H=3",5300396,3,5,1.0,0.26829154974431785,0.25029473468431684,0.2587422758834502,0,0
"N=5,H=3",5300397,3,5,1.0,0.295605004105025,0.27308113686403246,0.2768115021332898,0,0
"N=5,H=3",5300398,3,5,1.0,0.3026341987360255,0.29521590172284884,0.2997179532915425,0,0
"N=5,H=3",5300399,3,5,1.0,0.29305937985823766,0.2749210491715135,0.2781537094257304,0,0
"N=5,H=4",5400000,4,5,1.0,0.34606527717187374,0.3301114832601327,0.3362871899829411,0,0
"N=5,H=4",5400001,4,5,1.0,0.3367105792664212,0.3242838676473612,0.3293124789531392,0,0
"N=5,H=4",5400002,4,5,1.0,0.41237194749381095,0.3860476427532416,0.3933184281350986,0,0
"N=5,H=4",5400003,4,5,1.0,0.46209415212475424,0.42783166254294314,0.4416160485104581,0,0
"N=5,H=4",5400004,4,5,1.0,0.4892362744085608,0.46022714796559516,0.46995075863052777,0,0
"N=5,H=4",5400005,4,5,1.0,0.3176473643711266,0.3072629882303485,0.3136505470914216,0,0
"N=5,H=4",5400006,4,5,1.0,0.29024396397201596,0.27341060404839884,0.28006401443122336,0,0
"N=5,H=4",5400007,4,5,1.0,0.39043995413655785,0.36592322914630876,0.3704262541740281,0,0
"N=5,H=4",5400008,4,5,1.0,0.4260365746890825,0.4086813645157269,0.4144337675396211,0,0
"N=5,H=4",5400009,4,5,1.0,0.3999758212694973,0.3744518910518409,0.3846208677722528,0,0
"N=5,H=4",5400010,4,5,1.0,0.2997850207787822,0.2924610754200604,0.29724981404966433,0,0
"N=5,H=4",5400011,4,5,1.0,0.4194494501900593,0.4067389809905351,0.4131999509054217,0,0
"N=5,H=4",5400012,4,5,1.0,0.42577326354826683,0.4072202856508964,0.41429565690587355,0,0
"N=5,H=4",5400013,4,5,1.0,0.38908356895560087,0.36993056506389993,0.3742548050877204,0,0
"N=5,H=4",5400014,4,5,1.0,0.29862633231683255,0.28801840506278203,0.29215093409751597,0,0
"N=5,H=4",5400015,4,5,1.0,0.44829552843870474,0.42553339193913264,0.4298500682457471,0,0
"N=5,H=4",5400016,4,5,1.0,0.3618608111595113,0.3412952528949352,0.3460389321822395,0,0
"N=5,H=4",5400017,4,5,1.0,0.39389332168571267,0.37256794214941114,0.3783042488634547,0,0
"N=5,H=4",5400018,4,5,1.0,0.42614709424866504,0.39896857997353136,0.4041057249063302,0,0
"N=5,H=4",5400019,4,5,1.0,0.334891669827967,0.3117264157782185,0.3217882839800531,0,0
"N=5,H=4",5400020,4,5,1.0,0.4513506864003228,0.4304143082897443,0.43634330220989487,0,0
"N=5,H=4",5400021,4,5,1.0,0.4309003706841973,0.4090736112460332,0.417048616407803,0,0
"N=5,H=4",5400022,4,5,1.0,0.41859156862928915,0.39895491823045337,0.40765043810231333,0,0
"N=5,H=4",5400023,4,5,1.0,0.40161370551931574,0.37797931236736276,0.38562824073666646,0,0
"N=5,H=4",5400024,4,5,1.0,0.4949748316370731,0.4614834471092082,0.47089558276451177,0,0
"N=5,H=4",5400025,4,5,1.0,0.30879787980735013,0.2995122300287853,0.3039048516628266,0,0
"N=5,H=4",5400026,4,5,1.0,0.4263369758999392,0.40138923076509203,0.4135751620742437,0,0
"N=5,H=4",5400027,4,5,1.0,0.4336638400537366,0.40542592049846776,0.4127933298763782,0,0
"N=5,H=4",5400028,4,5,1.0,0.36238132498568665,0.35109837759932394,0.35435153788724477,0,0
"N=5,H=4",5400029,4,5,1.0,0.32027080032758387,0.3100030317915106,0.3147432192709798,0,0
"N=5,H=4",5400030,4,5,1.0,0.35772745756710145,0.34006876964629384,0.34460382950234175,0,0
"N=5,H=4",5400031,4,5,1.0,0.3524207924834589,0.33336104119628823,0.3410971095913791,0,0
"N=5,H=4",5400032,4,5,1.0,0.3953172324603833,0.3812663701319709,0.38666960794394695,0,0
"N=5,H=4",5400033,4,5,1.0,0.3708354362983571,0.35336799514539874,0.3606660280679115,0,0
"N=5,H=4",5400034,4,5,1.0,0.34261340049260147,0.33086667383470836,0.33421967818930326,0,0
"N=5,H=4",5400035,4,5,1.0,0.42765223957252235,0.4048399786829688,0.4081987760037508,0,0
"N=5,H=4",5400036,4,5,1.0,0.3396928599682347,0.3201446489960239,0.3239277632726138,0,0
"N=5,H=4",5400037,4,5,1.0,0.4180360325078945,0.40072827602278843,0.40588371464933837,0,0
"N=5,H=4",5400038,4,5,1.0,0.5089972694119653,0.4816224820359165,0.4861249986346305,0,0
"N=5,H=4",5400039,4,5,1.0,0.3977562074510773,0.3716769704095364,0.3788322328769667,0,0
"N=5,H=4",5400040,4,5,1.0,0.26536281146117524,0.25614853308419333,0.2606391027570941,0,0
"N=5,H=4",5400041,4,5,1.0,0.5061192656824729,0.4722926164106336,0.4759290707971303,0,0
"N=5,H=4",5400042,4,5,1.0,0.360107593852827,0.3368409070487734,0.34170204516255026,0,0
"N=5,H=4",5400043,4,5,1.0,0.456867652486932,0.4246374674976002,0.4332586833472497,0,0
"N=5,H=4",5400044,4,5,1.0,0.22832071268946075,0.21807238313484892,0.2226719527494232,0,0
"N=5,H=4",5400045,4,5,1.0,0.42268775778401096,0.39391455748598453,0.3995041702410082,0,0
"N=5,H=4",5400046,4,5,1.0,0.2965487656069734,0.2832639223738707,0.29044476217244763,0,0
"N=5,H=4",5400047,4,5,1.0,0.3832065911158009,0.37271194682436515,0.3773609646651104,0,0
"N=5,H=4",5400048,4,5,1.0,0.42124448036097656,0.3931298183710144,0.4053200565733489,0,0
"N=5,H=4",5400049,4,5,1.0,0.35566559105979395,0.33692411788094234,0.34328454932326574,0,0
"N=5,H=4",5400050,4,5,1.0,0.34840984067286884,0.32849384598732045,0.3329816330601132,0,0
"N=5,H=4",5400051,4,5,1.0,0.3265732880599627,0.3120830893373255,0.31510598364406067,0,0
"N=5,H=4",5400052,4,5,1.0,0.4450390872708899,0.41997535811249553,0.4323861479882404,0,0
"N=5,H=4",5400053,4,5,1.0,0.4168654045922649,0.39272733027295814,0.40147123874392443,0,0
"N=5,H=4",5400054,4,5,1.0,0.4281542154548878,0.4062069081635753,0.41400005645474636,0,0
"N=5,H=4",5400055,4,5,1.0,0.29567274391663734,0.28369022821655493,0.28839271760925606,0,0
"N=5,H=4",5400056,4,5,1.0,0.3911872066652551,0.36393694629431983,0.3695297116089832,0,0
"N=5,H=4",5400057,4,5,1.0,0.3097739943984021,0.2978290372580464,0.2997953722663741,0,0
"N=5,H=4",5400058,4,5,1.0,0.4657978477362627,0.42111907832049605,0.4326704240650504,0,0
"N=5,H=4",5400059,4,5,1.0,0.3186621975440496,0.3074349530291882,0.31089355913159866,0,0
"N=5,H=4",5400060,4,5,1.0,0.3269960612553433,0.31000813477582934,0.3129212587356086,0,0
"N=5,H=4",5400061,4,5,1.0,0.31540326819511455,0.29441045096426594,0.29930181646593623,0,0
"N=5,H=4",5400062,4,5,1.0,0.3584486090553438,0.34411004042959914,0.3476425005664889,0,0
"N=5,H=4",5400063,4,5,1.0,0.40930044708112595,0.39794759824283077,0.4028756294684709,0,0
"N=5,H=4",5400064,4,5,1.0,0.37100952938980786,0.3540121918949896,0.3567650250233195,0,0
"N=5,H=4",5400065,4,5,1.0,0.4444525224666235,0.4236214109019019,0.42951213398351795,0,0
"N=5,H=4",5400066,4,5,1.0,0.3366243452431122,0.3184886178985358,0.327983354287946,0,0
"N=5,H=4",5400067,4,5,1.0,0.4974218329081977,0.46786346959774233,0.4752630249563061,0,0
"N=5,H=4",5400068,4,5,1.0,0.3938595830892898,0.3721800819033697,0.3814876565049461,0,0
"N=5,H=4",5400069,4,5,1.0,0.28985176830809767,0.2793751596863901,0.28180544465430385,0,0
"N=5,H=4",5400070,4,5,1.0,0.5054392322091436,0.4809880961955094,0.48497497099563625,0,0
"N=5,H=4",5400071,4,5,1.0,0.3087176884995493,0.2971635697594006,0.301281142732472,0,0
"N=5,H=4",5400072,4,5,1.0,0.6079723528937175,0.5576208208151581,0.5698099880739393,0,0
"N=5,H=4",5400073,4,5,1.0,0.42438590773135004,0.3868492891782763,0.3918760740729617,0,0
"N=5,H=4",5400074,4,5,1.0,0.3457728328503878,0.3336663362652052,0.33914451303252,0,0
"N=5,H=4",5400075,4,5,1.0,0.31452614098670767,0.3023699561459769,0.30987066679067854,0,0
"N=5,H=4",5400076,4,5,1.0,0.4438453649528996,0.4176858256045364,0.431143983947829,0,0
"N=5,H=4",5400077,4,5,1.0,0.47798522294046003,0.44919359675001014,0.45726798380181766,0,0
"N=5,H=4",5400078,4,5,1.0,0.4518963074657694,0.4245600127991398,0.42847543866215265,0,0
"N=5,H=4",5400079,4,5,1.0,0.409791894926411,0.3817181646464215,0.388135459519971,0,0
"N=5,H=4",5400080,4,5,1.0,0.34108209213236423,0.32406475814382424,0.3275267924168809,0,0
"N=5,H=4",5400081,4,5,1.0,0.42007660683408937,0.4006807716408407,0.40423558240160645,0,0
"N=5,H=4",5400082,4,5,1.0,0.4512402923323426,0.42648714857942505,0.44588629670730073,0,0
"N=5,H=4",5400083,4,5,1.0,0.4662640273507553,0.43652817971781166,0.44551700828246343,0,0
"N=5,H=4",5400084,4,5,1.0,0.24569407799294343,0.23066112895896473,0.23831028051141964,0,0
"N=5,H=4",5400085,4,5,1.0,0.3440148249149457,0.32558134227250657,0.33241602109272517,0,0
"N=5,H=4",5400086,4,5,1.0,0.4035660963345844,0.3803667859925812,0.38880687157238425,0,0
"N=5,H=4",5400087,4,5,1.0,0.3106599726996655,0.2965681431676057,0.30710254516394364,0,0
"N=5,H=4",5400088,4,5,1.0,0.35005441663243764,0.3289656376796631,0.33587638096076555,0,0
"N=5,H=4",5400089,4,5,1.0,0.3723727591399976,0.35304889196019024,0.3572106022152336,0,0
"N=5,H=4",5400090,4,5,1.0,0.29269074638420933,0.28496634546633043,0.28867312372246073,0,0
"N=5,H=4",5400091,4,5,1.0,0.3642113523979371,0.3374500988006419,0.3495938522176391,0,0
"N=5,H=4",5400092,4,5,1.0,0.41234806526436807,0.3878277436520516,0.3967318434033353,0,0
"N=5,H=4",5400093,4,5,1.0,0.31767324465617075,0.307523669064417,0.3115809135956106,0,0
"N=5,H=4",5400094,4,5,1.0,0.3975043587664339,0.37732249698098924,0.38252020581007196,0,0
"N=5,H=4",5400095,4,5,1.0,0.3272060188203896,0.315900794109992,0.3203172655424147,0,0
"N=5,H=4",5400096,4,5,1.0,0.5376300483060771,0.5034880909908439,0.5085752073005078,0,0
"N=5,H=4",5400097,4,5,1.0,0.34080824244643215,0.3228730500455846,0.3270693649282759,0,0
"N=5,H=4",5400098,4,5,1.0,0.33643529284885065,0.32114051906570756,0.3277838687168107,0,0
"N=5,H=4",5400099,4,5,1.0,0.2873354108124913,0.2757248067196491,0.27927783177824356,0,0
"N=5,H=4",5400100,4,5,1.0,0.39149630197744656,0.37607116464597723,0.3783156953784925,0,0
"N=5,H=4",5400101,4,5,1.0,0.2902862379758306,0.2796102723753258,0.2848041400850594,0,0
"N=5,H=4",5400102,4,5,1.0,0.38694882906520656,0.36612407988264273,0.37103392729590795,0,0
"N=5,H=4",5400103,4,5,1.0,0.300342331770762,0.2935126150743411,0.29955221060485093,0,0
"N=5,H=4",5400104,4,5,1.0,0.3581860829649743,0.34140152094858195,0.34691037788441875,0,0
"N=5,H=4",5400105,4,5,1.0,0.4557625109029889,0.42342224006200724,0.43064419269951953,0,0
"N=5,H=4",5400106,4,5,1.0,0.3573318585433015,0.34136855125323945,0.3483409015488096,0,0
"N=5,H=4",5400107,4,5,1.0,0.5455479117022389,0.5255555021135483,0.5310654014326108,0,0
"N=5,H=4",5400108,4,5,1.0,0.2952382756296033,0.27986936106274674,0.2837556297389183,0,0
"N=5,H=4",5400109,4,5,1.0,0.2845015989350114,0.2699532568444921,0.27618941047934625,0,0
"N=5,H=4",5400110,4,5,1.0,0.2864593428657635,0.27914032179994097,0.2821458994576899,0,0
"N=5,H=4",5400111,4,5,1.0,0.46568790339355876,0.43698070406758105,0.4433645136070306,0,0
"N=5,H=4",5400112,4,5,1.0,0.36015343752356954,0.33621219709513317,0.3429649885479073,0,0
"N=5,H=4",5400113,4,5,1.0,0.4407995449569305,0.4187615831908773,0.42665826699641207,0,0
"N=5,H=4",5400114,4,5,1.0,0.3706409204817941,0.3559937173239989,0.36035225456627307,0,0
"N=5,H=4",5400115,4,5,1.0,0.37354004039256034,0.3545402067031951,0.3638597254956579,0,0
"N=5,H=4",5400116,4,5,1.0,0.30752491566084417,0.29154898261714046,0.29814585474639466,0,0
"N=5,H=4",5400117,4,5,1.0,0.3350900039592847,0.3154632726453099,0.3220202671814461,0,0
"N=5,H=4",5400118,4,5,1.0,0.3377423588218481,0.3245162643053167,0.32847324054809834,0,0
"N=5,H=4",5400119,4,5,1.0,0.35657776884480347,0.33697103817681934,0.3424742822939472,0,0
"N=5,H=4",5400120,4,5,1.0,0.4465594125662015,0.4226122397230788,0.432420823776487,0,0
"N=5,H=4",5400121,4,5,1.0,0.5142529416494461,0.48833746465374744,0.49241175736175935,0,0
"N=5,H=4",5400122,4,5,1.0,0.2786290152150719,0.26362476126648954,0.27073514276844224,0,0
"N=5,H=4",5400123,4,5,1.0,0.37261746650784494,0.35600798960945296,0.36029143215972276,0,0
"N=5,H=4",5400124,4,5,1.0,0.33983324516693497,0.328185856698722,0.33297807653916733,0,0
"N=5,H=4",5400125,4,5,1.0,0.34727738584820933,0.3338743964401145,0.3375979587438794,0,0
"N=5,H=4",5400126,4,5,1.0,0.32480056858131184,0.3111558717711728,0.32026850320281103,0,0
"N=5,H=4",5400127,4,5,1.0,0.3793277825213268,0.36146719501048474,0.37247066414255325,0,0
"N=5,H=4",5400128,4,5,1.0,0.24187306382232765,0.23645810766472244,0.23832794142313649,0,0
"N=5,H=4",5400129,4,5,1.0,0.3770171472996245,0.3597569411806734,0.365156708990889,0,0
"N=5,H=4",5400130,4,5,1.0,0.2840936201935385,0.27369846898483563,0.27559119711972174,0,0
"N=5,H=4",5400131,4,5,1.0,0.3573770235006961,0.3387908908720025,0.351209227989699,0,0
"N=5,H=4",5400132,4,5,1.0,0.40026543845329515,0.37760956351651653,0.38295642547966097,0,0
"N=5,H=4",5400133,4,5,1.0,0.33739491706564434,0.3252521847923118,0.3321953532172241,0,0
"N=5,H=4",5400134,4,5,1.0,0.5428495041440108,0.49981647292625275,0.5095107272483361,0,0
"N=5,H=4",5400135,4,5,1.0,0.412445334238989,0.3845334381557952,0.3895155565632931,0,0
"N=5,H=4",5400136,4,5,1.0,0.41139822109172614,0.3864781082474508,0.40016800406809955,0,0
"N=5,H=4",5400137,4,5,1.0,0.36557699460734966,0.344006412982015,0.3544247082782878,0,0
"N=5,H=4",5400138,4,5,1.0,0.34963989037024745,0.333171517480499,0.3408458128475759,0,0
"N=5,H=4",5400139,4,5,1.0,0.31302456307223786,0.3013437581338557,0.3059924301459474,0,0
"N=5,H=4",5400140,4,5,1.0,0.41402833378525344,0.3897187174919629,0.39345830275149624,0,0
"N=5,H=4",5400141,4,5,1.0,0.27714879971410805,0.26309433565777557,0.2669215242475379,0,0
"N=5,H=4",5400142,4,5,1.0,0.4340932192518086,0.40638866952195335,0.42196955398217384,0,0
"N=5,H=4",5400143,4,5,1.0,0.35111460945411976,0.33226786336453984,0.33700997356580165,0,0
"N=5,H=4",5400144,4,5,1.0,0.413218359562047,0.3907381949162085,0.3967643637854858,0,0
"N=5,H=4",5400145,4,5,1.0,0.3157698421948617,0.30306371987076886,0.3056145964564171,0,0
"N=5,H=4",5400146,4,5,1.0,0.34813140134849685,0.3319736348235922,0.3389946936969244,0,0
"N=5,H=4",5400147,4,5,1.0,0.39750445955322045,0.377880230935506,0.3844355000312662,0,0
"N=5,H=4",5400148,4,5,1.0,0.4773451218057176,0.457949051996703,0.4643767424246467,0,0
"N=5,H=4",5400149,4,5,1.0,0.37043755643547005,0.3616553210955842,0.36440155068180596,0,0
"N=5,H=4",5400150,4,5,1.0,0.46547847818501276,0.42779851584445827,0.43903120256706457,0,0
"N=5,H=4",5400151,4,5,1.0,0.38293414324754127,0.36611257506796785,0.37002990367183747,0,0
"N=5,H=4",5400152,4,5,1.0,0.2821635922793953,0.275343878098426,0.2785198354125147,0,0
"N=5,H=4",5400153,4,5,1.0,0.4239834494345812,0.3845499889297233,0.3968469684480323,0,0
"N=5,H=4",5400154,4,5,1.0,0.3487734685243315,0.33323956805304383,0.3378372239686833,0,0
"N=5,H=4",5400155,4,5,1.0,0.39867764537338674,0.37219446974802206,0.3782981976434099,0,0
"N=5,H=4",5400156,4,5,1.0,0.5661963819534508,0.526401574229914,0.5411003584866568,0,0
"N=5,H=4",5400157,4,5,1.0,0.3365400248865463,0.3217603024344739,0.32654247835997446,0,0
"N=5,H=4",5400158,4,5,1.0,0.29151785206296865,0.2837373013123659,0.2846768962516472,0,0
"N=5,H=4",5400159,4,5,1.0,0.3567499332664952,0.34284065795127033,0.34884183365834537,0,0
"N=5,H=4",5400160,4,5,1.0,0.35570319952171797,0.3359567731695734,0.3428817881183336,0,0
"N=5,H=4",5400161,4,5,1.0,0.4632831547480784,0.43980369329829677,0.44537564989618333,0,0
"N=5,H=4",5400162,4,5,1.0,0.3059249384818451,0.29699266311302974,0.3029448441339993,0,0
"N=5,H=4",5400163,4,5,1.0,0.3587492389978268,0.34384210936655757,0.3480277282197142,0,0
"N=5,H=4",5400164,4,5,1.0,0.40301451034564884,0.3875405531415985,0.39244707668052364,0,0
"N=5,H=4",5400165,4,5,1.0,0.37344399364740205,0.3579924013730013,0.3606185253841228,0,0
"N=5,H=4",5400166,4,5,1.0,0.43631120205244567,0.40619924759675846,0.4153585704348591,0,0
"N=5,H=4",5400167,4,5,1.0,0.4066401004773601,0.3833515702693722,0.3913555391561365,0,0
"N=5,H=4",5400168,4,5,1.0,0.27628412643924477,0.2666615468277397,0.27055060682547,0,0
"N=5,H=4",5400169,4,5,1.0,0.4123391947183188,0.3930004665623883,0.3995901237265886,0,0
"N=5,H=4",5400170,4,5,1.0,0.4396235199656502,0.4158696751281642,0.4193101793693545,0,0
"N=5,H=4",5400171,4,5,1.0,0.4054024504461907,0.38104529369150403,0.394648168422485,0,0
"N=5,H=4",5400172,4,5,1.0,0.5381543365890353,0.5064896655760357,0.5153776343250596,0,0
"N=5,H=4",5400173,4,5,1.0,0.3605591230258225,0.3531311220939437,0.35598261729549696,0,0
"N=5,H=4",5400174,4,5,1.0,0.4093180831492822,0.39009173937955793,0.39672990311774775,0,0
"N=5,H=4",5400175,4,5,1.0,0.31780277103224164,0.303043474675587,0.30825784621814933,0,0
"N=5,H=4",5400176,4,5,1.0,0.3618929964623607,0.33689420040616075,0.34159205452989294,0,0
"N=5,H=4",5400177,4,5,1.0,0.4620943592666314,0.4190516108047111,0.42234272256685523,0,0
"N=5,H=4",5400178,4,5,1.0,0.36233703973233805,0.343531413735028,0.34718254347263344,0,0
"N=5,H=4",5400179,4,5,1.0,0.39887634542057987,0.38037460033946857,0.38867681656965947,0,0
"N=5,H=4",5400180,4,5,1.0,0.2856245174551735,0.2789993198536421,0.280571399549953,0,0
"N=5,H=4",5400181,4,5,1.0,0.3865135626672227,0.37024115846616645,0.37443473917006637,0,0
"N=5,H=4",5400182,4,5,1.0,0.45720829614125413,0.42502253268742396,0.4338677572559433,0,0
"N=5,H=4",5400183,4,5,1.0,0.36087194797828787,0.33437157013009333,0.3483164642193501,0,0
"N=5,H=4",5400184,4,5,1.0,0.4381427579332607,0.4084869251970562,0.4127254953018879,0,0
"N=5,H=4",5400185,4,5,1.0,0.3577706817979381,0.3390653644055841,0.3470369936336249,0,0
"N=5,H=4",5400186,4,5,1.0,0.4420518496983513,0.40684785068992885,0.4102574791731658,0,0
"N=5,H=4",5400187,4,5,1.0,0.38850317407586876,0.3669008959773325,0.3748037128413796,0,0
"N=5,H=4",5400188,4,5,1.0,0.3634590400630047,0.3419273651469466,0.3527032510353806,0,0
"N=5,H=4",5400189,4,5,1.0,0.3205577416718068,0.3109659348869776,0.3130681550575859,0,0
"N=5,H=4",5400190,4,5,1.0,0.3705863775506469,0.35446847753377386,0.35906040480258444,0,0
"N=5,H=4",5400191,4,5,1.0,0.2958858314921208,0.28111475918516515,0.28350603957230813,0,0
"N=5,H=4",5400192,4,5,1.0,0.40363641728468463,0.38369143766778746,0.38788566380792716,0,0
"N=5,H=4",5400193,4,5,1.0,0.5414290742747564,0.504833744996085,0.5123780987033396,0,0
"N=5,H=4",5400194,4,5,1.0,0.30782666272132575,0.2976900566078478,0.30208043085196545,0,0
"N=5,H=4",5400195,4,5,1.0,0.29637570482136755,0.2836478053488145,0.288491963993032,0,0
"N=5,H=4",5400196,4,5,1.0,0.3329023928732455,0.3169648064792487,0.32254880819388365,0,0
"N=5,H=4",5400197,4,5,1.0,0.4126234347055161,0.3862966291076766,0.3925381242700188,0,0
"N=5,H=4",5400198,4,5,1.0,0.36793288351362263,0.352394448425764,0.35831436562828245,0,0
"N=5,H=4",5400199,4,5,1.0,0.33671890110215136,0.3229487206205261,0.32709081908519216,0,0
"N=5,H=4",5400200,4,5,1.0,0.39859796820340976,0.3749729615311071,0.38045922277529726,0,0
"N=5,H=4",5400201,4,5,1.0,0.5183669188116174,0.49468632255609635,0.5051057849444401,0,0
"N=5,H=4",5400202,4,5,1.0,0.3322594170467942,0.3235563299894737,0.32909096165280793,0,0
"N=5,H=4",5400203,4,5,1.0,0.41978458131178714,0.3951422173524923,0.40280128787034053,0,0
"N=5,H=4",5400204,4,5,1.0,0.36661895373290937,0.3517342245377776,0.3572927630687501,0,0
"N=5,H=4",5400205,4,5,1.0,0.32014789715360076,0.309902177690423,0.31884917521749023,0,0
"N=5,H=4",5400206,4,5,1.0,0.3268214075525869,0.3131511618551713,0.3177850050459678,0,0
"N=5,H=4",5400207,4,5,1.0,0.32352620200905,0.3075759110632365,0.30932624625823724,0,0
"N=5,H=4",5400208,4,5,1.0,0.4276166998318883,0.40251578350031036,0.4129564718031824,0,0
"N=5,H=4",5400209,4,5,1.0,0.3894591151561383,0.37002199390523255,0.3786631825423233,0,0
"N=5,H=4",5400210,4,5,1.0,0.4296823288640594,0.4072709696847259,0.41910775609647294,0,0
"N=5,H=4",5400211,4,5,1.0,0.4370298823025524,0.4151317829581168,0.4176022515662873,0,0
"N=5,H=4",5400212,4,5,1.0,0.34296292897201636,0.3246973125973284,0.3334429469715333,0,0
"N=5,H=4",5400213,4,5,1.0,0.41420886757246006,0.39652481908005316,0.402085536170093,0,0
"N=5,H=4",5400214,4,5,1.0,0.2757108694598762,0.26620227386201895,0.26829889833730974,0,0
"N=5,H=4",5400215,4,5,1.0,0.28937995115831533,0.27840846698839866,0.2820240498136491,0,0
"N=5,H=4",5400216,4,5,1.0,0.3307235526165894,0.31429092746556264,0.32191089503016335,0,0
"N=5,H=4",5400217,4,5,1.0,0.34170022379037623,0.3261588030473829,0.3346141069050371,0,0
"N=5,H=4",5400218,4,5,1.0,0.40859991766416665,0.38659241396156735,0.3932623692074146,0,0
"N=5,H=4",5400219,4,5,1.0,0.3951754843940388,0.37219359262529256,0.38156974646895275,0,0
"N=5,H=4",5400220,4,5,1.0,0.5549053391978458,0.5259055428094986,0.5313222832392711,0,0
"N=5,H=4",5400221,4,5,1.0,0.3633176386937482,0.34006214251452455,0.3462653773721538,0,0
"N=5,H=4",5400222,4,5,1.0,0.37194146327504074,0.3561142184452647,0.3625159854659988,0,0
"N=5,H=4",5400223,4,5,1.0,0.33012802455631496,0.31847410970125706,0.3244669881343464,0,0
"N=5,H=4",5400224,4,5,1.0,0.3916817715063115,0.3637297756850981,0.3756611357434863,0,0
"N=5,H=4",5400225,4,5,1.0,0.4858578298813035,0.45488607991681324,0.468191447929106,0,0
"N=5,H=4",5400226,4,5,1.0,0.3381430782007459,0.32726463035009196,0.3313747316989915,0,0
"N=5,H=4",5400227,4,5,1.0,0.42173482648894206,0.39820003374939,0.4081020817406071,0,0
"N=5,H=4",5400228,4,5,1.0,0.40620074050405613,0.3837639562559531,0.39105650651966745,0,0
"N=5,H=4",5400229,4,5,1.0,0.5768090760717424,0.5428220399083383,0.5494162141814549,0,0
"N=5,H=4",5400230,4,5,1.0,0.4709337666040815,0.44149780410302747,0.4545952456588496,0,0
"N=5,H=4",5400231,4,5,1.0,0.43074144913136153,0.42026291529604826,0.4253970627468372,0,0
"N=5,H=4",5400232,4,5,1.0,0.40726174348567545,0.38388395732114705,0.39217518556631914,0,0
"N=5,H=4",5400233,4,5,1.0,0.38847885456550324,0.3676349521818063,0.371732212919253,0,0
"N=5,H=4",5400234,4,5,1.0,0.2666527251693085,0.25641599855750574,0.2602834959236606,0,0
"N=5,H=4",5400235,4,5,1.0,0.2609684070157768,0.2518532220114134,0.25940660219370765,0,0
"N=5,H=4",5400236,4,5,1.0,0.3623550392790025,0.34295827916210975,0.35465188627515304,0,0
"N=5,H=4",5400237,4,5,1.0,0.46093434271707695,0.4303127085742157,0.43472382194792186,0,0
"N=5,H=4",5400238,4,5,1.0,0.3774053745818945,0.3603716335454354,0.3631004271264298,0,0
"N=5,H=4",5400239,4,5,1.0,0.43268655168616155,0.4143564727490621,0.4186006395141291,0,0
"N=5,H=4",5400240,4,5,1.0,0.37433255531858767,0.3482399248217598,0.36142261655152347,0,0
"N=5,H=4",5400241,4,5,1.0,0.47194466802431545,0.45489181863507916,0.46041645033198475,0,0
"N=5,H=4",5400242,4,5,1.0,0.3325102881301307,0.32089132524188907,0.32639531287339646,0,0
"N=5,H=4",5400243,4,5,1.0,0.35086362858965303,0.33561088323090077,0.3396994074208364,0,0
"N=5,H=4",5400244,4,5,1.0,0.34995060337963774,0.3403115063648136,0.34373242118862307,0,0
"N=5,H=4",5400245,4,5,1.0,0.3285280735395213,0.31481349336467096,0.3275647054518759,0,0
"N=5,H=4",5400246,4,5,1.0,0.2936354535802433,0.27784167978704427,0.2842502120696874,0,0
"N=5,H=4",5400247,4,5,1.0,0.3502544254635306,0.33282625852578646,0.3418213953218698,0,0
"N=5,H=4",5400248,4,5,1.0,0.3185497632994234,0.30194110795735307,0.3111781736148622,0,0
"N=5,H=4",5400249,4,5,1.0,0.44794202918068554,0.42023745857982714,0.4239653156613582,0,0
"N=5,H=4",5400250,4,5,1.0,0.2759846968326986,0.2657235929908788,0.2703498376615068,0,0
"N=5,H=4",5400251,4,5,1.0,0.37345201965882757,0.35524337067289835,0.359717260128818,0,0
"N=5,H=4",5400252,4,5,1.0,0.497819008648425,0.46731402511028935,0.4757633368697707,0,0
"N=5,H=4",5400253,4,5,1.0,0.34557926148739593,0.33184792610950153,0.3351525830530463,0,0
"N=5,H=4",5400254,4,5,1.0,0.3351022512692746,0.3260121226388251,0.3295526338247311,0,0
"N=5,H=4",5400255,4,5,1.0,0.35799559234670675,0.3403299500891904,0.34616016384471054,0,0
"N=5,H=4",5400256,4,5,1.0,0.4354940622401119,0.39582616992655584,0.4041324811262864,0,0
"N=5,H=4",5400257,4,5,1.0,0.40731857603621036,0.3927753514245821,0.39735408397486005,0,0
"N=5,H=4",5400258,4,5,1.0,0.4018052623815276,0.3920115153766091,0.40078441554810385,0,0
"N=5,H=4",5400259,4,5,1.0,0.3375867893960101,0.322946099846809,0.3261612284247767,0,0
"N=5,H=4",5400260,4,5,1.0,0.47610968453927965,0.44973434410625257,0.45682187710993755,0,0
"N=5,H=4",5400261,4,5,1.0,0.4197001318019775,0.3910927197546982,0.3977256223495425,0,0
"N=5,H=4",5400262,4,5,1.0,0.290753775877635,0.2752673787102856,0.28768720707462636,0,0
"N=5,H=4",5400263,4,5,1.0,0.34200300082482055,0.3278691428073523,0.33557316590972874,0,0
"N=5,H=4",5400264,4,5,1.0,0.49025740482426006,0.4652094097702489,0.4709418327673818,0,0
"N=5,H=4",5400265,4,5,1.0,0.412072190741072,0.39303908732895115,0.39810757083938997,0,0
"N=5,H=4",5400266,4,5,1.0,0.4278008595453734,0.4099301867009679,0.41651066470851705,0,0
"N=5,H=4",5400267,4,5,1.0,0.2911294703621356,0.27129330722200434,0.2776162186938122,0,0
"N=5,H=4",5400268,4,5,1.0,0.3345992362818531,0.31357516685599846,0.320787342697143,0,0
"N=5,H=4",5400269,4,5,1.0,0.3442187814569852,0.32887661589407974,0.33247765249985645,0,0
"N=5,H=4",5400270,4,5,1.0,0.33042815874762504,0.3154210071861115,0.32228290000087073,0,0
"N=5,H=4",5400271,4,5,1.0,0.2829184016081082,0.2726495682763881,0.2769602822749153,0,0
"N=5,H=4",5400272,4,5,1.0,0.3464893837484033,0.3349608403782698,0.33971215120533854,0,0
"N=5,H=4",5400273,4,5,1.0,0.3173713433646064,0.30433566677867235,0.3088810352859884,0,0
"N=5,H=4",5400274,4,5,1.0,0.34451041883941247,0.33471146144331104,0.3368308854975641,0,0
"N=5,H=4",5400275,4,5,1.0,0.22869536978742877,0.2195775007593846,0.22357407620622569,0,0
"N=5,H=4",5400276,4,5,1.0,0.3826056646110541,0.3614686368320497,0.36648074727968916,0,0
"N=5,H=4",5400277,4,5,1.0,0.4224357048354539,0.40240595785565386,0.40674011724561066,0,0
"N=5,H=4",5400278,4,5,1.0,0.36186191923881406,0.35180496131306,0.35423341458688884,0,0
"N=5,H=4",5400279,4,5,1.0,0.3442927857009461,0.32888621033673726,0.3335794935511127,0,0
"N=5,H=4",5400280,4,5,1.0,0.33377781717420085,0.3189592882991786,0.321955121842015,0,0
"N=5,H=4",5400281,4,5,1.0,0.43296200202197366,0.4139160632461731,0.4192917633603333,0,0
"N=5,H=4",5400282,4,5,1.0,0.41472761619798504,0.38756251396401,0.39400216284769013,0,0
"N=5,H=4",5400283,4,5,1.0,0.3881882642206073,0.36833665453287373,0.3726568014423326,0,0
"N=5,H=4",5400284,4,5,1.0,0.36240519376795594,0.3490029546323208,0.3537702290907211,0,0
"N=5,H=4",5400285,4,5,1.0,0.30679020455225625,0.29243385956244805,0.2969964180793881,0,0
"N=5,H=4",5400286,4,5,1.0,0.45594641632432886,0.4154724264538456,0.4269998621049173,0,0
"N=5,H=4",5400287,4,5,1.0,0.3913069094723761,0.36782145745829203,0.38078430833327154,0,0
"N=5,H=4",5400288,4,5,1.0,0.3062550866602331,0.28991589146463886,0.29587905804766157,0,0
"N=5,H=4",5400289,4,5,1.0,0.31829986985810826,0.30368270124294156,0.30928488233296686,0,0
"N=5,H=4",5400290,4,5,1.0,0.2800980398136653,0.27008644225464706,0.2730565806476857,0,0
"N=5,H=4",5400291,4,5,1.0,0.32640774455492577,0.31298204768021276,0.3200895432703781,0,0
"N=5,H=4",5400292,4,5,1.0,0.3300735136588797,0.3119779136343704,0.31413368984339296,0,0
"N=5,H=4",5400293,4,5,1.0,0.38194656999585247,0.3669843036224177,0.37713595013778367,0,0
"N=5,H=4",5400294,4,5,1.0,0.3645559151922703,0.34786666493183155,0.3553849782772291,0,0
"N=5,H=4",5400295,4,5,1.0,0.4638355184184348,0.43474547820700893,0.4397999050642914,0,0
"N=5,H=4",5400296,4,5,1.0,0.30887507271645304,0.29461219016157114,0.30015053037126416,0,0
"N=5,H=4",5400297,4,5,1.0,0.3561954416672874,0.33837603185060977,0.34157774805342894,0,0
"N=5,H=4",5400298,4,5,1.0,0.3540933754193183,0.34194352550657514,0.3460140149608381,0,0
"N=5,H=4",5400299,4,5,1.0,0.41542093835601773,0.3943432506557068,0.4029327134729667,0,0
"N=5,H=4",5400300,4,5,1.0,0.43945577572208305,0.41257221238561675,0.4156806546911914,0,0
"N=5,H=4",5400301,4,5,1.0,0.4318643010155215,0.402287361550391,0.41421705677392295,0,0
"N=5,H=4",5400302,4,5,1.0,0.2681536059480449,0.2575257116064318,0.260410394084602,0,0
"N=5,H=4",5400303,4,5,1.0,0.3232372753745102,0.3160337648322207,0.318013818588463,0,0
"N=5,H=4",5400304,4,5,1.0,0.371716843773018,0.35414810141127906,0.3600146538274846,0,0
"N=5,H=4",5400305,4,5,1.0,0.3476640770906509,0.32937386000115,0.3334524439645447,0,0
"N=5,H=4",5400306,4,5,1.0,0.4198710323296532,0.3949418091833653,0.40227060536329423,0,0
"N=5,H=4",5400307,4,5,1.0,0.39690554363513275,0.3698836134177151,0.3799912969793257,0,0
"N=5,H=4",5400308,4,5,1.0,0.5002191352113008,0.46765497860561855,0.4788338345660027,0,0
"N=5,H=4",5400309,4,5,1.0,0.3616913611455764,0.3481482517497499,0.35233612793668356,0,0
"N=5,H=4",5400310,4,5,1.0,0.4071564737024525,0.3928896607823891,0.39917783170299526,0,0
"N=5,H=4",5400311,4,5,1.0,0.46022915980710327,0.42178326781100134,0.43724254766315274,0,0
"N=5,H=4",5400312,4,5,1.0,0.5591439601050038,0.5143640292263001,0.5266917662067874,0,0
"N=5,H=4",5400313,4,5,1.0,0.2613090756770986,0.25145485467908296,0.2548687530818078,0,0
"N=5,H=4",5400314,4,5,1.0,0.3203298213362643,0.3067366784660615,0.31217327570249986,0,0
"N=5,H=4",5400315,4,5,1.0,0.4427806682600037,0.421596183584375,0.4255447407486088,0,0
"N=5,H=4",5400316,4,5,1.0,0.3230379358354524,0.30819277925461225,0.31527639726728507,0,0
"N=5,H=4",5400317,4,5,1.0,0.33038874386877853,0.3201383162895974,0.32467370273660623,0,0
"N=5,H=4",5400318,4,5,1.0,0.36994068991113793,0.3421723021882701,0.34622779341058285,0,0
"N=5,H=4",5400319,4,5,1.0,0.4019574290349778,0.38287103592710137,0.38927648288176786,0,0
"N=5,H=4",5400320,4,5,1.0,0.2632720196068245,0.25225264736149966,0.25737408386725563,0,0
"N=5,H=4",5400321,4,5,1.0,0.3388381960515083,0.3158935727903276,0.323990172865083,0,0
"N=5,H=4",5400322,4,5,1.0,0.4068340232726875,0.3903554425637623,0.3935591113305335,0,0
"N=5,H=4",5400323,4,5,1.0,0.28992851522988344,0.27506133036674096,0.2813254726222331,0,0
"N=5,H=4",5400324,4,5,1.0,0.37465143201996637,0.35060264012140574,0.35483193218324727,0,0
"N=5,H=4",5400325,4,5,1.0,0.44852050178679187,0.4142670135657847,0.4226544132931254,0,0
"N=5,H=4",5400326,4,5,1.0,0.42675512204134397,0.40296672591935484,0.4175641094998308,0,0
"N=5,H=4",5400327,4,5,1.0,0.36468629020532084,0.341751052658785,0.347124484874467,0,0
"N=5,H=4",5400328,4,5,1.0,0.3486829293054632,0.322154555908699,0.33241874167266355,0,0
"N=5,H=4",5400329,4,5,1.0,0.4035149909508934,0.3788268654148616,0.38566555199920655,0,0
"N=5,H=4",5400330,4,5,1.0,0.3298407923987355,0.3319579927566993,0.3345634540021398,1,0
"N=5,H=4",5400331,4,5,1.0,0.4028908327048376,0.3894549370437147,0.39511079460186543,0,0
"N=5,H=4",5400332,4,5,1.0,0.3776776868890208,0.3438583596906623,0.3551248169990364,0,0
"N=5,H=4",5400333,4,5,1.0,0.2780096880675687,0.26592516390867943,0.2691635178661642,0,0
"N=5,H=4",5400334,4,5,1.0,0.3223264336210456,0.3089527762583915,0.31299955379964056,0,0
"N=5,H=4",5400335,4,5,1.0,0.34881166710305894,0.34267461087479284,0.3467466327509251,0,0
"N=5,H=4",5400336,4,5,1.0,0.44421534029948984,0.41174782381089126,0.4234905399905394,0,0
"N=5,H=4",5400337,4,5,1.0,0.3590226748278886,0.34158199114820886,0.35079064139144656,0,0
"N=5,H=4",5400338,4,5,1.0,0.28645411934945486,0.2751495430928056,0.2777933328999558,0,0
"N=5,H=4",5400339,4,5,1.0,0.43522201895777896,0.41803364600207754,0.4246808916430585,0,0
"N=5,H=4",5400340,4,5,1.0,0.47526675039920224,0.44770612667883386,0.45447611294302354,0,0
"N=5,H=4",5400341,4,5,1.0,0.36824314922229995,0.3556013689304868,0.3592432559799004,0,0
"N=5,H=4",5400342,4,5,1.0,0.3990128562474177,0.38475187534880856,0.38801118099360715,0,0
"N=5,H=4",5400343,4,5,1.0,0.31949649433698557,0.3067504095768632,0.3122780525941705,0,0
"N=5,H=4",5400344,4,5,1.0,0.3325982784375186,0.31788453815696976,0.32208755668892924,0,0
"N=5,H=4",5400345,4,5,1.0,0.46937011961056396,0.43777017756477815,0.44445478021323565,0,0
"N=5,H=4",5400346,4,5,1.0,0.3698229681766291,0.35183718781924106,0.355520537525927,0,0
"N=5,H=4",5400347,4,5,1.0,0.4626033439373503,0.4361127138483198,0.4452622956916616,0,0
"N=5,H=4",5400348,4,5,1.0,0.27396852283365375,0.266229928305753,0.26922554644886265,0,0
"N=5,H=4",5400349,4,5,1.0,0.44121180658273945,0.412097959357179,0.42410064266173264,0,0
"N=5,H=4",5400350,4,5,1.0,0.2675478995108278,0.2529294977740623,0.2584448090776104,0,0
"N=5,H=4",5400351,4,5,1.0,0.4225054843016417,0.3941883116626374,0.4038648489069464,0,0
"N=5,H=4",5400352,4,5,1.0,0.4002288997470827,0.37829103217949445,0.38312850470944015,0,0
"N=5,H=4",5400353,4,5,1.0,0.35311561535041197,0.34296405243514294,0.3472625295080245,0,0
"N=5,H=4",5400354,4,5,1.0,0.43048478408894586,0.4101308263820478,0.4180990383183695,0,0
"N=5,H=4",5400355,4,5,1.0,0.266351099736627,0.2623768192155974,0.2647532846310901,0,0
"N=5,H=4",5400356,4,5,1.0,0.34682090943419713,0.3315293230039172,0.33627627287046863,0,0
"N=5,H=4",5400357,4,5,1.0,0.3997861427768982,0.3890437018747658,0.39455042341481,0,0
"N=5,H=4",5400358,4,5,1.0,0.4951372693274033,0.4677611226942159,0.4757651582988168,0,0
"N=5,H=4",5400359,4,5,1.0,0.3402281832191323,0.3245581285361167,0.33370168695518654,0,0
"N=5,H=4",5400360,4,5,1.0,0.316491678119192,0.3124922399332712,0.31736924192153976,0,0
"N=5,H=4",5400361,4,5,1.0,0.4077412966430009,0.38388049522472895,0.39158487014157767,0,0
"N=5,H=4",5400362,4,5,1.0,0.38111060921948936,0.35654114972166173,0.3675349604759024,0,0
"N=5,H=4",5400363,4,5,1.0,0.35990017917790446,0.3400395741908594,0.3464103204756185,0,0
"N=5,H=4",5400364,4,5,1.0,0.32203750473837034,0.3003655483734546,0.30997565228152013,0,0
"N=5,H=4",5400365,4,5,1.0,0.4124350741439483,0.38706648605573135,0.3958388202082887,0,0
"N=5,H=4",5400366,4,5,1.0,0.4830864791366488,0.46227883622074595,0.4708246479674939,0,0
"N=5,H=4",5400367,4,5,1.0,0.38210582076846855,0.36768091292377586,0.37361848400023673,0,0
"N=5,H=4",5400368,4,5,1.0,0.2911742327132305,0.2783823798649135,0.2852780029127146,0,0
"N=5,H=4",5400369,4,5,1.0,0.4138528087923328,0.38929652287615063,0.3956257408614792,0,0
"N=5,H=4",5400370,4,5,1.0,0.4654143513203009,0.4406352473313308,0.44688423955123413,0,0
"N=5,H=4",5400371,4,5,1.0,0.3755666444578791,0.3487179536955842,0.35716604393993745,0,0
"N=5,H=4",5400372,4,5,1.0,0.26985139447763906,0.2622531111684017,0.2646219145175831,0,0
"N=5,H=4",5400373,4,5,1.0,0.2902167670820264,0.27574440424491525,0.27747169975859826,0,0
"N=5,H=4",5400374,4,5,1.0,0.5659618145693995,0.5170606916921007,0.5238006670078225,0,0
"N=5,H=4",5400375,4,5,1.0,0.5270720725008807,0.4879261761268222,0.5039345485219814,0,0
"N=5,H=4",5400376,4,5,1.0,0.36485286579413123,0.3426506429416493,0.3499437121715016,0,0
"N=5,H=4",5400377,4,5,1.0,0.3325013375318568,0.31952998777217495,0.32638234978139685,0,0
"N=5,H=4",5400378,4,5,1.0,0.3271940829547444,0.3120909708717684,0.31759562957586773,0,0
"N=5,H=4",5400379,4,5,1.0,0.3870763485096207,0.35718768656350675,0.3645698066536266,0,0
"N=5,H=4",5400380,4,5,1.0,0.48048874465626534,0.4460009822836341,0.4579000001379453,0,0
"N=5,H=4",5400381,4,5,1.0,0.29151279298136484,0.28002402467354204,0.283176825446856,0,0
"N=5,H=4",5400382,4,5,1.0,0.4059292637603314,0.38761573255978254,0.3956096844307196,0,0
"N=5,H=4",5400383,4,5,1.0,0.34774566382748623,0.32140456925317057,0.3303963310234115,0,0
"N=5,H=4",5400384,4,5,1.0,0.3777323412865916,0.3597508402690544,0.36428928129403043,0,0
"N=5,H=4",5400385,4,5,1.0,0.437840871763829,0.4227791389802691,0.4326743645529728,0,0
"N=5,H=4",5400386,4,5,1.0,0.3281311443045637,0.31052566180451097,0.3200429546349768,0,0
"N=5,H=4",5400387,4,5,1.0,0.5052028729387456,0.4729139716910643,0.4818558079509876,0,0
"N=5,H=4",5400388,4,5,1.0,0.5203056860820576,0.4856831408685572,0.4976969588939116,0,0
"N=5,H=4",5400389,4,5,1.0,0.4153839552062308,0.39742098631593453,0.4060405517036936,0,0
"N=5,H=4",5400390,4,5,1.0,0.4567753378350507,0.43247464088991144,0.44291306406688635,0,0
"N=5,H=4",5400391,4,5,1.0,0.3406751699538599,0.32493110455037366,0.3299002969722242,0,0
"N=5,H=4",5400392,4,5,1.0,0.4596543743405563,0.44117935839178907,0.44760103743170443,0,0
"N=5,H=4",5400393,4,5,1.0,0.4100857545776617,0.39001594362029046,0.3962706985177169,0,0
"N=5,H=4",5400394,4,5,1.0,0.283506873500024,0.2720117208694007,0.2759376402731349,0,0
"N=5,H=4",5400395,4,5,1.0,0.3489808975400779,0.33108490686729,0.33889108541897783,0,0
"N=5,H=4",5400396,4,5,1.0,0.37644563941142883,0.36305590788103764,0.3722000310872847,0,0
"N=5,H=4",5400397,4,5,1.0,0.3789192517582586,0.3604499807243413,0.3642912310566423,0,0
"N=5,H=4",5400398,4,5,1.0,0.4555156852124048,0.4287058446234682,0.43392555479384365,0,0
"N=5,H=4",5400399,4,5,1.0,0.3820362221006006,0.36424814759802354,0.36955648123546814,0,0
"N=5,H=5",5500000,5,5,1.0,0.472146301106233,0.44578466731104405,0.4506933010439392,0,0
"N=5,H=5",5500001,5,5,1.0,0.5000963088492,0.4802612127791428,0.4925660718670136,0,0
"N=5,H=5",5500002,5,5,1.0,0.5729471238323245,0.538184616543585,0.5453542549647812,0,0
"N=5,H=5",5500003,5,5,1.0,0.5084306728879937,0.48295950111586344,0.497270305197157,0,0
"N=5,H=5",5500004,5,5,1.0,0.6648550066769463,0.6282987538641683,0.639726382160793,0,0
"N=5,H=5",5500005,5,5,1.0,0.4756269531699296,0.4468264025628632,0.45303284572439234,0,0
"N=5,H=5",5500006,5,5,1.0,0.5290564569879471,0.49292990003130677,0.5011369502122809,0,0
"N=5,H=5",5500007,5,5,1.0,0.4733882121148086,0.4476790874378918,0.45975255608859156,0,0
"N=5,H=5",5500008,5,5,1.0,0.3448767417225854,0.3312159781150102,0.3387171596667871,0,0
"N=5,H=5",5500009,5,5,1.0,0.4365130431924274,0.418532970204703,0.42502983355828156,0,0
"N=5,H=5",5500010,5,5,1.0,0.45973834220309595,0.43769695797102015,0.44581350998864827,0,0
"N=5,H=5",5500011,5,5,1.0,0.7204032456713412,0.6801078887074105,0.6916855873346351,0,0
"N=5,H=5",5500012,5,5,1.0,0.5919344227176476,0.5304464344740485,0.5434863249342496,0,0
"N=5,H=5",5500013,5,5,1.0,0.3969358233107724,0.3781221562636804,0.38830079964683295,0,0
"N=5,H=5",5500014,5,5,1.0,0.3247004087139092,0.3151281969579043,0.3213667142043767,0,0
"N=5,H=5",5500015,5,5,1.0,0.45452809207628897,0.4337717141853078,0.44009557170866387,0,0
"N=5,H=5",5500016,5,5,1.0,0.41043522356726697,0.3897914354019059,0.39437109466033654,0,0
"N=5,H=5",5500017,5,5,1.0,0.47925202317948934,0.444304942670607,0.4588959455742089,0,0
"N=5,H=5",5500018,5,5,1.0,0.5421784084170493,0.5156739083516827,0.5255607290752661,0,0
"N=5,H=5",5500019,5,5,1.0,0.4771747257885756,0.4576165959582738,0.46866626154299496,0,0
"N=5,H=5",5500020,5,5,1.0,0.34218649767124953,0.3246197680284092,0.32925294131387645,0,0
"N=5,H=5",5500021,5,5,1.0,0.5079620172425283,0.4788736188869283,0.49048353333147043,0,0
"N=5,H=5",5500022,5,5,1.0,0.48337738524042334,0.45773522035515785,0.4649269286954466,0,0
"N=5,H=5",5500023,5,5,1.0,0.4366006765077961,0.41560344197075394,0.420614664218943,0,0
"N=5,H=5",5500024,5,5,1.0,0.36360696485552807,0.3525915652155356,0.3557224729538069,0,0
"N=5,H=5",5500025,5,5,1.0,0.5168712960373854,0.48375388683767895,0.49264922472768363,0,0
"N=5,H=5",5500026,5,5,1.0,0.48923619489427106,0.4692194769481691,0.475695895242642,0,0
"N=5,H=5",5500027,5,5,1.0,0.4853719555637981,0.45683977031495,0.4675627376973798,0,0
"N=5,H=5",5500028,5,5,1.0,0.4813242468390131,0.443031720574484,0.45304961167915575,0,0
"N=5,H=5",5500029,5,5,1.0,0.3757236274476511,0.36272075580788443,0.36812088554756084,0,0
"N=5,H=5",5500030,5,5,1.0,0.4760767991846648,0.4473362728431126,0.45190084951140846,0,0
"N=5,H=5",5500031,5,5,1.0,0.3574582622749775,0.3373240819633512,0.3466956831604545,0,0
"N=5,H=5",5500032,5,5,1.0,0.4028519935294319,0.3839937701819064,0.3935835849926737,0,0
"N=5,H=5",5500033,5,5,1.0,0.4934989305542779,0.467525068195521,0.47328599743076916,0,0
"N=5,H=5",5500034,5,5,1.0,0.43602993187582395,0.41057762702074685,0.4155265906111588,0,0
"N=5,H=5",5500035,5,5,1.0,0.4371802866147208,0.40148039867127777,0.41016388232309264,0,0
"N=5,H=5",5500036,5,5,1.0,0.4284685335870658,0.4240523484114432,0.42915681999752786,0,0
"N=5,H=5",5500037,5,5,1.0,0.5576359045577085,0.5234555833889851,0.5330557633972057,0,0
"N=5,H=5",5500038,5,5,1.0,0.489655972295598,0.4659784887254269,0.468986613350001,0,0
"N=5,H=5",5500039,5,5,1.0,0.3788488094511734,0.36718134284880327,0.3705742881668094,0,0
"N=5,H=5",5500040,5,5,1.0,0.5602205236838655,0.5267768042489019,0.5366764901983129,0,0
"N=5,H=5",5500041,5,5,1.0,0.4066856598359649,0.3872219086177562,0.39665243565001573,0,0
"N=5,H=5",5500042,5,5,1.0,0.5446553713292132,0.504109399950101,0.514596397592145,0,0
"N=5,H=5",5500043,5,5,1.0,0.6412123001562363,0.6024626483283537,0.6139899359832983,0,0
"N=5,H=5",5500044,5,5,1.0,0.4039297794582049,0.38655860591986657,0.3903501590207163,0,0
"N=5,H=5",5500045,5,5,1.0,0.4564195116847421,0.44008516445783247,0.44615044779721336,0,0
"N=5,H=5",5500046,5,5,1.0,0.4698019505929989,0.44745021738146756,0.45195082308799395,0,0
"N=5,H=5",5500047,5,5,1.0,0.4379488986297309,0.41233668501987925,0.42970372778343613,0,0
"N=5,H=5",5500048,5,5,1.0,0.5198439969145751,0.49089535935977957,0.4966649124357121,0,0
"N=5,H=5",5500049,5,5,1.0,0.4137991723336586,0.39715979662835366,0.40521710394054744,0,0
"N=5,H=5",5500050,5,5,1.0,0.40828098466081314,0.3934025161115932,0.40213062284405404,0,0
"N=5,H=5",5500051,5,5,1.0,0.455555065283977,0.4345051379834483,0.4393139168020007,0,0
"N=5,H=5",5500052,5,5,1.0,0.3752877870606782,0.3574440188186456,0.36325677614844504,0,0
"N=5,H=5",5500053,5,5,1.0,0.5407926077521249,0.5129843326230724,0.5205356248386784,0,0
"N=5,H=5",5500054,5,5,1.0,0.4756335393224753,0.45218266765942794,0.4638493805432674,0,0
"N=5,H=5",5500055,5,5,1.0,0.5326132916060559,0.5046874329798752,0.5119121526395923,0,0
"N=5,H=5",5500056,5,5,1.0,0.4667064369561141,0.4436954712660446,0.4530289924683758,0,0
"N=5,H=5",5500057,5,5,1.0,0.5038116945423061,0.4777108679822951,0.489481666888482,0,0
"N=5,H=5",5500058,5,5,1.0,0.38942921208238956,0.37357818182639513,0.37928029584636924,0,0
"N=5,H=5",5500059,5,5,1.0,0.6103525291406413,0.5690297289425241,0.5829434603491,0,0
"N=5,H=5",5500060,5,5,1.0,0.4191084884967929,0.3971316073591827,0.40317046400705675,0,0
"N=5,H=5",5500061,5,5,1.0,0.5476900805108079,0.5172223557516556,0.528792437697194,0,0
"N=5,H=5",5500062,5,5,1.0,0.5984688500602604,0.5620829123006845,0.5719501048071616,0,0
"N=5,H=5",5500063,5,5,1.0,0.50256001132993,0.47307962710822193,0.4803290737040514,0,0
"N=5,H=5",5500064,5,5,1.0,0.49484850000226865,0.4725073849867649,0.48591572219572665,0,0
"N=5,H=5",5500065,5,5,1.0,0.49757709311093423,0.4764571698548781,0.4823241125798636,0,0
"N=5,H=5",5500066,5,5,1.0,0.42917565596669327,0.41100759145194243,0.4171414238847841,0,0
"N=5,H=5",5500067,5,5,1.0,0.44135766038362384,0.4198672366580207,0.4259594583598775,0,0
"N=5,H=5",5500068,5,5,1.0,0.5076761780032838,0.4680469296594508,0.4819536853652601,0,0
"N=5,H=5",5500069,5,5,1.0,0.45816945141500853,0.4413259431896702,0.4450118332939674,0,0
"N=5,H=5",5500070,5,5,1.0,0.5504453023770537,0.5303558386699456,0.5366623938296037,0,0
"N=5,H=5",5500071,5,5,1.0,0.5223029016537122,0.4984147505288444,0.5072446145894711,0,0
"N=5,H=5",5500072,5,5,1.0,0.5601329963644249,0.5205203200043963,0.5307132758790313,0,0
"N=5,H=5",5500073,5,5,1.0,0.37098369752321875,0.3611079588112889,0.365428245460669,0,0
"N=5,H=5",5500074,5,5,1.0,0.4210017360589976,0.4054466047772301,0.41227756642241553,0,0
"N=5,H=5",5500075,5,5,1.0,0.39611042016817904,0.38418029289805616,0.3884519013793786,0,0
"N=5,H=5",5500076,5,5,1.0,0.39430773701183985,0.37637197539085115,0.38300867770971403,0,0
"N=5,H=5",5500077,5,5,1.0,0.4992185833235371,0.46868949714643476,0.4795672237988609,0,0
"N=5,H=5",5500078,5,5,1.0,0.5578757270479089,0.5210157203271797,0.5354418192078789,0,0
"N=5,H=5",5500079,5,5,1.0,0.5588260046548014,0.5338951455846491,0.5380105772047379,0,0
"N=5,H=5",5500080,5,5,1.0,0.3861484029091251,0.3697868570991051,0.3775005187892615,0,0
"N=5,H=5",5500081,5,5,1.0,0.49712713162947286,0.4662497653737969,0.48107960988482745,0,0
"N=5,H=5",5500082,5,5,1.0,0.4748911480254098,0.4557128665223006,0.462861490250956,0,0
"N=5,H=5",5500083,5,5,1.0,0.33428921550049756,0.320578063219785,0.32524202249737555,0,0
"N=5,H=5",5500084,5,5,1.0,0.46763408926372746,0.4451289942590664,0.45081765336453095,0,0
"N=5,H=5",5500085,5,5,1.0,0.4540228916367766,0.4305429978685179,0.44013347961757265,0,0
"N=5,H=5",5500086,5,5,1.0,0.48498166247538077,0.4636680701608744,0.46885795361149474,0,0
"N=5,H=5",5500087,5,5,1.0,0.5878468063413376,0.5488536337687809,0.5641258648653263,0,0
"N=5,H=5",5500088,5,5,1.0,0.5154814942290802,0.5014399386537091,0.5090163558243597,0,0
"N=5,H=5",5500089,5,5,1.0,0.47788163236615266,0.45922626192968874,0.46751208207628087,0,0
"N=5,H=5",5500090,5,5,1.0,0.41063866493679807,0.401938460773394,0.4065607680840271,0,0
"N=5,H=5",5500091,5,5,1.0,0.5381666972226824,0.505494461331496,0.5182434008543152,0,0
"N=5,H=5",5500092,5,5,1.0,0.462783245159206,0.44140216591296766,0.4468359691359643,0,0
"N=5,H=5",5500093,5,5,1.0,0.45762893681760014,0.4237094998497581,0.4344284016790865,0,0
"N=5,H=5",5500094,5,5,1.0,0.44558153386199667,0.4179793353402028,0.42140110444824286,0,0
"N=5,H=5",5500095,5,5,1.0,0.4508396897568091,0.4250977609502541,0.42892655613158287,0,0
"N=5,H=5",5500096,5,5,1.0,0.4485515229189627,0.42737083339013177,0.4351055850035269,0,0
"N=5,H=5",5500097,5,5,1.0,0.47904146530247044,0.4538022812049899,0.46753567781404765,0,0
"N=5,H=5",5500098,5,5,1.0,0.5154231765379044,0.49215502958546253,0.5085345007052003,0,0
"N=5,H=5",5500099,5,5,1.0,0.49763045086081537,0.46612549755776594,0.4763030444555161,0,0
"N=5,H=5",5500100,5,5,1.0,0.47056452414574507,0.45288081437880334,0.45656334403376275,0,0
"N=5,H=5",5500101,5,5,1.0,0.4696623133879511,0.44951489955704926,0.46136281914873817,0,0
"N=5,H=5",5500102,5,5,1.0,0.43828039398706103,0.42384006486503834,0.4310185320292023,0,0
"N=5,H=5",5500103,5,5,1.0,0.3516779299282417,0.34166277801324274,0.3446433425233718,0,0
"N=5,H=5",5500104,5,5,1.0,0.38727655693800683,0.3690540108641654,0.3761106720862224,0,0
"N=5,H=5",5500105,5,5,1.0,0.42172743105346766,0.41163600859738836,0.41568430577951304,0,0
"N=5,H=5",5500106,5,5,1.0,0.53967933577988,0.5056189497371146,0.517534642682545,0,0
"N=5,H=5",5500107,5,5,1.0,0.32363818599099375,0.31992385620424235,0.3233400258331665,0,0
"N=5,H=5",5500108,5,5,1.0,0.4703498436179285,0.4484354270001717,0.45256135416942467,0,0
"N=5,H=5",5500109,5,5,1.0,0.4469452279655215,0.4315401914206216,0.44111093511787536,0,0
"N=5,H=5",5500110,5,5,1.0,0.41035019597139677,0.4003094735376897,0.4054822528934639,0,0
"N=5,H=5",5500111,5,5,1.0,0.4887998462046917,0.46658770543727973,0.47297254440335096,0,0
"N=5,H=5",5500112,5,5,1.0,0.5100595174847729,0.48584023771241824,0.4908151696414662,0,0
"N=5,H=5",5500113,5,5,1.0,0.4576416461833337,0.440926009793565,0.45168179794067714,0,0
"N=5,H=5",5500114,5,5,1.0,0.5431736577157358,0.5114186153809951,0.5279520518823698,0,0
"N=5,H=5",5500115,5,5,1.0,0.48505814678809356,0.4653053679183484,0.47198975088623857,0,0
"N=5,H=5",5500116,5,5,1.0,0.5178457105633819,0.4955924841559761,0.5011994041283873,0,0
"N=5,H=5",5500117,5,5,1.0,0.4277018729083339,0.40549685605307134,0.41181337746129987,0,0
"N=5,H=5",5500118,5,5,1.0,0.48737095034618677,0.45948801057768307,0.46552177587789356,0,0
"N=5,H=5",5500119,5,5,1.0,0.4027422407158543,0.3887937987451376,0.39490726677164006,0,0
"N=5,H=5",5500120,5,5,1.0,0.5445193501969672,0.5235316876727557,0.52790190323938,0,0
"N=5,H=5",5500121,5,5,1.0,0.3393007139915176,0.3375684617137492,0.34393377166565164,0,0
"N=5,H=5",5500122,5,5,1.0,0.55967139557237,0.5263147278965804,0.5392224734317994,0,0
"N=5,H=5",5500123,5,5,1.0,0.46555046936189287,0.4422695614666795,0.44846956726339837,0,0
"N=5,H=5",5500124,5,5,1.0,0.4731520533803983,0.4528184219446797,0.46024760426723377,0,0
"N=5,H=5",5500125,5,5,1.0,0.4600757069764634,0.4398457217792499,0.4470260993823018,0,0
"N=5,H=5",5500126,5,5,1.0,0.3852245851825637,0.3747933013995466,0.37778869841023777,0,0
"N=5,H=5",5500127,5,5,1.0,0.5497007258929806,0.5260881799687989,0.5322897264406334,0,0
"N=5,H=5",5500128,5,5,1.0,0.552359628541544,0.5098187915083933,0.5184121119332172,0,0
"N=5,H=5",5500129,5,5,1.0,0.3696144779253408,0.3515355527532596,0.3573671610009535,0,0
"N=5,H=5",5500130,5,5,1.0,0.3728720553954816,0.3606101892833714,0.3642184250672167,0,0
"N=5,H=5",5500131,5,5,1.0,0.36059497679964414,0.35169233025815455,0.3580196766165537,0,0
"N=5,H=5",5500132,5,5,1.0,0.5354949118772008,0.5118568339053691,0.5300589755677323,0,0
"N=5,H=5",5500133,5,5,1.0,0.4543171997524004,0.43578865365960673,0.44078476390037385,0,0
"N=5,H=5",5500134,5,5,1.0,0.40415115738060203,0.3880969713652866,0.39686738032702845,0,0
"N=5,H=5",5500135,5,5,1.0,0.4219705659106071,0.41141234673934535,0.4171547166322306,0,0
"N=5,H=5",5500136,5,5,1.0,0.5870419199615062,0.5437553528987625,0.5567206617115479,0,0
"N=5,H=5",5500137,5,5,1.0,0.46457216768960646,0.4417477186835793,0.4465010993100735,0,0
"N=5,H=5",5500138,5,5,1.0,0.43295420345789465,0.4144612772198101,0.4186738457138177,0,0
"N=5,H=5",5500139,5,5,1.0,0.5494631179004025,0.5164549084187161,0.5243117878612992,0,0
"N=5,H=5",5500140,5,5,1.0,0.46153888163955925,0.4407703208995406,0.44868153098469915,0,0
"N=5,H=5",5500141,5,5,1.0,0.6106444464388806,0.5614839945672865,0.5781755169690957,0,0
"N=5,H=5",5500142,5,5,1.0,0.45015791883833567,0.42926557886359634,0.43525744131509186,0,0
"N=5,H=5",5500143,5,5,1.0,0.5184916695896492,0.48168769388087834,0.4886390934427378,0,0
"N=5,H=5",5500144,5,5,1.0,0.46772006682198713,0.4496396062201304,0.4560406750491048,0,0
"N=5,H=5",5500145,5,5,1.0,0.4637775092313968,0.43863306795626733,0.45373382889101777,0,0
"N=5,H=5",5500146,5,5,1.0,0.55416247060205,0.5222020893206085,0.530465572018378,0,0
"N=5,H=5",5500147,5,5,1.0,0.42179942661103415,0.39492370975474395,0.4011155572482078,0,0
"N=5,H=5",5500148,5,5,1.0,0.43266606532421625,0.4170332818767642,0.4205564398778467,0,0
"N=5,H=5",5500149,5,5,1.0,0.5396795323402626,0.5113873057495328,0.5227522513113447,0,0
"N=5,H=5",5500150,5,5,1.0,0.6455819517530875,0.6106744072461064,0.6215142373571427,0,0
"N=5,H=5",5500151,5,5,1.0,0.5744506988506264,0.5341868496275072,0.5457648559548591,0,0
"N=5,H=5",5500152,5,5,1.0,0.5560123806973197,0.507068079914552,0.518615153864192,0,0
"N=5,H=5",5500153,5,5,1.0,0.5086841803628821,0.48490019401893486,0.49122090766837595,0,0
"N=5,H=5",5500154,5,5,1.0,0.39540021369484796,0.3802796584896033,0.3850571255433893,0,0
"N=5,H=5",5500155,5,5,1.0,0.5705379068079941,0.5368016456780497,0.5466489699446799,0,0
"N=5,H=5",5500156,5,5,1.0,0.4495408758751113,0.4281337490728015,0.43444963577982293,0,0
"N=5,H=5",5500157,5,5,1.0,0.6075329238982874,0.5681902254722382,0.58176759242707,0,0
"N=5,H=5",5500158,5,5,1.0,0.33618630040001557,0.32037072066390215,0.322576695814786,0,0
"N=5,H=5",5500159,5,5,1.0,0.5379459371279303,0.5110117234402229,0.5224467769445165,0,0
"N=5,H=5",5500160,5,5,1.0,0.5951874606226439,0.5499719719505447,0.56917343557682,0,0
"N=5,H=5",5500161,5,5,1.0,0.713650078809846,0.664460338491576,0.6782056983552082,0,0
"N=5,H=5",5500162,5,5,1.0,0.4736962514186105,0.4420156577286487,0.45270561074979393,0,0
"N=5,H=5",5500163,5,5,1.0,0.45677608808304787,0.4405004766779991,0.4482945669226757,0,0
"N=5,H=5",5500164,5,5,1.0,0.36553642873265546,0.34830838875736386,0.3586960249127081,0,0
"N=5,H=5",5500165,5,5,1.0,0.3821523545809505,0.3609148054068533,0.36718932871963894,0,0
"N=5,H=5",5500166,5,5,1.0,0.5177158160067091,0.489015879872349,0.5005767368285927,0,0
"N=5,H=5",5500167,5,5,1.0,0.580443429475966,0.5367646987682196,0.5518674436279997,0,0
"N=5,H=5",5500168,5,5,1.0,0.3800675067193201,0.3673472832707384,0.3718988208735142,0,0
"N=5,H=5",5500169,5,5,1.0,0.6380784462459199,0.6099842307279141,0.6200364876267285,0,0
"N=5,H=5",5500170,5,5,1.0,0.5976259906414285,0.5671976470762038,0.5736957475175096,0,0
"N=5,H=5",5500171,5,5,1.0,0.39587759034035164,0.38012630401208314,0.3894028783049267,0,0
"N=5,H=5",5500172,5,5,1.0,0.5084555049246656,0.4872460347371343,0.49727401134261545,0,0
"N=5,H=5",5500173,5,5,1.0,0.5140023588031373,0.4873655788946207,0.49780871319119635,0,0
"N=5,H=5",5500174,5,5,1.0,0.36672258823032283,0.3522695425353907,0.35733459019309,0,0
"N=5,H=5",5500175,5,5,1.0,0.5487438007099819,0.5148374550463526,0.5216788987400193,0,0
"N=5,H=5",5500176,5,5,1.0,0.48154629651274583,0.45169564810941165,0.4623598545250218,0,0
"N=5,H=5",5500177,5,5,1.0,0.406410772586853,0.3887291251228117,0.39708793977544266,0,0
"N=5,H=5",5500178,5,5,1.0,0.6798970022315858,0.6388571211279809,0.6487158156145832,0,0
"N=5,H=5",5500179,5,5,1.0,0.42157342420608496,0.397584514188811,0.40450813242952416,0,0
"N=5,H=5",5500180,5,5,1.0,0.4996169988594758,0.466579881538792,0.476953975039231,0,0
"N=5,H=5",5500181,5,5,1.0,0.6248651894472037,0.5829286276950973,0.591160140448572,0,0
"N=5,H=5",5500182,5,5,1.0,0.44823678174672654,0.4171203758705518,0.427437250687752,0,0
"N=5,H=5",5500183,5,5,1.0,0.36905169827644574,0.3549157004459537,0.35895167195851996,0,0
"N=5,H=5",5500184,5,5,1.0,0.46398612470645095,0.43233957899632114,0.4475616356554789,0,0
"N=5,H=5",5500185,5,5,1.0,0.2981197517985259,0.2909780677441501,0.29862805124595876,0,0
"N=5,H=5",5500186,5,5,1.0,0.5163637169112195,0.5005427355512484,0.5099481838191613,0,0
"N=5,H=5",5500187,5,5,1.0,0.4327083863530036,0.4125124250616832,0.4184627376551124,0,0
"N=5,H=5",5500188,5,5,1.0,0.5057635530305802,0.47685761947601535,0.49013434855389915,0,0
"N=5,H=5",5500189,5,5,1.0,0.4192751380788091,0.4057868392216621,0.4098412771804507,0,0
"N=5,H=5",5500190,5,5,1.0,0.5088990389508258,0.47420670916027646,0.48911887443438484,0,0
"N=5,H=5",5500191,5,5,1.0,0.4388978970328755,0.4134385495304153,0.4181216113107954,0,0
"N=5,H=5",5500192,5,5,1.0,0.34567655316918516,0.3297404741273589,0.3381187400393798,0,0
"N=5,H=5",5500193,5,5,1.0,0.32283122131847947,0.3139920093904479,0.3210979902833708,0,0
"N=5,H=5",5500194,5,5,1.0,0.5782944234099442,0.5468658442397477,0.5589643212061085,0,0
"N=5,H=5",5500195,5,5,1.0,0.5945434296493306,0.5497553958524631,0.5585482647990402,0,0
"N=5,H=5",5500196,5,5,1.0,0.40971333022997986,0.38867763690968976,0.3956060342643063,0,0
"N=5,H=5",5500197,5,5,1.0,0.5307636012866394,0.4823792531254034,0.50072374523918,0,0
"N=5,H=5",5500198,5,5,1.0,0.5577961899269752,0.5137413262532747,0.5199009989443042,0,0
"N=5,H=5",5500199,5,5,1.0,0.3582304667767096,0.34545005222967023,0.351321685481348,0,0
"N=5,H=5",5500200,5,5,1.0,0.4730707931802305,0.4401856561086464,0.4518331669597987,0,0
"N=5,H=5",5500201,5,5,1.0,0.4457876357915605,0.4287607147687057,0.4365530808288355,0,0
"N=5,H=5",5500202,5,5,1.0,0.4467906569445297,0.42032472724979925,0.4245457209472055,0,0
"N=5,H=5",5500203,5,5,1.0,0.5699054424336294,0.5477447257198834,0.5525375381928544,0,0
"N=5,H=5",5500204,5,5,1.0,0.4564215920676282,0.4263037525915305,0.4369360929576181,0,0
"N=5,H=5",5500205,5,5,1.0,0.4870335428439129,0.46744650730689524,0.4724511035408743,0,0
"N=5,H=5",5500206,5,5,1.0,0.48113191495855673,0.4516694646546282,0.4569568556991271,0,0
"N=5,H=5",5500207,5,5,1.0,0.5045507244893646,0.4828126464752608,0.49139932498069655,0,0
"N=5,H=5",5500208,5,5,1.0,0.4899919613380194,0.4685163257564123,0.4779878434773703,0,0
"N=5,H=5",5500209,5,5,1.0,0.6835203348195915,0.6379205757418946,0.6520438583474999,0,0
"N=5,H=5",5500210,5,5,1.0,0.5735308938482793,0.542639272122756,0.5582035559717669,0,0
"N=5,H=5",5500211,5,5,1.0,0.502284439487901,0.4740355681404863,0.48810405755410685,0,0
"N=5,H=5",5500212,5,5,1.0,0.44590512296932483,0.42595418570471105,0.43161440698595005,0,0
"N=5,H=5",5500213,5,5,1.0,0.33140222811573516,0.3190194517026095,0.3235172058757401,0,0
"N=5,H=5",5500214,5,5,1.0,0.47656422124023773,0.45004790262277033,0.45860143469933884,0,0
"N=5,H=5",5500215,5,5,1.0,0.585964444375196,0.5519249367347405,0.5691421982872559,0,0
"N=5,H=5",5500216,5,5,1.0,0.4376135327873162,0.4133782286359918,0.41946808536146013,0,0
"N=5,H=5",5500217,5,5,1.0,0.5540377454203838,0.5227325480382923,0.5390056115033927,0,0
"N=5,H=5",5500218,5,5,1.0,0.4420115357554597,0.4264444154217999,0.4310399077978998,0,0
"N=5,H=5",5500219,5,5,1.0,0.5787713323200482,0.5371572757303239,0.5510717502360442,0,0
"N=5,H=5",5500220,5,5,1.0,0.46056563939075723,0.4248167077942423,0.4394669446346027,0,0
"N=5,H=5",5500221,5,5,1.0,0.6363494633234692,0.578538457024599,0.5873648894919906,0,0
"N=5,H=5",5500222,5,5,1.0,0.42145498322668046,0.4091874372859166,0.41470860306364987,0,0
"N=5,H=5",5500223,5,5,1.0,0.5946712050532663,0.5542952323172938,0.5676554455814644,0,0
"N=5,H=5",5500224,5,5,1.0,0.33859280060285,0.3248777014836278,0.3295504593222863,0,0
"N=5,H=5",5500225,5,5,1.0,0.7279919863380313,0.6758433859867766,0.683646229839512,0,0
"N=5,H=5",5500226,5,5,1.0,0.5123020919608791,0.46852958366845787,0.4725782294656022,0,0
"N=5,H=5",5500227,5,5,1.0,0.4390176594672576,0.4200987413893576,0.42818813283555657,0,0
"N=5,H=5",5500228,5,5,1.0,0.42579910707598206,0.40549676914166916,0.41425605677713484,0,0
"N=5,H=5",5500229,5,5,1.0,0.4658317428085707,0.44909786605151863,0.45370401688326834,0,0
"N=5,H=5",5500230,5,5,1.0,0.5183519533096008,0.49262521426955513,0.49787192682023534,0,0
"N=5,H=5",5500231,5,5,1.0,0.6275085753596873,0.5922002709793399,0.6062821298932548,0,0
"N=5,H=5",5500232,5,5,1.0,0.5341428609806015,0.49124288301903285,0.5015206516534177,0,0
"N=5,H=5",5500233,5,5,1.0,0.364835482444737,0.35406309980241424,0.35866581415679244,0,0
"N=5,H=5",5500234,5,5,1.0,0.5140729987956018,0.4919780706931394,0.49989883045766564,0,0
"N=5,H=5",5500235,5,5,1.0,0.515355184853752,0.48272221166213347,0.49430063033591387,0,0
"N=5,H=5",5500236,5,5,1.0,0.4504617239848558,0.43708697680132036,0.4424604358753494,0,0
"N=5,H=5",5500237,5,5,1.0,0.5111254311985293,0.49527992024429596,0.5021279276550588,0,0
"N=5,H=5",5500238,5,5,1.0,0.5460380585833121,0.5160063084858276,0.5209552255381701,0,0
"N=5,H=5",5500239,5,5,1.0,0.4092835293482488,0.39440176015132894,0.3989675349467653,0,0
"N=5,H=5",5500240,5,5,1.0,0.38057075868331125,0.36470912698459257,0.3728364897967184,0,0
"N=5,H=5",5500241,5,5,1.0,0.5133032476695827,0.49906525833835286,0.5039845546432926,0,0
"N=5,H=5",5500242,5,5,1.0,0.5233056146714508,0.4923146616653344,0.5064744510315451,0,0
"N=5,H=5",5500243,5,5,1.0,0.49798366262853483,0.4739915733532995,0.4837677504478392,0,0
"N=5,H=5",5500244,5,5,1.0,0.6213249654841243,0.5651825764199752,0.5814726088447906,0,0
"N=5,H=5",5500245,5,5,1.0,0.43153757285898686,0.4203886509898751,0.4274598633065012,0,0
"N=5,H=5",5500246,5,5,1.0,0.44938012481190714,0.4249956760164504,0.43565667717304074,0,0
"N=5,H=5",5500247,5,5,1.0,0.4252303473955932,0.4101512628005423,0.4164847494661007,0,0
"N=5,H=5",5500248,5,5,1.0,0.47548721877762606,0.4548144593657316,0.46072564081244793,0,0
"N=5,H=5",5500249,5,5,1.0,0.5086439154954062,0.47878650520917204,0.4835284121370427,0,0
"N=5,H=5",5500250,5,5,1.0,0.5406483493145043,0.5168264631498272,0.5260206289273978,0,0
"N=5,H=5",5500251,5,5,1.0,0.4284911422752656,0.4118211490752888,0.41815858993940275,0,0
"N=5,H=5",5500252,5,5,1.0,0.43470335110600217,0.41300291833617964,0.4198027755966846,0,0
"N=5,H=5",5500253,5,5,1.0,0.40158060376847354,0.3785720059738987,0.3875066374145668,0,0
"N=5,H=5",5500254,5,5,1.0,0.5601814648830268,0.5256936363267833,0.5391705115797363,0,0
"N=5,H=5",5500255,5,5,1.0,0.3818656659399221,0.3771123585578396,0.38103955399990397,0,0
"N=5,H=5",5500256,5,5,1.0,0.5322268905610218,0.5015213772578297,0.5098599211761743,0,0
"N=5,H=5",5500257,5,5,1.0,0.46251237365294035,0.43851868197961513,0.4493586330752185,0,0
"N=5,H=5",5500258,5,5,1.0,0.47172992832924104,0.45578332255264736,0.465184421467888,0,0
"N=5,H=5",5500259,5,5,1.0,0.4316904012050711,0.4140844167298913,0.4198452545730538,0,0
"N=5,H=5",5500260,5,5,1.0,0.41186620858101936,0.4014154132233506,0.4086220585386698,0,0
"N=5,H=5",5500261,5,5,1.0,0.448459886418492,0.42044271012732415,0.4301420336111101,0,0
"N=5,H=5",5500262,5,5,1.0,0.43751856728317057,0.41975610729386603,0.4287464188651258,0,0
"N=5,H=5",5500263,5,5,1.0,0.5012725112701768,0.4812810180057538,0.4870840249415731,0,0
"N=5,H=5",5500264,5,5,1.0,0.3913471063582509,0.3821201482785607,0.3865578673054105,0,0
"N=5,H=5",5500265,5,5,1.0,0.5213491794143154,0.49619231378616296,0.5030487302876353,0,0
"N=5,H=5",5500266,5,5,1.0,0.3701362323862891,0.3527958126354429,0.3622752251918465,0,0
"N=5,H=5",5500267,5,5,1.0,0.6117899950302703,0.5671528237140923,0.5845699615309083,0,0
"N=5,H=5",5500268,5,5,1.0,0.4891508841537733,0.4735181273911795,0.47786484261148987,0,0
"N=5,H=5",5500269,5,5,1.0,0.46969941507072127,0.44545970099855137,0.4563656509098061,0,0
"N=5,H=5",5500270,5,5,1.0,0.5067910140894736,0.48380756473849595,0.49180028485969146,0,0
"N=5,H=5",5500271,5,5,1.0,0.43841293937198106,0.42614258359648766,0.4315376416247982,0,0
"N=5,H=5",5500272,5,5,1.0,0.4848015377425556,0.46569205410716946,0.47604114005059256,0,0
"N=5,H=5",5500273,5,5,1.0,0.4507898861276731,0.429219308312075,0.43896908809585056,0,0
"N=5,H=5",5500274,5,5,1.0,0.5009301026093164,0.4621919726226393,0.4737425988607172,0,0
"N=5,H=5",5500275,5,5,1.0,0.5808562415970614,0.5500092239285291,0.557928601796177,0,0
"N=5,H=5",5500276,5,5,1.0,0.4976787712569593,0.4784190508626194,0.4854999057896147,0,0
"N=5,H=5",5500277,5,5,1.0,0.5206913690868284,0.48122262881437977,0.49699399478040984,0,0
"N=5,H=5",5500278,5,5,1.0,0.4921467772545836,0.46438681701072054,0.46883063271036857,0,0
"N=5,H=5",5500279,5,5,1.0,0.5012906459929379,0.48082244217719305,0.4883454106338161,0,0
"N=5,H=5",5500280,5,5,1.0,0.5507780291167591,0.5184328038292723,0.5265937571865535,0,0
"N=5,H=5",5500281,5,5,1.0,0.6120785981349602,0.5705291992291986,0.58136015563889,0,0
"N=5,H=5",5500282,5,5,1.0,0.6090563872072235,0.5742785576569149,0.5809554102523792,0,0
"N=5,H=5",5500283,5,5,1.0,0.4074344960842425,0.3888284389727086,0.3967072471508001,0,0
"N=5,H=5",5500284,5,5,1.0,0.44148953961213305,0.4178425315294536,0.42378742385684576,0,0
"N=5,H=5",5500285,5,5,1.0,0.5036144807015587,0.4858794050090203,0.49245927195231864,0,0
"N=5,H=5",5500286,5,5,1.0,0.5283214340562944,0.49511415881242343,0.5022877885720624,0,0
"N=5,H=5",5500287,5,5,1.0,0.3857771172752002,0.37096291006047316,0.37430978336838605,0,0
"N=5,H=5",5500288,5,5,1.0,0.408644766171951,0.39601888921992007,0.40400081709864083,0,0
"N=5,H=5",5500289,5,5,1.0,0.5829667488336817,0.5534034181601032,0.5684411370617357,0,0
"N=5,H=5",5500290,5,5,1.0,0.4682751603757378,0.4413749243225857,0.44894234839989433,0,0
"N=5,H=5",5500291,5,5,1.0,0.4623097602109094,0.4376717548255932,0.4456673018477418,0,0
"N=5,H=5",5500292,5,5,1.0,0.5372292669270293,0.5015529775809168,0.5097496485471337,0,0
"N=5,H=5",5500293,5,5,1.0,0.3773002738150367,0.3597686839850203,0.3655231685515626,0,0
"N=5,H=5",5500294,5,5,1.0,0.44681268519300776,0.4169406380106859,0.4309710066026963,0,0
"N=5,H=5",5500295,5,5,1.0,0.5570815553321019,0.534662436364098,0.5448676905219068,0,0
"N=5,H=5",5500296,5,5,1.0,0.4811961096308884,0.46625169303020103,0.4709663979714987,0,0
"N=5,H=5",5500297,5,5,1.0,0.38008054183817314,0.36941155015309185,0.37515730123921004,0,0
"N=5,H=5",5500298,5,5,1.0,0.34708027970415284,0.33226997705607125,0.33644774672606215,0,0
"N=5,H=5",5500299,5,5,1.0,0.3831826314408524,0.3671822216760712,0.3724425579983908,0,0
"N=5,H=5",5500300,5,5,1.0,0.5291883364714859,0.4922871068683038,0.5075670819022697,0,0
"N=5,H=5",5500301,5,5,1.0,0.5893170667417775,0.5539318321946987,0.5590245525612298,0,0
"N=5,H=5",5500302,5,5,1.0,0.3449959860621848,0.3309893437219126,0.33791359530002146,0,0
"N=5,H=5",5500303,5,5,1.0,0.4319294217902546,0.41728917968283247,0.4221121885624887,0,0
"N=5,H=5",5500304,5,5,1.0,0.5708714825951823,0.5382684647575355,0.5467483727919997,0,0
"N=5,H=5",5500305,5,5,1.0,0.37947587918363956,0.3608549809210726,0.36817565884257586,0,0
"N=5,H=5",5500306,5,5,1.0,0.5460786816482459,0.5119584751525784,0.5224793209891345,0,0
"N=5,H=5",5500307,5,5,1.0,0.43922944868087743,0.4213963179400292,0.4262220646156688,0,0
"N=5,H=5",5500308,5,5,1.0,0.37068400371515337,0.3552934089808273,0.3623226275687336,0,0
"N=5,H=5",5500309,5,5,1.0,0.6650609454239047,0.623283077627053,0.6303524327717601,0,0
"N=5,H=5",5500310,5,5,1.0,0.4189531291677889,0.40479705212577527,0.40943036224607865,0,0
"N=5,H=5",5500311,5,5,1.0,0.5987193210170195,0.5635619725280904,0.5701203038495037,0,0
"N=5,H=5",5500312,5,5,1.0,0.5340609757868502,0.5052395616077893,0.5177458225263316,0,0
"N=5,H=5",5500313,5,5,1.0,0.4591491543557527,0.44399809057830764,0.4508929312276678,0,0
"N=5,H=5",5500314,5,5,1.0,0.5661819941368189,0.5398822237045175,0.5470135925492161,0,0
"N=5,H=5",5500315,5,5,1.0,0.5196214015155092,0.497199755182934,0.5071188354201548,0,0
"N=5,H=5",5500316,5,5,1.0,0.6010710409245735,0.5688309937605612,0.5793009532851876,0,0
"N=5,H=5",5500317,5,5,1.0,0.49369016152641254,0.4677326697609535,0.47675257671068383,0,0
"N=5,H=5",5500318,5,5,1.0,0.3706445926140338,0.36251968134634155,0.3664027544689298,0,0
"N=5,H=5",5500319,5,5,1.0,0.5502964426089461,0.5184773819608873,0.5267057959890901,0,0
"N=5,H=5",5500320,5,5,1.0,0.4491187042751794,0.43587051857817927,0.44863490191531197,0,0
"N=5,H=5",5500321,5,5,1.0,0.5795343186464162,0.5418429711817196,0.5519697347606096,0,0
"N=5,H=5",5500322,5,5,1.0,0.4673789069633734,0.44295277152330376,0.45267043236610827,0,0
"N=5,H=5",5500323,5,5,1.0,0.4693969577830185,0.444982567942318,0.4551918920690998,0,0
"N=5,H=5",5500324,5,5,1.0,0.3684756244866119,0.3552559006353147,0.3604636373538535,0,0
"N=5,H=5",5500325,5,5,1.0,0.4074495344715215,0.39687861183951245,0.40234240611641975,0,0
"N=5,H=5",5500326,5,5,1.0,0.5691069555511068,0.5423989933810128,0.548068363789503,0,0
"N=5,H=5",5500327,5,5,1.0,0.4721370274711515,0.44897744285724744,0.4599505513089217,0,0
"N=5,H=5",5500328,5,5,1.0,0.3553050548453583,0.34212053447080715,0.34891272587273164,0,0
"N=5,H=5",5500329,5,5,1.0,0.5077281543992795,0.4775555319789527,0.4887663314355938,0,0
"N=5,H=5",5500330,5,5,1.0,0.5912521300349948,0.5589891775924299,0.5731429287048136,0,0
"N=5,H=5",5500331,5,5,1.0,0.38613253740400505,0.37476114720307485,0.38104174495655985,0,0
"N=5,H=5",5500332,5,5,1.0,0.38630606025374625,0.37091746219131727,0.3777840195564333,0,0
"N=5,H=5",5500333,5,5,1.0,0.40604900131476623,0.3906575324464787,0.39368224856546974,0,0
"N=5,H=5",5500334,5,5,1.0,0.47749007839244195,0.4558026720490302,0.4626736937663323,0,0
"N=5,H=5",5500335,5,5,1.0,0.4861933523424051,0.4592970835974718,0.4655619235701636,0,0
"N=5,H=5",5500336,5,5,1.0,0.4916188648121741,0.45848178910253945,0.46803135354262276,0,0
"N=5,H=5",5500337,5,5,1.0,0.47019046338522413,0.4480070994217276,0.45498752525477393,0,0
"N=5,H=5",5500338,5,5,1.0,0.330594814476415,0.31763606104663605,0.32015805003577086,0,0
"N=5,H=5",5500339,5,5,1.0,0.37618675867545814,0.361448590700136,0.36693785807429335,0,0
"N=5,H=5",5500340,5,5,1.0,0.6659890956560551,0.621259298933205,0.634302840835668,0,0
"N=5,H=5",5500341,5,5,1.0,0.5492957255446691,0.530372405457577,0.5359830920718153,0,0
"N=5,H=5",5500342,5,5,1.0,0.4739069396174316,0.44598773625423216,0.45913635382286405,0,0
"N=5,H=5",5500343,5,5,1.0,0.43513653430423627,0.41227087182599226,0.4211616046580994,0,0
"N=5,H=5",5500344,5,5,1.0,0.4447604743450865,0.4199605525260957,0.4300534170749893,0,0
"N=5,H=5",5500345,5,5,1.0,0.5775880954310335,0.5406240453022434,0.5511628972360306,0,0
"N=5,H=5",5500346,5,5,1.0,0.4869040429057214,0.4754180856474499,0.48005955240041426,0,0
"N=5,H=5",5500347,5,5,1.0,0.5757184749225344,0.5329299559618376,0.5439835608612373,0,0
"N=5,H=5",5500348,5,5,1.0,0.4702973754207486,0.4410950432721074,0.4450551443958109,0,0
"N=5,H=5",5500349,5,5,1.0,0.42704649211156664,0.405072088051745,0.41198209909502226,0,0
"N=5,H=5",5500350,5,5,1.0,0.5600830603991183,0.5145598728823744,0.5299922639494754,0,0
"N=5,H=5",5500351,5,5,1.0,0.504574322038732,0.47287347299578464,0.4842485006037883,0,0
"N=5,H=5",5500352,5,5,1.0,0.5523911193752943,0.5230487019366832,0.5352819635419314,0,0
"N=5,H=5",5500353,5,5,1.0,0.3802459847844115,0.36177061542593136,0.37038827154539455,0,0
"N=5,H=5",5500354,5,5,1.0,0.48921580180391744,0.4718554855078367,0.4772218242096372,0,0
"N=5,H=5",5500355,5,5,1.0,0.5761021823173619,0.5639209435083893,0.5712443164936445,0,0
"N=5,H=5",5500356,5,5,1.0,0.42118202174102154,0.40213163830577103,0.4137345486684388,0,0
"N=5,H=5",5500357,5,5,1.0,0.4630182159437159,0.42818655248976206,0.4418759974377644,0,0
"N=5,H=5",5500358,5,5,1.0,0.5121853150040522,0.4876932547333241,0.4953097823118481,0,0
"N=5,H=5",5500359,5,5,1.0,0.36881062042270096,0.3547293227713641,0.3590910644939635,0,0
"N=5,H=5",5500360,5,5,1.0,0.382580223669848,0.37108768612128973,0.3768627775984555,0,0
"N=5,H=5",5500361,5,5,1.0,0.5911325160285138,0.562279462624102,0.5682831686148028,0,0
"N=5,H=5",5500362,5,5,1.0,0.4594754844386896,0.43546368900937854,0.4416094066606025,0,0
"N=5,H=5",5500363,5,5,1.0,0.6324515815689998,0.5839901195418509,0.5952334183498476,0,0
"N=5,H=5",5500364,5,5,1.0,0.39863598143421186,0.38648876103097624,0.392279295923896,0,0
"N=5,H=5",5500365,5,5,1.0,0.4872641765552029,0.4578476939573457,0.46715154089268474,0,0
"N=5,H=5",5500366,5,5,1.0,0.3649953314507226,0.3461721048667839,0.3493534151105448,0,0
"N=5,H=5",5500367,5,5,1.0,0.41195299855606404,0.3990414468126998,0.405945365091034,0,0
"N=5,H=5",5500368,5,5,1.0,0.38596681751803863,0.3725049678150638,0.37892279548462,0,0
"N=5,H=5",5500369,5,5,1.0,0.4420613490790975,0.4220630873194859,0.4289374287562987,0,0
"N=5,H=5",5500370,5,5,1.0,0.5327738764749891,0.5094221691389184,0.5166673856013957,0,0
"N=5,H=5",5500371,5,5,1.0,0.38645377247055035,0.36570341742524654,0.3737004661118476,0,0
"N=5,H=5",5500372,5,5,1.0,0.48032642079972987,0.4469523136026721,0.45659181091642576,0,0
"N=5,H=5",5500373,5,5,1.0,0.48324081988481515,0.45788293192618346,0.4680445396264641,0,0
"N=5,H=5",5500374,5,5,1.0,0.4531080789144667,0.42944637355138593,0.4311882673776383,0,0
"N=5,H=5",5500375,5,5,1.0,0.3835476992397687,0.36753233709139593,0.3755153011646343,0,0
"N=5,H=5",5500376,5,5,1.0,0.42744672593987093,0.4146993812312651,0.4217111973026243,0,0
"N=5,H=5",5500377,5,5,1.0,0.45149773974073143,0.4227665062391771,0.4280090213754488,0,0
"N=5,H=5",5500378,5,5,1.0,0.48086568156677606,0.46163611596212917,0.4669312415830712,0,0
"N=5,H=5",5500379,5,5,1.0,0.720943068433009,0.6764486511413993,0.6902736681578725,0,0
"N=5,H=5",5500380,5,5,1.0,0.5510225789754313,0.519269276188201,0.5279022560025514,0,0
"N=5,H=5",5500381,5,5,1.0,0.44651229197213843,0.42611754117124473,0.4336512252812673,0,0
"N=5,H=5",5500382,5,5,1.0,0.519125673763119,0.4826787554313191,0.4942854751375184,0,0
"N=5,H=5",5500383,5,5,1.0,0.45695569700439753,0.41694303100534963,0.43678762369781954,0,0
"N=5,H=5",5500384,5,5,1.0,0.505763774709109,0.4753514645209684,0.48621327986126994,0,0
"N=5,H=5",5500385,5,5,1.0,0.5358109658981132,0.49535053652678246,0.505086706651742,0,0
"N=5,H=5",5500386,5,5,1.0,0.5262282059992606,0.4937700276740411,0.5070425085915257,0,0
"N=5,H=5",5500387,5,5,1.0,0.40915937523767043,0.3911231504230972,0.3970878210788797,0,0
"N=5,H=5",5500388,5,5,1.0,0.517516536252586,0.4838902752684921,0.4916962031241869,0,0
"N=5,H=5",5500389,5,5,1.0,0.4930814669990147,0.46266213716894805,0.473249806771786,0,0
"N=5,H=5",5500390,5,5,1.0,0.6387864377840324,0.6000319860288001,0.6110058159537863,0,0
"N=5,H=5",5500391,5,5,1.0,0.5525510521585006,0.5203618459106477,0.5246023950257157,0,0
"N=5,H=5",5500392,5,5,1.0,0.5541982519902389,0.5160951772227889,0.5252392599580349,0,0
"N=5,H=5",5500393,5,5,1.0,0.4802701898384228,0.4575354864259613,0.4662760773669733,0,0
"N=5,H=5",5500394,5,5,1.0,0.5059715980973131,0.48214216641569013,0.48969500555769596,0,0
"N=5,H=5",5500395,5,5,1.0,0.46594022125901036,0.4372408152566992,0.4484297322466308,0,0
"N=5,H=5",5500396,5,5,1.0,0.3370512176456923,0.32684407874038646,0.33160471535632424,0,0
"N=5,H=5",5500397,5,5,1.0,0.3994853188444064,0.3819879353091695,0.3906762131931581,0,0
"N=5,H=5",5500398,5,5,1.0,0.4367264509702568,0.40850407661301513,0.416831086802446,0,0
"N=5,H=5",5500399,5,5,1.0,0.42165407560505774,0.401418988342575,0.40728853226965656,0,0
"N=7,H=3",7300000,3,7,1.0,0.1610989762939609,0.15554709162918928,0.15958878618706293,0,0
"N=7,H=3",7300001,3,7,1.0,0.19614012407113998,0.18911095479406112,0.1913263018977881,0,0
"N=7,H=3",7300002,3,7,1.0,0.2078804074435022,0.196541652789339,0.20032513592171733,0,0
"N=7,H=3",7300003,3,7,1.0,0.35708820458386664,0.33809978166676324,0.342566442269573,0,0
"N=7,H=3",7300004,3,7,1.0,0.3570275640621722,0.3346702720080383,0.3390022842923012,0,0
"N=7,H=3",7300005,3,7,1.0,0.38153583718326733,0.36516828823599234,0.37053659449184323,0,0
"N=7,H=3",7300006,3,7,1.0,0.1655439034445251,0.16569342305716517,0.1673765955421299,1,0
"N=7,H=3",7300007,3,7,1.0,0.16353815348369335,0.16232161818543203,0.16328767287628732,0,0
"N=7,H=3",7300008,3,7,1.0,0.20882981659827113,0.20309397044076002,0.2061695901581261,0,0
"N=7,H=3",7300009,3,7,1.0,0.23912703326605145,0.23364980998606436,0.23704103980932298,0,0
"N=7,H=3",7300010,3,7,1.0,0.20244907124640946,0.20065871525592438,0.20267952711955212,0,0
"N=7,H=3",7300011,3,7,1.0,0.19987724716115896,0.1890140003098634,0.19259822539844193,0,0
"N=7,H=3",7300012,3,7,1.0,0.1989127815809165,0.1873428614039959,0.19185260508053342,0,0
"N=7,H=3",7300013,3,7,1.0,0.3353258511418336,0.31396279645259517,0.32023398627180377,0,0
"N=7,H=3",7300014,3,7,1.0,0.23622746509919518,0.2253297437353451,0.2290633737285341,0,0
"N=7,H=3",7300015,3,7,1.0,0.24509662669831156,0.233637149248097,0.2362698146955609,0,0
"N=7,H=3",7300016,3,7,1.0,0.1810275956425641,0.16989112990880909,0.17173106701013494,0,0
"N=7,H=3",7300017,3,7,1.0,0.2645048111360834,0.25248557441917735,0.25609885991926323,0,0
"N=7,H=3",7300018,3,7,1.0,0.1392883688603308,0.13609469805864038,0.13965986201400743,0,0
"N=7,H=3",7300019,3,7,1.0,0.2512682383003726,0.240307880740511,0.2449893894388824,0,0
"N=7,H=3",7300020,3,7,1.0,0.20299417971822625,0.1984337729048605,0.20048266923963365,0,0
"N=7,H=3",7300021,3,7,1.0,0.19607652554899108,0.19020665541493026,0.1926391189396662,0,0
"N=7,H=3",7300022,3,7,1.0,0.20728734870519705,0.20578499578064494,0.20825698157529002,0,0
"N=7,H=3",7300023,3,7,1.0,0.3034777630862001,0.2852847274213044,0.2926867923020522,0,0
"N=7,H=3",7300024,3,7,1.0,0.18654277642550957,0.1807371413827332,0.18259251648953792,0,0
"N=7,H=3",7300025,3,7,1.0,0.27496177453943477,0.2589918175764495,0.26053752721739404,0,0
"N=7,H=3",7300026,3,7,1.0,0.24022978820089705,0.23135873395474338,0.23740717568428182,0,0
"N=7,H=3",7300027,3,7,1.0,0.30305193273098613,0.2837048045789572,0.28960677462126433,0,0
"N=7,H=3",7300028,3,7,1.0,0.361920868836681,0.34486605098168993,0.3479168371532691,0,0
"N=7,H=3",7300029,3,7,1.0,0.30903084035531425,0.29926032912776473,0.3049662434418714,0,0
"N=7,H=3",7300030,3,7,1.0,0.1772162810843242,0.16907368020434665,0.17188493137965366,0,0
"N=7,H=3",7300031,3,7,1.0,0.25204241558673973,0.2506207808827457,0.25202644519745016,0,0
"N=7,H=3",7300032,3,7,1.0,0.2395629648226123,0.2318947201933074,0.23533868781151013,0,0
"N=7,H=3",7300033,3,7,1.0,0.17341933136277468,0.16551229770036271,0.16933498405750008,0,0
"N=7,H=3",7300034,3,7,1.0,0.28108378969055614,0.26939180598208196,0.27416678112146675,0,0
"N=7,H=3",7300035,3,7,1.0,0.33196110875378954,0.31167473673933116,0.3212624415625002,0,0
"N=7,H=3",7300036,3,7,1.0,0.20109904295155945,0.19284637117054357,0.19458944233825187,0,0
"N=7,H=3",7300037,3,7,1.0,0.2850459765894237,0.2617363978468237,0.2708001527297542,0,0
"N=7,H=3",7300038,3,7,1.0,0.271886133793312,0.25588848046899176,0.26262651309454726,0,0
"N=7,H=3",7300039,3,7,1.0,0.22525673476171054,0.21812143308190907,0.22321076943383225,0,0
"N=7,H=3",7300040,3,7,1.0,0.17571933847685353,0.1716509714232851,0.17565833828330785,0,0
"N=7,H=3",7300041,3,7,1.0,0.22098287595267074,0.2108993613913146,0.21446200208111083,0,0
"N=7,H=3",7300042,3,7,1.0,0.3640796931056577,0.3467212795381224,0.3494798640906407,0,0
"N=7,H=3",7300043,3,7,1.0,0.17718939759231922,0.17289646477361612,0.17393117315075574,0,0
"N=7,H=3",7300044,3,7,1.0,0.28222534756315604,0.2713584060305912,0.2755994058763177,0,0
"N=7,H=3",7300045,3,7,1.0,0.18015740580540154,0.171658264760598,0.17367630478031393,0,0
"N=7,H=3",7300046,3,7,1.0,0.2467560942360762,0.23044919069829634,0.24006598436908885,0,0
"N=7,H=3",7300047,3,7,1.0,0.28274763534507336,0.2667216334249407,0.26876322865909075,0,0
"N=7,H=3",7300048,3,7,1.0,0.153186583320986,0.15526005195160184,0.1558490937695566,1,0
"N=7,H=3",7300049,3,7,1.0,0.23771688166874325,0.22978415355240725,0.2328653979279708,0,0
"N=7,H=3",7300050,3,7,1.0,0.15099245369417386,0.14403475530691146,0.1460932126739946,0,0
"N=7,H=3",7300051,3,7,1.0,0.2622252614553078,0.2567868611350791,0.2599017236345172,0,0
"N=7,H=3",7300052,3,7,1.0,0.22931272073527909,0.22262835296206862,0.22507958521844856,0,0
"N=7,H=3",7300053,3,7,1.0,0.2427802816103566,0.23433539460962544,0.23860887783166188,0,0
"N=7,H=3",7300054,3,7,1.0,0.23586112687952507,0.23078590760624862,0.2348080765728425,0,0
"N=7,H=3",7300055,3,7,1.0,0.36006209040063303,0.33930394138294556,0.3492715723735203,0,0
"N=7,H=3",7300056,3,7,1.0,0.22983266314795592,0.2218384346299925,0.22590176850571636,0,0
"N=7,H=3",7300057,3,7,1.0,0.20811862306639567,0.200366273093859,0.20272079190963418,0,0
"N=7,H=3",7300058,3,7,1.0,0.2327686398786214,0.22120402218302607,0.22293596260823828,0,0
"N=7,H=3",7300059,3,7,1.0,0.2494976298420136,0.2429553554507339,0.2445769504845075,0,0
"N=7,H=3",7300060,3,7,1.0,0.2571405832473631,0.2518808847766511,0.25505328712302844,0,0
"N=7,H=3",7300061,3,7,1.0,0.2593194837462769,0.24843461725443697,0.2516339520217986,0,0
"N=7,H=3",7300062,3,7,1.0,0.2644569463660329,0.25438281239489724,0.25670209395117094,0,0
"N=7,H=3",7300063,3,7,1.0,0.30265026217592234,0.2838942436028145,0.28732106614778197,0,0
"N=7,H=3",7300064,3,7,1.0,0.2321598592640147,0.22418635900982586,0.22473002683237703,0,0
"N=7,H=3",7300065,3,7,1.0,0.13836364118979874,0.13548764107789293,0.1378115743252448,0,0
"N=7,H=3",7300066,3,7,1.0,0.20060227868188246,0.20007382226156212,0.2014450142176143,0,0
"N=7,H=3",7300067,3,7,1.0,0.1838671293605615,0.17537168300457945,0.18116071388877142,0,0
"N=7,H=3",7300068,3,7,1.0,0.2622657028671205,0.24930603224246786,0.2525833895026622,0,0
"N=7,H=3",7300069,3,7,1.0,0.22080268071195652,0.2118389008757551,0.21504086272907935,0,0
"N=7,H=3",7300070,3,7,1.0,0.26061524328034413,0.2468112340224913,0.24860463530263976,0,0
"N=7,H=3",7300071,3,7,1.0,0.18683754913295114,0.18240443742056228,0.18521340352850674,0,0
"N=7,H=3",7300072,3,7,1.0,0.1838162217362333,0.17772744581780614,0.18082134875994152,0,0
"N=7,H=3",7300073,3,7,1.0,0.16590979027963867,0.15786808468523025,0.16340075703092158,0,0
"N=7,H=3",7300074,3,7,1.0,0.18706602329930813,0.1816468683225205,0.18397555028172166,0,0
"N=7,H=3",7300075,3,7,1.0,0.23091789806095964,0.21771405950716619,0.22328272622467632,0,0
"N=7,H=3",7300076,3,7,1.0,0.3009314621450342,0.2919730428477312,0.2943671365090434,0,0
"N=7,H=3",7300077,3,7,1.0,0.40074563374151356,0.36959573070155366,0.3788325025573635,0,0
"N=7,H=3",7300078,3,7,1.0,0.26889800321645424,0.25641334270548954,0.25796649021911044,0,0
"N=7,H=3",7300079,3,7,1.0,0.2528980609812735,0.23886032443145802,0.24267637513628007,0,0
"N=7,H=3",7300080,3,7,1.0,0.212879766900147,0.20372308350025348,0.20598528797334534,0,0
"N=7,H=3",7300081,3,7,1.0,0.2506607692068035,0.2461279538808126,0.24860952420225613,0,0
"N=7,H=3",7300082,3,7,1.0,0.210554596543335,0.19874072974766155,0.20210342633149392,0,0
"N=7,H=3",7300083,3,7,1.0,0.26067877820045693,0.24880273948771306,0.2549558270386556,0,0
"N=7,H=3",7300084,3,7,1.0,0.26035574509668363,0.25241290435605496,0.25573479946421573,0,0
"N=7,H=3",7300085,3,7,1.0,0.20365589383738267,0.19569985337671517,0.1983576491047817,0,0
"N=7,H=3",7300086,3,7,1.0,0.28665080879166893,0.2751458366176164,0.27833655407652286,0,0
"N=7,H=3",7300087,3,7,1.0,0.19008668514704144,0.1872603806478806,0.1876932896082186,0,0
"N=7,H=3",7300088,3,7,1.0,0.18800567123759465,0.182203564024748,0.1839517587818691,0,0
"N=7,H=3",7300089,3,7,1.0,0.29213036851211277,0.26947261437248343,0.2731388130168569,0,0
"N=7,H=3",7300090,3,7,1.0,0.197907360695605,0.19159364046790997,0.19421317294320561,0,0
"N=7,H=3",7300091,3,7,1.0,0.2620837582684968,0.24900715386918054,0.25084558676360613,0,0
"N=7,H=3",7300092,3,7,1.0,0.2430266289767825,0.2385400628999579,0.24305350009875915,0,0
"N=7,H=3",7300093,3,7,1.0,0.3654888672506227,0.3502787295214858,0.35549935340031324,0,0
"N=7,H=3",7300094,3,7,1.0,0.24578691804879768,0.23280494155850195,0.2353589882573739,0,0
"N=7,H=3",7300095,3,7,1.0,0.14705027816024213,0.1428168928946184,0.1440666746668198,0,0
"N=7,H=3",7300096,3,7,1.0,0.22640245242443663,0.21847722526541372,0.21980703417473393,0,0
"N=7,H=3",7300097,3,7,1.0,0.22922225187176523,0.22273211667213363,0.22520545246256773,0,0
"N=7,H=3",7300098,3,7,1.0,0.2799870971807677,0.2685405425116388,0.2716605992947112,0,0
"N=7,H=3",7300099,3,7,1.0,0.21539124589868605,0.20068156646160973,0.20983352133052932,0,0
"N=7,H=3",7300100,3,7,1.0,0.3597442381988327,0.32835994602177715,0.33604280763754096,0,0
"N=7,H=3",7300101,3,7,1.0,0.21839328014068587,0.20815602835986574,0.21144721292348057,0,0
"N=7,H=3",7300102,3,7,1.0,0.17543368101191367,0.1755838193090564,0.1766876138792816,1,0
"N=7,H=3",7300103,3,7,1.0,0.32369951648157214,0.30988543798715135,0.31202004243734155,0,0
"N=7,H=3",7300104,3,7,1.0,0.22279320280265352,0.2143000722299459,0.22037684786700865,0,0
"N=7,H=3",7300105,3,7,1.0,0.1962898788086982,0.18956860192237898,0.19114856027189175,0,0
"N=7,H=3",7300106,3,7,1.0,0.21739925561873188,0.21007550533388378,0.21319426902122138,0,0
"N=7,H=3",7300107,3,7,1.0,0.18977060450308944,0.18626314496501614,0.18716721466804045,0,0
"N=7,H=3",7300108,3,7,1.0,0.32768004429598246,0.3175867653189513,0.31972771384189647,0,0
"N=7,H=3",7300109,3,7,1.0,0.28323419726863885,0.269179157429816,0.27144718634689696,0,0
"N=7,H=3",7300110,3,7,1.0,0.1920736453823736,0.18806906705823528,0.19118352698414254,0,0
"N=7,H=3",7300111,3,7,1.0,0.1625268256242986,0.15758893023818352,0.15959291057339753,0,0
"N=7,H=3",7300112,3,7,1.0,0.3235864906679278,0.300802451460991,0.3098764555167848,0,0
"N=7,H=3",7300113,3,7,1.0,0.1936353352109497,0.1878567641214289,0.19106430976039868,0,0
"N=7,H=3",7300114,3,7,1.0,0.2603055702658901,0.2539812715290089,0.2570495827631015,0,0
"N=7,H=3",7300115,3,7,1.0,0.302586778405291,0.2976546969588964,0.30345491162374966,0,0
"N=7,H=3",7300116,3,7,1.0,0.20520540240046145,0.19933715938715665,0.2017089119437699,0,0
"N=7,H=3",7300117,3,7,1.0,0.22913951767955926,0.2180475777188664,0.22142691232427358,0,0
"N=7,H=3",7300118,3,7,1.0,0.2791645180415994,0.2649553727808248,0.2691125522473182,0,0
"N=7,H=3",7300119,3,7,1.0,0.2172667738566677,0.21317242460350966,0.21478315464928374,0,0
"N=7,H=3",7300120,3,7,1.0,0.3664896739156992,0.35261023841522277,0.3560196475176371,0,0
"N=7,H=3",7300121,3,7,1.0,0.214461401981332,0.20719380901427645,0.2104739115014421,0,0
"N=7,H=3",7300122,3,7,1.0,0.31406600266513407,0.2974719864038265,0.29984819242792915,0,0
"N=7,H=3",7300123,3,7,1.0,0.2431374414824319,0.24068008989458597,0.24234530259344342,0,0
"N=7,H=3",7300124,3,7,1.0,0.27025661543989266,0.2559964548997937,0.26039971968619335,0,0
"N=7,H=3",7300125,3,7,1.0,0.19255707925526977,0.19388069697704213,0.19473742243345113,1,0
"N=7,H=3",7300126,3,7,1.0,0.1847904960674045,0.1823471794589178,0.18308441929252414,0,0
"N=7,H=3",7300127,3,7,1.0,0.056980321695626134,0.056916339594663544,0.05705300725066619,0,0
"N=7,H=3",7300128,3,7,1.0,0.2418888265708294,0.23676424803745705,0.23938532523683037,0,0
"N=7,H=3",7300129,3,7,1.0,0.3090120730473335,0.2914440253440402,0.2932550152758588,0,0
"N=7,H=3",7300130,3,7,1.0,0.3293081100644747,0.31140266364448965,0.31476457530930385,0,0
"N=7,H=3",7300131,3,7,1.0,0.26302666561235133,0.24723509602389476,0.25322195936166764,0,0
"N=7,H=3",7300132,3,7,1.0,0.23738992495919292,0.22722287277187264,0.2310158533393652,0,0
"N=7,H=3",7300133,3,7,1.0,0.17869342957315765,0.1713166356159178,0.17704787566454283,0,0
"N=7,H=3",7300134,3,7,1.0,0.16851599915486715,0.1642804400953919,0.1678478707258834,0,0
"N=7,H=3",7300135,3,7,1.0,0.19037604621307241,0.18030127619654984,0.1853167282972897,0,0
"N=7,H=3",7300136,3,7,1.0,0.22462441813348005,0.2167621747779153,0.21767443199819927,0,0
"N=7,H=3",7300137,3,7,1.0,0.19684898003558213,0.18658793986359395,0.18750200741720316,0,0
"N=7,H=3",7300138,3,7,1.0,0.2599195693239593,0.24665268256467837,0.24722842458006142,0,0
"N=7,H=3",7300139,3,7,1.0,0.23420503879636015,0.22613143378597275,0.2287986176883409,0,0
"N=7,H=3",7300140,3,7,1.0,0.2662793138654113,0.24661125489063365,0.25302048365079494,0,0
"N=7,H=3",7300141,3,7,1.0,0.21985189690039755,0.21187256057780215,0.21245366782989467,0,0
"N=7,H=3",7300142,3,7,1.0,0.22860635142691194,0.21778675765845076,0.22019299499978898,0,0
"N=7,H=3",7300143,3,7,1.0,0.14444499456476959,0.13896708310095027,0.141124943364631,0,0
"N=7,H=3",7300144,3,7,1.0,0.18469458904646116,0.1770556985552111,0.17975527713102163,0,0
"N=7,H=3",7300145,3,7,1.0,0.1883306692059694,0.18611661422756384,0.1873672386648431,0,0
"N=7,H=3",7300146,3,7,1.0,0.2001272815651317,0.19709247167605326,0.19991298244266179,0,0
"N=7,H=3",7300147,3,7,1.0,0.18010134617845228,0.17154498341497842,0.1736599095435987,0,0
"N=7,H=3",7300148,3,7,1.0,0.18353111751758167,0.1704630538890277,0.17525712732273724,0,0
"N=7,H=3",7300149,3,7,1.0,0.3107688683042971,0.2923044577495499,0.3036392459460531,0,0
"N=7,H=3",7300150,3,7,1.0,0.31888793364142687,0.3110838009495001,0.315756370578168,0,0
"N=7,H=3",7300151,3,7,1.0,0.23119754928981628,0.22177606549904574,0.22554514127365455,0,0
"N=7,H=3",7300152,3,7,1.0,0.1710253212470782,0.16574562001783236,0.16682111903470534,0,0
"N=7,H=3",7300153,3,7,1.0,0.28054098061395494,0.2681627962620853,0.2721502292638021,0,0
"N=7,H=3",7300154,3,7,1.0,0.35454213683857505,0.33202833641306545,0.3382206820197277,0,0
"N=7,H=3",7300155,3,7,1.0,0.24348156561283837,0.23850841878333068,0.23999931887052522,0,0
"N=7,H=3",7300156,3,7,1.0,0.25988949637334513,0.24760914055589323,0.252096324149956,0,0
"N=7,H=3",7300157,3,7,1.0,0.3345067752162407,0.31929950324805234,0.3227546609188004,0,0
"N=7,H=3",7300158,3,7,1.0,0.2963470335038621,0.28151461415103196,0.2888669472002,0,0
"N=7,H=3",7300159,3,7,1.0,0.2227933717913709,0.21638353099909902,0.21721842641893005,0,0
"N=7,H=3",7300160,3,7,1.0,0.20700329524143954,0.1988757402541473,0.20652453093790457,0,0
"N=7,H=3",7300161,3,7,1.0,0.24703808886395226,0.22950647025361723,0.23625925144271626,0,0
"N=7,H=3",7300162,3,7,1.0,0.24849790261073057,0.23360326440640475,0.23998341152072558,0,0
"N=7,H=3",7300163,3,7,1.0,0.19391315947630453,0.1874382761779648,0.18958588668925083,0,0
"N=7,H=3",7300164,3,7,1.0,0.17574857801279747,0.16455441313492927,0.1722848296796851,0,0
"N=7,H=3",7300165,3,7,1.0,0.23482000564390562,0.2205548972116507,0.2235744473779789,0,0
"N=7,H=3",7300166,3,7,1.0,0.2870571222888627,0.27029385152512997,0.27524433169430595,0,0
"N=7,H=3",7300167,3,7,1.0,0.2610313776213888,0.2529189395662275,0.25820847363508015,0,0
"N=7,H=3",7300168,3,7,1.0,0.20747835328272105,0.20492542987297835,0.20644167582542625,0,0
"N=7,H=3",7300169,3,7,1.0,0.2199506352651647,0.20913982148539564,0.21129879147063194,0,0
"N=7,H=3",7300170,3,7,1.0,0.25083666692589474,0.24094332016301245,0.2443090322247985,0,0
"N=7,H=3",7300171,3,7,1.0,0.26344041677331387,0.2574169682039297,0.2602641803808233,0,0
"N=7,H=3",7300172,3,7,1.0,0.33818285428372236,0.31127639303659793,0.3165768194398812,0,0
"N=7,H=3",7300173,3,7,1.0,0.26387901630021093,0.25330056855241634,0.25648649843102067,0,0
"N=7,H=3",7300174,3,7,1.0,0.20613777741344347,0.19491090725544583,0.2012988496632077,0,0
"N=7,H=3",7300175,3,7,1.0,0.32253536297137164,0.30866062745764833,0.31240109276875994,0,0
"N=7,H=3",7300176,3,7,1.0,0.13352623354749238,0.1337704740019937,0.13646110125199157,1,0
"N=7,H=3",7300177,3,7,1.0,0.27106701063925415,0.2652736506853117,0.26760007113973244,0,0
"N=7,H=3",7300178,3,7,1.0,0.37024018507011625,0.337304634474404,0.3498809979347489,0,0
"N=7,H=3",7300179,3,7,1.0,0.296734158301559,0.2961442800481845,0.29759315843280265,0,0
"N=7,H=3",7300180,3,7,1.0,0.18439034604960547,0.1879867306494876,0.19307743371016717,1,0
"N=7,H=3",7300181,3,7,1.0,0.1420859735123244,0.13739422539818952,0.13805703518506937,0,0
"N=7,H=3",7300182,3,7,1.0,0.3030943300093018,0.28231468154879885,0.28699438935222926,0,0
"N=7,H=3",7300183,3,7,1.0,0.2616818567570396,0.2503669437917096,0.25414381030702354,0,0
"N=7,H=3",7300184,3,7,1.0,0.18597171421993478,0.1806471283809706,0.18222817777248826,0,0
"N=7,H=3",7300185,3,7,1.0,0.2129183113661523,0.2029692509630075,0.20671821356912784,0,0
"N=7,H=3",7300186,3,7,1.0,0.2904031336756248,0.2790835444054968,0.2865854631094231,0,0
"N=7,H=3",7300187,3,7,1.0,0.22887601212198497,0.220640985071983,0.22454717154736636,0,0
"N=7,H=3",7300188,3,7,1.0,0.261177533093268,0.2582058297846622,0.26006259824560474,0,0
"N=7,H=3",7300189,3,7,1.0,0.28804253099180727,0.2713258156235407,0.27423441907902724,0,0
"N=7,H=3",7300190,3,7,1.0,0.2075880658981296,0.19531839933746648,0.1969406530102062,0,0
"N=7,H=3",7300191,3,7,1.0,0.2376463187732269,0.22304540346160628,0.2284343767456373,0,0
"N=7,H=3",7300192,3,7,1.0,0.2735617792238623,0.25849187975235377,0.2640973350970085,0,0
"N=7,H=3",7300193,3,7,1.0,0.28147914527670775,0.2651993512018174,0.2700852711746149,0,0
"N=7,H=3",7300194,3,7,1.0,0.24368848680150262,0.23107412797684926,0.2371622162119569,0,0
"N=7,H=3",7300195,3,7,1.0,0.24768670973666757,0.23607271961683765,0.23894935178367702,0,0
"N=7,H=3",7300196,3,7,1.0,0.14303947337389303,0.13921895204429602,0.14037405201928924,0,0
"N=7,H=3",7300197,3,7,1.0,0.24985391822687464,0.24248262165923049,0.24639764031179034,0,0
"N=7,H=3",7300198,3,7,1.0,0.18926141818027828,0.18317860116927953,0.18531647988214933,0,0
"N=7,H=3",7300199,3,7,1.0,0.3113323772367005,0.28959609498748706,0.29294463545411675,0,0
"N=7,H=3",7300200,3,7,1.0,0.39118216742091655,0.3737117266780086,0.3811837403379415,0,0
"N=7,H=3",7300201,3,7,1.0,0.30375328183133865,0.2944025803552265,0.2985911975105179,0,0
"N=7,H=3",7300202,3,7,1.0,0.2774487021833182,0.2537729611268561,0.25424188545076104,0,0
"N=7,H=3",7300203,3,7,1.0,0.18275907488439758,0.17736327776648098,0.18211425420028815,0,0
"N=7,H=3",7300204,3,7,1.0,0.3015752480842101,0.28748936783576445,0.2958971576303947,0,0
"N=7,H=3",7300205,3,7,1.0,0.23341606115151856,0.22853033011103255,0.2298634606828588,0,0
"N=7,H=3",7300206,3,7,1.0,0.1536051154168052,0.1510989431168031,0.1530420652628643,0,0
"N=7,H=3",7300207,3,7,1.0,0.22301785670707436,0.2166042559317269,0.21783874754763338,0,0
"N=7,H=3",7300208,3,7,1.0,0.3152239239328386,0.2854436071872353,0.2926388636965877,0,0
"N=7,H=3",7300209,3,7,1.0,0.2623560710665392,0.2541906182985146,0.25689590532141476,0,0
"N=7,H=3",7300210,3,7,1.0,0.37639988720914874,0.3610888083001299,0.3653224974192677,0,0
"N=7,H=3",7300211,3,7,1.0,0.23278759252173056,0.2275368440879512,0.2295168597497163,0,0
"N=7,H=3",7300212,3,7,1.0,0.273676723921564,0.2604718835418271,0.26396455005523317,0,0
"N=7,H=3",7300213,3,7,1.0,0.205741418732622,0.20316625571569064,0.20346901529624292,0,0
"N=7,H=3",7300214,3,7,1.0,0.2678562403569111,0.2508468495668534,0.2552829644205248,0,0
"N=7,H=3",7300215,3,7,1.0,0.27658006801107243,0.2533817491889491,0.25896423391054724,0,0
"N=7,H=3",7300216,3,7,1.0,0.23605269677426677,0.22368338146065633,0.2251284501214404,0,0
"N=7,H=3",7300217,3,7,1.0,0.2739996581696222,0.2539661868137678,0.255443694582999,0,0
"N=7,H=3",7300218,3,7,1.0,0.26566510521465275,0.25455681727748547,0.257469336518701,0,0
"N=7,H=3",7300219,3,7,1.0,0.25994878586057696,0.24939971060718466,0.2502625586836116,0,0
"N=7,H=3",7300220,3,7,1.0,0.20280715073898503,0.18940201413737665,0.1943921102935737,0,0
"N=7,H=3",7300221,3,7,1.0,0.3180506360070228,0.3042726302397508,0.3078164171421776,0,0
"N=7,H=3",7300222,3,7,1.0,0.22252962306110474,0.2122018933216858,0.2149307207872105,0,0
"N=7,H=3",7300223,3,7,1.0,0.3603864509297071,0.3401961275518792,0.34375997311068346,0,0
"N=7,H=3",7300224,3,7,1.0,0.20233477559164403,0.20241618801401007,0.2031651307796868,1,0
"N=7,H=3",7300225,3,7,1.0,0.2227320194698129,0.21596321317342987,0.21930426930009872,0,0
"N=7,H=3",7300226,3,7,1.0,0.2573960030256916,0.24216403345282564,0.24692030777879148,0,0
"N=7,H=3",7300227,3,7,1.0,0.2638887292293444,0.25643760664259174,0.2572316943747922,0,0
"N=7,H=3",7300228,3,7,1.0,0.2852649499895249,0.26283065742404216,0.2643146055007396,0,0
"N=7,H=3",7300229,3,7,1.0,0.19434652761328688,0.1898894493408662,0.19087215259508386,0,0
"N=7,H=3",7300230,3,7,1.0,0.2418856231658857,0.23765172401230886,0.2404701454403908,0,0
"N=7,H=3",7300231,3,7,1.0,0.30392112884937617,0.29061182622205667,0.2946111736997283,0,0
"N=7,H=3",7300232,3,7,1.0,0.2927220236914588,0.2772496619069989,0.2835937786237995,0,0
"N=7,H=3",7300233,3,7,1.0,0.40865293162143346,0.38135766573117136,0.3867299387943314,0,0
"N=7,H=3",7300234,3,7,1.0,0.3105881322541123,0.2966508293396536,0.2990095517375606,0,0
"N=7,H=3",7300235,3,7,1.0,0.31705499633708534,0.28522569591694996,0.2884031906941693,0,0
"N=7,H=3",7300236,3,7,1.0,0.1983238755340466,0.19072442438209739,0.19195537279680094,0,0
"N=7,H=3",7300237,3,7,1.0,0.24678280210150938,0.2362853667312904,0.2415616379221973,0,0
"N=7,H=3",7300238,3,7,1.0,0.45296044474357017,0.4284532131353473,0.43384445746578004,0,0
"N=7,H=3",7300239,3,7,1.0,0.393304926052586,0.3642851997888616,0.36706966126265866,0,0
"N=7,H=3",7300240,3,7,1.0,0.2874163883804717,0.2621182049402857,0.2702905224337032,0,0
"N=7,H=3",7300241,3,7,1.0,0.225888104858428,0.21372342269221523,0.21457823875850587,0,0
"N=7,H=3",7300242,3,7,1.0,0.2590209410231325,0.24810081799331393,0.2533705699956551,0,0
"N=7,H=3",7300243,3,7,1.0,0.21561119245722793,0.2034808879138519,0.20829574511138785,0,0
"N=7,H=3",7300244,3,7,1.0,0.2031397381612535,0.19790082640921333,0.2008297947841175,0,0
"N=7,H=3",7300245,3,7,1.0,0.15902463075670428,0.15237021714944524,0.15498433215117635,0,0
"N=7,H=3",7300246,3,7,1.0,0.2622029218983457,0.25171179520307363,0.2585728730899597,0,0
"N=7,H=3",7300247,3,7,1.0,0.22306370554082283,0.22044202610348024,0.22185396887285797,0,0
"N=7,H=3",7300248,3,7,1.0,0.14321050629343982,0.14151435913491162,0.14187356038062085,0,0
"N=7,H=3",7300249,3,7,1.0,0.2037247432330759,0.19641910366383986,0.1991381369540791,0,0
"N=7,H=3",7300250,3,7,1.0,0.23745742854213595,0.22759628755548528,0.2297455610867753,0,0
"N=7,H=3",7300251,3,7,1.0,0.2512766711415461,0.24359768178751073,0.2477500949914851,0,0
"N=7,H=3",7300252,3,7,1.0,0.1772011048350522,0.1728282889791992,0.17461099823217885,0,0
"N=7,H=3",7300253,3,7,1.0,0.3348607468393143,0.30758425333088607,0.3110450837760834,0,0
"N=7,H=3",7300254,3,7,1.0,0.1921734455661315,0.189027578612292,0.19208994609246466,0,0
"N=7,H=3",7300255,3,7,1.0,0.23299438470811928,0.22658819249621887,0.2304673586549195,0,0
"N=7,H=3",7300256,3,7,1.0,0.16024643966578378,0.15827554665341084,0.15861405230694778,0,0
"N=7,H=3",7300257,3,7,1.0,0.3266252728453128,0.3059987590417255,0.30737871838319075,0,0
"N=7,H=3",7300258,3,7,1.0,0.2702993432898074,0.25878118187985094,0.26115196290394843,0,0
"N=7,H=3",7300259,3,7,1.0,0.30075498172775844,0.29382467710251914,0.29548666690644615,0,0
"N=7,H=3",7300260,3,7,1.0,0.2168822139876895,0.21431509619632888,0.21691051384262336,0,0
"N=7,H=3",7300261,3,7,1.0,0.3056190414392885,0.2831903828191384,0.29260349020546755,0,0
"N=7,H=3",7300262,3,7,1.0,0.21395964359429578,0.20678707148704747,0.20800780854722956,0,0
"N=7,H=3",7300263,3,7,1.0,0.23257976263651042,0.2187790326436901,0.2281197265446656,0,0
"N=7,H=3",7300264,3,7,1.0,0.18404888263979516,0.1803460973152798,0.18271458373317906,0,0
"N=7,H=3",7300265,3,7,1.0,0.15623209118717343,0.15425410007632676,0.15514727572519896,0,0
"N=7,H=3",7300266,3,7,1.0,0.2406812699702917,0.23015331256812974,0.23470195394763638,0,0
"N=7,H=3",7300267,3,7,1.0,0.36890073883281604,0.34784276192533603,0.3516166678019487,0,0
"N=7,H=3",7300268,3,7,1.0,0.27670230756918723,0.26485431873099274,0.2687881697021198,0,0
"N=7,H=3",7300269,3,7,1.0,0.19552230462232276,0.19124523959527995,0.19624265249925682,0,0
"N=7,H=3",7300270,3,7,1.0,0.23367081097130868,0.22899783192179854,0.22956944135577623,0,0
"N=7,H=3",7300271,3,7,1.0,0.1390014119994151,0.134641218354639,0.13609262154792323,0,0
"N=7,H=3",7300272,3,7,1.0,0.2138247799825387,0.20530737201963586,0.20686281060817713,0,0
"N=7,H=3",7300273,3,7,1.0,0.2126197937349372,0.20345496753283232,0.20772920030881703,0,0
"N=7,H=3",7300274,3,7,1.0,0.27904420932189733,0.261425243438119,0.26718161439368643,0,0
"N=7,H=3",7300275,3,7,1.0,0.30163639913584545,0.2891594852439081,0.29212533275027697,0,0
"N=7,H=3",7300276,3,7,1.0,0.32958692867976325,0.3087452557727793,0.31325832136850107,0,0
"N=7,H=3",7300277,3,7,1.0,0.17281204329015715,0.16576053834634233,0.1679532582508214,0,0
"N=7,H=3",7300278,3,7,1.0,0.20664525199669637,0.2005271984361065,0.2025726611621693,0,0
"N=7,H=3",7300279,3,7,1.0,0.2437521986249382,0.2322113098517982,0.23469247757577366,0,0
"N=7,H=3",7300280,3,7,1.0,0.29519132365390277,0.2730181615224365,0.2800384501644229,0,0
"N=7,H=3",7300281,3,7,1.0,0.35050107503894695,0.3246984462959583,0.3347548232688583,0,0
"N=7,H=3",7300282,3,7,1.0,0.19517589978646613,0.18847304230517128,0.1930101834655901,0,0
"N=7,H=3",7300283,3,7,1.0,0.3065428841938288,0.28874418745845387,0.2948163138425069,0,0
"N=7,H=3",7300284,3,7,1.0,0.2503833093184515,0.2411001969967957,0.24388621402234825,0,0
"N=7,H=3",7300285,3,7,1.0,0.3039831250481386,0.2797988521858754,0.28334104696933143,0,0
"N=7,H=3",7300286,3,7,1.0,0.23480103916449446,0.22252722240065842,0.22623510621695955,0,0
"N=7,H=3",7300287,3,7,1.0,0.315515809536075,0.3043609151834447,0.3061745901164471,0,0
"N=7,H=3",7300288,3,7,1.0,0.19470359373365098,0.18798185171189985,0.1897964389967323,0,0
"N=7,H=3",7300289,3,7,1.0,0.3495794320793071,0.33312535606333543,0.3407561224225818,0,0
"N=7,H=3",7300290,3,7,1.0,0.25768455416089703,0.24474617515061536,0.24878247401339226,0,0
"N=7,H=3",7300291,3,7,1.0,0.14820469451615223,0.14378137921977138,0.1453391292554141,0,0
"N=7,H=3",7300292,3,7,1.0,0.1661936705682397,0.16334299977705366,0.16546812319659346,0,0
"N=7,H=3",7300293,3,7,1.0,0.22449788350858452,0.2211928880152563,0.22383852136045324,0,0
"N=7,H=3",7300294,3,7,1.0,0.2478930973484628,0.24029747680634034,0.2442063850164935,0,0
"N=7,H=3",7300295,3,7,1.0,0.17197229107054765,0.16904861846940006,0.17127699176572395,0,0
"N=7,H=3",7300296,3,7,1.0,0.2876980749552449,0.2629766619219678,0.2674955769011718,0,0
"N=7,H=3",7300297,3,7,1.0,0.3030217263165043,0.28492592995220434,0.29054256698874537,0,0
"N=7,H=3",7300298,3,7,1.0,0.2952707980207996,0.27219192654663665,0.27675383955688226,0,0
"N=7,H=3",7300299,3,7,1.0,0.12820496722735872,0.12381477970076106,0.12513657350778412,0,0
"N=7,H=3",7300300,3,7,1.0,0.22513249042112696,0.21580634270853824,0.21911438834893437,0,0
"N=7,H=3",7300301,3,7,1.0,0.19939816969729843,0.1951954339476432,0.196575738080925,0,0
"N=7,H=3",7300302,3,7,1.0,0.3484358942934844,0.33198083901708164,0.3359903700889926,0,0
"N=7,H=3",7300303,3,7,1.0,0.19032750149619698,0.1861186009235476,0.18834868882777106,0,0
"N=7,H=3",7300304,3,7,1.0,0.20718003157265621,0.19641705308823715,0.2003017153873905,0,0
"N=7,H=3",7300305,3,7,1.0,0.3606465635846113,0.343415822119526,0.3512231957429122,0,0
"N=7,H=3",7300306,3,7,1.0,0.39383529395900074,0.36744901342847064,0.3737635984149775,0,0
"N=7,H=3",7300307,3,7,1.0,0.22096800211427858,0.20902770152815767,0.2131163305680929,0,0
"N=7,H=3",7300308,3,7,1.0,0.4510235785556828,0.4213583239639417,0.4295522306020734,0,0
"N=7,H=3",7300309,3,7,1.0,0.24495261864328605,0.23637500556118826,0.2426060512141408,0,0
"N=7,H=3",7300310,3,7,1.0,0.21163916437292213,0.20746949456787786,0.20849153422119943,0,0
"N=7,H=3",7300311,3,7,1.0,0.24023506159158114,0.23301750553858755,0.23520962904127743,0,0
"N=7,H=3",7300312,3,7,1.0,0.3665112422654345,0.3460843478013913,0.350989052847036,0,0
"N=7,H=3",7300313,3,7,1.0,0.274603255768913,0.2629964824572818,0.2657449084240284,0,0
"N=7,H=3",7300314,3,7,1.0,0.21055631215194648,0.2053140690928717,0.20571097258053228,0,0
"N=7,H=3",7300315,3,7,1.0,0.18384220655871564,0.18010982423287558,0.18365837584010913,0,0
"N=7,H=3",7300316,3,7,1.0,0.23540519815571945,0.22350072178705094,0.22521780052256918,0,0
"N=7,H=3",7300317,3,7,1.0,0.1994779356733041,0.19502716385076801,0.19683810521627854,0,0
"N=7,H=3",7300318,3,7,1.0,0.34281762838805935,0.32470470516236805,0.33044687622713614,0,0
"N=7,H=3",7300319,3,7,1.0,0.19037229527849833,0.18691726339416131,0.18869279009059864,0,0
"N=7,H=3",7300320,3,7,1.0,0.1875114172048436,0.17849573234938054,0.18137612786187496,0,0
"N=7,H=3",7300321,3,7,1.0,0.15836899905257845,0.1510679682541654,0.15349305306040772,0,0
"N=7,H=3",7300322,3,7,1.0,0.23755623279138277,0.22995940945355026,0.2309257816705713,0,0
"N=7,H=3",7300323,3,7,1.0,0.31964818061991856,0.3019719234765058,0.30620419346878935,0,0
"N=7,H=3",7300324,3,7,1.0,0.1866550035706838,0.18140413624537907,0.18401457829274795,0,0
"N=7,H=3",7300325,3,7,1.0,0.25894536628527026,0.2546300864335764,0.2566213864899455,0,0
"N=7,H=3",7300326,3,7,1.0,0.16424177554002553,0.1606554044709337,0.16259492172366452,0,0
"N=7,H=3",7300327,3,7,1.0,0.27841228026220427,0.26380468113364036,0.2668429331261735,0,0
"N=7,H=3",7300328,3,7,1.0,0.18854058742865423,0.1781127702048409,0.18104963009681557,0,0
"N=7,H=3",7300329,3,7,1.0,0.30612101080709525,0.28673509749074105,0.29347189071625174,0,0
"N=7,H=3",7300330,3,7,1.0,0.20829065302411628,0.20211277553719434,0.20400816387413542,0,0
"N=7,H=3",7300331,3,7,1.0,0.2366793079603976,0.23212087238565707,0.2338283476385653,0,0
"N=7,H=3",7300332,3,7,1.0,0.29711475139277177,0.2879569647247644,0.291624636582702,0,0
"N=7,H=3",7300333,3,7,1.0,0.1561099937880457,0.15275100025343596,0.15549935572673043,0,0
"N=7,H=3",7300334,3,7,1.0,0.31869445551487285,0.30502438664550263,0.3063248567551379,0,0
"N=7,H=3",7300335,3,7,1.0,0.1739597764207706,0.17385846888553216,0.17456540240483723,0,0
"N=7,H=3",7300336,3,7,1.0,0.2401191812544706,0.22926098609918497,0.23445331871618735,0,0
"N=7,H=3",7300337,3,7,1.0,0.33572192041398724,0.3211406921715659,0.3241158197928318,0,0
"N=7,H=3",7300338,3,7,1.0,0.2551210891775409,0.2479667723454149,0.25155497704853813,0,0
"N=7,H=3",7300339,3,7,1.0,0.25967759830329656,0.2517666006561674,0.25393429209035134,0,0
"N=7,H=3",7300340,3,7,1.0,0.14430975864687445,0.1397362757771867,0.14282669274445542,0,0
"N=7,H=3",7300341,3,7,1.0,0.21145761669616978,0.20150708632496153,0.20589551456648758,0,0
"N=7,H=3",7300342,3,7,1.0,0.22185815259742464,0.21618336739722793,0.2183505559331755,0,0
"N=7,H=3",7300343,3,7,1.0,0.22773965568596818,0.21954936395193522,0.22302727134128028,0,0
"N=7,H=3",7300344,3,7,1.0,0.2754727482728105,0.26228767665249264,0.2646543255971727,0,0
"N=7,H=3",7300345,3,7,1.0,0.247274802460886,0.23756766848702524,0.24084889597448414,0,0
"N=7,H=3",7300346,3,7,1.0,0.20043093976461648,0.18753183047098224,0.19225679461323808,0,0
"N=7,H=3",7300347,3,7,1.0,0.19499555009136552,0.1885587294860326,0.19202682106547694,0,0
"N=7,H=3",7300348,3,7,1.0,0.3856649876507482,0.35863169514745913,0.36424096725818317,0,0
"N=7,H=3",7300349,3,7,1.0,0.19594856596003257,0.19263528474198005,0.1949420833797663,0,0
"N=7,H=3",7300350,3,7,1.0,0.27476376866444424,0.25881896354156747,0.2630728521527635,0,0
"N=7,H=3",7300351,3,7,1.0,0.28912272529413807,0.2676807620488083,0.2729689543740065,0,0
"N=7,H=3",7300352,3,7,1.0,0.22605376564037793,0.21800260822999423,0.22021078171316466,0,0
"N=7,H=3",7300353,3,7,1.0,0.25506665273121376,0.24520391744681347,0.24977726493646663,0,0
"N=7,H=3",7300354,3,7,1.0,0.32254558691646906,0.30289699715088564,0.30535067872709704,0,0
"N=7,H=3",7300355,3,7,1.0,0.2391707526489895,0.23176832793381788,0.23568119018234668,0,0
"N=7,H=3",7300356,3,7,1.0,0.21887478275763061,0.2114179222526094,0.21367514941904592,0,0
"N=7,H=3",7300357,3,7,1.0,0.27669215612249276,0.2673232989423978,0.27255435325767385,0,0
"N=7,H=3",7300358,3,7,1.0,0.14090521496537897,0.1385855123736101,0.13900500896083975,0,0
"N=7,H=3",7300359,3,7,1.0,0.30088714136615685,0.28663799483700775,0.28974676108429603,0,0
"N=7,H=3",7300360,3,7,1.0,0.1707004083371025,0.16829903353700149,0.16915381499028098,0,0
"N=7,H=3",7300361,3,7,1.0,0.23273611146318832,0.22887193111631052,0.22981111387214218,0,0
"N=7,H=3",7300362,3,7,1.0,0.24580096825872633,0.23786645050136238,0.2394634669594703,0,0
"N=7,H=3",7300363,3,7,1.0,0.14964567813095805,0.14406832236277375,0.14460157380745742,0,0
"N=7,H=3",7300364,3,7,1.0,0.21939528015929083,0.21432381730798333,0.21791332664360846,0,0
"N=7,H=3",7300365,3,7,1.0,0.2876155897369183,0.27359635911162,0.2787116934143372,0,0
"N=7,H=3",7300366,3,7,1.0,0.18133714471472076,0.1759037104350863,0.17757983293583768,0,0
"N=7,H=3",7300367,3,7,1.0,0.25364628384872984,0.23918763271413188,0.24764343267712044,0,0
"N=7,H=3",7300368,3,7,1.0,0.31735832294144817,0.29273860066366564,0.2961064920809665,0,0
"N=7,H=3",7300369,3,7,1.0,0.23517393503163594,0.22893826493695266,0.23197529621174076,0,0
"N=7,H=3",7300370,3,7,1.0,0.22510493133141102,0.2197498886696406,0.22181543256570083,0,0
"N=7,H=3",7300371,3,7,1.0,0.237696547914382,0.22436444742825062,0.22866267609259483,0,0
"N=7,H=3",7300372,3,7,1.0,0.2924278788639059,0.2725683844888012,0.2786796139435363,0,0
"N=7,H=3",7300373,3,7,1.0,0.2519826571323321,0.2401839226070001,0.24078609133261153,0,0
"N=7,H=3",7300374,3,7,1.0,0.23887187066570054,0.23029455797293039,0.23493180258018156,0,0
"N=7,H=3",7300375,3,7,1.0,0.24676434698718266,0.23696401164314806,0.24004804984834732,0,0
"N=7,H=3",7300376,3,7,1.0,0.25593370935586396,0.24857559207844546,0.25115491505549065,0,0
"N=7,H=3",7300377,3,7,1.0,0.3228298639141322,0.3136998272961778,0.3165485353655422,0,0
"N=7,H=3",7300378,3,7,1.0,0.241714958152702,0.23268645670246857,0.2357954505135823,0,0
"N=7,H=3",7300379,3,7,1.0,0.1826973488494036,0.18450641938578666,0.18560621706004535,1,0
"N=7,H=3",7300380,3,7,1.0,0.30862464923032773,0.2925858596544256,0.29979633104170755,0,0
"N=7,H=3",7300381,3,7,1.0,0.20490205927571634,0.19975284807374372,0.20333259858829877,0,0
"N=7,H=3",7300382,3,7,1.0,0.226629393684793,0.21886435425383038,0.22142365676943837,0,0
"N=7,H=3",7300383,3,7,1.0,0.24258209576240078,0.22734729429736222,0.23243131312132564,0,0
"N=7,H=3",7300384,3,7,1.0,0.2179004097032747,0.20101009469855818,0.20359474888139484,0,0
"N=7,H=3",7300385,3,7,1.0,0.3234566179481324,0.3090756015471124,0.31083325265637984,0,0
"N=7,H=3",7300386,3,7,1.0,0.17361152311487438,0.17044435398158705,0.1725605267587808,0,0
"N=7,H=3",7300387,3,7,1.0,0.2703555090257802,0.25589182824698387,0.2611923870214425,0,0
"N=7,H=3",7300388,3,7,1.0,0.32032728757356865,0.3040400313255621,0.30900952947409527,0,0
"N=7,H=3",7300389,3,7,1.0,0.22020824256653326,0.21303401993547333,0.21610939224328377,0,0
"N=7,H=3",7300390,3,7,1.0,0.18609045488252585,0.1833168921775948,0.18479557592570484,0,0
"N=7,H=3",7300391,3,7,1.0,0.3065492957314526,0.2894374346214574,0.2946139441020173,0,0
"N=7,H=3",7300392,3,7,1.0,0.27922316731369257,0.2632590219329394,0.2651318958369465,0,0
"N=7,H=3",7300393,3,7,1.0,0.1833397981768857,0.18066379301409502,0.18227164708942215,0,0
"N=7,H=3",7300394,3,7,1.0,0.25935110349465607,0.24911637461016412,0.2504846607510104,0,0
"N=7,H=3",7300395,3,7,1.0,0.1890575604136858,0.18813590813803333,0.18964030460353506,0,0
"N=7,H=3",7300396,3,7,1.0,0.16378225023736206,0.15649149744263285,0.1630315652034891,0,0
"N=7,H=3",7300397,3,7,1.0,0.1870282529907536,0.18466881539228586,0.1858784995566073,0,0
"N=7,H=3",7300398,3,7,1.0,0.2739008760322802,0.2599507751311318,0.26297301826312763,0,0
"N=7,H=3",7300399,3,7,1.0,0.1570498614501485,0.15353858669586246,0.15617147569979767,0,0
"N=7,H=4",7400000,4,7,1.0,0.2975577687603782,0.28364269826445404,0.29021450307643315,0,0
"N=7,H=4",7400001,4,7,1.0,0.2991765077956427,0.27750771381446065,0.2828722785832818,0,0
"N=7,H=4",7400002,4,7,1.0,0.397530611905765,0.37424657823419866,0.37644887583415726,0,0
"N=7,H=4",7400003,4,7,1.0,0.2571134766040788,0.2527880375748739,0.25755658573663004,0,0
"N=7,H=4",7400004,4,7,1.0,0.47826862315332097,0.44414420279303024,0.44930111868863054,0,0
"N=7,H=4",7400005,4,7,1.0,0.27468390739625703,0.2667186391226372,0.26912916245307483,0,0
"N=7,H=4",7400006,4,7,1.0,0.2781208736425058,0.269252301918737,0.2718586648112701,0,0
"N=7,H=4",7400007,4,7,1.0,0.31165974846395045,0.299642880866144,0.30208184787805675,0,0
"N=7,H=4",7400008,4,7,1.0,0.35752919985187137,0.34245445037729905,0.3490606695199335,0,0
"N=7,H=4",7400009,4,7,1.0,0.22112077586842868,0.21682222939840964,0.21911495293513947,0,0
"N=7,H=4",7400010,4,7,1.0,0.28207076061176395,0.2716574570905714,0.27642160506982066,0,0
"N=7,H=4",7400011,4,7,1.0,0.41127200769918254,0.3950604731945528,0.4017941594023532,0,0
"N=7,H=4",7400012,4,7,1.0,0.35283983459957396,0.34039826935295675,0.3424050602723875,0,0
"N=7,H=4",7400013,4,7,1.0,0.36664357754753424,0.35608441884686237,0.3605154996211081,0,0
"N=7,H=4",7400014,4,7,1.0,0.38151926159710453,0.36083499968862176,0.36653753009950896,0,0
"N=7,H=4",7400015,4,7,1.0,0.3176496697750786,0.30180062573155786,0.3056533029850275,0,0
"N=7,H=4",7400016,4,7,1.0,0.28966539060669677,0.27472112683639655,0.2761303314954302,0,0
"N=7,H=4",7400017,4,7,1.0,0.36455624287751565,0.3411928026134487,0.34747686542474177,0,0
"N=7,H=4",7400018,4,7,1.0,0.29454304206190507,0.2811499503812081,0.2841168245550271,0,0
"N=7,H=4",7400019,4,7,1.0,0.32525429692426316,0.31319735485376965,0.3212612175619042,0,0
"N=7,H=4",7400020,4,7,1.0,0.38994761114015364,0.3658101892568958,0.38072994305792945,0,0
"N=7,H=4",7400021,4,7,1.0,0.3227470897631361,0.3115897580952033,0.3150119067646625,0,0
"N=7,H=4",7400022,4,7,1.0,0.3804748471882003,0.37287731608095925,0.3792574948830745,0,0
"N=7,H=4",7400023,4,7,1.0,0.18521532803219937,0.1848720234774188,0.18688344881514854,0,0
"N=7,H=4",7400024,4,7,1.0,0.28827247471788753,0.281566628876888,0.2858913913457472,0,0
"N=7,H=4",7400025,4,7,1.0,0.27805755409040944,0.2603038002254798,0.2645450251985548,0,0
"N=7,H=4",7400026,4,7,1.0,0.30819590283841647,0.29366274699658,0.2987456987298034,0,0
"N=7,H=4",7400027,4,7,1.0,0.3995412395008211,0.3763276314659844,0.3832565848973488,0,0
"N=7,H=4",7400028,4,7,1.0,0.33924084503645247,0.32027890139518755,0.3335196133320786,0,0
"N=7,H=4",7400029,4,7,1.0,0.3538504401878546,0.3314112973717769,0.33350179812986885,0,0
"N=7,H=4",7400030,4,7,1.0,0.3538592714364687,0.3334493144354429,0.33750859977235764,0,0
"N=7,H=4",7400031,4,7,1.0,0.36552280434234874,0.34808656803199084,0.3552664564528405,0,0
"N=7,H=4",7400032,4,7,1.0,0.37552479729167526,0.3514964014858849,0.3600614869931096,0,0
"N=7,H=4",7400033,4,7,1.0,0.3817511247049067,0.35913176261799973,0.3656348436929248,0,0
"N=7,H=4",7400034,4,7,1.0,0.3016677891545027,0.2885199379262813,0.29577749884600124,0,0
"N=7,H=4",7400035,4,7,1.0,0.20618089731705763,0.20218368563817213,0.2031821688917326,0,0
"N=7,H=4",7400036,4,7,1.0,0.26992924859613593,0.26078747901627924,0.26536661484370433,0,0
"N=7,H=4",7400037,4,7,1.0,0.2474323056612783,0.23888944246858818,0.2413402696824153,0,0
"N=7,H=4",7400038,4,7,1.0,0.417612316145495,0.40537323049516044,0.407237893862488,0,0
"N=7,H=4",7400039,4,7,1.0,0.28117663426344214,0.26761472151658316,0.27284761238736566,0,0
"N=7,H=4",7400040,4,7,1.0,0.2742723554247245,0.26932443197220285,0.2709728872602159,0,0
"N=7,H=4",7400041,4,7,1.0,0.30621694860150794,0.3007720924251821,0.3035454420687488,0,0
"N=7,H=4",7400042,4,7,1.0,0.17863677871632397,0.17261286051446448,0.17362382283330724,0,0
"N=7,H=4",7400043,4,7,1.0,0.5028885718612447,0.47694006059128086,0.4790731159263264,0,0
"N=7,H=4",7400044,4,7,1.0,0.26241304305186985,0.2516780008163096,0.2552402051510748,0,0
"N=7,H=4",7400045,4,7,1.0,0.3728290551016924,0.3532204869697411,0.3608618426542961,0,0
"N=7,H=4",7400046,4,7,1.0,0.284627373441471,0.27491397583703353,0.27593525000373115,0,0
"N=7,H=4",7400047,4,7,1.0,0.1732124404127391,0.17000707690891934,0.17139172930747748,0,0
"N=7,H=4",7400048,4,7,1.0,0.32335529544341324,0.3089721115642567,0.31190182447726184,0,0
"N=7,H=4",7400049,4,7,1.0,0.43114064024430143,0.4100645358598223,0.4118423340028605,0,0
"N=7,H=4",7400050,4,7,1.0,0.35234135296452773,0.3405741320244693,0.3498626193045741,0,0
"N=7,H=4",7400051,4,7,1.0,0.3007119071488096,0.2912115675067485,0.29498399163642663,0,0
"N=7,H=4",7400052,4,7,1.0,0.23681244006890045,0.22428878596190766,0.22814036137343605,0,0
"N=7,H=4",7400053,4,7,1.0,0.32843335312784677,0.320596165969107,0.32150503509004286,0,0
"N=7,H=4",7400054,4,7,1.0,0.3244553350278238,0.31459562062415286,0.3210316563655834,0,0
"N=7,H=4",7400055,4,7,1.0,0.42841175529709113,0.4073987056982273,0.41191866540917227,0,0
"N=7,H=4",7400056,4,7,1.0,0.3099603601391755,0.2889829736177627,0.2952845699063082,0,0
"N=7,H=4",7400057,4,7,1.0,0.337528312198592,0.3229855940198828,0.3278691909306488,0,0
"N=7,H=4",7400058,4,7,1.0,0.3488669940329124,0.3330484895143468,0.34011324044223074,0,0
"N=7,H=4",7400059,4,7,1.0,0.33828774062459777,0.32319817593391054,0.32632979852129707,0,0
"N=7,H=4",7400060,4,7,1.0,0.35187242338867014,0.3391020973076565,0.34254278702392343,0,0
"N=7,H=4",7400061,4,7,1.0,0.34924179040688197,0.3406477399179063,0.34726840881454507,0,0
"N=7,H=4",7400062,4,7,1.0,0.2928689796505583,0.2805848980463647,0.28434572619160964,0,0
"N=7,H=4",7400063,4,7,1.0,0.35291314409828933,0.3389691499292023,0.34448378533207114,0,0
"N=7,H=4",7400064,4,7,1.0,0.45125655134349496,0.4260422476658797,0.4322810605808866,0,0
"N=7,H=4",7400065,4,7,1.0,0.27574549643952057,0.2658696447129777,0.2686416272887806,0,0
"N=7,H=4",7400066,4,7,1.0,0.37194607646744315,0.3490436776593783,0.35701759922067194,0,0
"N=7,H=4",7400067,4,7,1.0,0.377609552859629,0.36024693648353767,0.3668933556358641,0,0
"N=7,H=4",7400068,4,7,1.0,0.24116316926249146,0.23230143498116324,0.2379557692621142,0,0
"N=7,H=4",7400069,4,7,1.0,0.3507791617218298,0.33784477453450723,0.3399211598485328,0,0
"N=7,H=4",7400070,4,7,1.0,0.38482592212311595,0.36129841201838514,0.3671498257061292,0,0
"N=7,H=4",7400071,4,7,1.0,0.39231447708796363,0.371804772248339,0.37737879532673313,0,0
"N=7,H=4",7400072,4,7,1.0,0.21390815815673175,0.20615100873940623,0.208879807790095,0,0
"N=7,H=4",7400073,4,7,1.0,0.30928822657553046,0.291249186824917,0.30325419206864446,0,0
"N=7,H=4",7400074,4,7,1.0,0.2766448325847358,0.26669798620935925,0.27173219852055797,0,0
"N=7,H=4",7400075,4,7,1.0,0.36138676652754637,0.34928043385000523,0.3567288890433076,0,0
"N=7,H=4",7400076,4,7,1.0,0.3253863430530908,0.3029163720370502,0.3099602517647878,0,0
"N=7,H=4",7400077,4,7,1.0,0.35349172613195534,0.3308839586795083,0.33723676730871055,0,0
"N=7,H=4",7400078,4,7,1.0,0.4836620364709714,0.4569086980624133,0.46511728991706935,0,0
"N=7,H=4",7400079,4,7,1.0,0.28286736226246467,0.26114066575651906,0.2652498000325752,0,0
"N=7,H=4",7400080,4,7,1.0,0.3150951020421116,0.3023710776575542,0.30541652043700884,0,0
"N=7,H=4",7400081,4,7,1.0,0.19803348725066455,0.18976743004476965,0.1923041931412623,0,0
"N=7,H=4",7400082,4,7,1.0,0.33274643909187956,0.3206840200072782,0.3237737192326926,0,0
"N=7,H=4",7400083,4,7,1.0,0.4406032653317046,0.41501994896207667,0.42145341565159467,0,0
"N=7,H=4",7400084,4,7,1.0,0.3692953548690677,0.3534837879548475,0.3564427902969894,0,0
"N=7,H=4",7400085,4,7,1.0,0.35470319050835075,0.3384631794637574,0.3444753082634997,0,0
"N=7,H=4",7400086,4,7,1.0,0.5261945766101771,0.4983457539941353,0.5053965129860232,0,0
"N=7,H=4",7400087,4,7,1.0,0.21397596825477683,0.208949566922064,0.21063436769491792,0,0
"N=7,H=4",7400088,4,7,1.0,0.30216658251378,0.2976377579683093,0.3021929655354527,0,0
"N=7,H=4",7400089,4,7,1.0,0.3270454352032089,0.3265594656283264,0.32828385523532244,0,0
"N=7,H=4",7400090,4,7,1.0,0.3066959196840311,0.2948617872919871,0.2989248691738161,0,0
"N=7,H=4",7400091,4,7,1.0,0.3497655684663403,0.33196564310712856,0.34101903062882805,0,0
"N=7,H=4",7400092,4,7,1.0,0.3373006398973098,0.32027476237081937,0.32443713405895375,0,0
"N=7,H=4",7400093,4,7,1.0,0.44338009097009845,0.42307117640579894,0.4319017792892893,0,0
"N=7,H=4",7400094,4,7,1.0,0.268241698679889,0.25864527329910225,0.2622787213712596,0,0
"N=7,H=4",7400095,4,7,1.0,0.27550684399349556,0.2678848345029484,0.2702060985453022,0,0
"N=7,H=4",7400096,4,7,1.0,0.4683744654102346,0.44870131641067734,0.45506279624271,0,0
"N=7,H=4",7400097,4,7,1.0,0.31794240622274317,0.303515159729711,0.3066241103358979,0,0
"N=7,H=4",7400098,4,7,1.0,0.43112985931736236,0.40509557899493176,0.41263972974205404,0,0
"N=7,H=4",7400099,4,7,1.0,0.4905733805940437,0.4656350108639125,0.47281993494380614,0,0
"N=7,H=4",7400100,4,7,1.0,0.3227461889717013,0.3116780476478711,0.31571689694035254,0,0
"N=7,H=4",7400101,4,7,1.0,0.3923505645082748,0.36903121163639846,0.37797532104388143,0,0
"N=7,H=4",7400102,4,7,1.0,0.3039766991863587,0.2919068991628427,0.29635839985099005,0,0
"N=7,H=4",7400103,4,7,1.0,0.32992222618364864,0.31604808069578255,0.32028481919093926,0,0
"N=7,H=4",7400104,4,7,1.0,0.3465167055940987,0.33854000629599074,0.34374427305384925,0,0
"N=7,H=4",7400105,4,7,1.0,0.19610206569347505,0.19137162045103284,0.19392135587159667,0,0
"N=7,H=4",7400106,4,7,1.0,0.3120692660724794,0.3018102209671516,0.30373237051147634,0,0
"N=7,H=4",7400107,4,7,1.0,0.28269289020471594,0.2778428354367355,0.28245671975992237,0,0
"N=7,H=4",7400108,4,7,1.0,0.4797117329208834,0.45138175212125553,0.45932583737223315,0,0
"N=7,H=4",7400109,4,7,1.0,0.41972040822050155,0.4008007401439612,0.40377556975753304,0,0
"N=7,H=4",7400110,4,7,1.0,0.2708500759256463,0.2567253603337867,0.25807343800739246,0,0
"N=7,H=4",7400111,4,7,1.0,0.27400110271284134,0.2660303958325152,0.2679762776418078,0,0
"N=7,H=4",7400112,4,7,1.0,0.3166513110655856,0.3082049625656674,0.3114977649308409,0,0
"N=7,H=4",7400113,4,7,1.0,0.40917437697427256,0.388203957460368,0.3926610360195456,0,0
"N=7,H=4",7400114,4,7,1.0,0.33935868199051084,0.3259962507015475,0.3301715091000256,0,0
"N=7,H=4",7400115,4,7,1.0,0.27079379861461905,0.2586009829307283,0.2617610448318569,0,0
"N=7,H=4",7400116,4,7,1.0,0.2069561684696215,0.19878086522339827,0.2014495735943631,0,0
"N=7,H=4",7400117,4,7,1.0,0.3354482223244482,0.32040514498676204,0.3259271499095648,0,0
"N=7,H=4",7400118,4,7,1.0,0.3499533973158254,0.32468558319250784,0.3303125109943255,0,0
"N=7,H=4",7400119,4,7,1.0,0.25085771344367136,0.24233203186125912,0.24520163422753272,0,0
"N=7,H=4",7400120,4,7,1.0,0.4186586699607145,0.3865154198851011,0.3985439525868167,0,0
"N=7,H=4",7400121,4,7,1.0,0.24263188825854387,0.23145079528390813,0.23516223433639352,0,0
"N=7,H=4",7400122,4,7,1.0,0.3932519694078622,0.38071401314928444,0.38315199448555504,0,0
"N=7,H=4",7400123,4,7,1.0,0.31855642417447244,0.3079305956145677,0.308899898306671,0,0
"N=7,H=4",7400124,4,7,1.0,0.33339400035216243,0.31930278614536994,0.32645928015309583,0,0
"N=7,H=4",7400125,4,7,1.0,0.40778728053390656,0.38941436846730354,0.39456892607121463,0,0
"N=7,H=4",7400126,4,7,1.0,0.3278115673228628,0.3178905272898814,0.3202804050900141,0,0
"N=7,H=4",7400127,4,7,1.0,0.31409533284985763,0.3064110735621683,0.31087065929955204,0,0
"N=7,H=4",7400128,4,7,1.0,0.31245593155014206,0.2996378395682762,0.30470272415044813,0,0
"N=7,H=4",7400129,4,7,1.0,0.3268524728612371,0.31756306201405465,0.3190185761127493,0,0
"N=7,H=4",7400130,4,7,1.0,0.42050639649330007,0.40325886717248327,0.41142826491741114,0,0
"N=7,H=4",7400131,4,7,1.0,0.3340064187438779,0.3223531486634627,0.32514936840797004,0,0
"N=7,H=4",7400132,4,7,1.0,0.19383749300786524,0.18787370985146754,0.1910672773587686,0,0
"N=7,H=4",7400133,4,7,1.0,0.24657544513167526,0.23018940300092391,0.23925784833779487,0,0
"N=7,H=4",7400134,4,7,1.0,0.19166319167447626,0.18339702562000865,0.19115710369875544,0,0
"N=7,H=4",7400135,4,7,1.0,0.2836781622524084,0.2699343105853122,0.2742416465783943,0,0
"N=7,H=4",7400136,4,7,1.0,0.3297862293952535,0.3148738466270478,0.3205826973472711,0,0
"N=7,H=4",7400137,4,7,1.0,0.34434702919245885,0.3347097994585109,0.33808219401141415,0,0
"N=7,H=4",7400138,4,7,1.0,0.3863296552568968,0.3634874991761707,0.36758199515891526,0,0
"N=7,H=4",7400139,4,7,1.0,0.36549297118307916,0.34518147893585066,0.3538536429721282,0,0
"N=7,H=4",7400140,4,7,1.0,0.19752825273714494,0.19399171780829097,0.19636673321543371,0,0
"N=7,H=4",7400141,4,7,1.0,0.3329304004645592,0.31489398955261194,0.3190764547598051,0,0
"N=7,H=4",7400142,4,7,1.0,0.31175610729470693,0.30284845317157666,0.30818278170372854,0,0
"N=7,H=4",7400143,4,7,1.0,0.4963404575472177,0.4657098362584052,0.4710934946480812,0,0
"N=7,H=4",7400144,4,7,1.0,0.30456508917510666,0.2899802340806885,0.2931351555114713,0,0
"N=7,H=4",7400145,4,7,1.0,0.40119324389832306,0.3762418900471802,0.3834089354060099,0,0
"N=7,H=4",7400146,4,7,1.0,0.32568260685883,0.31130735522536807,0.3145491310756819,0,0
"N=7,H=4",7400147,4,7,1.0,0.40942165206935166,0.3768250521445763,0.3904605913514609,0,0
"N=7,H=4",7400148,4,7,1.0,0.3427965656150515,0.3336034348552016,0.3410158695125983,0,0
"N=7,H=4",7400149,4,7,1.0,0.25525944187216537,0.24856668440667787,0.2537042334694253,0,0
"N=7,H=4",7400150,4,7,1.0,0.43468734802376496,0.4112671729281659,0.41983123437565734,0,0
"N=7,H=4",7400151,4,7,1.0,0.39760945407635895,0.36814412291422133,0.3709721525250345,0,0
"N=7,H=4",7400152,4,7,1.0,0.2913769556874357,0.27376968291573683,0.284632797376194,0,0
"N=7,H=4",7400153,4,7,1.0,0.2645542824122017,0.25700777369827355,0.2603801075401833,0,0
"N=7,H=4",7400154,4,7,1.0,0.2425759855453945,0.23558008071208564,0.23689554690234235,0,0
"N=7,H=4",7400155,4,7,1.0,0.323019408501093,0.30825931590844013,0.31691989076739746,0,0
"N=7,H=4",7400156,4,7,1.0,0.3200075287353999,0.30554412484754706,0.30774167084624604,0,0
"N=7,H=4",7400157,4,7,1.0,0.32696456493568793,0.3231494143656486,0.3271326294031593,0,0
"N=7,H=4",7400158,4,7,1.0,0.4059451372283395,0.3786562824531039,0.3943996283736697,0,0
"N=7,H=4",7400159,4,7,1.0,0.24690495719754704,0.23291758096224366,0.2454283525423836,0,0
"N=7,H=4",7400160,4,7,1.0,0.24029254405399217,0.2341519945347353,0.23677053535356066,0,0
"N=7,H=4",7400161,4,7,1.0,0.22404797798029352,0.21381169243572828,0.21839230637432128,0,0
"N=7,H=4",7400162,4,7,1.0,0.37629555147652205,0.3511477068565903,0.35727561345714437,0,0
"N=7,H=4",7400163,4,7,1.0,0.44550732203839477,0.42652318344441514,0.4312710854556943,0,0
"N=7,H=4",7400164,4,7,1.0,0.3612531955422558,0.33976523569918393,0.34695508449753676,0,0
"N=7,H=4",7400165,4,7,1.0,0.28742493779760364,0.2821315013049484,0.2845767475916745,0,0
"N=7,H=4",7400166,4,7,1.0,0.24562659987966756,0.23821807503682402,0.24029068037362328,0,0
"N=7,H=4",7400167,4,7,1.0,0.3260879923305779,0.3138505395705496,0.31750206783167745,0,0
"N=7,H=4",7400168,4,7,1.0,0.3454350693130469,0.3283339912953672,0.3342782711788956,0,0
"N=7,H=4",7400169,4,7,1.0,0.2620471432997007,0.25101588969762956,0.2572879151294769,0,0
"N=7,H=4",7400170,4,7,1.0,0.20695599875545198,0.20150864822946415,0.2049738829126445,0,0
"N=7,H=4",7400171,4,7,1.0,0.25959977750999597,0.2478535414834394,0.2504080582006978,0,0
"N=7,H=4",7400172,4,7,1.0,0.5103749399016018,0.48115788403820664,0.4868002408419636,0,0
"N=7,H=4",7400173,4,7,1.0,0.31933277098608387,0.30624198888167675,0.3087055495650087,0,0
"N=7,H=4",7400174,4,7,1.0,0.31109427488487534,0.29287366562205297,0.2990047217545351,0,0
"N=7,H=4",7400175,4,7,1.0,0.26162544483512035,0.2538380430563732,0.2568864601232192,0,0
"N=7,H=4",7400176,4,7,1.0,0.3506413944391169,0.33893907892547864,0.34647925198965085,0,0
"N=7,H=4",7400177,4,7,1.0,0.3760711326064326,0.35089495994355396,0.3597690282084719,0,0
"N=7,H=4",7400178,4,7,1.0,0.3412137743456916,0.33277398099683153,0.33695618623605594,0,0
"N=7,H=4",7400179,4,7,1.0,0.24528079922881676,0.24118303080402087,0.24325149451556333,0,0
"N=7,H=4",7400180,4,7,1.0,0.3377412085559107,0.3215732248992367,0.32660666700222934,0,0
"N=7,H=4",7400181,4,7,1.0,0.40297025076001924,0.3815141700181638,0.3879108421743041,0,0
"N=7,H=4",7400182,4,7,1.0,0.3883978212327606,0.3624510957857762,0.3705075694487068,0,0
"N=7,H=4",7400183,4,7,1.0,0.3235566397351871,0.30771844852984487,0.31047173378729087,0,0
"N=7,H=4",7400184,4,7,1.0,0.2870152885797733,0.27644247808376393,0.2805938628026499,0,0
"N=7,H=4",7400185,4,7,1.0,0.32939096441007076,0.31047987744012184,0.313049098707331,0,0
"N=7,H=4",7400186,4,7,1.0,0.2951338478663634,0.2867334048230744,0.2909014384757303,0,0
"N=7,H=4",7400187,4,7,1.0,0.3171142752948841,0.307839301229725,0.31085264039526117,0,0
"N=7,H=4",7400188,4,7,1.0,0.3511002236540325,0.34477249842665314,0.34672399229788137,0,0
"N=7,H=4",7400189,4,7,1.0,0.33842460294678384,0.32579140791772015,0.3288046589154902,0,0
"N=7,H=4",7400190,4,7,1.0,0.410662641507049,0.38977730594800675,0.39699957779910966,0,0
"N=7,H=4",7400191,4,7,1.0,0.28846301307983674,0.2792129291856439,0.2821654374974905,0,0
"N=7,H=4",7400192,4,7,1.0,0.2522129895492544,0.24589227653225224,0.2494842153137399,0,0
"N=7,H=4",7400193,4,7,1.0,0.2994090454346367,0.28605969758835587,0.2879414477933183,0,0
"N=7,H=4",7400194,4,7,1.0,0.39538731994071524,0.36453115131642905,0.37079990484426795,0,0
"N=7,H=4",7400195,4,7,1.0,0.3372561476102213,0.3232344399042471,0.33011205893583073,0,0
"N=7,H=4",7400196,4,7,1.0,0.37361320165537537,0.3584969615820178,0.3650690248952783,0,0
"N=7,H=4",7400197,4,7,1.0,0.34037687176906933,0.3299580372722436,0.33247373294205235,0,0
"N=7,H=4",7400198,4,7,1.0,0.2430527914603355,0.23032222276687572,0.23320452104861852,0,0
"N=7,H=4",7400199,4,7,1.0,0.30847339889992703,0.2950130473626912,0.30008570490183345,0,0
"N=7,H=4",7400200,4,7,1.0,0.338561864785163,0.3181462815811372,0.322483189877442,0,0
"N=7,H=4",7400201,4,7,1.0,0.34666618562938245,0.331783388682043,0.3353351418060518,0,0
"N=7,H=4",7400202,4,7,1.0,0.30356633518854825,0.2916570835676122,0.29853791495312204,0,0
"N=7,H=4",7400203,4,7,1.0,0.37048358372375145,0.3427655446626169,0.34620059207821374,0,0
"N=7,H=4",7400204,4,7,1.0,0.3005060998000968,0.2831440676293863,0.2902284176475701,0,0
"N=7,H=4",7400205,4,7,1.0,0.33160968837263144,0.31739500790025355,0.3219403336879835,0,0
"N=7,H=4",7400206,4,7,1.0,0.2935680824632516,0.279536535795412,0.28171873518446827,0,0
"N=7,H=4",7400207,4,7,1.0,0.2940964551034683,0.2820173973103102,0.28913908868113986,0,0
"N=7,H=4",7400208,4,7,1.0,0.3783896038082662,0.35922993497640676,0.3630565605746881,0,0
"N=7,H=4",7400209,4,7,1.0,0.35122666006143716,0.33563390338504384,0.34474431692952995,0,0
"N=7,H=4",7400210,4,7,1.0,0.29916132847964133,0.28826023895329517,0.2940178318405589,0,0
"N=7,H=4",7400211,4,7,1.0,0.43519016745427197,0.41141260031588717,0.4269403488364148,0,0
"N=7,H=4",7400212,4,7,1.0,0.29407192923711584,0.29122414597043267,0.2938940244289577,0,0
"N=7,H=4",7400213,4,7,1.0,0.5162109752147384,0.4898104690056093,0.49418603187118715,0,0
"N=7,H=4",7400214,4,7,1.0,0.24352030170529398,0.23317414359687083,0.2347087187680508,0,0
"N=7,H=4",7400215,4,7,1.0,0.3064594474344995,0.29956956152546216,0.30537839494236607,0,0
"N=7,H=4",7400216,4,7,1.0,0.43641241188638163,0.41218723365540877,0.42134172024990085,0,0
"N=7,H=4",7400217,4,7,1.0,0.3805931799402458,0.3559655567105741,0.3586376237873989,0,0
"N=7,H=4",7400218,4,7,1.0,0.21902981739358562,0.20800543953673323,0.21280863996382057,0,0
"N=7,H=4",7400219,4,7,1.0,0.16559128154267805,0.1604773520139724,0.16317274266504203,0,0
"N=7,H=4",7400220,4,7,1.0,0.25884416124790155,0.2461897792000194,0.2480847217243293,0,0
"N=7,H=4",7400221,4,7,1.0,0.2877866940449813,0.2785754044356291,0.2813980204116868,0,0
"N=7,H=4",7400222,4,7,1.0,0.22111219612504154,0.2118609014269063,0.2153460984780642,0,0
"N=7,H=4",7400223,4,7,1.0,0.5112540763438411,0.47922167602138604,0.4835471845718252,0,0
"N=7,H=4",7400224,4,7,1.0,0.22808708544737613,0.21964358647949186,0.22399110287846924,0,0
"N=7,H=4",7400225,4,7,1.0,0.4609436336994835,0.4279005786608003,0.4352732887106129,0,0
"N=7,H=4",7400226,4,7,1.0,0.28953461884157355,0.2827118111014673,0.28650011736405673,0,0
"N=7,H=4",7400227,4,7,1.0,0.3089953598144798,0.29813510061555476,0.30237305067287273,0,0
"N=7,H=4",7400228,4,7,1.0,0.3301709694898969,0.31306501797472125,0.3178804147116407,0,0
"N=7,H=4",7400229,4,7,1.0,0.2777372590379689,0.26121008103391824,0.2653167872197281,0,0
"N=7,H=4",7400230,4,7,1.0,0.2227758365437292,0.21669037571328137,0.21841005343083442,0,0
"N=7,H=4",7400231,4,7,1.0,0.20749684385590714,0.20122138844128903,0.20360904643975244,0,0
"N=7,H=4",7400232,4,7,1.0,0.39140478064926115,0.36943254558609984,0.37457739224585257,0,0
"N=7,H=4",7400233,4,7,1.0,0.36057753066612774,0.33027813909132814,0.3410124007228209,0,0
"N=7,H=4",7400234,4,7,1.0,0.20157904952310657,0.19630028256967214,0.1977874163712387,0,0
"N=7,H=4",7400235,4,7,1.0,0.3256145565613635,0.3142342681326241,0.3192447206293687,0,0
"N=7,H=4",7400236,4,7,1.0,0.2315149790284328,0.22242197605726455,0.22999108233990107,0,0
"N=7,H=4",7400237,4,7,1.0,0.23661973575947357,0.22914646775441735,0.23150290331140969,0,0
"N=7,H=4",7400238,4,7,1.0,0.3547924589373271,0.34099860508029506,0.3486659904263393,0,0
"N=7,H=4",7400239,4,7,1.0,0.3173525995045059,0.29942365412096034,0.3062801490781654,0,0
"N=7,H=4",7400240,4,7,1.0,0.27604185999802144,0.25667851397715663,0.26538154900665273,0,0
"N=7,H=4",7400241,4,7,1.0,0.25215376528441463,0.24130944393888726,0.24340160637075184,0,0
"N=7,H=4",7400242,4,7,1.0,0.318946992202408,0.3069523275324679,0.3157504867360654,0,0
"N=7,H=4",7400243,4,7,1.0,0.3640570046487701,0.3473109062249669,0.3521190358678177,0,0
"N=7,H=4",7400244,4,7,1.0,0.43105976945039853,0.3972035446399505,0.4083273310219591,0,0
"N=7,H=4",7400245,4,7,1.0,0.2409271023636821,0.2363423971361389,0.23844905317526593,0,0
"N=7,H=4",7400246,4,7,1.0,0.3622929711364642,0.3472764170064853,0.3533766703674918,0,0
"N=7,H=4",7400247,4,7,1.0,0.30011378244642695,0.2936557415724324,0.295895779527393,0,0
"N=7,H=4",7400248,4,7,1.0,0.332709030905191,0.3268523357925492,0.32976093512682264,0,0
"N=7,H=4",7400249,4,7,1.0,0.1447867834716048,0.14223571258322631,0.14292960132640178,0,0
"N=7,H=4",7400250,4,7,1.0,0.20821892188189783,0.19496023177023677,0.19597831136123214,0,0
"N=7,H=4",7400251,4,7,1.0,0.2990049551301213,0.2896518958358041,0.2912445242491028,0,0
"N=7,H=4",7400252,4,7,1.0,0.30354719679376685,0.30110514566848495,0.3040043583403432,0,0
"N=7,H=4",7400253,4,7,1.0,0.3605760906082758,0.3402358764984731,0.34418913373898147,0,0
"N=7,H=4",7400254,4,7,1.0,0.3414060444245237,0.33088128614421586,0.3334363203970105,0,0
"N=7,H=4",7400255,4,7,1.0,0.23963356759873683,0.23299242523609104,0.23684846883670158,0,0
"N=7,H=4",7400256,4,7,1.0,0.3123627543518723,0.3006082472779196,0.30646906795792656,0,0
"N=7,H=4",7400257,4,7,1.0,0.2945295075106106,0.2846811208291933,0.2884648692352122,0,0
"N=7,H=4",7400258,4,7,1.0,0.36753609153142425,0.35623444082504335,0.35900867051574353,0,0
"N=7,H=4",7400259,4,7,1.0,0.36096720769640644,0.34158582991417774,0.3487842956894109,0,0
"N=7,H=4",7400260,4,7,1.0,0.33099709858140697,0.31948859692627624,0.32542518806009924,0,0
"N=7,H=4",7400261,4,7,1.0,0.37108015908079395,0.3499953673971342,0.3599528523361123,0,0
"N=7,H=4",7400262,4,7,1.0,0.46969918689049917,0.44561332680980326,0.45062127049033174,0,0
"N=7,H=4",7400263,4,7,1.0,0.407863043961892,0.383683863498898,0.39051803968730825,0,0
"N=7,H=4",7400264,4,7,1.0,0.18873762332735322,0.1821513762072166,0.1844167276220354,0,0
"N=7,H=4",7400265,4,7,1.0,0.3352317307356823,0.3213104706128541,0.3247958756532609,0,0
"N=7,H=4",7400266,4,7,1.0,0.3137613657770891,0.2998757167306893,0.3020361581324546,0,0
"N=7,H=4",7400267,4,7,1.0,0.40083904674643733,0.3788266589201253,0.38213682082812184,0,0
"N=7,H=4",7400268,4,7,1.0,0.3258019533581623,0.30626008224460305,0.30781112255764836,0,0
"N=7,H=4",7400269,4,7,1.0,0.2848960317297534,0.27702332008507113,0.2789935167588772,0,0
"N=7,H=4",7400270,4,7,1.0,0.36368407080119325,0.35233102440496217,0.3545936606329479,0,0
"N=7,H=4",7400271,4,7,1.0,0.3551677337518892,0.33897445651446,0.34094630356702416,0,0
"N=7,H=4",7400272,4,7,1.0,0.30930981152594506,0.2975069998500712,0.3030078322651867,0,0
"N=7,H=4",7400273,4,7,1.0,0.40342325784576366,0.37949878256190783,0.39287950180959347,0,0
"N=7,H=4",7400274,4,7,1.0,0.4000127500356372,0.38648248063582685,0.3949691803980276,0,0
"N=7,H=4",7400275,4,7,1.0,0.26088298584507846,0.24824548154480455,0.25490283938803476,0,0
"N=7,H=4",7400276,4,7,1.0,0.28020005453878444,0.26727662656288453,0.27092239595581363,0,0
"N=7,H=4",7400277,4,7,1.0,0.3626137095375092,0.33861917364788485,0.3461094960112776,0,0
"N=7,H=4",7400278,4,7,1.0,0.45439161730595,0.43563197254097524,0.4422718894980785,0,0
"N=7,H=4",7400279,4,7,1.0,0.374237959095435,0.35775234993583865,0.3619356802517144,0,0
"N=7,H=4",7400280,4,7,1.0,0.3111279547198917,0.2999466433074577,0.30264256089160463,0,0
"N=7,H=4",7400281,4,7,1.0,0.2709747859495069,0.26006799376752693,0.2652391868658804,0,0
"N=7,H=4",7400282,4,7,1.0,0.49989427108564066,0.4665255878854999,0.4762401074140041,0,0
"N=7,H=4",7400283,4,7,1.0,0.3788529900569823,0.3630263286645426,0.3663216708479012,0,0
"N=7,H=4",7400284,4,7,1.0,0.3114350602329564,0.2968315489163569,0.3025434936341475,0,0
"N=7,H=4",7400285,4,7,1.0,0.30345359583281195,0.29034881412328406,0.29955959781642083,0,0
"N=7,H=4",7400286,4,7,1.0,0.3894609573517916,0.3768978885652601,0.37881456890765797,0,0
"N=7,H=4",7400287,4,7,1.0,0.2473631093219088,0.23503873726300353,0.24014366002368262,0,0
"N=7,H=4",7400288,4,7,1.0,0.24113205485499756,0.23040356650407562,0.23864386432525575,0,0
"N=7,H=4",7400289,4,7,1.0,0.20318365978573338,0.20043765646855494,0.2026220154163759,0,0
"N=7,H=4",7400290,4,7,1.0,0.3839963308660604,0.36889730904912926,0.37399209778609394,0,0
"N=7,H=4",7400291,4,7,1.0,0.4128186282139558,0.39647164638015586,0.39970617179948764,0,0
"N=7,H=4",7400292,4,7,1.0,0.4574251484349878,0.42715072980754143,0.43542078073227525,0,0
"N=7,H=4",7400293,4,7,1.0,0.3242199634728595,0.2998698640231205,0.305681770169159,0,0
"N=7,H=4",7400294,4,7,1.0,0.24133951089270617,0.22961874772753177,0.23367771003872428,0,0
"N=7,H=4",7400295,4,7,1.0,0.41519949041786136,0.39448492427431425,0.3975293139714037,0,0
"N=7,H=4",7400296,4,7,1.0,0.4913751186365111,0.4575180708521262,0.46628929090882315,0,0
"N=7,H=4",7400297,4,7,1.0,0.35815565669911814,0.34977447021494984,0.3516038630787436,0,0
"N=7,H=4",7400298,4,7,1.0,0.38205948402345186,0.36396032256691674,0.3716613647391711,0,0
"N=7,H=4",7400299,4,7,1.0,0.3113075983356561,0.29656350690007055,0.3011410780971707,0,0
"N=7,H=4",7400300,4,7,1.0,0.38206501819179467,0.3725208860469427,0.37591370448827555,0,0
"N=7,H=4",7400301,4,7,1.0,0.3402926777567318,0.3262068382764019,0.3315547525764185,0,0
"N=7,H=4",7400302,4,7,1.0,0.22039685271824794,0.21374959999159182,0.21620834797597285,0,0
"N=7,H=4",7400303,4,7,1.0,0.4005467486728278,0.3823580780003995,0.38626994909088047,0,0
"N=7,H=4",7400304,4,7,1.0,0.22628596775932455,0.22506017947467685,0.2269981712329194,0,0
"N=7,H=4",7400305,4,7,1.0,0.2959878518405362,0.28223537424992673,0.28638704195400466,0,0
"N=7,H=4",7400306,4,7,1.0,0.4088731342195674,0.3828904728072693,0.3872714556434541,0,0
"N=7,H=4",7400307,4,7,1.0,0.2562553496944047,0.2507980760946996,0.25485754756942997,0,0
"N=7,H=4",7400308,4,7,1.0,0.36883109859589697,0.35063557609027524,0.35326480116942005,0,0
"N=7,H=4",7400309,4,7,1.0,0.24371673485716058,0.23914853579395173,0.2397727248776383,0,0
"N=7,H=4",7400310,4,7,1.0,0.293799418268027,0.27684181709068684,0.2791490260221134,0,0
"N=7,H=4",7400311,4,7,1.0,0.2509729059444542,0.24038437581514452,0.24657818478208157,0,0
"N=7,H=4",7400312,4,7,1.0,0.3996161229584109,0.38274071096582846,0.38869841677496353,0,0
"N=7,H=4",7400313,4,7,1.0,0.3023886632781433,0.28776975472581123,0.29296581914846703,0,0
"N=7,H=4",7400314,4,7,1.0,0.3544690018038517,0.3278783177798026,0.33242115156881613,0,0
"N=7,H=4",7400315,4,7,1.0,0.3461149674275929,0.3307146086581472,0.33353997016723214,0,0
"N=7,H=4",7400316,4,7,1.0,0.40144885475667347,0.3755660420138106,0.3833762302411868,0,0
"N=7,H=4",7400317,4,7,1.0,0.3148961430316157,0.3047972761077654,0.3094552020621577,0,0
"N=7,H=4",7400318,4,7,1.0,0.5283279038280533,0.50029849487689,0.5043755475563363,0,0
"N=7,H=4",7400319,4,7,1.0,0.3732859301956443,0.3589484916007454,0.36274633948736007,0,0
"N=7,H=4",7400320,4,7,1.0,0.4099190100308637,0.3894730978526839,0.39559423686272416,0,0
"N=7,H=4",7400321,4,7,1.0,0.2776486051646623,0.26284187050176955,0.2661114596840832,0,0
"N=7,H=4",7400322,4,7,1.0,0.3123305435477308,0.29781654208028513,0.3012795837673211,0,0
"N=7,H=4",7400323,4,7,1.0,0.34276454864952055,0.3287438953335537,0.3354202649214003,0,0
"N=7,H=4",7400324,4,7,1.0,0.36308183999170124,0.3449129712093751,0.350977741085349,0,0
"N=7,H=4",7400325,4,7,1.0,0.27016027283183774,0.25607733310205816,0.25918200033786076,0,0
"N=7,H=4",7400326,4,7,1.0,0.45933983023462693,0.43266066633292943,0.44072783421466105,0,0
"N=7,H=4",7400327,4,7,1.0,0.274791996224261,0.2679647956536831,0.27117743907883085,0,0
"N=7,H=4",7400328,4,7,1.0,0.23108324553105072,0.22635542988763727,0.22799070079166425,0,0
"N=7,H=4",7400329,4,7,1.0,0.3665261717163698,0.35258241673332996,0.358401261844097,0,0
"N=7,H=4",7400330,4,7,1.0,0.19881703387866193,0.1917446253270771,0.19447613115162876,0,0
"N=7,H=4",7400331,4,7,1.0,0.22532376493789538,0.21736349047630946,0.22139331567677878,0,0
"N=7,H=4",7400332,4,7,1.0,0.2566269729923851,0.24687032954316396,0.2509362508811741,0,0
"N=7,H=4",7400333,4,7,1.0,0.2946597512706086,0.27846217554398195,0.2859976712867739,0,0
"N=7,H=4",7400334,4,7,1.0,0.3655869497892536,0.34608285221461127,0.3539772055994061,0,0
"N=7,H=4",7400335,4,7,1.0,0.31105595402737307,0.301982693701578,0.3053224851686821,0,0
"N=7,H=4",7400336,4,7,1.0,0.4360197630694885,0.4151938584798417,0.41843759641497774,0,0
"N=7,H=4",7400337,4,7,1.0,0.3855977936198413,0.3624364889646971,0.36721593688415605,0,0
"N=7,H=4",7400338,4,7,1.0,0.36189341304997186,0.3475481007580843,0.3568946878525151,0,0
"N=7,H=4",7400339,4,7,1.0,0.2847944289167668,0.2759180870027547,0.27785623717395214,0,0
"N=7,H=4",7400340,4,7,1.0,0.4470180574556022,0.420124840649848,0.42607790245072386,0,0
"N=7,H=4",7400341,4,7,1.0,0.34160149493814473,0.3271793867538937,0.3298111644408029,0,0
"N=7,H=4",7400342,4,7,1.0,0.4170060986048861,0.3861573152731574,0.38972220947037356,0,0
"N=7,H=4",7400343,4,7,1.0,0.4249845186694917,0.409873298043099,0.41518633819864603,0,0
"N=7,H=4",7400344,4,7,1.0,0.2958717492968335,0.27954251001704805,0.28284363441653076,0,0
"N=7,H=4",7400345,4,7,1.0,0.3504091497711724,0.33224076346119885,0.3369888526315973,0,0
"N=7,H=4",7400346,4,7,1.0,0.26829241050741764,0.2602373312654399,0.2637454085253468,0,0
"N=7,H=4",7400347,4,7,1.0,0.30347224380366306,0.2828625435568392,0.28681360645070136,0,0
"N=7,H=4",7400348,4,7,1.0,0.38877822408943663,0.3712385724999166,0.38068966634907325,0,0
"N=7,H=4",7400349,4,7,1.0,0.3397770897388715,0.3276697449947241,0.33413441096570157,0,0
"N=7,H=4",7400350,4,7,1.0,0.4121011899873735,0.39514790125522614,0.39939630606481347,0,0
"N=7,H=4",7400351,4,7,1.0,0.3372188466394732,0.3173129242164812,0.32249080659340673,0,0
"N=7,H=4",7400352,4,7,1.0,0.31954234690208444,0.3066494271086088,0.3151645987104301,0,0
"N=7,H=4",7400353,4,7,1.0,0.1501323870109755,0.14768959033454201,0.1490746682199417,0,0
"N=7,H=4",7400354,4,7,1.0,0.5415491496861851,0.5036848914942496,0.515712887642594,0,0
"N=7,H=4",7400355,4,7,1.0,0.2730591261751611,0.26062745346664706,0.2645417775952213,0,0
"N=7,H=4",7400356,4,7,1.0,0.33740696643634277,0.3209844682404082,0.3284851946365618,0,0
"N=7,H=4",7400357,4,7,1.0,0.3560281024872238,0.34385295628728396,0.3468587207169871,0,0
"N=7,H=4",7400358,4,7,1.0,0.3043817209687224,0.28827798849879355,0.29126614274181395,0,0
"N=7,H=4",7400359,4,7,1.0,0.2883240887461149,0.2735372069177588,0.2779610160649878,0,0
"N=7,H=4",7400360,4,7,1.0,0.31671234094953116,0.30817138784462034,0.3122905846710875,0,0
"N=7,H=4",7400361,4,7,1.0,0.28068492635261105,0.2700566475635838,0.2759903367935422,0,0
"N=7,H=4",7400362,4,7,1.0,0.40314512650685075,0.371992647769847,0.38013344076975036,0,0
"N=7,H=4",7400363,4,7,1.0,0.2852669163422503,0.27769622805727484,0.2785803078677654,0,0
"N=7,H=4",7400364,4,7,1.0,0.44408044631820853,0.4222278922062381,0.42857449682943016,0,0
"N=7,H=4",7400365,4,7,1.0,0.3218148669648681,0.3122434174547657,0.3170283716534289,0,0
"N=7,H=4",7400366,4,7,1.0,0.31046926122178536,0.29667649567535054,0.3006686202628996,0,0
"N=7,H=4",7400367,4,7,1.0,0.2905364233888865,0.2829341329422597,0.28575436428774426,0,0
"N=7,H=4",7400368,4,7,1.0,0.39828549165011323,0.38327882530584423,0.38425430598825167,0,0
"N=7,H=4",7400369,4,7,1.0,0.3651816773750852,0.3456259250809618,0.3493025065528378,0,0
"N=7,H=4",7400370,4,7,1.0,0.28049210691849324,0.2645866484677198,0.27271826248283376,0,0
"N=7,H=4",7400371,4,7,1.0,0.4226372966171025,0.39616824523514793,0.40449710786711324,0,0
"N=7,H=4",7400372,4,7,1.0,0.4109360642563461,0.3867685486932907,0.3950410154635797,0,0
"N=7,H=4",7400373,4,7,1.0,0.31797448860001154,0.30688558463637367,0.3106236796291189,0,0
"N=7,H=4",7400374,4,7,1.0,0.4244999935218507,0.39630594543067826,0.40134407769492125,0,0
"N=7,H=4",7400375,4,7,1.0,0.30460294680622274,0.2935001893548439,0.2984148943853934,0,0
"N=7,H=4",7400376,4,7,1.0,0.4403276791209756,0.41669884777741095,0.42209096875719077,0,0
"N=7,H=4",7400377,4,7,1.0,0.2839377487944631,0.27395885332636505,0.27487818895825106,0,0
"N=7,H=4",7400378,4,7,1.0,0.21056641775916954,0.20255390850185837,0.205466746848906,0,0
"N=7,H=4",7400379,4,7,1.0,0.30572664562376484,0.2940064896428885,0.2968617690727374,0,0
"N=7,H=4",7400380,4,7,1.0,0.39493653728193023,0.36866519658974195,0.37864428834584907,0,0
"N=7,H=4",7400381,4,7,1.0,0.3081634482146431,0.2948483889213104,0.29737741098654197,0,0
"N=7,H=4",7400382,4,7,1.0,0.16794731787571007,0.16584143252549996,0.16688413519332057,0,0
"N=7,H=4",7400383,4,7,1.0,0.3083109884231959,0.30432328016721777,0.30529675224858777,0,0
"N=7,H=4",7400384,4,7,1.0,0.27568526850668007,0.26385601590083174,0.26853687920251845,0,0
"N=7,H=4",7400385,4,7,1.0,0.21741900354409557,0.20554689759415049,0.21005815408399253,0,0
"N=7,H=4",7400386,4,7,1.0,0.28123323031589165,0.27506852628168776,0.2799296156701538,0,0
"N=7,H=4",7400387,4,7,1.0,0.2985228672017603,0.29237503793362646,0.29649182114022554,0,0
"N=7,H=4",7400388,4,7,1.0,0.3002487716702804,0.28398742087401874,0.28764626654303566,0,0
"N=7,H=4",7400389,4,7,1.0,0.3001746886887889,0.28761960434923955,0.2919970073708247,0,0
"N=7,H=4",7400390,4,7,1.0,0.35776326188896074,0.3418185084251703,0.35045023788550034,0,0
"N=7,H=4",7400391,4,7,1.0,0.29162349599377013,0.27823542756901837,0.2819048543489471,0,0
"N=7,H=4",7400392,4,7,1.0,0.25518864189342927,0.24526628688974175,0.24638010880010122,0,0
"N=7,H=4",7400393,4,7,1.0,0.29755482223402396,0.28400710023777365,0.2845562250090767,0,0
"N=7,H=4",7400394,4,7,1.0,0.34891526294350006,0.3346633243598028,0.3351389757014816,0,0
"N=7,H=4",7400395,4,7,1.0,0.28975856034345376,0.2808726082259254,0.285418252153363,0,0
"N=7,H=4",7400396,4,7,1.0,0.35050748890875094,0.33369924235370946,0.336911700699416,0,0
"N=7,H=4",7400397,4,7,1.0,0.3396743595112403,0.32225067083781156,0.3266299741154507,0,0
"N=7,H=4",7400398,4,7,1.0,0.29054210011342313,0.2738186692397132,0.27893042488286063,0,0
"N=7,H=4",7400399,4,7,1.0,0.3177753755218448,0.30082171314616196,0.3069774496182462,0,0
"N=7,H=5",7500000,5,7,1.0,0.49073498772215235,0.4738792913874515,0.4794915537790987,0,0
"N=7,H=5",7500001,5,7,1.0,0.402495156601935,0.3823595388688796,0.38647914700153047,0,0
"N=7,H=5",7500002,5,7,1.0,0.3929523340099695,0.377737615262415,0.38250077510872765,0,0
"N=7,H=5",7500003,5,7,1.0,0.39080013262089136,0.37682312884174085,0.38150894398129176,0,0
"N=7,H=5",7500004,5,7,1.0,0.4109742091246503,0.3857914309793633,0.39242099423925153,0,0
"N=7,H=5",7500005,5,7,1.0,0.5385226920221452,0.5052910014018758,0.5082868265136551,0,0
"N=7,H=5",7500006,5,7,1.0,0.35318248698396526,0.33635515225169355,0.34333839845427266,0,0
"N=7,H=5",7500007,5,7,1.0,0.4060367369948516,0.38228938361568415,0.3961891357276142,0,0
"N=7,H=5",7500008,5,7,1.0,0.3530333012853368,0.3464149632105573,0.3507310988564083,0,0
"N=7,H=5",7500009,5,7,1.0,0.383542735497458,0.3692990206369024,0.37426905125501364,0,0
"N=7,H=5",7500010,5,7,1.0,0.3403510226895083,0.3286982946767807,0.33148494221420616,0,0
"N=7,H=5",7500011,5,7,1.0,0.30885324154540555,0.2977821951143696,0.3028816892570913,0,0
"N=7,H=5",7500012,5,7,1.0,0.3494228288498044,0.3272364516625661,0.33561820969387146,0,0
"N=7,H=5",7500013,5,7,1.0,0.40418509438158456,0.40104389354973463,0.40527729871782175,0,0
"N=7,H=5",7500014,5,7,1.0,0.536009384171713,0.5020491237538263,0.5191029941687445,0,0
"N=7,H=5",7500015,5,7,1.0,0.21601136731938922,0.21391865879757815,0.21519164126220258,0,0
"N=7,H=5",7500016,5,7,1.0,0.41977842617667477,0.40478375001388694,0.4102333018897234,0,0
"N=7,H=5",7500017,5,7,1.0,0.3721322859226205,0.366286615673156,0.36868867501350777,0,0
"N=7,H=5",7500018,5,7,1.0,0.33471310531570386,0.3274839900057111,0.3315131555519396,0,0
"N=7,H=5",7500019,5,7,1.0,0.4517269746660044,0.42323203102768664,0.43057710937273824,0,0
"N=7,H=5",7500020,5,7,1.0,0.4483694478743668,0.41985893803323926,0.43092859780463116,0,0
"N=7,H=5",7500021,5,7,1.0,0.5020606116796,0.4793235540657156,0.48496768782518507,0,0
"N=7,H=5",7500022,5,7,1.0,0.5068833057198026,0.48478869303852884,0.49913045105871173,0,0
"N=7,H=5",7500023,5,7,1.0,0.3965231962154265,0.37974490564812113,0.385561287601336,0,0
"N=7,H=5",7500024,5,7,1.0,0.37723459574580886,0.36683411783143705,0.3681961853595391,0,0
"N=7,H=5",7500025,5,7,1.0,0.30924238997839887,0.29856151006530807,0.30016477734000496,0,0
"N=7,H=5",7500026,5,7,1.0,0.28898952818602003,0.28076655835223646,0.28325769614913504,0,0
"N=7,H=5",7500027,5,7,1.0,0.3719244230309784,0.35426268073267697,0.360572786019771,0,0
"N=7,H=5",7500028,5,7,1.0,0.43486094577646056,0.4141741954787862,0.4180383040955502,0,0
"N=7,H=5",7500029,5,7,1.0,0.41195562212036296,0.38591529745023295,0.3876774286399489,0,0
"N=7,H=5",7500030,5,7,1.0,0.43629371282659335,0.41110758456893465,0.41517587539672646,0,0
"N=7,H=5",7500031,5,7,1.0,0.4366422070254102,0.4032782860821179,0.4157173161179092,0,0
"N=7,H=5",7500032,5,7,1.0,0.34756626335856666,0.3337801726296958,0.33777387455828234,0,0
"N=7,H=5",7500033,5,7,1.0,0.4034156915067614,0.38093011622404277,0.38978091001536175,0,0
"N=7,H=5",7500034,5,7,1.0,0.5604836222843885,0.514093394414085,0.5219267213855918,0,0
"N=7,H=5",7500035,5,7,1.0,0.5994715259309535,0.5595009693786727,0.5658153646274605,0,0
"N=7,H=5",7500036,5,7,1.0,0.35561225226076104,0.33874766740102025,0.34909369329699286,0,0
"N=7,H=5",7500037,5,7,1.0,0.2808689063791681,0.2785410256712071,0.2833259611722334,0,0
"N=7,H=5",7500038,5,7,1.0,0.4076264118903057,0.3864600612136979,0.3954118266084194,0,0
"N=7,H=5",7500039,5,7,1.0,0.3349721447975733,0.32126484739207406,0.3304680598833116,0,0
"N=7,H=5",7500040,5,7,1.0,0.3007745857448432,0.2942038669868563,0.2962590780105996,0,0
"N=7,H=5",7500041,5,7,1.0,0.4279509120459843,0.40711746610199856,0.41112195294551585,0,0
"N=7,H=5",7500042,5,7,1.0,0.3998842674224864,0.3781972122754849,0.38280546822965245,0,0
"N=7,H=5",7500043,5,7,1.0,0.38732053305677433,0.3699820771839003,0.3754501381358083,0,0
"N=7,H=5",7500044,5,7,1.0,0.3607766657650342,0.34709260792642416,0.3496901515790525,0,0
"N=7,H=5",7500045,5,7,1.0,0.3663153265748799,0.35401773232996353,0.3591901533234181,0,0
"N=7,H=5",7500046,5,7,1.0,0.3109728626514905,0.3006959565644738,0.3069674190905366,0,0
"N=7,H=5",7500047,5,7,1.0,0.45557519517551104,0.4290340890677717,0.4403167867377904,0,0
"N=7,H=5",7500048,5,7,1.0,0.2920003180435817,0.2855547165470645,0.28776335424155897,0,0
"N=7,H=5",7500049,5,7,1.0,0.36634902544774495,0.34680992095191326,0.35615246919915045,0,0
"N=7,H=5",7500050,5,7,1.0,0.43576795837191196,0.4136359513940176,0.4204089684531679,0,0
"N=7,H=5",7500051,5,7,1.0,0.5669539431988219,0.5338694210691352,0.5437612357082177,0,0
"N=7,H=5",7500052,5,7,1.0,0.2658764112618469,0.26019003253642603,0.2629693815147398,0,0
"N=7,H=5",7500053,5,7,1.0,0.3282785547422475,0.31454440778709003,0.3192241091823748,0,0
"N=7,H=5",7500054,5,7,1.0,0.34144218776371094,0.3205231669506407,0.3248924376512307,0,0
"N=7,H=5",7500055,5,7,1.0,0.2953238697417045,0.282388814717196,0.2916741387820798,0,0
"N=7,H=5",7500056,5,7,1.0,0.35297787344238324,0.3462144041317832,0.3520032149031561,0,0
"N=7,H=5",7500057,5,7,1.0,0.4554466373147903,0.43617847434777646,0.44182315800204236,0,0
"N=7,H=5",7500058,5,7,1.0,0.24785518589748018,0.2416943031851916,0.24462595532811385,0,0
"N=7,H=5",7500059,5,7,1.0,0.42033513557103275,0.4010881953405841,0.40609531768823154,0,0
"N=7,H=5",7500060,5,7,1.0,0.237247495476269,0.2348411641947887,0.23647322550636124,0,0
"N=7,H=5",7500061,5,7,1.0,0.42661000397130294,0.4009648764556632,0.4072516506996367,0,0
"N=7,H=5",7500062,5,7,1.0,0.3875492449563826,0.36308589227394406,0.37052237170529906,0,0
"N=7,H=5",7500063,5,7,1.0,0.3929565069385029,0.3794006086298131,0.38307004122091926,0,0
"N=7,H=5",7500064,5,7,1.0,0.467750308185516,0.43847993664892054,0.44731333338842966,0,0
"N=7,H=5",7500065,5,7,1.0,0.43500092312176636,0.40928094676303556,0.415063695026999,0,0
"N=7,H=5",7500066,5,7,1.0,0.4006014388736415,0.38978277454334476,0.39429247785488514,0,0
"N=7,H=5",7500067,5,7,1.0,0.4190903274077771,0.40576727597050816,0.40941292551664005,0,0
"N=7,H=5",7500068,5,7,1.0,0.36484851564145787,0.34774145066522155,0.35252518742076433,0,0
"N=7,H=5",7500069,5,7,1.0,0.3293839305197277,0.3147906821770889,0.3211838916630677,0,0
"N=7,H=5",7500070,5,7,1.0,0.5127416075646766,0.47843670643751984,0.48904110491425473,0,0
"N=7,H=5",7500071,5,7,1.0,0.3894062244365796,0.37187755651747384,0.37865990770300567,0,0
"N=7,H=5",7500072,5,7,1.0,0.35503861819522087,0.33513498832394023,0.33831686690263213,0,0
"N=7,H=5",7500073,5,7,1.0,0.5873986181339621,0.5436837304774617,0.5577745426842946,0,0
"N=7,H=5",7500074,5,7,1.0,0.3958042549746339,0.3830548976419034,0.3881623857805718,0,0
"N=7,H=5",7500075,5,7,1.0,0.4310770230015249,0.4153520265687524,0.42005947342277533,0,0
"N=7,H=5",7500076,5,7,1.0,0.34590771138122056,0.3419348188990314,0.34482415923638693,0,0
"N=7,H=5",7500077,5,7,1.0,0.42647337407810604,0.4111631478364091,0.4187555008873013,0,0
"N=7,H=5",7500078,5,7,1.0,0.43288361157401595,0.41551233435795093,0.4193169555936862,0,0
"N=7,H=5",7500079,5,7,1.0,0.4329855148261523,0.4083634655099755,0.41980810204771624,0,0
"N=7,H=5",7500080,5,7,1.0,0.24792760767808925,0.24192920222741796,0.2463170882961296,0,0
"N=7,H=5",7500081,5,7,1.0,0.3496199134730203,0.3269475145598387,0.33620889358621586,0,0
"N=7,H=5",7500082,5,7,1.0,0.4828690724297771,0.4596918550652534,0.46484424375198335,0,0
"N=7,H=5",7500083,5,7,1.0,0.30501676002568695,0.292947698903704,0.29923620106396265,0,0
"N=7,H=5",7500084,5,7,1.0,0.35547315321561795,0.34612087469263497,0.3501302713496035,0,0
"N=7,H=5",7500085,5,7,1.0,0.33419097651389673,0.3255444260520059,0.32775006984746236,0,0
"N=7,H=5",7500086,5,7,1.0,0.3565554476551249,0.33866123185325997,0.34282008291433397,0,0
"N=7,H=5",7500087,5,7,1.0,0.526318210337395,0.5090798354204545,0.5116416520775012,0,0
"N=7,H=5",7500088,5,7,1.0,0.3889962104182482,0.3772453516293693,0.382473499534543,0,0
"N=7,H=5",7500089,5,7,1.0,0.3848747322678481,0.3688412351315234,0.37134597117039975,0,0
"N=7,H=5",7500090,5,7,1.0,0.36152028590619106,0.349098705588016,0.35221839785456904,0,0
"N=7,H=5",7500091,5,7,1.0,0.3126822878084377,0.3033536320826907,0.3080313079535372,0,0
"N=7,H=5",7500092,5,7,1.0,0.5463946447995073,0.5278115206219023,0.5321322145410684,0,0
"N=7,H=5",7500093,5,7,1.0,0.3757303858084397,0.3648671506270442,0.3682349954849816,0,0
"N=7,H=5",7500094,5,7,1.0,0.4682572200297132,0.4442203937546444,0.45132613599431565,0,0
"N=7,H=5",7500095,5,7,1.0,0.43144612668677795,0.4190182681118037,0.4230783553056459,0,0
"N=7,H=5",7500096,5,7,1.0,0.4654957692337625,0.4484018846651443,0.452440325300302,0,0
"N=7,H=5",7500097,5,7,1.0,0.3203100652693764,0.3096455834489579,0.3147727902864831,0,0
"N=7,H=5",7500098,5,7,1.0,0.2776917846137521,0.26843671431498123,0.273008832963011,0,0
"N=7,H=5",7500099,5,7,1.0,0.29833414971767275,0.2942389892305591,0.2996527871904525,0,0
"N=7,H=5",7500100,5,7,1.0,0.33442437053804275,0.32951735199121335,0.33231941307535473,0,0
"N=7,H=5",7500101,5,7,1.0,0.29413187046518086,0.28856331723636985,0.29228368498486457,0,0
"N=7,H=5",7500102,5,7,1.0,0.5697553621354562,0.5266040234672531,0.5329531091230528,0,0
"N=7,H=5",7500103,5,7,1.0,0.4940934402223551,0.4712972610009337,0.47704024001547446,0,0
"N=7,H=5",7500104,5,7,1.0,0.4728859292285162,0.4464515350467673,0.45033166935623636,0,0
"N=7,H=5",7500105,5,7,1.0,0.2988100134278292,0.28410019532877906,0.288357651785316,0,0
"N=7,H=5",7500106,5,7,1.0,0.37504700745228015,0.363788127931549,0.3663351116497745,0,0
"N=7,H=5",7500107,5,7,1.0,0.39752686940916737,0.3807119711143891,0.3876942580174684,0,0
"N=7,H=5",7500108,5,7,1.0,0.4082515306725603,0.3922730493806942,0.3970532963794987,0,0
"N=7,H=5",7500109,5,7,1.0,0.3355773990866044,0.31771357612149664,0.32365023659136083,0,0
"N=7,H=5",7500110,5,7,1.0,0.41371463731504254,0.38933797379082996,0.399139470440137,0,0
"N=7,H=5",7500111,5,7,1.0,0.3109550111406933,0.3011653403099895,0.30768226452267244,0,0
"N=7,H=5",7500112,5,7,1.0,0.4282264593046059,0.4063430050137937,0.41401255121170477,0,0
"N=7,H=5",7500113,5,7,1.0,0.5695426484831368,0.5361480754696885,0.5462195590520049,0,0
"N=7,H=5",7500114,5,7,1.0,0.3430311925011733,0.34212205916628696,0.3441251124451965,0,0
"N=7,H=5",7500115,5,7,1.0,0.34287935942727904,0.32687151143605014,0.3294523785842235,0,0
"N=7,H=5",7500116,5,7,1.0,0.3168242180045739,0.30538851477313494,0.3074645344977129,0,0
"N=7,H=5",7500117,5,7,1.0,0.3950024839394199,0.37963934661059484,0.3826533537629325,0,0
"N=7,H=5",7500118,5,7,1.0,0.3661545189787632,0.3531371352789227,0.3597964384525503,0,0
"N=7,H=5",7500119,5,7,1.0,0.4007042395297046,0.3844950029152041,0.39040628874834066,0,0
"N=7,H=5",7500120,5,7,1.0,0.3534729170380786,0.342709609699417,0.34727789808369924,0,0
"N=7,H=5",7500121,5,7,1.0,0.40316340128507405,0.3919791805906097,0.39471017030631594,0,0
"N=7,H=5",7500122,5,7,1.0,0.42207751603401844,0.4147004168240934,0.41952642135533014,0,0
"N=7,H=5",7500123,5,7,1.0,0.3212603820773232,0.3123557255415687,0.31453721411499863,0,0
"N=7,H=5",7500124,5,7,1.0,0.46490364076332386,0.4423650393862075,0.44844825502164676,0,0
"N=7,H=5",7500125,5,7,1.0,0.35600346666258936,0.34182941074881223,0.34432861128788855,0,0
"N=7,H=5",7500126,5,7,1.0,0.35170183688397477,0.3432513181089447,0.3482943690022362,0,0
"N=7,H=5",7500127,5,7,1.0,0.45925235425927124,0.437848411040292,0.44592051895865115,0,0
"N=7,H=5",7500128,5,7,1.0,0.3860071677783964,0.3755897469012181,0.3790566635560163,0,0
"N=7,H=5",7500129,5,7,1.0,0.28340167918541476,0.28028378889768224,0.2850083599732318,0,0
"N=7,H=5",7500130,5,7,1.0,0.3421159075393353,0.33007084414624355,0.3340258085986057,0,0
"N=7,H=5",7500131,5,7,1.0,0.3879866426348164,0.3694415953997915,0.37794216258153257,0,0
"N=7,H=5",7500132,5,7,1.0,0.3745318031595385,0.36221151414260777,0.3661279320559393,0,0
"N=7,H=5",7500133,5,7,1.0,0.5679506404573679,0.5350931063141673,0.541435888905489,0,0
"N=7,H=5",7500134,5,7,1.0,0.43428334522339074,0.414568777038019,0.42062709767392,0,0
"N=7,H=5",7500135,5,7,1.0,0.42563051730106277,0.4085281563870848,0.41560494066437037,0,0
"N=7,H=5",7500136,5,7,1.0,0.39354195320903723,0.3749048697599805,0.3805357251537825,0,0
"N=7,H=5",7500137,5,7,1.0,0.3874988604960648,0.3764732676717342,0.381743095854194,0,0
"N=7,H=5",7500138,5,7,1.0,0.4427573485854453,0.40845895603129734,0.42274105229334014,0,0
"N=7,H=5",7500139,5,7,1.0,0.39724309302360405,0.3784026029113915,0.3863095242803995,0,0
"N=7,H=5",7500140,5,7,1.0,0.454407725137843,0.43169104773980127,0.4411033887909882,0,0
"N=7,H=5",7500141,5,7,1.0,0.40783334557581724,0.40005664911127703,0.4035580312015154,0,0
"N=7,H=5",7500142,5,7,1.0,0.3170914431891496,0.3019960340688329,0.30766939969836754,0,0
"N=7,H=5",7500143,5,7,1.0,0.3432371130516412,0.3283952993544055,0.3314302525898036,0,0
"N=7,H=5",7500144,5,7,1.0,0.36334662062473266,0.3516719116382489,0.3560832213499071,0,0
"N=7,H=5",7500145,5,7,1.0,0.4481777678443259,0.4262558312824256,0.4326266587475182,0,0
"N=7,H=5",7500146,5,7,1.0,0.36654652085371403,0.34723137612240595,0.3535174651727283,0,0
"N=7,H=5",7500147,5,7,1.0,0.2760446550756737,0.2651447048838141,0.2681160024731808,0,0
"N=7,H=5",7500148,5,7,1.0,0.4101030306261549,0.3917809518246142,0.3952951336339992,0,0
"N=7,H=5",7500149,5,7,1.0,0.3976510537284498,0.39184229808817633,0.3948125499036557,0,0
"N=7,H=5",7500150,5,7,1.0,0.257859487801385,0.2543452510665981,0.25491468613307205,0,0
"N=7,H=5",7500151,5,7,1.0,0.45864163956181897,0.4388187310286325,0.4442307312258475,0,0
"N=7,H=5",7500152,5,7,1.0,0.39071943835429135,0.36438928430979217,0.3714772588947524,0,0
"N=7,H=5",7500153,5,7,1.0,0.5146183068837542,0.47411215992509465,0.48643141925235756,0,0
"N=7,H=5",7500154,5,7,1.0,0.47450906092495737,0.4583021111510735,0.4652490587395915,0,0
"N=7,H=5",7500155,5,7,1.0,0.37829319014540896,0.358692104353557,0.3634864635725527,0,0
"N=7,H=5",7500156,5,7,1.0,0.37897116629702093,0.35186686144437473,0.361375381073294,0,0
"N=7,H=5",7500157,5,7,1.0,0.45737033121116305,0.43306554851556217,0.4382323994462464,0,0
"N=7,H=5",7500158,5,7,1.0,0.439427409446469,0.4171581238953154,0.4214288757879967,0,0
"N=7,H=5",7500159,5,7,1.0,0.4309675721407458,0.4087637846158891,0.41543398184799046,0,0
"N=7,H=5",7500160,5,7,1.0,0.35507133849127637,0.34279618280495416,0.3454548473011048,0,0
"N=7,H=5",7500161,5,7,1.0,0.32872509373556885,0.31559673882694955,0.323961363328525,0,0
"N=7,H=5",7500162,5,7,1.0,0.4891491116415922,0.4628134301910674,0.468856963896255,0,0
"N=7,H=5",7500163,5,7,1.0,0.4609169032740669,0.43657867782900506,0.43991581713975547,0,0
"N=7,H=5",7500164,5,7,1.0,0.3555399544296444,0.34063962538876874,0.3440212960775327,0,0
"N=7,H=5",7500165,5,7,1.0,0.39595436559393676,0.3833149476256722,0.38550459540233384,0,0
"N=7,H=5",7500166,5,7,1.0,0.38804469934902147,0.36818665953821195,0.37591443721280315,0,0
"N=7,H=5",7500167,5,7,1.0,0.47522251364453283,0.4454861456552222,0.4538927891179864,0,0
"N=7,H=5",7500168,5,7,1.0,0.4591082280493776,0.42865961127668645,0.43696807179573016,0,0
"N=7,H=5",7500169,5,7,1.0,0.2740785715202532,0.26594030559312015,0.27056709241847554,0,0
"N=7,H=5",7500170,5,7,1.0,0.35746410854998545,0.33784789339069266,0.34390914468229117,0,0
"N=7,H=5",7500171,5,7,1.0,0.353749238577906,0.34651009322423565,0.34950285061866837,0,0
"N=7,H=5",7500172,5,7,1.0,0.37201366304108247,0.3568496609774758,0.3590402762061859,0,0
"N=7,H=5",7500173,5,7,1.0,0.505284987798617,0.4866827178705022,0.4947134155637601,0,0
"N=7,H=5",7500174,5,7,1.0,0.5674583840166968,0.5353912300417332,0.5461969350012542,0,0
"N=7,H=5",7500175,5,7,1.0,0.46967683259830467,0.4501477116166439,0.4565895381728012,0,0
"N=7,H=5",7500176,5,7,1.0,0.29390335848363336,0.2888843912935348,0.2908183497713429,0,0
"N=7,H=5",7500177,5,7,1.0,0.2461748040502899,0.23668191439875103,0.2414093817666407,0,0
"N=7,H=5",7500178,5,7,1.0,0.5126447312765412,0.4842785414928625,0.4878485955146117,0,0
"N=7,H=5",7500179,5,7,1.0,0.48244072779788666,0.4579578813479158,0.4656023178494747,0,0
"N=7,H=5",7500180,5,7,1.0,0.24731862288403414,0.239491373308096,0.24250456837013168,0,0
"N=7,H=5",7500181,5,7,1.0,0.43658485094614297,0.42301476537356236,0.42923247519433916,0,0
"N=7,H=5",7500182,5,7,1.0,0.2785128303428743,0.27122753446552544,0.2732718697282319,0,0
"N=7,H=5",7500183,5,7,1.0,0.4584518546893119,0.4340676699194887,0.4435830270179115,0,0
"N=7,H=5",7500184,5,7,1.0,0.3244603962763301,0.31252690960203605,0.3158510291371319,0,0
"N=7,H=5",7500185,5,7,1.0,0.32612458570569164,0.31614537645499796,0.3205701996129418,0,0
"N=7,H=5",7500186,5,7,1.0,0.46954621457496626,0.4397528882487893,0.4516589445106454,0,0
"N=7,H=5",7500187,5,7,1.0,0.3523653337624248,0.33616156860091695,0.3473134832708672,0,0
"N=7,H=5",7500188,5,7,1.0,0.25033123638203414,0.24422001291574172,0.24783208916397095,0,0
"N=7,H=5",7500189,5,7,1.0,0.4167407038387997,0.3980549831037148,0.4010536180243694,0,0
"N=7,H=5",7500190,5,7,1.0,0.441546530464545,0.4194958678964257,0.42462463136904216,0,0
"N=7,H=5",7500191,5,7,1.0,0.5409896247358836,0.5033469089492819,0.5162382614512112,0,0
"N=7,H=5",7500192,5,7,1.0,0.38980962405522895,0.3743396681525976,0.38204494954992957,0,0
"N=7,H=5",7500193,5,7,1.0,0.5339917843519725,0.5108592672182897,0.5169307144090137,0,0
"N=7,H=5",7500194,5,7,1.0,0.38067645919151183,0.36042530435844794,0.36424010981844424,0,0
"N=7,H=5",7500195,5,7,1.0,0.3895112660172378,0.37491308999372525,0.3788983832543333,0,0
"N=7,H=5",7500196,5,7,1.0,0.38642499989157364,0.370472662064021,0.3765406936283998,0,0
"N=7,H=5",7500197,5,7,1.0,0.5700327982083891,0.5334419501811709,0.5422162097755777,0,0
"N=7,H=5",7500198,5,7,1.0,0.2773968640773204,0.2691283602174015,0.27178406874316124,0,0
"N=7,H=5",7500199,5,7,1.0,0.33112355006925154,0.3209596679631243,0.3241459029086423,0,0
"N=7,H=5",7500200,5,7,1.0,0.47117610292519296,0.45155359364176334,0.4547109198738663,0,0
"N=7,H=5",7500201,5,7,1.0,0.38303493205173944,0.37124590959265413,0.37809698623133126,0,0
"N=7,H=5",7500202,5,7,1.0,0.4800665501775486,0.4595012842798107,0.4636468374683191,0,0
"N=7,H=5",7500203,5,7,1.0,0.3226688930996179,0.3022451929224686,0.31010969084382833,0,0
"N=7,H=5",7500204,5,7,1.0,0.25180739336419455,0.24422424191877248,0.24727908071745433,0,0
"N=7,H=5",7500205,5,7,1.0,0.33594892425995687,0.32625768525439125,0.33111824022639785,0,0
"N=7,H=5",7500206,5,7,1.0,0.37139453823229607,0.3577316091804088,0.366968557227461,0,0
"N=7,H=5",7500207,5,7,1.0,0.3570276488669712,0.34213305276997974,0.3494503173265125,0,0
"N=7,H=5",7500208,5,7,1.0,0.35364606193325787,0.34379862967187885,0.34642272720792483,0,0
"N=7,H=5",7500209,5,7,1.0,0.47076141266478866,0.45481458308586004,0.4609956014014203,0,0
"N=7,H=5",7500210,5,7,1.0,0.2702306191084536,0.25834541670229927,0.2616311917006464,0,0
"N=7,H=5",7500211,5,7,1.0,0.3916511575379681,0.37832499184578994,0.38649463104751414,0,0
"N=7,H=5",7500212,5,7,1.0,0.48688898888013976,0.4580250340012133,0.4606456405658795,0,0
"N=7,H=5",7500213,5,7,1.0,0.4670809248738598,0.4496852677769183,0.4543669412357169,0,0
"N=7,H=5",7500214,5,7,1.0,0.365089899154619,0.3452033947177359,0.3520022174035512,0,0
"N=7,H=5",7500215,5,7,1.0,0.30803015089667934,0.299288792939711,0.30286455538146284,0,0
"N=7,H=5",7500216,5,7,1.0,0.4851577664863062,0.46579470989857324,0.47394278447138194,0,0
"N=7,H=5",7500217,5,7,1.0,0.3763915028903088,0.359982024990786,0.3697455689749979,0,0
"N=7,H=5",7500218,5,7,1.0,0.3047321957792187,0.2935818594554929,0.29628191771658424,0,0
"N=7,H=5",7500219,5,7,1.0,0.43420505043062396,0.42271996184248334,0.42652416542407895,0,0
"N=7,H=5",7500220,5,7,1.0,0.36269135374916917,0.3505061896770473,0.35637524083167454,0,0
"N=7,H=5",7500221,5,7,1.0,0.4276820795169638,0.4003946665763373,0.41356709040599166,0,0
"N=7,H=5",7500222,5,7,1.0,0.49718674883736824,0.4768933472474897,0.48139333684836466,0,0
"N=7,H=5",7500223,5,7,1.0,0.45203595804053603,0.42693990236567597,0.43639628912541895,0,0
"N=7,H=5",7500224,5,7,1.0,0.2915780849498198,0.2901434245906012,0.29112942368645883,0,0
"N=7,H=5",7500225,5,7,1.0,0.498037255885068,0.46331475826810725,0.4729219721470666,0,0
"N=7,H=5",7500226,5,7,1.0,0.5421005418773301,0.5105796057222567,0.5245520717041979,0,0
"N=7,H=5",7500227,5,7,1.0,0.5038949083797327,0.47118382206820125,0.4793413897247084,0,0
"N=7,H=5",7500228,5,7,1.0,0.3731315590344662,0.3615529659594417,0.3654222986049651,0,0
"N=7,H=5",7500229,5,7,1.0,0.2906491956621538,0.28230928812339345,0.2848326656381291,0,0
"N=7,H=5",7500230,5,7,1.0,0.45381779480569867,0.42775813665340456,0.44080099181180393,0,0
"N=7,H=5",7500231,5,7,1.0,0.42482445414963727,0.4135052305611496,0.41784689828174254,0,0
"N=7,H=5",7500232,5,7,1.0,0.44862356639996565,0.4181147034563268,0.43121031768218615,0,0
"N=7,H=5",7500233,5,7,1.0,0.41334915445686315,0.3974092714812393,0.4045850083615096,0,0
"N=7,H=5",7500234,5,7,1.0,0.3880490346010344,0.37055621106924036,0.3779412370265252,0,0
"N=7,H=5",7500235,5,7,1.0,0.5532645840577554,0.5196495875043398,0.5283928342192341,0,0
"N=7,H=5",7500236,5,7,1.0,0.4066272878235677,0.3881279246999464,0.3938583587407876,0,0
"N=7,H=5",7500237,5,7,1.0,0.4558692262804517,0.4318414721026181,0.44078612645088955,0,0
"N=7,H=5",7500238,5,7,1.0,0.409176809572284,0.38711922527886805,0.39534712638997327,0,0
"N=7,H=5",7500239,5,7,1.0,0.22721296568253227,0.21953382348491293,0.22195650400516168,0,0
"N=7,H=5",7500240,5,7,1.0,0.40484996750479335,0.3886525799688526,0.39258194913592437,0,0
"N=7,H=5",7500241,5,7,1.0,0.49403060197501786,0.465861559834614,0.47608315681370594,0,0
"N=7,H=5",7500242,5,7,1.0,0.33647546946620926,0.32177216433214473,0.3241540671570695,0,0
"N=7,H=5",7500243,5,7,1.0,0.3598080263497331,0.34812313528500594,0.35368785033799316,0,0
"N=7,H=5",7500244,5,7,1.0,0.40618278684449155,0.3790471490106573,0.3891382514738375,0,0
"N=7,H=5",7500245,5,7,1.0,0.3773972742416939,0.3635821965624109,0.3681800015747935,0,0
"N=7,H=5",7500246,5,7,1.0,0.37448821607154625,0.35991477600105504,0.3682427995992251,0,0
"N=7,H=5",7500247,5,7,1.0,0.46599859718070025,0.4347097096037714,0.439070629840115,0,0
"N=7,H=5",7500248,5,7,1.0,0.37287695652081,0.35267692535346307,0.35759104927873986,0,0
"N=7,H=5",7500249,5,7,1.0,0.4318883856969131,0.41488734843642955,0.42353034981207355,0,0
"N=7,H=5",7500250,5,7,1.0,0.3528882857561061,0.3366979456813903,0.34227289028939933,0,0
"N=7,H=5",7500251,5,7,1.0,0.3831632570270778,0.36357218274937037,0.3700620361388716,0,0
"N=7,H=5",7500252,5,7,1.0,0.33729133163501096,0.3264306529445545,0.33424056239674016,0,0
"N=7,H=5",7500253,5,7,1.0,0.32229288100501075,0.3090268124806793,0.3129960720762197,0,0
"N=7,H=5",7500254,5,7,1.0,0.3833349494550569,0.37490180128559547,0.37859553746388863,0,0
"N=7,H=5",7500255,5,7,1.0,0.3525546353878038,0.3409461695093156,0.34881538227119535,0,0
"N=7,H=5",7500256,5,7,1.0,0.43301961030510544,0.41359727508772914,0.4180100634672041,0,0
"N=7,H=5",7500257,5,7,1.0,0.3870422616279596,0.36948030001140303,0.3764535867488551,0,0
"N=7,H=5",7500258,5,7,1.0,0.24088254933064987,0.23686787153589672,0.2383593904459952,0,0
"N=7,H=5",7500259,5,7,1.0,0.3654819966230278,0.35041204690088573,0.3534444597684163,0,0
"N=7,H=5",7500260,5,7,1.0,0.41656811882100164,0.4040473734570165,0.40739085996978996,0,0
"N=7,H=5",7500261,5,7,1.0,0.36552571300995157,0.34790228534310147,0.3534609826143554,0,0
"N=7,H=5",7500262,5,7,1.0,0.5104836840899655,0.48500255320079094,0.4920524214078159,0,0
"N=7,H=5",7500263,5,7,1.0,0.3909678870535841,0.3751239155664666,0.38022930556355555,0,0
"N=7,H=5",7500264,5,7,1.0,0.41982254876813674,0.4067774320072158,0.4117523351549987,0,0
"N=7,H=5",7500265,5,7,1.0,0.4263408660689444,0.4107481366350616,0.4138515477833322,0,0
"N=7,H=5",7500266,5,7,1.0,0.3300659339753578,0.3203169510559158,0.3247792530279716,0,0
"N=7,H=5",7500267,5,7,1.0,0.303066738898223,0.29602471242773903,0.29859701100253866,0,0
"N=7,H=5",7500268,5,7,1.0,0.430390844598944,0.40789296134156683,0.41893859911188575,0,0
"N=7,H=5",7500269,5,7,1.0,0.43876965116921074,0.41761279010549934,0.4278977477565692,0,0
"N=7,H=5",7500270,5,7,1.0,0.3529211388613464,0.34614793239444286,0.34823946658792965,0,0
"N=7,H=5",7500271,5,7,1.0,0.4611579585353081,0.4355863656450905,0.45145728341852964,0,0
"N=7,H=5",7500272,5,7,1.0,0.4396917402776697,0.42124240256768936,0.42642610565165234,0,0
"N=7,H=5",7500273,5,7,1.0,0.2724077941301228,0.2658572397821434,0.2680325398394538,0,0
"N=7,H=5",7500274,5,7,1.0,0.30842210000891557,0.2987935294819126,0.3011378242780031,0,0
"N=7,H=5",7500275,5,7,1.0,0.4023713840751604,0.3875478239702162,0.39379092911938485,0,0
"N=7,H=5",7500276,5,7,1.0,0.45037237264200675,0.4327396446369021,0.4385776606166721,0,0
"N=7,H=5",7500277,5,7,1.0,0.3129454959150679,0.29529906323274313,0.2995154445118684,0,0
"N=7,H=5",7500278,5,7,1.0,0.3481194501881399,0.3426541018232041,0.34561158795866825,0,0
"N=7,H=5",7500279,5,7,1.0,0.18294051247362964,0.18219037370907,0.18418572289573173,0,0
"N=7,H=5",7500280,5,7,1.0,0.4109719627986335,0.39167431674571596,0.4010319265954475,0,0
"N=7,H=5",7500281,5,7,1.0,0.3375714930026444,0.3300392352064249,0.3334314620485801,0,0
"N=7,H=5",7500282,5,7,1.0,0.3768904960964983,0.36191868393551563,0.36969739668288426,0,0
"N=7,H=5",7500283,5,7,1.0,0.272281452774902,0.26408224172997097,0.26880615766688026,0,0
"N=7,H=5",7500284,5,7,1.0,0.4011628783547049,0.38340526603796654,0.3862763011639193,0,0
"N=7,H=5",7500285,5,7,1.0,0.43901325892257453,0.4155824993860189,0.423590810918797,0,0
"N=7,H=5",7500286,5,7,1.0,0.3734714707292878,0.35611082081006956,0.35927987064316974,0,0
"N=7,H=5",7500287,5,7,1.0,0.3917549817758411,0.3701718933483572,0.37711619605389923,0,0
"N=7,H=5",7500288,5,7,1.0,0.2872573679609764,0.27845623850331375,0.2849474080466445,0,0
"N=7,H=5",7500289,5,7,1.0,0.5352276661753185,0.50662108675884,0.5175100996139524,0,0
"N=7,H=5",7500290,5,7,1.0,0.5327937251905572,0.507432061546226,0.5150924227504499,0,0
"N=7,H=5",7500291,5,7,1.0,0.4749945238492713,0.45125049217625257,0.4577817653531725,0,0
"N=7,H=5",7500292,5,7,1.0,0.4614723901999659,0.4480353308293662,0.45297171236097467,0,0
"N=7,H=5",7500293,5,7,1.0,0.36228337020035756,0.3598249110905042,0.3609780729906341,0,0
"N=7,H=5",7500294,5,7,1.0,0.3523420683209043,0.3381626832205982,0.3397887207942735,0,0
"N=7,H=5",7500295,5,7,1.0,0.4248771579279019,0.39843046774943036,0.4046033216407016,0,0
"N=7,H=5",7500296,5,7,1.0,0.3943064511120371,0.38442325137969113,0.38807809149272987,0,0
"N=7,H=5",7500297,5,7,1.0,0.4039579028499687,0.3886708622958191,0.3931732014972819,0,0
"N=7,H=5",7500298,5,7,1.0,0.5695922799354892,0.546264015810988,0.5550711680389122,0,0
"N=7,H=5",7500299,5,7,1.0,0.3327593593109694,0.31820282824811413,0.32384961163598724,0,0
"N=7,H=5",7500300,5,7,1.0,0.46365047667746256,0.43619286793612866,0.4432005648382098,0,0
"N=7,H=5",7500301,5,7,1.0,0.30435433058458633,0.29731104296769706,0.3046218879918708,0,0
"N=7,H=5",7500302,5,7,1.0,0.49428083627230673,0.46390564630696557,0.47595191994995556,0,0
"N=7,H=5",7500303,5,7,1.0,0.28312307780691665,0.2743828097674552,0.28260627808559535,0,0
"N=7,H=5",7500304,5,7,1.0,0.3374024650721869,0.32959406949752046,0.3326242340815718,0,0
"N=7,H=5",7500305,5,7,1.0,0.28134749288252975,0.2773388255277106,0.2853731682821142,0,0
"N=7,H=5",7500306,5,7,1.0,0.45424725616448774,0.4327502368016591,0.4383435176769181,0,0
"N=7,H=5",7500307,5,7,1.0,0.381452770659377,0.3693964246177847,0.3744946214373086,0,0
"N=7,H=5",7500308,5,7,1.0,0.4476277307210738,0.42516849549817226,0.4296912304646499,0,0
"N=7,H=5",7500309,5,7,1.0,0.4883696735846659,0.4696342661822542,0.47484604166344974,0,0
"N=7,H=5",7500310,5,7,1.0,0.39638527124199996,0.38261615486072503,0.38504341097731665,0,0
"N=7,H=5",7500311,5,7,1.0,0.3256320028020849,0.31670979227017254,0.320746781348673,0,0
"N=7,H=5",7500312,5,7,1.0,0.41136460339718445,0.4024827442470721,0.4057515006340054,0,0
"N=7,H=5",7500313,5,7,1.0,0.4186922597339958,0.39213541224271253,0.4018933750337458,0,0
"N=7,H=5",7500314,5,7,1.0,0.39898793543138444,0.38047443115477075,0.3884194947805158,0,0
"N=7,H=5",7500315,5,7,1.0,0.3871320699975585,0.3725897253668364,0.3774730852937291,0,0
"N=7,H=5",7500316,5,7,1.0,0.40696638919589584,0.3854035018393938,0.39034701065910465,0,0
"N=7,H=5",7500317,5,7,1.0,0.4246811341294862,0.41008068472138526,0.41568088436017897,0,0
"N=7,H=5",7500318,5,7,1.0,0.2536271856916164,0.24509925888246245,0.24810779313675416,0,0
"N=7,H=5",7500319,5,7,1.0,0.37618904274686266,0.36652996703956786,0.3698741313844887,0,0
"N=7,H=5",7500320,5,7,1.0,0.4869868566416251,0.46519307843893376,0.4684187795083132,0,0
"N=7,H=5",7500321,5,7,1.0,0.4184149729715839,0.4064162475315449,0.4131443886430906,0,0
"N=7,H=5",7500322,5,7,1.0,0.49770677117237394,0.471225926040904,0.4792920655856424,0,0
"N=7,H=5",7500323,5,7,1.0,0.32546978250154296,0.31121438579954525,0.3155695479910563,0,0
"N=7,H=5",7500324,5,7,1.0,0.4340982456569898,0.4085517568468261,0.4153136766886744,0,0
"N=7,H=5",7500325,5,7,1.0,0.3730648211482173,0.3603748531066612,0.3636263373819016,0,0
"N=7,H=5",7500326,5,7,1.0,0.36148815059732964,0.3505432928946977,0.35347393275619693,0,0
"N=7,H=5",7500327,5,7,1.0,0.4878188668972694,0.4679490309088177,0.4748809866310522,0,0
"N=7,H=5",7500328,5,7,1.0,0.3013937497262729,0.2983639754023543,0.29986448464332754,0,0
"N=7,H=5",7500329,5,7,1.0,0.2832897025837058,0.27482088986065967,0.27959216856840313,0,0
"N=7,H=5",7500330,5,7,1.0,0.4083834355669277,0.38715266538923493,0.39396304871287935,0,0
"N=7,H=5",7500331,5,7,1.0,0.3635502185593977,0.34833105650494955,0.35450851071537515,0,0
"N=7,H=5",7500332,5,7,1.0,0.40952949083110063,0.39868822981881996,0.4032192759518692,0,0
"N=7,H=5",7500333,5,7,1.0,0.42849541842394895,0.4106272336693038,0.4138353346748071,0,0
"N=7,H=5",7500334,5,7,1.0,0.46486125532107836,0.4476122149727891,0.4514037103224681,0,0
"N=7,H=5",7500335,5,7,1.0,0.43366655465262965,0.41617925353390467,0.42053003647603887,0,0
"N=7,H=5",7500336,5,7,1.0,0.5057759784431196,0.48592748629947513,0.491239731616095,0,0
"N=7,H=5",7500337,5,7,1.0,0.3191079371669336,0.3181124635735998,0.31996598244289515,0,0
"N=7,H=5",7500338,5,7,1.0,0.3280461732671284,0.3183932371070252,0.3242936972770615,0,0
"N=7,H=5",7500339,5,7,1.0,0.4258913191122524,0.4066432398368579,0.41242234562887853,0,0
"N=7,H=5",7500340,5,7,1.0,0.39277388451635525,0.37404279142771657,0.3813213179371237,0,0
"N=7,H=5",7500341,5,7,1.0,0.3666006671357335,0.3502268691005124,0.35389116025871686,0,0
"N=7,H=5",7500342,5,7,1.0,0.47462551025377175,0.4661853214659476,0.4692689984216484,0,0
"N=7,H=5",7500343,5,7,1.0,0.30888385062762486,0.2944823266110927,0.2995857153612839,0,0
"N=7,H=5",7500344,5,7,1.0,0.3516156819331026,0.33988004520959686,0.34484539206086245,0,0
"N=7,H=5",7500345,5,7,1.0,0.46922811961960437,0.4494213222300364,0.4589629304288876,0,0
"N=7,H=5",7500346,5,7,1.0,0.2865298480467398,0.27515304909986077,0.2771821801792194,0,0
"N=7,H=5",7500347,5,7,1.0,0.2856231173846458,0.27567019629077666,0.28010040719133866,0,0
"N=7,H=5",7500348,5,7,1.0,0.4600366160778395,0.4430773576758561,0.444748163400557,0,0
"N=7,H=5",7500349,5,7,1.0,0.5405047780379226,0.5149928633314003,0.5195105877320176,0,0
"N=7,H=5",7500350,5,7,1.0,0.3610067230093112,0.3497669465712188,0.3552114824758433,0,0
"N=7,H=5",7500351,5,7,1.0,0.43659986480907625,0.4116629001327385,0.41658682136795055,0,0
"N=7,H=5",7500352,5,7,1.0,0.3318184941940756,0.3271280959785247,0.3296949994041886,0,0
"N=7,H=5",7500353,5,7,1.0,0.34298804654457304,0.33053408786468524,0.3330731458274787,0,0
"N=7,H=5",7500354,5,7,1.0,0.35918728498481217,0.3446737144105179,0.3520369627054071,0,0
"N=7,H=5",7500355,5,7,1.0,0.4547760531500536,0.4371183711300163,0.4424302084952701,0,0
"N=7,H=5",7500356,5,7,1.0,0.3667217429565148,0.3507231630546501,0.35758625767387436,0,0
"N=7,H=5",7500357,5,7,1.0,0.42002858911347435,0.40389166953783656,0.4064584531091778,0,0
"N=7,H=5",7500358,5,7,1.0,0.33294791224649334,0.32766947385436673,0.32980416396114404,0,0
"N=7,H=5",7500359,5,7,1.0,0.45309616093982424,0.4295671430782711,0.43819382582991023,0,0
"N=7,H=5",7500360,5,7,1.0,0.41606251325656846,0.40799682268822307,0.41325043870010447,0,0
"N=7,H=5",7500361,5,7,1.0,0.42485649684633536,0.4081570322478281,0.41008208992592327,0,0
"N=7,H=5",7500362,5,7,1.0,0.3855755749586026,0.3661645527377657,0.3714763487651844,0,0
"N=7,H=5",7500363,5,7,1.0,0.3681775349312234,0.35177359960954363,0.36016009227512635,0,0
"N=7,H=5",7500364,5,7,1.0,0.2839083583559173,0.2769356587607032,0.2806585725650541,0,0
"N=7,H=5",7500365,5,7,1.0,0.3791138932112179,0.36234405956044846,0.3681641369524556,0,0
"N=7,H=5",7500366,5,7,1.0,0.5295309408888123,0.5074024334739842,0.5180131225332214,0,0
"N=7,H=5",7500367,5,7,1.0,0.3582835524468969,0.34907018056186717,0.3527265060054049,0,0
"N=7,H=5",7500368,5,7,1.0,0.38172382028056556,0.37188199587937326,0.3755199211250215,0,0
"N=7,H=5",7500369,5,7,1.0,0.26974908175326945,0.2624971222978558,0.26556899330890804,0,0
"N=7,H=5",7500370,5,7,1.0,0.3342242928749071,0.32171897907130137,0.3269480009045467,0,0
"N=7,H=5",7500371,5,7,1.0,0.41322321756922464,0.3981029323922322,0.4042513169797216,0,0
"N=7,H=5",7500372,5,7,1.0,0.36934415417108096,0.35461687647654805,0.3641104049498814,0,0
"N=7,H=5",7500373,5,7,1.0,0.43393989138409783,0.4094914936931164,0.4179774390775348,0,0
"N=7,H=5",7500374,5,7,1.0,0.34239574719771676,0.32610454106340087,0.3328174296007838,0,0
"N=7,H=5",7500375,5,7,1.0,0.33515030446223915,0.3269944177449759,0.3318931555295666,0,0
"N=7,H=5",7500376,5,7,1.0,0.4021655138376114,0.3845072050627015,0.3868453699208257,0,0
"N=7,H=5",7500377,5,7,1.0,0.47535225294058847,0.44889925149539345,0.45523364077041417,0,0
"N=7,H=5",7500378,5,7,1.0,0.4458614643652106,0.425877002945405,0.43278345893405556,0,0
"N=7,H=5",7500379,5,7,1.0,0.48938356301718444,0.4669213098652423,0.47369230532755596,0,0
"N=7,H=5",7500380,5,7,1.0,0.44693544605639257,0.4247588435019167,0.434806016316502,0,0
"N=7,H=5",7500381,5,7,1.0,0.46133640880566695,0.44360212346530165,0.44884383675566325,0,0
"N=7,H=5",7500382,5,7,1.0,0.42011369950375,0.3963438022695139,0.40662802174547147,0,0
"N=7,H=5",7500383,5,7,1.0,0.5182631769026959,0.4848561321463788,0.4943241351283125,0,0
"N=7,H=5",7500384,5,7,1.0,0.47230187019053316,0.4529954675740121,0.4570326294947834,0,0
"N=7,H=5",7500385,5,7,1.0,0.44843548572174124,0.42598749305695777,0.4313125970479538,0,0
"N=7,H=5",7500386,5,7,1.0,0.4321103733318358,0.4202703687656462,0.42862005785686236,0,0
"N=7,H=5",7500387,5,7,1.0,0.4440278023092659,0.42600659885339554,0.43667601377393717,0,0
"N=7,H=5",7500388,5,7,1.0,0.43287306414223264,0.40645545036623637,0.4166332769379059,0,0
"N=7,H=5",7500389,5,7,1.0,0.44353008896780655,0.4162336585837857,0.4248255081776826,0,0
"N=7,H=5",7500390,5,7,1.0,0.38633319609033007,0.37491411967650284,0.3794388050548279,0,0
"N=7,H=5",7500391,5,7,1.0,0.4325406074498271,0.4120652026854764,0.4194730994170681,0,0
"N=7,H=5",7500392,5,7,1.0,0.5189114279545934,0.4880872580126449,0.49349078853010914,0,0
"N=7,H=5",7500393,5,7,1.0,0.43800756297101856,0.41800192077989806,0.420416625713671,0,0
"N=7,H=5",7500394,5,7,1.0,0.4879437722655096,0.46497204611843607,0.4735576833352802,0,0
"N=7,H=5",7500395,5,7,1.0,0.46452814197076714,0.44256344730310404,0.45165059954733544,0,0
"N=7,H=5",7500396,5,7,1.0,0.5245212612193815,0.4882433378770924,0.4986638394459566,0,0
"N=7,H=5",7500397,5,7,1.0,0.33335725053413523,0.32285959340969017,0.32571500889021826,0,0
"N=7,H=5",7500398,5,7,1.0,0.4624178109094421,0.4459591241936223,0.4526625762337539,0,0
"N=7,H=5",7500399,5,7,1.0,0.47318923721218675,0.4583042649838134,0.4613024463733324,0,0
