game,base_ctilde,dec_marginal,dec_contribution,dec_random,dec_occupancy,marginal_wins,group,base_loss,new_loss,delta_loss,loss_increased,frac_marginal_wins,disagree_top1,disagree_top2,mean_dec_marginal,mean_dec_contribution,mean_dec_random,mean_dec_occupancy,viol_2a,frac_non_increase_2b,frac_rise_2c,counterex_2c,drift_count,drift_example
0.0,0.532495576327339,0.08707223722698643,0.08402376356960262,0.05010948801026971,0.05909517799763897,1.0,1,,,,,,,,,,,,,,,,,
1.0,0.42086791791285066,0.09230421408194489,0.08855043673242952,0.008026915325632156,0.08235416493168335,1.0,1,,,,,,,,,,,,,,,,,
2.0,0.5039617986023371,0.07851329711071303,0.07304608987287436,0.031241441977430562,0.06183076357353162,1.0,1,,,,,,,,,,,,,,,,,
3.0,0.3882393706512321,0.08272538078443886,0.07614943481367153,0.043075832807233316,0.06432755360027681,1.0,1,,,,,,,,,,,,,,,,,
4.0,0.4449333274686345,0.07384887634882914,0.07181026610590546,0.024922762788171404,0.044358560224408095,1.0,1,,,,,,,,,,,,,,,,,
5.0,0.460913220529405,0.08117129358462438,0.07436908331613518,0.034136470562418864,0.05898427757685948,1.0,1,,,,,,,,,,,,,,,,,
6.0,0.48172461155219165,0.08988454376852734,0.08038303592329349,0.028264067810650217,0.058475780330859484,1.0,1,,,,,,,,,,,,,,,,,
7.0,0.45745465705683686,0.09685801412337908,0.09023675981050155,0.03565827597043503,0.08087885726800148,1.0,1,,,,,,,,,,,,,,,,,
8.0,0.5012209742128122,0.07721076132950505,0.06700862660949564,0.029479713202490765,0.055566031803328086,1.0,1,,,,,,,,,,,,,,,,,
9.0,0.5508171667981291,0.07580966388855231,0.07001655952412034,0.01736396638415527,0.053457889999703134,1.0,1,,,,,,,,,,,,,,,,,
10.0,0.39604908663443816,0.07808257502077631,0.07440221889594145,0.02614713042525907,0.06571777045949367,1.0,1,,,,,,,,,,,,,,,,,
11.0,0.489943477096495,0.08570354807621083,0.08392987277437647,0.025132085947091154,0.05329110448903346,1.0,1,,,,,,,,,,,,,,,,,
12.0,0.605393620132923,0.08166190697951659,0.07762584997422983,0.02130080274647861,0.07002583184544209,1.0,1,,,,,,,,,,,,,,,,,
13.0,0.42043739893902315,0.08473779856227848,0.07832206789503032,0.02954330635762359,0.07714209500725222,1.0,1,,,,,,,,,,,,,,,,,
14.0,0.4922939108019894,0.08170127018448314,0.07389723064405684,0.017950762808352172,0.05594809555794533,1.0,1,,,,,,,,,,,,,,,,,
15.0,0.5271539956044812,0.0783625108939831,0.0733438860253739,0.014418840932404864,0.03541997644487738,1.0,1,,,,,,,,,,,,,,,,,
16.0,0.35633447654725103,0.06884619707029294,0.06681925161930702,0.028777771621059378,0.04285094577517773,1.0,1,,,,,,,,,,,,,,,,,
17.0,0.4104440611887098,0.07873700280715651,0.06922657538862548,0.03276619702014821,0.06763364533838417,1.0,1,,,,,,,,,,,,,,,,,
18.0,0.5066617671486053,0.08182464585680882,0.07683974226694601,0.02725520092806466,0.05800088176782414,1.0,1,,,,,,,,,,,,,,,,,
19.0,0.43915153531581014,0.09225841111231542,0.087459741588852,0.02627827509133479,0.05851195702496853,1.0,1,,,,,,,,,,,,,,,,,
20.0,0.5268701778586254,0.07736288594219831,0.06829322198514509,0.01662726926828184,0.07520656670916293,1.0,1,,,,,,,,,,,,,,,,,
21.0,0.46913468806137326,0.0672674285999677,0.06099804448480817,0.02098927913476828,0.03582071320986302,1.0,1,,,,,,,,,,,,,,,,,
22.0,0.3977254383261067,0.09012685378714241,0.0866977954541644,0.03294624981446442,0.051401728898877785,1.0,1,,,,,,,,,,,,,,,,,
23.0,0.46744660943282146,0.07056013038389375,0.06419376829136664,0.030021125442562968,0.04545299319763674,1.0,1,,,,,,,,,,,,,,,,,
24.0,0.45982805789472925,0.07129254805591362,0.06646480818078393,0.03344219967897388,0.04501146738081219,1.0,1,,,,,,,,,,,,,,,,,
25.0,0.3820689037456948,0.07705234301817832,0.06976719706448731,0.038678333068735526,0.059834983051277324,1.0,1,,,,,,,,,,,,,,,,,
26.0,0.5237930239546594,0.08885170864793168,0.08119471980420512,0.037560258352105524,0.06881834958741284,1.0,1,,,,,,,,,,,,,,,,,
27.0,0.47021119830493296,0.08810091918021057,0.08157431721872277,0.03812587766034142,0.06525745773090313,1.0,1,,,,,,,,,,,,,,,,,
28.0,0.38265105880217654,0.0931343491390299,0.0886969025065869,0.03346778432250591,0.06063519545309243,1.0,1,,,,,,,,,,,,,,,,,
29.0,0.4464268304093481,0.09304175090359895,0.09219536491450087,0.033915978209805464,0.08447342247036455,1.0,1,,,,,,,,,,,,,,,,,
30.0,0.4233401999076386,0.07612211456204426,0.07384979139980136,0.04037612609155644,0.06327121723130785,1.0,1,,,,,,,,,,,,,,,,,
31.0,0.4545569258709318,0.08456513358972462,0.08160483526385393,0.02061096506785348,0.05837793166810712,1.0,1,,,,,,,,,,,,,,,,,
32.0,0.5149585137837495,0.09274290671045898,0.08749024983917164,0.0265479514223233,0.060024462231368425,1.0,1,,,,,,,,,,,,,,,,,
33.0,0.5296855822664571,0.08384964640129589,0.07647008795666044,0.022768255376810598,0.04212670192484225,1.0,1,,,,,,,,,,,,,,,,,
34.0,0.4670564345959551,0.08427539575565868,0.07462169320371109,0.017564225894011964,0.06060691584447925,1.0,1,,,,,,,,,,,,,,,,,
35.0,0.632993829560367,0.1098147026556281,0.1046172951761769,0.06927212646854608,0.10384821707107306,1.0,1,,,,,,,,,,,,,,,,,
36.0,0.39971117399545947,0.07897057989760686,0.07092251108868636,0.027851952119276435,0.05662123974103378,1.0,1,,,,,,,,,,,,,,,,,
37.0,0.5017084325257162,0.0951590798158049,0.09050842918703461,0.029037593741806922,0.08503294352179464,1.0,1,,,,,,,,,,,,,,,,,
38.0,0.5610934942392802,0.08881652210591068,0.08528529581534167,0.03252996635927219,0.04375703421279431,1.0,1,,,,,,,,,,,,,,,,,
39.0,0.559414276373206,0.07508117802758002,0.07377753857625435,0.026532150217770112,0.06129487759859009,1.0,1,,,,,,,,,,,,,,,,,
40.0,0.3768675029012272,0.08107217332271383,0.07873921218854779,0.026803682882311164,0.04258512413989313,1.0,1,,,,,,,,,,,,,,,,,
41.0,0.3836932767499062,0.06560158143504535,0.06248390782624791,0.016512647205687958,0.04354129547422486,1.0,1,,,,,,,,,,,,,,,,,
42.0,0.4549445377713971,0.07610358715272553,0.07314827508386285,0.022993724115675185,0.05981360460752022,1.0,1,,,,,,,,,,,,,,,,,
43.0,0.4070335264260652,0.07734707072900415,0.07592932306235312,0.03780013554911771,0.06952534403565203,1.0,1,,,,,,,,,,,,,,,,,
44.0,0.42645018767377135,0.08413169844446916,0.08394029072087733,0.023456498742429888,0.0745502372081524,1.0,1,,,,,,,,,,,,,,,,,
45.0,0.47807043670663524,0.08617731643589993,0.08338497167179909,0.015945673609420785,0.039236181289242056,1.0,1,,,,,,,,,,,,,,,,,
46.0,0.3322425023542838,0.07853136674093947,0.07853136674093947,0.0259922187848034,0.05374655166796749,1.0,1,,,,,,,,,,,,,,,,,
47.0,0.3968974502387704,0.06409822226763134,0.06167501312225726,0.021809438774480328,0.04565516603710207,1.0,1,,,,,,,,,,,,,,,,,
48.0,0.4835859621088025,0.07200735304021466,0.06608392564863019,0.023051123639241056,0.0609879119834883,1.0,1,,,,,,,,,,,,,,,,,
49.0,0.4535531161275601,0.08458920780972806,0.0779148537553166,0.04700899613238835,0.06608879819551583,1.0,1,,,,,,,,,,,,,,,,,
50.0,0.4625391389530506,0.07620935769401993,0.06991462156917705,0.027033330737891104,0.04955821517258119,1.0,1,,,,,,,,,,,,,,,,,
51.0,0.5149867173876436,0.08876218225342641,0.08730426653382134,0.046448572051553894,0.06331385851107035,1.0,1,,,,,,,,,,,,,,,,,
52.0,0.4520725144421361,0.105973193784346,0.10311772407863806,0.029840516391230087,0.08609919358635298,1.0,1,,,,,,,,,,,,,,,,,
53.0,0.4487884308965137,0.07116520376733115,0.05654411250478686,0.028697110969911177,0.046306367575733864,1.0,1,,,,,,,,,,,,,,,,,
54.0,0.44752801987782415,0.06512195330062132,0.05991215443743908,0.03873272916993753,0.05894182533884296,1.0,1,,,,,,,,,,,,,,,,,
55.0,0.5376317021563605,0.07948522233345728,0.07375684118792253,0.019341450599613785,0.05886227090839197,1.0,1,,,,,,,,,,,,,,,,,
56.0,0.4275223710938753,0.0753476531156212,0.07227339750746903,0.026873269862117355,0.054119828597446074,1.0,1,,,,,,,,,,,,,,,,,
57.0,0.5346169852028572,0.07461947173800659,0.07006712887725536,0.013756090369643537,0.0510312116039261,1.0,1,,,,,,,,,,,,,,,,,
58.0,0.4165776028544446,0.08233572598334515,0.07232009382386856,0.03528070350052476,0.05275764499668212,1.0,1,,,,,,,,,,,,,,,,,
59.0,0.4868219788935748,0.0933339788897184,0.09195256162391807,0.025037166121267662,0.07205569699607195,1.0,1,,,,,,,,,,,,,,,,,
60.0,0.3769305492230687,0.09159647071290367,0.08867569834447331,0.03159234686845458,0.06555410439777526,1.0,1,,,,,,,,,,,,,,,,,
61.0,0.5332488374207099,0.09920046959410073,0.09578525244379449,0.024762601972496023,0.09781600567035398,1.0,1,,,,,,,,,,,,,,,,,
62.0,0.47657722627351684,0.07900404196629529,0.07373244074671853,0.029468809415300112,0.04876904890410633,1.0,1,,,,,,,,,,,,,,,,,
63.0,0.4716065932373309,0.09122852294027717,0.08273983144343988,0.03400855040017242,0.059514506290823666,1.0,1,,,,,,,,,,,,,,,,,
64.0,0.39500984402174033,0.06725881676285173,0.06086709892185266,0.01471891627856975,0.03829464571765484,1.0,1,,,,,,,,,,,,,,,,,
65.0,0.49604823945677057,0.0797594909074521,0.07483493551049991,0.02359141245651264,0.046210020466278756,1.0,1,,,,,,,,,,,,,,,,,
66.0,0.4918869603633056,0.07189091090316219,0.06899582807441385,0.026296498473473706,0.07437730802073217,1.0,1,,,,,,,,,,,,,,,,,
67.0,0.43827409759024044,0.07683860058227993,0.07503609490126512,0.0196033342813976,0.06219703862117404,1.0,1,,,,,,,,,,,,,,,,,
68.0,0.486298193883834,0.07460324162388748,0.07215445252805225,0.024926875206109755,0.0488285424749933,1.0,1,,,,,,,,,,,,,,,,,
69.0,0.345246735326999,0.07115368749699397,0.06584373459793708,0.015823905137299643,0.04392889471494449,1.0,1,,,,,,,,,,,,,,,,,
70.0,0.42892578346719795,0.09156291899250418,0.08528096219053433,0.02570441017928543,0.06981198040518849,1.0,1,,,,,,,,,,,,,,,,,
71.0,0.47714117983906756,0.10027413728193729,0.09630791292277568,0.06254115518889297,0.08734577618267408,1.0,1,,,,,,,,,,,,,,,,,
72.0,0.4768865024457758,0.07538925388597201,0.0726212255625448,0.03228378564082268,0.05587739427326677,1.0,1,,,,,,,,,,,,,,,,,
73.0,0.47660916112391233,0.09436967037990518,0.08612654586094926,0.03518952718836432,0.07754322864172303,1.0,1,,,,,,,,,,,,,,,,,
74.0,0.49744114725999716,0.08461031612701658,0.07834357560992455,0.03759392603909789,0.06791517164858502,1.0,1,,,,,,,,,,,,,,,,,
75.0,0.6228218327268799,0.1111669467571742,0.10942983493038161,0.031083399357059283,0.07737577482617286,1.0,1,,,,,,,,,,,,,,,,,
76.0,0.47884142501952714,0.0825210909113932,0.08062791633075178,0.047469238349091836,0.06190589237428651,1.0,1,,,,,,,,,,,,,,,,,
77.0,0.4146194389427609,0.07457341207239276,0.06906620038807121,0.024700725423414505,0.053380973110083496,1.0,1,,,,,,,,,,,,,,,,,
78.0,0.545454051428345,0.07524475132287539,0.07203770286198585,0.02534597413994122,0.05144670428270043,1.0,1,,,,,,,,,,,,,,,,,
79.0,0.4462186911962962,0.07044057601741327,0.06549730932647191,0.02887136580450489,0.04299553490924796,1.0,1,,,,,,,,,,,,,,,,,
80.0,0.5104866723180925,0.07510212475218508,0.0710805921585681,0.024275613828027842,0.060034712358245645,1.0,1,,,,,,,,,,,,,,,,,
81.0,0.4364058617896253,0.09536217175232203,0.0827963715370772,0.023077462901698986,0.07341095586836122,1.0,1,,,,,,,,,,,,,,,,,
82.0,0.39077413220309143,0.08118799387000414,0.07549191797726956,0.01624519949982678,0.06624676668074297,1.0,1,,,,,,,,,,,,,,,,,
83.0,0.4376082304625616,0.08379883438304936,0.0766870181982155,0.02475804814371224,0.07486982294341904,1.0,1,,,,,,,,,,,,,,,,,
84.0,0.4167289127129033,0.07303338029865397,0.06916831538792945,0.03207623020567224,0.0412751570939523,1.0,1,,,,,,,,,,,,,,,,,
85.0,0.34213472980444426,0.07593224703890145,0.07298675362844148,0.020648710916300828,0.05865168738187593,1.0,1,,,,,,,,,,,,,,,,,
86.0,0.4415437552820186,0.068709182806997,0.06342429334492217,0.031555748867771294,0.05165141217888686,1.0,1,,,,,,,,,,,,,,,,,
87.0,0.3934208656070167,0.07107016244912884,0.0650241224301098,0.020134247051630527,0.05481612307226946,1.0,1,,,,,,,,,,,,,,,,,
88.0,0.5132591769262628,0.09536491913146888,0.09008825914032986,0.046569851726601386,0.06334450675760378,1.0,1,,,,,,,,,,,,,,,,,
89.0,0.4225538543852137,0.08098401092361157,0.07721512984620488,0.036892178936578535,0.05985144574495643,1.0,1,,,,,,,,,,,,,,,,,
90.0,0.4491389217188672,0.08573316101056017,0.07899579528183664,0.030997216215384205,0.07385481057465348,1.0,1,,,,,,,,,,,,,,,,,
91.0,0.41092497306023673,0.0740710989257175,0.06993762618704519,0.03623111161443532,0.04944640073614459,1.0,1,,,,,,,,,,,,,,,,,
92.0,0.4611817064118955,0.07027032171662728,0.06755450785940476,0.03021561457555061,0.055217436781417384,1.0,1,,,,,,,,,,,,,,,,,
93.0,0.42808181791885164,0.06302796969415253,0.05786084613337722,0.020305340092379276,0.051275097271465175,1.0,1,,,,,,,,,,,,,,,,,
94.0,0.5018715606963479,0.08162338279643883,0.07665742056870933,0.022253128716076542,0.05216917455725173,1.0,1,,,,,,,,,,,,,,,,,
95.0,0.4743718472269435,0.07619807425086722,0.0690039729614833,0.03603391319769517,0.050847028091822066,1.0,1,,,,,,,,,,,,,,,,,
96.0,0.4981605616959838,0.08308323089044783,0.07921360948087802,0.04050761838988293,0.032590387112335306,1.0,1,,,,,,,,,,,,,,,,,
97.0,0.3995213593445342,0.0809907438148475,0.07213844378416745,0.02215843062244871,0.05355054629662476,1.0,1,,,,,,,,,,,,,,,,,
98.0,0.4914618453134668,0.08235556300310182,0.08150277506130815,0.019491205826034086,0.06542394160661807,1.0,1,,,,,,,,,,,,,,,,,
99.0,0.3808670768740368,0.07206476584717042,0.06882364692423376,0.03146708692916017,0.07339947650793399,1.0,1,,,,,,,,,,,,,,,,,
0.0,,,,,,,3,0.5117668903177244,0.5118154208028851,4.853048516073599e-05,1.0,,,,,,,,,,,,,
0.0,,,,,,,3,0.5117668903177244,0.5087364645920585,-0.0030304257256659195,0.0,,,,,,,,,,,,,
0.0,,,,,,,3,0.5117668903177244,0.5099149329774765,-0.0018519573402479006,0.0,,,,,,,,,,,,,
0.0,,,,,,,3,0.5117668903177244,0.5097891300307912,-0.0019777602869331945,0.0,,,,,,,,,,,,,
0.0,,,,,,,3,0.5117668903177244,0.5100384091722933,-0.0017284811454311155,0.0,,,,,,,,,,,,,
0.0,,,,,,,3,0.5117668903177244,0.5117391530942959,-2.773722342852558e-05,0.0,,,,,,,,,,,,,
0.0,,,,,,,3,0.5117668903177244,0.511764813236156,-2.0770815684079125e-06,0.0,,,,,,,,,,,,,
0.0,,,,,,,3,0.5117668903177244,0.5088479472996651,-0.0029189430180592835,0.0,,,,,,,,,,,,,
0.0,,,,,,,3,0.5117668903177244,0.5114774686486614,-0.0002894216690629836,0.0,,,,,,,,,,,,,
0.0,,,,,,,3,0.5117668903177244,0.5120223760284719,0.00025548571074751614,1.0,,,,,,,,,,,,,
0.0,,,,,,,3,0.5117668903177244,0.5118010663785038,3.41760607793784e-05,1.0,,,,,,,,,,,,,
0.0,,,,,,,3,0.5117668903177244,0.5029048980056462,-0.008861992312078182,0.0,,,,,,,,,,,,,
1.0,,,,,,,3,0.4117748206813167,0.4117820525559378,7.231874621094203e-06,1.0,,,,,,,,,,,,,
1.0,,,,,,,3,0.4117748206813167,0.4113189991393244,-0.0004558215419923073,0.0,,,,,,,,,,,,,
1.0,,,,,,,3,0.4117748206813167,0.4114275022829785,-0.00034731839833823663,0.0,,,,,,,,,,,,,
1.0,,,,,,,3,0.4117748206813167,0.4105021390184827,-0.0012726816628340076,0.0,,,,,,,,,,,,,
1.0,,,,,,,3,0.4117748206813167,0.4026511966554811,-0.009123624025835608,0.0,,,,,,,,,,,,,
1.0,,,,,,,3,0.4117748206813167,0.4074052373846035,-0.00436958329671322,0.0,,,,,,,,,,,,,
1.0,,,,,,,3,0.4117748206813167,0.4116844330831581,-9.038759815860331e-05,0.0,,,,,,,,,,,,,
1.0,,,,,,,3,0.4117748206813167,0.4082459908797744,-0.003528829801542288,0.0,,,,,,,,,,,,,
1.0,,,,,,,3,0.4117748206813167,0.4118619957298677,8.717504855099145e-05,1.0,,,,,,,,,,,,,
1.0,,,,,,,3,0.4117748206813167,0.41021617549547773,-0.0015586451858389805,0.0,,,,,,,,,,,,,
1.0,,,,,,,3,0.4117748206813167,0.4113230754099061,-0.0004517452714106196,0.0,,,,,,,,,,,,,
1.0,,,,,,,3,0.4117748206813167,0.41176657706492514,-8.243616391567787e-06,0.0,,,,,,,,,,,,,
2.0,,,,,,,3,0.4904727538135786,0.4901655428431629,-0.00030721097041569445,0.0,,,,,,,,,,,,,
2.0,,,,,,,3,0.4904727538135786,0.4871732514341245,-0.003299502379454089,0.0,,,,,,,,,,,,,
2.0,,,,,,,3,0.4904727538135786,0.4904244870057809,-4.826680779768111e-05,0.0,,,,,,,,,,,,,
2.0,,,,,,,3,0.4904727538135786,0.48884035383672103,-0.001632399976857546,0.0,,,,,,,,,,,,,
2.0,,,,,,,3,0.4904727538135786,0.48887918817633946,-0.0015935656372391138,0.0,,,,,,,,,,,,,
2.0,,,,,,,3,0.4904727538135786,0.49048334731994236,1.059350636378742e-05,1.0,,,,,,,,,,,,,
2.0,,,,,,,3,0.4904727538135786,0.4855488847320282,-0.004923869081550403,0.0,,,,,,,,,,,,,
2.0,,,,,,,3,0.4904727538135786,0.4895466764178033,-0.000926077395775271,0.0,,,,,,,,,,,,,
2.0,,,,,,,3,0.4904727538135786,0.48858530796530997,-0.0018874458482686096,0.0,,,,,,,,,,,,,
2.0,,,,,,,3,0.4904727538135786,0.4866723752591115,-0.0038003785544670765,0.0,,,,,,,,,,,,,
2.0,,,,,,,3,0.4904727538135786,0.4903761241239804,-9.662968959817109e-05,0.0,,,,,,,,,,,,,
2.0,,,,,,,3,0.4904727538135786,0.4904876928027117,1.4938989133128633e-05,1.0,,,,,,,,,,,,,
3.0,,,,,,,3,0.3780233393769336,0.37793331884802595,-9.002052890766388e-05,0.0,,,,,,,,,,,,,
3.0,,,,,,,3,0.3780233393769336,0.3781402967031795,0.00011695732624589228,1.0,,,,,,,,,,,,,
3.0,,,,,,,3,0.3780233393769336,0.3776708498353856,-0.0003524895415479845,0.0,,,,,,,,,,,,,
3.0,,,,,,,3,0.3780233393769336,0.37797232746848175,-5.101190845185899e-05,0.0,,,,,,,,,,,,,
3.0,,,,,,,3,0.3780233393769336,0.3777707995422922,-0.0002525398346414076,0.0,,,,,,,,,,,,,
3.0,,,,,,,3,0.3780233393769336,0.3780475758060949,2.4236429161272888e-05,1.0,,,,,,,,,,,,,
3.0,,,,,,,3,0.3780233393769336,0.37843519401698317,0.0004118546400495582,1.0,,,,,,,,,,,,,
3.0,,,,,,,3,0.3780233393769336,0.3729172628026928,-0.0051060765742408365,0.0,,,,,,,,,,,,,
3.0,,,,,,,3,0.3780233393769336,0.37151661209191467,-0.006506727285018943,0.0,,,,,,,,,,,,,
3.0,,,,,,,3,0.3780233393769336,0.378022076281619,-1.2630953146186563e-06,0.0,,,,,,,,,,,,,
3.0,,,,,,,3,0.3780233393769336,0.374491842425783,-0.0035314969511506256,0.0,,,,,,,,,,,,,
3.0,,,,,,,3,0.3780233393769336,0.37812324210290627,9.990272597265593e-05,1.0,,,,,,,,,,,,,
4.0,,,,,,,3,0.4332149346872519,0.4293007509826719,-0.003914183704580021,0.0,,,,,,,,,,,,,
4.0,,,,,,,3,0.4332149346872519,0.4332689219537959,5.398726654398667e-05,1.0,,,,,,,,,,,,,
4.0,,,,,,,3,0.4332149346872519,0.43045356026257253,-0.002761374424679386,0.0,,,,,,,,,,,,,
4.0,,,,,,,3,0.4332149346872519,0.43033065763065687,-0.0028842770565950526,0.0,,,,,,,,,,,,,
4.0,,,,,,,3,0.4332149346872519,0.42968452308099425,-0.0035304116062576663,0.0,,,,,,,,,,,,,
4.0,,,,,,,3,0.4332149346872519,0.43323091190833607,1.597722108415134e-05,1.0,,,,,,,,,,,,,
4.0,,,,,,,3,0.4332149346872519,0.43329094956110137,7.601487384945038e-05,1.0,,,,,,,,,,,,,
4.0,,,,,,,3,0.4332149346872519,0.4319634868658001,-0.001251447821451812,0.0,,,,,,,,,,,,,
4.0,,,,,,,3,0.4332149346872519,0.43139078369936146,-0.0018241509878904605,0.0,,,,,,,,,,,,,
4.0,,,,,,,3,0.4332149346872519,0.43032445436275446,-0.0028904803244974575,0.0,,,,,,,,,,,,,
4.0,,,,,,,3,0.4332149346872519,0.4312260829586687,-0.0019888517285832075,0.0,,,,,,,,,,,,,
4.0,,,,,,,3,0.4332149346872519,0.43181687053181467,-0.0013980641554372508,0.0,,,,,,,,,,,,,
5.0,,,,,,,3,0.44978313201858644,0.44766360721795617,-0.002119524800630268,0.0,,,,,,,,,,,,,
5.0,,,,,,,3,0.44978313201858644,0.44967341207928707,-0.00010971993929936863,0.0,,,,,,,,,,,,,
5.0,,,,,,,3,0.44978313201858644,0.44972942792346154,-5.370409512489571e-05,0.0,,,,,,,,,,,,,
5.0,,,,,,,3,0.44978313201858644,0.4497385127156975,-4.4619302888959655e-05,0.0,,,,,,,,,,,,,
5.0,,,,,,,3,0.44978313201858644,0.44977480214984683,-8.329868739609392e-06,0.0,,,,,,,,,,,,,
5.0,,,,,,,3,0.44978313201858644,0.44738756172154853,-0.002395570297037908,0.0,,,,,,,,,,,,,
5.0,,,,,,,3,0.44978313201858644,0.4499245815760879,0.0001414495575014496,1.0,,,,,,,,,,,,,
5.0,,,,,,,3,0.44978313201858644,0.4497965485440043,1.34165254178642e-05,1.0,,,,,,,,,,,,,
5.0,,,,,,,3,0.44978313201858644,0.450805387874363,0.0010222558557765327,1.0,,,,,,,,,,,,,
5.0,,,,,,,3,0.44978313201858644,0.4499370882533188,0.0001539562347323553,1.0,,,,,,,,,,,,,
5.0,,,,,,,3,0.44978313201858644,0.4495545700276884,-0.0002285619908980463,0.0,,,,,,,,,,,,,
5.0,,,,,,,3,0.44978313201858644,0.44985777221804707,7.464019946062939e-05,1.0,,,,,,,,,,,,,
6.0,,,,,,,3,0.47195668597765666,0.4720846746574578,0.0001279886798011276,1.0,,,,,,,,,,,,,
6.0,,,,,,,3,0.47195668597765666,0.4719678519122559,1.1165934599211003e-05,1.0,,,,,,,,,,,,,
6.0,,,,,,,3,0.47195668597765666,0.47200274825112104,4.6062273464375636e-05,1.0,,,,,,,,,,,,,
6.0,,,,,,,3,0.47195668597765666,0.471638337976348,-0.0003183480013086437,0.0,,,,,,,,,,,,,
6.0,,,,,,,3,0.47195668597765666,0.47006404805032936,-0.0018926379273273009,0.0,,,,,,,,,,,,,
6.0,,,,,,,3,0.47195668597765666,0.47018681648846833,-0.001769869489188336,0.0,,,,,,,,,,,,,
6.0,,,,,,,3,0.47195668597765666,0.47074497127846976,-0.0012117146991869054,0.0,,,,,,,,,,,,,
6.0,,,,,,,3,0.47195668597765666,0.47123862806592726,-0.0007180579117294084,0.0,,,,,,,,,,,,,
6.0,,,,,,,3,0.47195668597765666,0.46919403931204584,-0.002762646665610824,0.0,,,,,,,,,,,,,
6.0,,,,,,,3,0.47195668597765666,0.4717774046246359,-0.00017928135302075487,0.0,,,,,,,,,,,,,
6.0,,,,,,,3,0.47195668597765666,0.4721855285234223,0.00022884254576566176,1.0,,,,,,,,,,,,,
6.0,,,,,,,3,0.47195668597765666,0.4720554883580608,9.880238040416156e-05,1.0,,,,,,,,,,,,,
7.0,,,,,,,3,0.44891340141386643,0.44858048901299014,-0.00033291240087629514,0.0,,,,,,,,,,,,,
7.0,,,,,,,3,0.44891340141386643,0.44895856205869716,4.51606448307329e-05,1.0,,,,,,,,,,,,,
7.0,,,,,,,3,0.44891340141386643,0.4488117249746625,-0.00010167643920394598,0.0,,,,,,,,,,,,,
7.0,,,,,,,3,0.44891340141386643,0.4489441619492399,3.076053537348633e-05,1.0,,,,,,,,,,,,,
7.0,,,,,,,3,0.44891340141386643,0.44387129841090683,-0.005042103002959597,0.0,,,,,,,,,,,,,
7.0,,,,,,,3,0.44891340141386643,0.4490255534982926,0.00011215208442616476,1.0,,,,,,,,,,,,,
7.0,,,,,,,3,0.44891340141386643,0.4474342871365682,-0.0014791142772982435,0.0,,,,,,,,,,,,,
7.0,,,,,,,3,0.44891340141386643,0.44888119593295167,-3.220548091475983e-05,0.0,,,,,,,,,,,,,
7.0,,,,,,,3,0.44891340141386643,0.4460342556267395,-0.0028791457871269466,0.0,,,,,,,,,,,,,
7.0,,,,,,,3,0.44891340141386643,0.4455063821869718,-0.0034070192268946253,0.0,,,,,,,,,,,,,
7.0,,,,,,,3,0.44891340141386643,0.4465450632793501,-0.0023683381345163124,0.0,,,,,,,,,,,,,
7.0,,,,,,,3,0.44891340141386643,0.4490520953589086,0.0001386939450421787,1.0,,,,,,,,,,,,,
8.0,,,,,,,3,0.48832120666224954,0.48825920456902355,-6.200209322598793e-05,0.0,,,,,,,,,,,,,
8.0,,,,,,,3,0.48832120666224954,0.4887921834742321,0.0004709768119825486,1.0,,,,,,,,,,,,,
8.0,,,,,,,3,0.48832120666224954,0.4847866406857176,-0.003534565976531956,0.0,,,,,,,,,,,,,
8.0,,,,,,,3,0.48832120666224954,0.48954326500059203,0.001222058338342491,1.0,,,,,,,,,,,,,
8.0,,,,,,,3,0.48832120666224954,0.48702926594622925,-0.00129194071602029,0.0,,,,,,,,,,,,,
8.0,,,,,,,3,0.48832120666224954,0.4882270733515133,-9.41333107362663e-05,0.0,,,,,,,,,,,,,
8.0,,,,,,,3,0.48832120666224954,0.4868689155839168,-0.0014522910783327236,0.0,,,,,,,,,,,,,
8.0,,,,,,,3,0.48832120666224954,0.48546927141105173,-0.0028519352511978124,0.0,,,,,,,,,,,,,
8.0,,,,,,,3,0.48832120666224954,0.4882393181590392,-8.18885032103367e-05,0.0,,,,,,,,,,,,,
8.0,,,,,,,3,0.48832120666224954,0.4883563093611845,3.510269893497453e-05,1.0,,,,,,,,,,,,,
8.0,,,,,,,3,0.48832120666224954,0.48828577155997044,-3.543510227910218e-05,0.0,,,,,,,,,,,,,
8.0,,,,,,,3,0.48832120666224954,0.48845453814655665,0.00013333148430710873,1.0,,,,,,,,,,,,,
9.0,,,,,,,3,0.5369049746177065,0.5335079636597095,-0.0033970109579969376,0.0,,,,,,,,,,,,,
9.0,,,,,,,3,0.5369049746177065,0.5317078552158223,-0.005197119401884165,0.0,,,,,,,,,,,,,
9.0,,,,,,,3,0.5369049746177065,0.5369033489936942,-1.6256240122913823e-06,0.0,,,,,,,,,,,,,
9.0,,,,,,,3,0.5369049746177065,0.5368601891469964,-4.478547071007366e-05,0.0,,,,,,,,,,,,,
9.0,,,,,,,3,0.5369049746177065,0.5342379818421445,-0.002666992775561927,0.0,,,,,,,,,,,,,
9.0,,,,,,,3,0.5369049746177065,0.5348269460211584,-0.0020780285965480427,0.0,,,,,,,,,,,,,
9.0,,,,,,,3,0.5369049746177065,0.5368768457720158,-2.8128845690700288e-05,0.0,,,,,,,,,,,,,
9.0,,,,,,,3,0.5369049746177065,0.5368841726253412,-2.080199236531577e-05,0.0,,,,,,,,,,,,,
9.0,,,,,,,3,0.5369049746177065,0.5343394700568507,-0.0025655045608558025,0.0,,,,,,,,,,,,,
9.0,,,,,,,3,0.5369049746177065,0.5344374050074655,-0.0024675696102409717,0.0,,,,,,,,,,,,,
9.0,,,,,,,3,0.5369049746177065,0.5365015332799024,-0.0004034413378041224,0.0,,,,,,,,,,,,,
9.0,,,,,,,3,0.5369049746177065,0.5369472915692912,4.2316951584742135e-05,1.0,,,,,,,,,,,,,
10.0,,,,,,,3,0.385167422039059,0.38522768334862223,6.0261309563214294e-05,1.0,,,,,,,,,,,,,
10.0,,,,,,,3,0.385167422039059,0.3833134074031093,-0.0018540146359496967,0.0,,,,,,,,,,,,,
10.0,,,,,,,3,0.385167422039059,0.3852257379034316,5.83158643726045e-05,1.0,,,,,,,,,,,,,
10.0,,,,,,,3,0.385167422039059,0.3850145516840832,-0.00015287035497579815,0.0,,,,,,,,,,,,,
10.0,,,,,,,3,0.385167422039059,0.3852183236942509,5.0901655191892825e-05,1.0,,,,,,,,,,,,,
10.0,,,,,,,3,0.385167422039059,0.38520382661757474,3.6404578515725206e-05,1.0,,,,,,,,,,,,,
10.0,,,,,,,3,0.385167422039059,0.3847744486997603,-0.0003929733392987189,0.0,,,,,,,,,,,,,
10.0,,,,,,,3,0.385167422039059,0.3849886821457661,-0.00017873989329292295,0.0,,,,,,,,,,,,,
10.0,,,,,,,3,0.385167422039059,0.3852114817335617,4.405969450266278e-05,1.0,,,,,,,,,,,,,
10.0,,,,,,,3,0.385167422039059,0.38586634900609024,0.0006989269670312215,1.0,,,,,,,,,,,,,
10.0,,,,,,,3,0.385167422039059,0.38055385314983736,-0.004613568889221653,0.0,,,,,,,,,,,,,
10.0,,,,,,,3,0.385167422039059,0.38373989767428845,-0.0014275243647705604,0.0,,,,,,,,,,,,,
11.0,,,,,,,3,0.4822097671479069,0.47943810322532787,-0.0027716639225790485,0.0,,,,,,,,,,,,,
11.0,,,,,,,3,0.4822097671479069,0.4798280136310095,-0.0023817535168974002,0.0,,,,,,,,,,,,,
11.0,,,,,,,3,0.4822097671479069,0.48230773480864236,9.796766073544294e-05,1.0,,,,,,,,,,,,,
11.0,,,,,,,3,0.4822097671479069,0.4821134601061758,-9.630704173113624e-05,0.0,,,,,,,,,,,,,
11.0,,,,,,,3,0.4822097671479069,0.4828324664740134,0.0006226993261064795,1.0,,,,,,,,,,,,,
11.0,,,,,,,3,0.4822097671479069,0.4799120233023374,-0.002297743845569522,0.0,,,,,,,,,,,,,
11.0,,,,,,,3,0.4822097671479069,0.4821463356742666,-6.343147364029633e-05,0.0,,,,,,,,,,,,,
11.0,,,,,,,3,0.4822097671479069,0.4804044159597487,-0.0018053511881582218,0.0,,,,,,,,,,,,,
11.0,,,,,,,3,0.4822097671479069,0.48212315076579415,-8.661638211276967e-05,0.0,,,,,,,,,,,,,
11.0,,,,,,,3,0.4822097671479069,0.481749476187182,-0.0004602909607249184,0.0,,,,,,,,,,,,,
11.0,,,,,,,3,0.4822097671479069,0.4813937274345011,-0.000816039713405825,0.0,,,,,,,,,,,,,
11.0,,,,,,,3,0.4822097671479069,0.48221865393517965,8.886787272732732e-06,1.0,,,,,,,,,,,,,
12.0,,,,,,,3,0.5992780116262449,0.5992795280773353,1.5164510903664663e-06,1.0,,,,,,,,,,,,,
12.0,,,,,,,3,0.5992780116262449,0.598954593465594,-0.00032341816065095674,0.0,,,,,,,,,,,,,
12.0,,,,,,,3,0.5992780116262449,0.5980529961710456,-0.0012250154551993742,0.0,,,,,,,,,,,,,
12.0,,,,,,,3,0.5992780116262449,0.5993001551991617,2.214357291674407e-05,1.0,,,,,,,,,,,,,
12.0,,,,,,,3,0.5992780116262449,0.5993574954450839,7.948381883893241e-05,1.0,,,,,,,,,,,,,
12.0,,,,,,,3,0.5992780116262449,0.5964682879440915,-0.0028097236821534866,0.0,,,,,,,,,,,,,
12.0,,,,,,,3,0.5992780116262449,0.599205391318312,-7.262030793298013e-05,0.0,,,,,,,,,,,,,
12.0,,,,,,,3,0.5992780116262449,0.5992757344801835,-2.2771460614912087e-06,0.0,,,,,,,,,,,,,
12.0,,,,,,,3,0.5992780116262449,0.5985400226283603,-0.0007379889978846865,0.0,,,,,,,,,,,,,
12.0,,,,,,,3,0.5992780116262449,0.595995201559517,-0.003282810066727926,0.0,,,,,,,,,,,,,
12.0,,,,,,,3,0.5992780116262449,0.5990414032631466,-0.0002366083630983562,0.0,,,,,,,,,,,,,
12.0,,,,,,,3,0.5992780116262449,0.5992687417192676,-9.26990697736052e-06,0.0,,,,,,,,,,,,,
13.0,,,,,,,3,0.4086856669378897,0.40806173742086277,-0.0006239295170269443,0.0,,,,,,,,,,,,,
13.0,,,,,,,3,0.4086856669378897,0.4081824106978683,-0.0005032562400213991,0.0,,,,,,,,,,,,,
13.0,,,,,,,3,0.4086856669378897,0.4088140783754247,0.00012841143753500317,1.0,,,,,,,,,,,,,
13.0,,,,,,,3,0.4086856669378897,0.4087272752670608,4.1608329171105574e-05,1.0,,,,,,,,,,,,,
13.0,,,,,,,3,0.4086856669378897,0.4086723429194419,-1.3324018447835595e-05,0.0,,,,,,,,,,,,,
13.0,,,,,,,3,0.4086856669378897,0.40838951497578424,-0.0002961519621054731,0.0,,,,,,,,,,,,,
13.0,,,,,,,3,0.4086856669378897,0.3946280129199172,-0.014057654017972487,0.0,,,,,,,,,,,,,
13.0,,,,,,,3,0.4086856669378897,0.406079148551477,-0.0026065183864127373,0.0,,,,,,,,,,,,,
13.0,,,,,,,3,0.4086856669378897,0.40479577379814663,-0.0038898931397430836,0.0,,,,,,,,,,,,,
13.0,,,,,,,3,0.4086856669378897,0.407348646335357,-0.0013370206025327125,0.0,,,,,,,,,,,,,
13.0,,,,,,,3,0.4086856669378897,0.4066185201229705,-0.0020671468149192074,0.0,,,,,,,,,,,,,
13.0,,,,,,,3,0.4086856669378897,0.4086654291379726,-2.0237799917111055e-05,0.0,,,,,,,,,,,,,
14.0,,,,,,,3,0.48246940633230145,0.4826214650215352,0.0001520586892337361,1.0,,,,,,,,,,,,,
14.0,,,,,,,3,0.48246940633230145,0.4781345997813252,-0.0043348065509762335,0.0,,,,,,,,,,,,,
14.0,,,,,,,3,0.48246940633230145,0.4771809443912447,-0.005288461941056755,0.0,,,,,,,,,,,,,
14.0,,,,,,,3,0.48246940633230145,0.482410076932133,-5.9329400168450785e-05,0.0,,,,,,,,,,,,,
14.0,,,,,,,3,0.48246940633230145,0.48290483704841564,0.0004354307161141824,1.0,,,,,,,,,,,,,
14.0,,,,,,,3,0.48246940633230145,0.47781946395113606,-0.004649942381165395,0.0,,,,,,,,,,,,,
14.0,,,,,,,3,0.48246940633230145,0.47947588119616974,-0.002993525136131714,0.0,,,,,,,,,,,,,
14.0,,,,,,,3,0.48246940633230145,0.4822493844518886,-0.0002200218804128684,0.0,,,,,,,,,,,,,
14.0,,,,,,,3,0.48246940633230145,0.4780596489908239,-0.004409757341477527,0.0,,,,,,,,,,,,,
14.0,,,,,,,3,0.48246940633230145,0.4825275170584997,5.811072619826829e-05,1.0,,,,,,,,,,,,,
14.0,,,,,,,3,0.48246940633230145,0.47859287460916133,-0.0038765317231401197,0.0,,,,,,,,,,,,,
14.0,,,,,,,3,0.48246940633230145,0.4825284830255873,5.90766932858644e-05,1.0,,,,,,,,,,,,,
15.0,,,,,,,3,0.5200074769181523,0.5160553104401503,-0.003952166478002006,0.0,,,,,,,,,,,,,
15.0,,,,,,,3,0.5200074769181523,0.5202866735741155,0.00027919665596320975,1.0,,,,,,,,,,,,,
15.0,,,,,,,3,0.5200074769181523,0.5199351280984459,-7.234881970641371e-05,0.0,,,,,,,,,,,,,
15.0,,,,,,,3,0.5200074769181523,0.5190073333963117,-0.0010001435218406352,0.0,,,,,,,,,,,,,
15.0,,,,,,,3,0.5200074769181523,0.5195233197749588,-0.0004841571431934977,0.0,,,,,,,,,,,,,
15.0,,,,,,,3,0.5200074769181523,0.5200036637215307,-3.813196621571535e-06,0.0,,,,,,,,,,,,,
15.0,,,,,,,3,0.5200074769181523,0.5178687172019113,-0.002138759716241001,0.0,,,,,,,,,,,,,
15.0,,,,,,,3,0.5200074769181523,0.5181587497147406,-0.0018487272034116708,0.0,,,,,,,,,,,,,
15.0,,,,,,,3,0.5200074769181523,0.5190209233346468,-0.0009865535835055228,0.0,,,,,,,,,,,,,
15.0,,,,,,,3,0.5200074769181523,0.5190354206176157,-0.00097205630053665,0.0,,,,,,,,,,,,,
15.0,,,,,,,3,0.5200074769181523,0.5200043998835607,-3.077034591569827e-06,0.0,,,,,,,,,,,,,
15.0,,,,,,,3,0.5200074769181523,0.5201316020148741,0.0001241250967217722,1.0,,,,,,,,,,,,,
16.0,,,,,,,3,0.35128292965743607,0.3474900675034705,-0.0037928621539655705,0.0,,,,,,,,,,,,,
16.0,,,,,,,3,0.35128292965743607,0.35054039171441076,-0.0007425379430253121,0.0,,,,,,,,,,,,,
16.0,,,,,,,3,0.35128292965743607,0.3512671936815518,-1.5735975884278997e-05,0.0,,,,,,,,,,,,,
16.0,,,,,,,3,0.35128292965743607,0.3511477596611331,-0.0001351699963029751,0.0,,,,,,,,,,,,,
16.0,,,,,,,3,0.35128292965743607,0.34640416552453734,-0.0048787641328987275,0.0,,,,,,,,,,,,,
16.0,,,,,,,3,0.35128292965743607,0.3515691926969564,0.00028626303952034027,1.0,,,,,,,,,,,,,
16.0,,,,,,,3,0.35128292965743607,0.34949366670528687,-0.0017892629521492065,0.0,,,,,,,,,,,,,
16.0,,,,,,,3,0.35128292965743607,0.3491402393929508,-0.0021426902644852697,0.0,,,,,,,,,,,,,
16.0,,,,,,,3,0.35128292965743607,0.3499173061802899,-0.001365623477146194,0.0,,,,,,,,,,,,,
16.0,,,,,,,3,0.35128292965743607,0.3469210075934837,-0.0043619220639523615,0.0,,,,,,,,,,,,,
16.0,,,,,,,3,0.35128292965743607,0.35001405569990146,-0.0012688739575346109,0.0,,,,,,,,,,,,,
16.0,,,,,,,3,0.35128292965743607,0.3482880693303215,-0.0029948603271145458,0.0,,,,,,,,,,,,,
17.0,,,,,,,3,0.40178549366152544,0.40173560349334814,-4.9890168177302296e-05,0.0,,,,,,,,,,,,,
17.0,,,,,,,3,0.40178549366152544,0.4017748059532465,-1.0687708278944719e-05,0.0,,,,,,,,,,,,,
17.0,,,,,,,3,0.40178549366152544,0.40054279279098787,-0.001242700870537572,0.0,,,,,,,,,,,,,
17.0,,,,,,,3,0.40178549366152544,0.4017875027609793,2.0090994538590756e-06,1.0,,,,,,,,,,,,,
17.0,,,,,,,3,0.40178549366152544,0.4018388739794004,5.338031787494035e-05,1.0,,,,,,,,,,,,,
17.0,,,,,,,3,0.40178549366152544,0.4018362297143394,5.073605281397109e-05,1.0,,,,,,,,,,,,,
17.0,,,,,,,3,0.40178549366152544,0.40173358641667284,-5.190724485260034e-05,0.0,,,,,,,,,,,,,
17.0,,,,,,,3,0.40178549366152544,0.40006700010145785,-0.001718493560067591,0.0,,,,,,,,,,,,,
17.0,,,,,,,3,0.40178549366152544,0.398883768477475,-0.002901725184050463,0.0,,,,,,,,,,,,,
17.0,,,,,,,3,0.40178549366152544,0.4007702082913715,-0.00101528537015394,0.0,,,,,,,,,,,,,
17.0,,,,,,,3,0.40178549366152544,0.4017436372191575,-4.185644236792685e-05,0.0,,,,,,,,,,,,,
17.0,,,,,,,3,0.40178549366152544,0.39913962265237973,-0.002645871009145706,0.0,,,,,,,,,,,,,
18.0,,,,,,,3,0.4951139082179824,0.49018809597500534,-0.004925812242977057,0.0,,,,,,,,,,,,,
18.0,,,,,,,3,0.4951139082179824,0.49493503655371307,-0.0001788716642693311,0.0,,,,,,,,,,,,,
18.0,,,,,,,3,0.4951139082179824,0.4933041065782191,-0.0018098016397632977,0.0,,,,,,,,,,,,,
18.0,,,,,,,3,0.4951139082179824,0.4915776850942182,-0.003536223123764226,0.0,,,,,,,,,,,,,
18.0,,,,,,,3,0.4951139082179824,0.4950349915828837,-7.89166350986803e-05,0.0,,,,,,,,,,,,,
18.0,,,,,,,3,0.4951139082179824,0.4900574483551675,-0.005056459862814888,0.0,,,,,,,,,,,,,
18.0,,,,,,,3,0.4951139082179824,0.4949031175231694,-0.00021079069481300117,0.0,,,,,,,,,,,,,
18.0,,,,,,,3,0.4951139082179824,0.4904723518570376,-0.004641556360944821,0.0,,,,,,,,,,,,,
18.0,,,,,,,3,0.4951139082179824,0.491999748414508,-0.0031141598034744034,0.0,,,,,,,,,,,,,
18.0,,,,,,,3,0.4951139082179824,0.49474295697293363,-0.0003709512450487673,0.0,,,,,,,,,,,,,
18.0,,,,,,,3,0.4951139082179824,0.49497541141066187,-0.0001384968073205317,0.0,,,,,,,,,,,,,
18.0,,,,,,,3,0.4951139082179824,0.49334225813383237,-0.0017716500841500338,0.0,,,,,,,,,,,,,
19.0,,,,,,,3,0.4310080366655126,0.4311920915472616,0.0001840548817490517,1.0,,,,,,,,,,,,,
19.0,,,,,,,3,0.4310080366655126,0.4274855339584487,-0.0035225027070638903,0.0,,,,,,,,,,,,,
19.0,,,,,,,3,0.4310080366655126,0.4308033178523198,-0.0002047188131927835,0.0,,,,,,,,,,,,,
19.0,,,,,,,3,0.4310080366655126,0.428108413160382,-0.0028996235051305663,0.0,,,,,,,,,,,,,
19.0,,,,,,,3,0.4310080366655126,0.42711902019101916,-0.003889016474493412,0.0,,,,,,,,,,,,,
19.0,,,,,,,3,0.4310080366655126,0.43101231120489897,4.274539386395215e-06,1.0,,,,,,,,,,,,,
19.0,,,,,,,3,0.4310080366655126,0.4309899367137461,-1.8099951766492595e-05,0.0,,,,,,,,,,,,,
19.0,,,,,,,3,0.4310080366655126,0.4309821433542641,-2.5893311248470496e-05,0.0,,,,,,,,,,,,,
19.0,,,,,,,3,0.4310080366655126,0.43088716871960264,-0.00012086794590993044,0.0,,,,,,,,,,,,,
19.0,,,,,,,3,0.4310080366655126,0.4310469497537863,3.891308827375095e-05,1.0,,,,,,,,,,,,,
19.0,,,,,,,3,0.4310080366655126,0.43103405353400803,2.601686849545981e-05,1.0,,,,,,,,,,,,,
19.0,,,,,,,3,0.4310080366655126,0.43005041004246725,-0.0009576266230453268,0.0,,,,,,,,,,,,,
20.0,,,,,,,3,0.5171827008700346,0.517183052874218,3.5200418335712413e-07,1.0,,,,,,,,,,,,,
20.0,,,,,,,3,0.5171827008700346,0.5162967624814695,-0.0008859383885650995,0.0,,,,,,,,,,,,,
20.0,,,,,,,3,0.5171827008700346,0.517020858216765,-0.0001618426532695727,0.0,,,,,,,,,,,,,
20.0,,,,,,,3,0.5171827008700346,0.5166862970741004,-0.000496403795934186,0.0,,,,,,,,,,,,,
20.0,,,,,,,3,0.5171827008700346,0.5171546699107278,-2.8030959306812875e-05,0.0,,,,,,,,,,,,,
20.0,,,,,,,3,0.5171827008700346,0.5162695976938547,-0.0009131031761798747,0.0,,,,,,,,,,,,,
20.0,,,,,,,3,0.5171827008700346,0.5171350834301779,-4.761743985670641e-05,0.0,,,,,,,,,,,,,
20.0,,,,,,,3,0.5171827008700346,0.5169159563596514,-0.0002667445103832211,0.0,,,,,,,,,,,,,
20.0,,,,,,,3,0.5171827008700346,0.5125287708923674,-0.004653929977667226,0.0,,,,,,,,,,,,,
20.0,,,,,,,3,0.5171827008700346,0.517517145539327,0.0003344446692924441,1.0,,,,,,,,,,,,,
20.0,,,,,,,3,0.5171827008700346,0.5171858643500491,3.1634800145008413e-06,1.0,,,,,,,,,,,,,
20.0,,,,,,,3,0.5171827008700346,0.5171879416438971,5.240773862547066e-06,1.0,,,,,,,,,,,,,
21.0,,,,,,,3,0.4628662145081433,0.46296192924483753,9.571473669423014e-05,1.0,,,,,,,,,,,,,
21.0,,,,,,,3,0.4628662145081433,0.4629470567795783,8.084227143501099e-05,1.0,,,,,,,,,,,,,
21.0,,,,,,,3,0.4628662145081433,0.46282294528517665,-4.326922296665758e-05,0.0,,,,,,,,,,,,,
21.0,,,,,,,3,0.4628662145081433,0.46280387526235167,-6.233924579163164e-05,0.0,,,,,,,,,,,,,
21.0,,,,,,,3,0.4628662145081433,0.46287432927042105,8.114762277744436e-06,1.0,,,,,,,,,,,,,
21.0,,,,,,,3,0.4628662145081433,0.4627662074281612,-0.00010000707998208958,0.0,,,,,,,,,,,,,
21.0,,,,,,,3,0.4628662145081433,0.4590576777281516,-0.0038085367799917114,0.0,,,,,,,,,,,,,
21.0,,,,,,,3,0.4628662145081433,0.46015137229518904,-0.0027148422129542604,0.0,,,,,,,,,,,,,
21.0,,,,,,,3,0.4628662145081433,0.46285089331046697,-1.5321197676332332e-05,0.0,,,,,,,,,,,,,
21.0,,,,,,,3,0.4628662145081433,0.45951389731103454,-0.0033523171971087673,0.0,,,,,,,,,,,,,
21.0,,,,,,,3,0.4628662145081433,0.46285708497265626,-9.129535487040208e-06,0.0,,,,,,,,,,,,,
21.0,,,,,,,3,0.4628662145081433,0.4630401875660868,0.00017397305794347728,1.0,,,,,,,,,,,,,
22.0,,,,,,,3,0.3912933620938034,0.3901143867790644,-0.0011789753147389836,0.0,,,,,,,,,,,,,
22.0,,,,,,,3,0.3912933620938034,0.3885235369753078,-0.0027698251184956058,0.0,,,,,,,,,,,,,
22.0,,,,,,,3,0.3912933620938034,0.3912534931208908,-3.986897291258229e-05,0.0,,,,,,,,,,,,,
22.0,,,,,,,3,0.3912933620938034,0.3906893572679459,-0.0006040048258574848,0.0,,,,,,,,,,,,,
22.0,,,,,,,3,0.3912933620938034,0.38996370997309737,-0.0013296521207060152,0.0,,,,,,,,,,,,,
22.0,,,,,,,3,0.3912933620938034,0.38845687890657116,-0.0028364831872322305,0.0,,,,,,,,,,,,,
22.0,,,,,,,3,0.3912933620938034,0.39148090376673056,0.00018754167292717172,1.0,,,,,,,,,,,,,
22.0,,,,,,,3,0.3912933620938034,0.38990380531833585,-0.0013895567754675375,0.0,,,,,,,,,,,,,
22.0,,,,,,,3,0.3912933620938034,0.39109300149657544,-0.0002003605972279443,0.0,,,,,,,,,,,,,
22.0,,,,,,,3,0.3912933620938034,0.39138604082125156,9.267872744816996e-05,1.0,,,,,,,,,,,,,
22.0,,,,,,,3,0.3912933620938034,0.38824894435472135,-0.0030444177390820393,0.0,,,,,,,,,,,,,
22.0,,,,,,,3,0.3912933620938034,0.3913098696543304,1.6507560527012632e-05,1.0,,,,,,,,,,,,,
23.0,,,,,,,3,0.45068982772946453,0.45061542577145125,-7.440195801328153e-05,0.0,,,,,,,,,,,,,
23.0,,,,,,,3,0.45068982772946453,0.4508631148027198,0.00017328707325525716,1.0,,,,,,,,,,,,,
23.0,,,,,,,3,0.45068982772946453,0.44889472348514686,-0.001795104244317669,0.0,,,,,,,,,,,,,
23.0,,,,,,,3,0.45068982772946453,0.44216714113835187,-0.00852268659111266,0.0,,,,,,,,,,,,,
23.0,,,,,,,3,0.45068982772946453,0.44727004905972073,-0.0034197786697438004,0.0,,,,,,,,,,,,,
23.0,,,,,,,3,0.45068982772946453,0.4507085366130833,1.8708883618767658e-05,1.0,,,,,,,,,,,,,
23.0,,,,,,,3,0.45068982772946453,0.450607929390799,-8.189833866550922e-05,0.0,,,,,,,,,,,,,
23.0,,,,,,,3,0.45068982772946453,0.4509281182267511,0.00023829049728657514,1.0,,,,,,,,,,,,,
23.0,,,,,,,3,0.45068982772946453,0.45056850058895764,-0.00012132714050688831,0.0,,,,,,,,,,,,,
23.0,,,,,,,3,0.45068982772946453,0.4507433879012671,5.3560171802580214e-05,1.0,,,,,,,,,,,,,
23.0,,,,,,,3,0.45068982772946453,0.44510441315745947,-0.005585414572005065,0.0,,,,,,,,,,,,,
23.0,,,,,,,3,0.45068982772946453,0.4479013430683984,-0.0027884846610661262,0.0,,,,,,,,,,,,,
24.0,,,,,,,3,0.44948246238494377,0.4479943239834952,-0.0014881384014485688,0.0,,,,,,,,,,,,,
24.0,,,,,,,3,0.44948246238494377,0.44885144792901227,-0.0006310144559315001,0.0,,,,,,,,,,,,,
24.0,,,,,,,3,0.44948246238494377,0.4496744490384645,0.00019198665352071487,1.0,,,,,,,,,,,,,
24.0,,,,,,,3,0.44948246238494377,0.4495236556638474,4.119327890361735e-05,1.0,,,,,,,,,,,,,
24.0,,,,,,,3,0.44948246238494377,0.44805294767855197,-0.001429514706391799,0.0,,,,,,,,,,,,,
24.0,,,,,,,3,0.44948246238494377,0.44725504894332957,-0.002227413441614201,0.0,,,,,,,,,,,,,
24.0,,,,,,,3,0.44948246238494377,0.44626289102278494,-0.003219571362158835,0.0,,,,,,,,,,,,,
24.0,,,,,,,3,0.44948246238494377,0.4497650701838878,0.00028260779894401233,1.0,,,,,,,,,,,,,
24.0,,,,,,,3,0.44948246238494377,0.44512482562574374,-0.004357636759200034,0.0,,,,,,,,,,,,,
24.0,,,,,,,3,0.44948246238494377,0.44942053495270085,-6.19274322429253e-05,0.0,,,,,,,,,,,,,
24.0,,,,,,,3,0.44948246238494377,0.44957964316941623,9.718078447246148e-05,1.0,,,,,,,,,,,,,
24.0,,,,,,,3,0.44948246238494377,0.44914433372053364,-0.0003381286644101311,0.0,,,,,,,,,,,,,
25.0,,,,,,,3,0.37997692984757825,0.37999785666302666,2.0926815448407687e-05,1.0,,,,,,,,,,,,,
25.0,,,,,,,3,0.37997692984757825,0.377774455465906,-0.002202474381672259,0.0,,,,,,,,,,,,,
25.0,,,,,,,3,0.37997692984757825,0.3798229019230695,-0.00015402792450874836,0.0,,,,,,,,,,,,,
25.0,,,,,,,3,0.37997692984757825,0.37658311583812853,-0.003393814009449714,0.0,,,,,,,,,,,,,
25.0,,,,,,,3,0.37997692984757825,0.3798537402729239,-0.00012318957465434766,0.0,,,,,,,,,,,,,
25.0,,,,,,,3,0.37997692984757825,0.37830151233464027,-0.0016754175129379822,0.0,,,,,,,,,,,,,
25.0,,,,,,,3,0.37997692984757825,0.37837566231930975,-0.0016012675282685018,0.0,,,,,,,,,,,,,
25.0,,,,,,,3,0.37997692984757825,0.3799404869292581,-3.644291832016755e-05,0.0,,,,,,,,,,,,,
25.0,,,,,,,3,0.37997692984757825,0.37990900544746525,-6.792440011299528e-05,0.0,,,,,,,,,,,,,
25.0,,,,,,,3,0.37997692984757825,0.37837319913767226,-0.0016037307099059928,0.0,,,,,,,,,,,,,
25.0,,,,,,,3,0.37997692984757825,0.3799211342852277,-5.579556235052463e-05,0.0,,,,,,,,,,,,,
25.0,,,,,,,3,0.37997692984757825,0.37363906901210625,-0.006337860835471998,0.0,,,,,,,,,,,,,
26.0,,,,,,,3,0.5114003523492686,0.5112714048725718,-0.00012894747669678353,0.0,,,,,,,,,,,,,
26.0,,,,,,,3,0.5114003523492686,0.5115711062398275,0.00017075389055887236,1.0,,,,,,,,,,,,,
26.0,,,,,,,3,0.5114003523492686,0.5113583043369909,-4.204801227769561e-05,0.0,,,,,,,,,,,,,
26.0,,,,,,,3,0.5114003523492686,0.511192752332597,-0.00020760001667163852,0.0,,,,,,,,,,,,,
26.0,,,,,,,3,0.5114003523492686,0.5114039756315808,3.623282312181786e-06,1.0,,,,,,,,,,,,,
26.0,,,,,,,3,0.5114003523492686,0.5038208819524765,-0.007579470396792076,0.0,,,,,,,,,,,,,
26.0,,,,,,,3,0.5114003523492686,0.5115193179746056,0.0001189656253369753,1.0,,,,,,,,,,,,,
26.0,,,,,,,3,0.5114003523492686,0.5098579327766642,-0.00154241957260437,0.0,,,,,,,,,,,,,
26.0,,,,,,,3,0.5114003523492686,0.511474440028035,7.40876787663769e-05,1.0,,,,,,,,,,,,,
26.0,,,,,,,3,0.5114003523492686,0.5119714004516897,0.0005710481024210345,1.0,,,,,,,,,,,,,
26.0,,,,,,,3,0.5114003523492686,0.5113331204713434,-6.723187792523344e-05,0.0,,,,,,,,,,,,,
26.0,,,,,,,3,0.5114003523492686,0.5100127174879457,-0.0013876348613228728,0.0,,,,,,,,,,,,,
27.0,,,,,,,3,0.4574383090490343,0.4567235945646073,-0.0007147144844270037,0.0,,,,,,,,,,,,,
27.0,,,,,,,3,0.4574383090490343,0.4573751133649919,-6.319568404239417e-05,0.0,,,,,,,,,,,,,
27.0,,,,,,,3,0.4574383090490343,0.4574342436587973,-4.065390237006916e-06,0.0,,,,,,,,,,,,,
27.0,,,,,,,3,0.4574383090490343,0.4576190780998459,0.00018076905081160222,1.0,,,,,,,,,,,,,
27.0,,,,,,,3,0.4574383090490343,0.4574369941725355,-1.3148764987924721e-06,0.0,,,,,,,,,,,,,
27.0,,,,,,,3,0.4574383090490343,0.4574576397326888,1.9330683654505965e-05,1.0,,,,,,,,,,,,,
27.0,,,,,,,3,0.4574383090490343,0.45755406062682374,0.00011575157778942469,1.0,,,,,,,,,,,,,
27.0,,,,,,,3,0.4574383090490343,0.4573400863839384,-9.822266509590394e-05,0.0,,,,,,,,,,,,,
27.0,,,,,,,3,0.4574383090490343,0.45758780753485356,0.00014949848581924385,1.0,,,,,,,,,,,,,
27.0,,,,,,,3,0.4574383090490343,0.45459230805009304,-0.0028460009989412782,0.0,,,,,,,,,,,,,
27.0,,,,,,,3,0.4574383090490343,0.44710357842266135,-0.010334730626372968,0.0,,,,,,,,,,,,,
27.0,,,,,,,3,0.4574383090490343,0.45711383807540124,-0.0003244709736330842,0.0,,,,,,,,,,,,,
28.0,,,,,,,3,0.369426867097125,0.36941825070990464,-8.616387220383714e-06,0.0,,,,,,,,,,,,,
28.0,,,,,,,3,0.369426867097125,0.36905425499417643,-0.0003726121029485885,0.0,,,,,,,,,,,,,
28.0,,,,,,,3,0.369426867097125,0.3695079928631247,8.112576599966781e-05,1.0,,,,,,,,,,,,,
28.0,,,,,,,3,0.369426867097125,0.36937994744848274,-4.691964864228515e-05,0.0,,,,,,,,,,,,,
28.0,,,,,,,3,0.369426867097125,0.3694743997415839,4.753264445889194e-05,1.0,,,,,,,,,,,,,
28.0,,,,,,,3,0.369426867097125,0.3694561919560031,2.932485887807701e-05,1.0,,,,,,,,,,,,,
28.0,,,,,,,3,0.369426867097125,0.3694767702986403,4.9903201515266726e-05,1.0,,,,,,,,,,,,,
28.0,,,,,,,3,0.369426867097125,0.36871745801693234,-0.00070940908019268,0.0,,,,,,,,,,,,,
28.0,,,,,,,3,0.369426867097125,0.35695589345037204,-0.01247097364675298,0.0,,,,,,,,,,,,,
28.0,,,,,,,3,0.369426867097125,0.36802487485669594,-0.001401992240429084,0.0,,,,,,,,,,,,,
28.0,,,,,,,3,0.369426867097125,0.36888681313227706,-0.0005400539648479641,0.0,,,,,,,,,,,,,
28.0,,,,,,,3,0.369426867097125,0.36941064230588966,-1.6224791235364133e-05,0.0,,,,,,,,,,,,,
29.0,,,,,,,3,0.4359910708652579,0.423279684067037,-0.012711386798220925,0.0,,,,,,,,,,,,,
29.0,,,,,,,3,0.4359910708652579,0.4358430677839969,-0.0001480030812610056,0.0,,,,,,,,,,,,,
29.0,,,,,,,3,0.4359910708652579,0.4337662214755852,-0.0022248493896727117,0.0,,,,,,,,,,,,,
29.0,,,,,,,3,0.4359910708652579,0.43578436695151473,-0.000206703913743167,0.0,,,,,,,,,,,,,
29.0,,,,,,,3,0.4359910708652579,0.43601402840829406,2.295754303616171e-05,1.0,,,,,,,,,,,,,
29.0,,,,,,,3,0.4359910708652579,0.4359693830538907,-2.1687811367188115e-05,0.0,,,,,,,,,,,,,
29.0,,,,,,,3,0.4359910708652579,0.4351469913626857,-0.0008440795025722037,0.0,,,,,,,,,,,,,
29.0,,,,,,,3,0.4359910708652579,0.4330094835000929,-0.002981587365165017,0.0,,,,,,,,,,,,,
29.0,,,,,,,3,0.4359910708652579,0.4335235685960473,-0.0024675022692106086,0.0,,,,,,,,,,,,,
29.0,,,,,,,3,0.4359910708652579,0.43465366473602524,-0.0013374061292326656,0.0,,,,,,,,,,,,,
29.0,,,,,,,3,0.4359910708652579,0.4360533392352766,6.226837001871433e-05,1.0,,,,,,,,,,,,,
29.0,,,,,,,3,0.4359910708652579,0.4324100044908646,-0.0035810663743933158,0.0,,,,,,,,,,,,,
30.0,,,,,,,3,0.4151168202692075,0.4107458581322323,-0.004370962136975187,0.0,,,,,,,,,,,,,
30.0,,,,,,,3,0.4151168202692075,0.41261881898196706,-0.0024980012872404256,0.0,,,,,,,,,,,,,
30.0,,,,,,,3,0.4151168202692075,0.41509883797574454,-1.7982293462948107e-05,0.0,,,,,,,,,,,,,
30.0,,,,,,,3,0.4151168202692075,0.4153322317200129,0.0002154114508053917,1.0,,,,,,,,,,,,,
30.0,,,,,,,3,0.4151168202692075,0.41510440939563104,-1.2410873576451653e-05,0.0,,,,,,,,,,,,,
30.0,,,,,,,3,0.4151168202692075,0.4151433428429825,2.652257377500078e-05,1.0,,,,,,,,,,,,,
30.0,,,,,,,3,0.4151168202692075,0.41518104781765897,6.422754845147871e-05,1.0,,,,,,,,,,,,,
30.0,,,,,,,3,0.4151168202692075,0.4118817395778735,-0.0032350806913339913,0.0,,,,,,,,,,,,,
30.0,,,,,,,3,0.4151168202692075,0.4151055488939006,-1.1271375306876052e-05,0.0,,,,,,,,,,,,,
30.0,,,,,,,3,0.4151168202692075,0.4114022516664236,-0.0037145686027839075,0.0,,,,,,,,,,,,,
30.0,,,,,,,3,0.4151168202692075,0.41200026930256367,-0.0031165509666438163,0.0,,,,,,,,,,,,,
30.0,,,,,,,3,0.4151168202692075,0.4150763911589774,-4.042911023011131e-05,0.0,,,,,,,,,,,,,
31.0,,,,,,,3,0.4446908303174028,0.4372615309894863,-0.007429299327916528,0.0,,,,,,,,,,,,,
31.0,,,,,,,3,0.4446908303174028,0.4453607016186848,0.0006698713012819879,1.0,,,,,,,,,,,,,
31.0,,,,,,,3,0.4446908303174028,0.44286115146237687,-0.0018296788550259402,0.0,,,,,,,,,,,,,
31.0,,,,,,,3,0.4446908303174028,0.4435024329655034,-0.0011883973518994062,0.0,,,,,,,,,,,,,
31.0,,,,,,,3,0.4446908303174028,0.4435411192672397,-0.0011497110501630936,0.0,,,,,,,,,,,,,
31.0,,,,,,,3,0.4446908303174028,0.43919998220044226,-0.005490848116960545,0.0,,,,,,,,,,,,,
31.0,,,,,,,3,0.4446908303174028,0.4396738703639618,-0.00501695995344098,0.0,,,,,,,,,,,,,
31.0,,,,,,,3,0.4446908303174028,0.444682750848979,-8.079468423793923e-06,0.0,,,,,,,,,,,,,
31.0,,,,,,,3,0.4446908303174028,0.4430188218158534,-0.0016720085015494157,0.0,,,,,,,,,,,,,
31.0,,,,,,,3,0.4446908303174028,0.43950969256395045,-0.005181137753452358,0.0,,,,,,,,,,,,,
31.0,,,,,,,3,0.4446908303174028,0.4447799681858643,8.91378684614863e-05,1.0,,,,,,,,,,,,,
31.0,,,,,,,3,0.4446908303174028,0.4438372822961625,-0.0008535480212403246,0.0,,,,,,,,,,,,,
32.0,,,,,,,3,0.4926861096572401,0.4911406628318597,-0.001545446825380381,0.0,,,,,,,,,,,,,
32.0,,,,,,,3,0.4926861096572401,0.4924806255697775,-0.00020548408746257074,0.0,,,,,,,,,,,,,
32.0,,,,,,,3,0.4926861096572401,0.4889764719849303,-0.0037096376723097513,0.0,,,,,,,,,,,,,
32.0,,,,,,,3,0.4926861096572401,0.4892618367752271,-0.0034242728820129686,0.0,,,,,,,,,,,,,
32.0,,,,,,,3,0.4926861096572401,0.49277372164863414,8.761199139406539e-05,1.0,,,,,,,,,,,,,
32.0,,,,,,,3,0.4926861096572401,0.4886267528973724,-0.004059356759867683,0.0,,,,,,,,,,,,,
32.0,,,,,,,3,0.4926861096572401,0.49273969608841284,5.358643117275852e-05,1.0,,,,,,,,,,,,,
32.0,,,,,,,3,0.4926861096572401,0.49184881970855077,-0.0008372899486893126,0.0,,,,,,,,,,,,,
32.0,,,,,,,3,0.4926861096572401,0.4899486485301918,-0.0027374611270482574,0.0,,,,,,,,,,,,,
32.0,,,,,,,3,0.4926861096572401,0.49256770892176976,-0.00011840073547031427,0.0,,,,,,,,,,,,,
32.0,,,,,,,3,0.4926861096572401,0.4927133866999497,2.7277042709605848e-05,1.0,,,,,,,,,,,,,
32.0,,,,,,,3,0.4926861096572401,0.4911945347863221,-0.001491574870918,0.0,,,,,,,,,,,,,
33.0,,,,,,,3,0.518901845986161,0.5135143107747349,-0.005387535211426098,0.0,,,,,,,,,,,,,
33.0,,,,,,,3,0.518901845986161,0.5186681100829114,-0.00023373590324959892,0.0,,,,,,,,,,,,,
33.0,,,,,,,3,0.518901845986161,0.5161912436739231,-0.002710602312237853,0.0,,,,,,,,,,,,,
33.0,,,,,,,3,0.518901845986161,0.5188460854745238,-5.5760511637137355e-05,0.0,,,,,,,,,,,,,
33.0,,,,,,,3,0.518901845986161,0.5173811267192711,-0.0015207192668899028,0.0,,,,,,,,,,,,,
33.0,,,,,,,3,0.518901845986161,0.5173109261406138,-0.0015909198455471563,0.0,,,,,,,,,,,,,
33.0,,,,,,,3,0.518901845986161,0.5168303012115086,-0.002071544774652323,0.0,,,,,,,,,,,,,
33.0,,,,,,,3,0.518901845986161,0.5182035224260515,-0.0006983235601094595,0.0,,,,,,,,,,,,,
33.0,,,,,,,3,0.518901845986161,0.5189759844629952,7.413847683424013e-05,1.0,,,,,,,,,,,,,
33.0,,,,,,,3,0.518901845986161,0.5183258732634911,-0.0005759727226698486,0.0,,,,,,,,,,,,,
33.0,,,,,,,3,0.518901845986161,0.5157744041519069,-0.0031274418342540633,0.0,,,,,,,,,,,,,
33.0,,,,,,,3,0.518901845986161,0.5189683177141953,6.64717280343119e-05,1.0,,,,,,,,,,,,,
34.0,,,,,,,3,0.4600753148608734,0.45999770634693526,-7.760851393812107e-05,0.0,,,,,,,,,,,,,
34.0,,,,,,,3,0.4600753148608734,0.45999447916633485,-8.083569453853912e-05,0.0,,,,,,,,,,,,,
34.0,,,,,,,3,0.4600753148608734,0.460038778792909,-3.65360679643878e-05,0.0,,,,,,,,,,,,,
34.0,,,,,,,3,0.4600753148608734,0.46004422371159387,-3.1091149279516284e-05,0.0,,,,,,,,,,,,,
34.0,,,,,,,3,0.4600753148608734,0.45952316694926565,-0.0005521479116077366,0.0,,,,,,,,,,,,,
34.0,,,,,,,3,0.4600753148608734,0.4589894916771611,-0.001085823183712309,0.0,,,,,,,,,,,,,
34.0,,,,,,,3,0.4600753148608734,0.4601000227424458,2.470788157243886e-05,1.0,,,,,,,,,,,,,
34.0,,,,,,,3,0.4600753148608734,0.46003146622014607,-4.3848640727317534e-05,0.0,,,,,,,,,,,,,
34.0,,,,,,,3,0.4600753148608734,0.4500045597367758,-0.010070755124097608,0.0,,,,,,,,,,,,,
34.0,,,,,,,3,0.4600753148608734,0.455827071718888,-0.004248243141985408,0.0,,,,,,,,,,,,,
34.0,,,,,,,3,0.4600753148608734,0.46013989256104226,6.457770016887743e-05,1.0,,,,,,,,,,,,,
34.0,,,,,,,3,0.4600753148608734,0.46000325864466257,-7.205621621081404e-05,0.0,,,,,,,,,,,,,
35.0,,,,,,,3,0.6233478400336895,0.6229215580798245,-0.0004262819538649598,0.0,,,,,,,,,,,,,
35.0,,,,,,,3,0.6233478400336895,0.6146812536732831,-0.008666586360406403,0.0,,,,,,,,,,,,,
35.0,,,,,,,3,0.6233478400336895,0.6229060104922354,-0.00044182954145410847,0.0,,,,,,,,,,,,,
35.0,,,,,,,3,0.6233478400336895,0.6220157072886713,-0.0013321327450181997,0.0,,,,,,,,,,,,,
35.0,,,,,,,3,0.6233478400336895,0.6218312372498508,-0.0015166027838386942,0.0,,,,,,,,,,,,,
35.0,,,,,,,3,0.6233478400336895,0.6132269904911769,-0.010120849542512578,0.0,,,,,,,,,,,,,
35.0,,,,,,,3,0.6233478400336895,0.6234579338611081,0.00011009382741866691,1.0,,,,,,,,,,,,,
35.0,,,,,,,3,0.6233478400336895,0.6233188813942481,-2.8958639441412082e-05,0.0,,,,,,,,,,,,,
35.0,,,,,,,3,0.6233478400336895,0.6228738187956546,-0.00047402123803486074,0.0,,,,,,,,,,,,,
35.0,,,,,,,3,0.6233478400336895,0.6232399539627231,-0.00010788607096634539,0.0,,,,,,,,,,,,,
35.0,,,,,,,3,0.6233478400336895,0.623065658971525,-0.00028218106216448824,0.0,,,,,,,,,,,,,
35.0,,,,,,,3,0.6233478400336895,0.6197347397473727,-0.003613100286316784,0.0,,,,,,,,,,,,,
36.0,,,,,,,3,0.3863369443598681,0.38607575478457773,-0.0002611895752903659,0.0,,,,,,,,,,,,,
36.0,,,,,,,3,0.3863369443598681,0.3863495929657848,1.2648605916709688e-05,1.0,,,,,,,,,,,,,
36.0,,,,,,,3,0.3863369443598681,0.38502641618219474,-0.0013105281776733535,0.0,,,,,,,,,,,,,
36.0,,,,,,,3,0.3863369443598681,0.3822828368488879,-0.004054107510980176,0.0,,,,,,,,,,,,,
36.0,,,,,,,3,0.3863369443598681,0.38293628552928577,-0.003400658830582326,0.0,,,,,,,,,,,,,
36.0,,,,,,,3,0.3863369443598681,0.38375670248746174,-0.0025802418724063525,0.0,,,,,,,,,,,,,
36.0,,,,,,,3,0.3863369443598681,0.38384035309490255,-0.002496591264965542,0.0,,,,,,,,,,,,,
36.0,,,,,,,3,0.3863369443598681,0.38507042973323613,-0.001266514626631965,0.0,,,,,,,,,,,,,
36.0,,,,,,,3,0.3863369443598681,0.3862213834706414,-0.00011556088922670682,0.0,,,,,,,,,,,,,
36.0,,,,,,,3,0.3863369443598681,0.38444582547650585,-0.0018911188833622417,0.0,,,,,,,,,,,,,
36.0,,,,,,,3,0.3863369443598681,0.38647690953483027,0.00013996517496217553,1.0,,,,,,,,,,,,,
36.0,,,,,,,3,0.3863369443598681,0.38046814169179916,-0.00586880266806894,0.0,,,,,,,,,,,,,
37.0,,,,,,,3,0.4976031592512166,0.49753674138995696,-6.641786125965998e-05,0.0,,,,,,,,,,,,,
37.0,,,,,,,3,0.4976031592512166,0.49760786962029596,4.710369079341525e-06,1.0,,,,,,,,,,,,,
37.0,,,,,,,3,0.4976031592512166,0.4976755018851316,7.234263391497908e-05,1.0,,,,,,,,,,,,,
37.0,,,,,,,3,0.4976031592512166,0.49700891628770577,-0.0005942429635108493,0.0,,,,,,,,,,,,,
37.0,,,,,,,3,0.4976031592512166,0.49741378633418354,-0.00018937291703308157,0.0,,,,,,,,,,,,,
37.0,,,,,,,3,0.4976031592512166,0.4958256085789668,-0.001777550672249828,0.0,,,,,,,,,,,,,
37.0,,,,,,,3,0.4976031592512166,0.49751110487251726,-9.205437869935773e-05,0.0,,,,,,,,,,,,,
37.0,,,,,,,3,0.4976031592512166,0.4975532091749956,-4.995007622099479e-05,0.0,,,,,,,,,,,,,
37.0,,,,,,,3,0.4976031592512166,0.49521906568499663,-0.0023840935662199914,0.0,,,,,,,,,,,,,
37.0,,,,,,,3,0.4976031592512166,0.49598334519185294,-0.0016198140593636778,0.0,,,,,,,,,,,,,
37.0,,,,,,,3,0.4976031592512166,0.49762155766740584,1.8398416189224776e-05,1.0,,,,,,,,,,,,,
37.0,,,,,,,3,0.4976031592512166,0.49541448602780336,-0.002188673223413262,0.0,,,,,,,,,,,,,
38.0,,,,,,,3,0.5529732515553899,0.5528329423071354,-0.00014030924825447766,0.0,,,,,,,,,,,,,
38.0,,,,,,,3,0.5529732515553899,0.5527590651289936,-0.00021418642639625673,0.0,,,,,,,,,,,,,
38.0,,,,,,,3,0.5529732515553899,0.5524795315939321,-0.0004937199614577503,0.0,,,,,,,,,,,,,
38.0,,,,,,,3,0.5529732515553899,0.5528660296059019,-0.00010722194948797892,0.0,,,,,,,,,,,,,
38.0,,,,,,,3,0.5529732515553899,0.5529197585888169,-5.349296657297664e-05,0.0,,,,,,,,,,,,,
38.0,,,,,,,3,0.5529732515553899,0.5529408158122106,-3.243574317934872e-05,0.0,,,,,,,,,,,,,
38.0,,,,,,,3,0.5529732515553899,0.5529642304743992,-9.021080990656571e-06,0.0,,,,,,,,,,,,,
38.0,,,,,,,3,0.5529732515553899,0.5486735771256301,-0.004299674429759759,0.0,,,,,,,,,,,,,
38.0,,,,,,,3,0.5529732515553899,0.5530580030114838,8.475145609387891e-05,1.0,,,,,,,,,,,,,
38.0,,,,,,,3,0.5529732515553899,0.5522929367834749,-0.0006803147719149916,0.0,,,,,,,,,,,,,
38.0,,,,,,,3,0.5529732515553899,0.5524143199600434,-0.0005589315953464791,0.0,,,,,,,,,,,,,
38.0,,,,,,,3,0.5529732515553899,0.5521769627473527,-0.0007962888080371711,0.0,,,,,,,,,,,,,
39.0,,,,,,,3,0.5482135446258376,0.5467561013886189,-0.0014574432372187474,0.0,,,,,,,,,,,,,
39.0,,,,,,,3,0.5482135446258376,0.5467698664774242,-0.0014436781484133965,0.0,,,,,,,,,,,,,
39.0,,,,,,,3,0.5482135446258376,0.5491861089048696,0.0009725642790320288,1.0,,,,,,,,,,,,,
39.0,,,,,,,3,0.5482135446258376,0.5480516691090288,-0.00016187551680879597,0.0,,,,,,,,,,,,,
39.0,,,,,,,3,0.5482135446258376,0.5470888208510846,-0.0011247237747530336,0.0,,,,,,,,,,,,,
39.0,,,,,,,3,0.5482135446258376,0.548294674591103,8.112996526543625e-05,1.0,,,,,,,,,,,,,
39.0,,,,,,,3,0.5482135446258376,0.5465081960892904,-0.0017053485365472465,0.0,,,,,,,,,,,,,
39.0,,,,,,,3,0.5482135446258376,0.5479267409922151,-0.00028680363362254546,0.0,,,,,,,,,,,,,
39.0,,,,,,,3,0.5482135446258376,0.5481202410176479,-9.330360818970984e-05,0.0,,,,,,,,,,,,,
39.0,,,,,,,3,0.5482135446258376,0.5470033767938287,-0.0012101678320088904,0.0,,,,,,,,,,,,,
39.0,,,,,,,3,0.5482135446258376,0.5448225594234738,-0.0033909852023638054,0.0,,,,,,,,,,,,,
39.0,,,,,,,3,0.5482135446258376,0.547949680615604,-0.0002638640102335943,0.0,,,,,,,,,,,,,
40.0,,,,,,,3,0.36858279025454266,0.3685367143498722,-4.607590467048395e-05,0.0,,,,,,,,,,,,,
40.0,,,,,,,3,0.36858279025454266,0.36368370629175384,-0.004899083962788819,0.0,,,,,,,,,,,,,
40.0,,,,,,,3,0.36858279025454266,0.3685740683650815,-8.721889461160703e-06,0.0,,,,,,,,,,,,,
40.0,,,,,,,3,0.36858279025454266,0.3685623913983357,-2.039885620697124e-05,0.0,,,,,,,,,,,,,
40.0,,,,,,,3,0.36858279025454266,0.3678726002089838,-0.0007101900455588339,0.0,,,,,,,,,,,,,
40.0,,,,,,,3,0.36858279025454266,0.3685502085498679,-3.2581704674738976e-05,0.0,,,,,,,,,,,,,
40.0,,,,,,,3,0.36858279025454266,0.36266243697501044,-0.00592035327953222,0.0,,,,,,,,,,,,,
40.0,,,,,,,3,0.36858279025454266,0.3667646462096659,-0.001818144044876735,0.0,,,,,,,,,,,,,
40.0,,,,,,,3,0.36858279025454266,0.3679602420541294,-0.0006225482004132421,0.0,,,,,,,,,,,,,
40.0,,,,,,,3,0.36858279025454266,0.36859358724762026,1.0796993077599737e-05,1.0,,,,,,,,,,,,,
40.0,,,,,,,3,0.36858279025454266,0.36552449093797174,-0.0030582993165709227,0.0,,,,,,,,,,,,,
40.0,,,,,,,3,0.36858279025454266,0.3666311832431628,-0.0019516070113798634,0.0,,,,,,,,,,,,,
41.0,,,,,,,3,0.37686971606030095,0.3767966138141273,-7.31022461736286e-05,0.0,,,,,,,,,,,,,
41.0,,,,,,,3,0.37686971606030095,0.3767773056316816,-9.241042861934945e-05,0.0,,,,,,,,,,,,,
41.0,,,,,,,3,0.37686971606030095,0.3767157081993512,-0.00015400786094976748,0.0,,,,,,,,,,,,,
41.0,,,,,,,3,0.37686971606030095,0.3765848682310223,-0.00028484782927867824,0.0,,,,,,,,,,,,,
41.0,,,,,,,3,0.37686971606030095,0.374344068796573,-0.002525647263727948,0.0,,,,,,,,,,,,,
41.0,,,,,,,3,0.37686971606030095,0.3767568118746496,-0.0001129041856513524,0.0,,,,,,,,,,,,,
41.0,,,,,,,3,0.37686971606030095,0.37500600844346194,-0.0018637076168390165,0.0,,,,,,,,,,,,,
41.0,,,,,,,3,0.37686971606030095,0.3761538343071239,-0.00071588175317705,0.0,,,,,,,,,,,,,
41.0,,,,,,,3,0.37686971606030095,0.37268584300541224,-0.004183873054888709,0.0,,,,,,,,,,,,,
41.0,,,,,,,3,0.37686971606030095,0.3754800093379079,-0.0013897067223930248,0.0,,,,,,,,,,,,,
41.0,,,,,,,3,0.37686971606030095,0.3735708006346284,-0.003298915425672566,0.0,,,,,,,,,,,,,
41.0,,,,,,,3,0.37686971606030095,0.3767686098613687,-0.00010110619893227701,0.0,,,,,,,,,,,,,
42.0,,,,,,,3,0.43973434620137686,0.43575784043830407,-0.003976505763072791,0.0,,,,,,,,,,,,,
42.0,,,,,,,3,0.43973434620137686,0.43972086652767206,-1.347967370479708e-05,0.0,,,,,,,,,,,,,
42.0,,,,,,,3,0.43973434620137686,0.43973625283872186,1.906637345006068e-06,1.0,,,,,,,,,,,,,
42.0,,,,,,,3,0.43973434620137686,0.43729727859199824,-0.002437067609378618,0.0,,,,,,,,,,,,,
42.0,,,,,,,3,0.43973434620137686,0.43800840278727565,-0.0017259434141012053,0.0,,,,,,,,,,,,,
42.0,,,,,,,3,0.43973434620137686,0.4325938556865652,-0.007140490514811637,0.0,,,,,,,,,,,,,
42.0,,,,,,,3,0.43973434620137686,0.43972759586307164,-6.750338305216985e-06,0.0,,,,,,,,,,,,,
42.0,,,,,,,3,0.43973434620137686,0.43663644982494515,-0.003097896376431708,0.0,,,,,,,,,,,,,
42.0,,,,,,,3,0.43973434620137686,0.4363099068551541,-0.003424439346222774,0.0,,,,,,,,,,,,,
42.0,,,,,,,3,0.43973434620137686,0.43970697104464757,-2.737515672929236e-05,0.0,,,,,,,,,,,,,
42.0,,,,,,,3,0.43973434620137686,0.440073691220569,0.0003393450191921388,1.0,,,,,,,,,,,,,
42.0,,,,,,,3,0.43973434620137686,0.4347661237368018,-0.004968222464575067,0.0,,,,,,,,,,,,,
43.0,,,,,,,3,0.40054717285632646,0.40048815964349027,-5.9013212836189766e-05,0.0,,,,,,,,,,,,,
43.0,,,,,,,3,0.40054717285632646,0.40042039744904306,-0.0001267754072833971,0.0,,,,,,,,,,,,,
43.0,,,,,,,3,0.40054717285632646,0.39908798102366483,-0.0014591918326616327,0.0,,,,,,,,,,,,,
43.0,,,,,,,3,0.40054717285632646,0.40053323696673376,-1.3935889592697759e-05,0.0,,,,,,,,,,,,,
43.0,,,,,,,3,0.40054717285632646,0.4000250619922365,-0.0005221108640899863,0.0,,,,,,,,,,,,,
43.0,,,,,,,3,0.40054717285632646,0.39931156304439763,-0.0012356098119288283,0.0,,,,,,,,,,,,,
43.0,,,,,,,3,0.40054717285632646,0.4005904598912469,4.328703492045838e-05,1.0,,,,,,,,,,,,,
43.0,,,,,,,3,0.40054717285632646,0.4004623422652495,-8.483059107694535e-05,0.0,,,,,,,,,,,,,
43.0,,,,,,,3,0.40054717285632646,0.4004899578463322,-5.721500999428253e-05,0.0,,,,,,,,,,,,,
43.0,,,,,,,3,0.40054717285632646,0.39854549485114416,-0.0020016780051823058,0.0,,,,,,,,,,,,,
43.0,,,,,,,3,0.40054717285632646,0.3952964591102976,-0.005250713746028868,0.0,,,,,,,,,,,,,
43.0,,,,,,,3,0.40054717285632646,0.39724238505801657,-0.003304787798309894,0.0,,,,,,,,,,,,,
44.0,,,,,,,3,0.41788187494219775,0.4179646537262105,8.277878401274918e-05,1.0,,,,,,,,,,,,,
44.0,,,,,,,3,0.41788187494219775,0.41788999860363923,8.123661441483687e-06,1.0,,,,,,,,,,,,,
44.0,,,,,,,3,0.41788187494219775,0.4179685415728119,8.666663061412949e-05,1.0,,,,,,,,,,,,,
44.0,,,,,,,3,0.41788187494219775,0.4178810270934484,-8.478487493746023e-07,0.0,,,,,,,,,,,,,
44.0,,,,,,,3,0.41788187494219775,0.4127760317930364,-0.005105843149161349,0.0,,,,,,,,,,,,,
44.0,,,,,,,3,0.41788187494219775,0.4096755927172449,-0.008206282224952843,0.0,,,,,,,,,,,,,
44.0,,,,,,,3,0.41788187494219775,0.4181006980761269,0.00021882313392912467,1.0,,,,,,,,,,,,,
44.0,,,,,,,3,0.41788187494219775,0.41266985543712614,-0.005212019505071608,0.0,,,,,,,,,,,,,
44.0,,,,,,,3,0.41788187494219775,0.4178429498995977,-3.892504260005758e-05,0.0,,,,,,,,,,,,,
44.0,,,,,,,3,0.41788187494219775,0.41389997301592674,-0.003981901926271014,0.0,,,,,,,,,,,,,
44.0,,,,,,,3,0.41788187494219775,0.4178658396626711,-1.6035279526649404e-05,0.0,,,,,,,,,,,,,
44.0,,,,,,,3,0.41788187494219775,0.41651895531205807,-0.0013629196301396806,0.0,,,,,,,,,,,,,
45.0,,,,,,,3,0.47356674979124563,0.46960085540238644,-0.003965894388859192,0.0,,,,,,,,,,,,,
45.0,,,,,,,3,0.47356674979124563,0.46968700646974915,-0.003879743321496487,0.0,,,,,,,,,,,,,
45.0,,,,,,,3,0.47356674979124563,0.4733745717282878,-0.00019217806295784845,0.0,,,,,,,,,,,,,
45.0,,,,,,,3,0.47356674979124563,0.47347563441535023,-9.111537589540086e-05,0.0,,,,,,,,,,,,,
45.0,,,,,,,3,0.47356674979124563,0.4735047949587531,-6.195483249255007e-05,0.0,,,,,,,,,,,,,
45.0,,,,,,,3,0.47356674979124563,0.4713676807647077,-0.0021990690265379365,0.0,,,,,,,,,,,,,
45.0,,,,,,,3,0.47356674979124563,0.47343321615602774,-0.0001335336352178973,0.0,,,,,,,,,,,,,
45.0,,,,,,,3,0.47356674979124563,0.4673617915253741,-0.00620495826587153,0.0,,,,,,,,,,,,,
45.0,,,,,,,3,0.47356674979124563,0.47155439637432195,-0.0020123534169236845,0.0,,,,,,,,,,,,,
45.0,,,,,,,3,0.47356674979124563,0.4703221569721016,-0.003244592819144021,0.0,,,,,,,,,,,,,
45.0,,,,,,,3,0.47356674979124563,0.47046421963809293,-0.003102530153152705,0.0,,,,,,,,,,,,,
45.0,,,,,,,3,0.47356674979124563,0.4736186780099702,5.192821872457287e-05,1.0,,,,,,,,,,,,,
46.0,,,,,,,3,0.32496304289540745,0.3248882385195782,-7.480437582924049e-05,0.0,,,,,,,,,,,,,
46.0,,,,,,,3,0.32496304289540745,0.3210116342579042,-0.003951408637503262,0.0,,,,,,,,,,,,,
46.0,,,,,,,3,0.32496304289540745,0.32502671485687434,6.367196146689347e-05,1.0,,,,,,,,,,,,,
46.0,,,,,,,3,0.32496304289540745,0.3232662473577465,-0.0016967955376609445,0.0,,,,,,,,,,,,,
46.0,,,,,,,3,0.32496304289540745,0.32498573666879776,2.269377339031431e-05,1.0,,,,,,,,,,,,,
46.0,,,,,,,3,0.32496304289540745,0.3232360789021647,-0.001726963993242736,0.0,,,,,,,,,,,,,
46.0,,,,,,,3,0.32496304289540745,0.32391140857572537,-0.001051634319682082,0.0,,,,,,,,,,,,,
46.0,,,,,,,3,0.32496304289540745,0.32181303704004477,-0.003150005855362681,0.0,,,,,,,,,,,,,
46.0,,,,,,,3,0.32496304289540745,0.3249779443964149,1.4901501007469342e-05,1.0,,,,,,,,,,,,,
46.0,,,,,,,3,0.32496304289540745,0.3248789711891318,-8.407170627566796e-05,0.0,,,,,,,,,,,,,
46.0,,,,,,,3,0.32496304289540745,0.32498478303048645,2.174013507899586e-05,1.0,,,,,,,,,,,,,
46.0,,,,,,,3,0.32496304289540745,0.3249874306748254,2.4387779417933686e-05,1.0,,,,,,,,,,,,,
47.0,,,,,,,3,0.3822201605440243,0.3821907628169382,-2.939772708610011e-05,0.0,,,,,,,,,,,,,
47.0,,,,,,,3,0.3822201605440243,0.3795388374448444,-0.0026813230991798997,0.0,,,,,,,,,,,,,
47.0,,,,,,,3,0.3822201605440243,0.37917735481066045,-0.0030428057333638514,0.0,,,,,,,,,,,,,
47.0,,,,,,,3,0.3822201605440243,0.37921337050681636,-0.0030067900372079404,0.0,,,,,,,,,,,,,
47.0,,,,,,,3,0.3822201605440243,0.38147575808078055,-0.000744402463243754,0.0,,,,,,,,,,,,,
47.0,,,,,,,3,0.3822201605440243,0.3796776838028311,-0.002542476741193178,0.0,,,,,,,,,,,,,
47.0,,,,,,,3,0.3822201605440243,0.38210631842963005,-0.00011384211439424696,0.0,,,,,,,,,,,,,
47.0,,,,,,,3,0.3822201605440243,0.3811573014836843,-0.0010628590603399823,0.0,,,,,,,,,,,,,
47.0,,,,,,,3,0.3822201605440243,0.3826371742939324,0.0004170137499081017,1.0,,,,,,,,,,,,,
47.0,,,,,,,3,0.3822201605440243,0.37959190284063205,-0.002628257703392256,0.0,,,,,,,,,,,,,
47.0,,,,,,,3,0.3822201605440243,0.38043065180821384,-0.0017895087358104633,0.0,,,,,,,,,,,,,
47.0,,,,,,,3,0.3822201605440243,0.3772140689824008,-0.005006091561623516,0.0,,,,,,,,,,,,,
48.0,,,,,,,3,0.47266106065549895,0.47239483766886536,-0.0002662229866335908,0.0,,,,,,,,,,,,,
48.0,,,,,,,3,0.47266106065549895,0.4725947555360384,-6.63051194605413e-05,0.0,,,,,,,,,,,,,
48.0,,,,,,,3,0.47266106065549895,0.47265178928141166,-9.27137408729406e-06,0.0,,,,,,,,,,,,,
48.0,,,,,,,3,0.47266106065549895,0.472467468493445,-0.00019359216205394603,0.0,,,,,,,,,,,,,
48.0,,,,,,,3,0.47266106065549895,0.4698441885062386,-0.002816872149260352,0.0,,,,,,,,,,,,,
48.0,,,,,,,3,0.47266106065549895,0.4725881732213995,-7.288743409944454e-05,0.0,,,,,,,,,,,,,
48.0,,,,,,,3,0.47266106065549895,0.4726720014499234,1.0940794424429967e-05,1.0,,,,,,,,,,,,,
48.0,,,,,,,3,0.47266106065549895,0.47280030769129994,0.0001392470358009823,1.0,,,,,,,,,,,,,
48.0,,,,,,,3,0.47266106065549895,0.4724952800978858,-0.0001657805576131821,0.0,,,,,,,,,,,,,
48.0,,,,,,,3,0.47266106065549895,0.46789622032263267,-0.0047648403328662825,0.0,,,,,,,,,,,,,
48.0,,,,,,,3,0.47266106065549895,0.47118492780089477,-0.001476132854604184,0.0,,,,,,,,,,,,,
48.0,,,,,,,3,0.47266106065549895,0.47132816246676756,-0.0013328981887313907,0.0,,,,,,,,,,,,,
49.0,,,,,,,3,0.4469087455811472,0.4455377763772867,-0.0013709692038604837,0.0,,,,,,,,,,,,,
49.0,,,,,,,3,0.4469087455811472,0.44005835041521957,-0.006850395165927614,0.0,,,,,,,,,,,,,
49.0,,,,,,,3,0.4469087455811472,0.446910516799789,1.7712186418106235e-06,1.0,,,,,,,,,,,,,
49.0,,,,,,,3,0.4469087455811472,0.4403076110362224,-0.0066011345449247805,0.0,,,,,,,,,,,,,
49.0,,,,,,,3,0.4469087455811472,0.4455129450595196,-0.001395800521627577,0.0,,,,,,,,,,,,,
49.0,,,,,,,3,0.4469087455811472,0.44650461692901533,-0.0004041286521318521,0.0,,,,,,,,,,,,,
49.0,,,,,,,3,0.4469087455811472,0.44230283880926025,-0.004605906771886936,0.0,,,,,,,,,,,,,
49.0,,,,,,,3,0.4469087455811472,0.44688267048297786,-2.60750981693203e-05,0.0,,,,,,,,,,,,,
49.0,,,,,,,3,0.4469087455811472,0.4469565518472319,4.7806266084693405e-05,1.0,,,,,,,,,,,,,
49.0,,,,,,,3,0.4469087455811472,0.44707752771348014,0.00016878213233295636,1.0,,,,,,,,,,,,,
49.0,,,,,,,3,0.4469087455811472,0.4449628352250764,-0.0019459103560707791,0.0,,,,,,,,,,,,,
49.0,,,,,,,3,0.4469087455811472,0.446433430162203,-0.00047531541894418883,0.0,,,,,,,,,,,,,
50.0,,,,,,,3,0.454123458873551,0.45326028569324617,-0.0008631731803048215,0.0,,,,,,,,,,,,,
50.0,,,,,,,3,0.454123458873551,0.4533457134444015,-0.0007777454291494901,0.0,,,,,,,,,,,,,
50.0,,,,,,,3,0.454123458873551,0.4541260852015777,2.6263280267224687e-06,1.0,,,,,,,,,,,,,
50.0,,,,,,,3,0.454123458873551,0.45223699024908753,-0.0018864686244634554,0.0,,,,,,,,,,,,,
50.0,,,,,,,3,0.454123458873551,0.4540985138091858,-2.4945064365178293e-05,0.0,,,,,,,,,,,,,
50.0,,,,,,,3,0.454123458873551,0.4537790125617894,-0.0003444463117616148,0.0,,,,,,,,,,,,,
50.0,,,,,,,3,0.454123458873551,0.449709687230107,-0.0044137716434439755,0.0,,,,,,,,,,,,,
50.0,,,,,,,3,0.454123458873551,0.45435273243374014,0.00022927356018914713,1.0,,,,,,,,,,,,,
50.0,,,,,,,3,0.454123458873551,0.45216319414784006,-0.001960264725710925,0.0,,,,,,,,,,,,,
50.0,,,,,,,3,0.454123458873551,0.45252400954200056,-0.0015994493315504288,0.0,,,,,,,,,,,,,
50.0,,,,,,,3,0.454123458873551,0.4506688141080548,-0.003454644765496173,0.0,,,,,,,,,,,,,
50.0,,,,,,,3,0.454123458873551,0.4544581166859827,0.00033465781243169346,1.0,,,,,,,,,,,,,
51.0,,,,,,,3,0.5070582689998636,0.5071428315250095,8.456252514588147e-05,1.0,,,,,,,,,,,,,
51.0,,,,,,,3,0.5070582689998636,0.5016783676629538,-0.005379901336909798,0.0,,,,,,,,,,,,,
51.0,,,,,,,3,0.5070582689998636,0.5064668723148243,-0.0005913966850392693,0.0,,,,,,,,,,,,,
51.0,,,,,,,3,0.5070582689998636,0.5070195100841663,-3.875891569726786e-05,0.0,,,,,,,,,,,,,
51.0,,,,,,,3,0.5070582689998636,0.5070589611598277,6.921599641218634e-07,1.0,,,,,,,,,,,,,
51.0,,,,,,,3,0.5070582689998636,0.5071338706680698,7.56016682061933e-05,1.0,,,,,,,,,,,,,
51.0,,,,,,,3,0.5070582689998636,0.497662481048568,-0.009395787951295642,0.0,,,,,,,,,,,,,
51.0,,,,,,,3,0.5070582689998636,0.5059595445511431,-0.0010987244487205006,0.0,,,,,,,,,,,,,
51.0,,,,,,,3,0.5070582689998636,0.5074117518684071,0.00035348286854353095,1.0,,,,,,,,,,,,,
51.0,,,,,,,3,0.5070582689998636,0.5067987717114864,-0.00025949728837726393,0.0,,,,,,,,,,,,,
51.0,,,,,,,3,0.5070582689998636,0.5057518151086526,-0.001306453891210979,0.0,,,,,,,,,,,,,
51.0,,,,,,,3,0.5070582689998636,0.505108790414619,-0.001949478585244635,0.0,,,,,,,,,,,,,
52.0,,,,,,,3,0.4420638398618655,0.44199384381019846,-6.999605166702061e-05,0.0,,,,,,,,,,,,,
52.0,,,,,,,3,0.4420638398618655,0.43878468214873634,-0.003279157713129144,0.0,,,,,,,,,,,,,
52.0,,,,,,,3,0.4420638398618655,0.44082087711424817,-0.0012429627476173155,0.0,,,,,,,,,,,,,
52.0,,,,,,,3,0.4420638398618655,0.44090516274749775,-0.0011586771143677344,0.0,,,,,,,,,,,,,
52.0,,,,,,,3,0.4420638398618655,0.4419413651362541,-0.00012247472561138784,0.0,,,,,,,,,,,,,
52.0,,,,,,,3,0.4420638398618655,0.44209223150984894,2.8391647983461166e-05,1.0,,,,,,,,,,,,,
52.0,,,,,,,3,0.4420638398618655,0.4420792551523862,1.54152905207372e-05,1.0,,,,,,,,,,,,,
52.0,,,,,,,3,0.4420638398618655,0.43974320193131133,-0.002320637930554148,0.0,,,,,,,,,,,,,
52.0,,,,,,,3,0.4420638398618655,0.4420728281349415,8.988273075993813e-06,1.0,,,,,,,,,,,,,
52.0,,,,,,,3,0.4420638398618655,0.4420557303745867,-8.109487278806782e-06,0.0,,,,,,,,,,,,,
52.0,,,,,,,3,0.4420638398618655,0.4386281756845337,-0.0034356641773317653,0.0,,,,,,,,,,,,,
52.0,,,,,,,3,0.4420638398618655,0.44208973239024857,2.5892528383086866e-05,1.0,,,,,,,,,,,,,
53.0,,,,,,,3,0.4452975709157672,0.4451054194039544,-0.0001921515118127881,0.0,,,,,,,,,,,,,
53.0,,,,,,,3,0.4452975709157672,0.44059006538931084,-0.004707505526456379,0.0,,,,,,,,,,,,,
53.0,,,,,,,3,0.4452975709157672,0.4409974484057454,-0.00430012251002182,0.0,,,,,,,,,,,,,
53.0,,,,,,,3,0.4452975709157672,0.4430041068550177,-0.0022934640607495393,0.0,,,,,,,,,,,,,
53.0,,,,,,,3,0.4452975709157672,0.44484772955821456,-0.0004498413575526605,0.0,,,,,,,,,,,,,
53.0,,,,,,,3,0.4452975709157672,0.44216129232662804,-0.0031362785891391742,0.0,,,,,,,,,,,,,
53.0,,,,,,,3,0.4452975709157672,0.4453094790745843,1.190815881707552e-05,1.0,,,,,,,,,,,,,
53.0,,,,,,,3,0.4452975709157672,0.4451316543646502,-0.00016591655111702908,0.0,,,,,,,,,,,,,
53.0,,,,,,,3,0.4452975709157672,0.44526263774197783,-3.493317378938654e-05,0.0,,,,,,,,,,,,,
53.0,,,,,,,3,0.4452975709157672,0.44139380213879137,-0.0039037687769758467,0.0,,,,,,,,,,,,,
53.0,,,,,,,3,0.4452975709157672,0.44533764989749625,4.007898172903035e-05,1.0,,,,,,,,,,,,,
53.0,,,,,,,3,0.4452975709157672,0.44524670785469833,-5.0863061068884274e-05,0.0,,,,,,,,,,,,,
54.0,,,,,,,3,0.4384493583808642,0.43778410654103095,-0.0006652518398332363,0.0,,,,,,,,,,,,,
54.0,,,,,,,3,0.4384493583808642,0.43842579812606625,-2.356025479793855e-05,0.0,,,,,,,,,,,,,
54.0,,,,,,,3,0.4384493583808642,0.43847113043358044,2.1772052716251267e-05,1.0,,,,,,,,,,,,,
54.0,,,,,,,3,0.4384493583808642,0.4381045520335034,-0.0003448063473607821,0.0,,,,,,,,,,,,,
54.0,,,,,,,3,0.4384493583808642,0.43525157981939155,-0.0031977785614726306,0.0,,,,,,,,,,,,,
54.0,,,,,,,3,0.4384493583808642,0.43535733919269526,-0.0030920191881689263,0.0,,,,,,,,,,,,,
54.0,,,,,,,3,0.4384493583808642,0.4379099144818563,-0.0005394438990078965,0.0,,,,,,,,,,,,,
54.0,,,,,,,3,0.4384493583808642,0.4385207622119834,7.14038311191989e-05,1.0,,,,,,,,,,,,,
54.0,,,,,,,3,0.4384493583808642,0.43534054161392055,-0.003108816766943634,0.0,,,,,,,,,,,,,
54.0,,,,,,,3,0.4384493583808642,0.43850331874571474,5.396036485055822e-05,1.0,,,,,,,,,,,,,
54.0,,,,,,,3,0.4384493583808642,0.43738805705806894,-0.0010613013227952495,0.0,,,,,,,,,,,,,
54.0,,,,,,,3,0.4384493583808642,0.43800108902475865,-0.0004482693561055351,0.0,,,,,,,,,,,,,
55.0,,,,,,,3,0.5284001921464725,0.527610706966417,-0.0007894851800555047,0.0,,,,,,,,,,,,,
55.0,,,,,,,3,0.5284001921464725,0.527831663663878,-0.000568528482594477,0.0,,,,,,,,,,,,,
55.0,,,,,,,3,0.5284001921464725,0.525039169342561,-0.0033610228039114842,0.0,,,,,,,,,,,,,
55.0,,,,,,,3,0.5284001921464725,0.528430878347122,3.068620064949901e-05,1.0,,,,,,,,,,,,,
55.0,,,,,,,3,0.5284001921464725,0.5270242799922773,-0.0013759121541951913,0.0,,,,,,,,,,,,,
55.0,,,,,,,3,0.5284001921464725,0.5260337338385914,-0.0023664583078810697,0.0,,,,,,,,,,,,,
55.0,,,,,,,3,0.5284001921464725,0.52630701202136,-0.0020931801251125037,0.0,,,,,,,,,,,,,
55.0,,,,,,,3,0.5284001921464725,0.5282830210044539,-0.00011717114201859058,0.0,,,,,,,,,,,,,
55.0,,,,,,,3,0.5284001921464725,0.5284534868770621,5.329473058957035e-05,1.0,,,,,,,,,,,,,
55.0,,,,,,,3,0.5284001921464725,0.5240233101539282,-0.004376881992544268,0.0,,,,,,,,,,,,,
55.0,,,,,,,3,0.5284001921464725,0.5287903099382696,0.0003901177917970955,1.0,,,,,,,,,,,,,
55.0,,,,,,,3,0.5284001921464725,0.5285347635434454,0.00013457139697292675,1.0,,,,,,,,,,,,,
56.0,,,,,,,3,0.41817405565275384,0.4110045226752767,-0.007169532977477133,0.0,,,,,,,,,,,,,
56.0,,,,,,,3,0.41817405565275384,0.4182061413357422,3.2085682988347575e-05,1.0,,,,,,,,,,,,,
56.0,,,,,,,3,0.41817405565275384,0.4137786950283235,-0.004395360624430356,0.0,,,,,,,,,,,,,
56.0,,,,,,,3,0.41817405565275384,0.4152746062116667,-0.002899449441087165,0.0,,,,,,,,,,,,,
56.0,,,,,,,3,0.41817405565275384,0.4154352252881759,-0.002738830364577949,0.0,,,,,,,,,,,,,
56.0,,,,,,,3,0.41817405565275384,0.4180690848572162,-0.00010497079553761779,0.0,,,,,,,,,,,,,
56.0,,,,,,,3,0.41817405565275384,0.418191085052542,1.702939978814877e-05,1.0,,,,,,,,,,,,,
56.0,,,,,,,3,0.41817405565275384,0.41841780542483775,0.00024374977208391213,1.0,,,,,,,,,,,,,
56.0,,,,,,,3,0.41817405565275384,0.4155451587422918,-0.0026288969104620308,0.0,,,,,,,,,,,,,
56.0,,,,,,,3,0.41817405565275384,0.41825028672676695,7.623107401311113e-05,1.0,,,,,,,,,,,,,
56.0,,,,,,,3,0.41817405565275384,0.4128240522289726,-0.005350003423781224,0.0,,,,,,,,,,,,,
56.0,,,,,,,3,0.41817405565275384,0.4173930371379355,-0.0007810185148183213,0.0,,,,,,,,,,,,,
57.0,,,,,,,3,0.5228567505963762,0.5228413889411162,-1.5361655259948925e-05,0.0,,,,,,,,,,,,,
57.0,,,,,,,3,0.5228567505963762,0.519782255314851,-0.003074495281525147,0.0,,,,,,,,,,,,,
57.0,,,,,,,3,0.5228567505963762,0.5215699051349197,-0.0012868454614564095,0.0,,,,,,,,,,,,,
57.0,,,,,,,3,0.5228567505963762,0.5218116096928636,-0.001045140903512598,0.0,,,,,,,,,,,,,
57.0,,,,,,,3,0.5228567505963762,0.5212524985195525,-0.0016042520768236868,0.0,,,,,,,,,,,,,
57.0,,,,,,,3,0.5228567505963762,0.5230263872405972,0.00016963664422109392,1.0,,,,,,,,,,,,,
57.0,,,,,,,3,0.5228567505963762,0.5184933602658903,-0.004363390330485828,0.0,,,,,,,,,,,,,
57.0,,,,,,,3,0.5228567505963762,0.5203173465627247,-0.0025394040336514934,0.0,,,,,,,,,,,,,
57.0,,,,,,,3,0.5228567505963762,0.5229182082577739,6.145766139775688e-05,1.0,,,,,,,,,,,,,
57.0,,,,,,,3,0.5228567505963762,0.522939532508422,8.278191204580398e-05,1.0,,,,,,,,,,,,,
57.0,,,,,,,3,0.5228567505963762,0.5175880822590253,-0.005268668337350846,0.0,,,,,,,,,,,,,
57.0,,,,,,,3,0.5228567505963762,0.5213702141490099,-0.0014865364473662934,0.0,,,,,,,,,,,,,
58.0,,,,,,,3,0.40285844428210354,0.40289023050386025,3.1786221756702204e-05,1.0,,,,,,,,,,,,,
58.0,,,,,,,3,0.40285844428210354,0.3959855852914798,-0.006872858990623731,0.0,,,,,,,,,,,,,
58.0,,,,,,,3,0.40285844428210354,0.4015414331451623,-0.0013170111369412707,0.0,,,,,,,,,,,,,
58.0,,,,,,,3,0.40285844428210354,0.40259290281409826,-0.00026554146800528144,0.0,,,,,,,,,,,,,
58.0,,,,,,,3,0.40285844428210354,0.40094331965533964,-0.0019151246267639088,0.0,,,,,,,,,,,,,
58.0,,,,,,,3,0.40285844428210354,0.4028857484622571,2.7304180153564506e-05,1.0,,,,,,,,,,,,,
58.0,,,,,,,3,0.40285844428210354,0.40000940236986493,-0.0028490419122386146,0.0,,,,,,,,,,,,,
58.0,,,,,,,3,0.40285844428210354,0.4027804510124154,-7.799326968815912e-05,0.0,,,,,,,,,,,,,
58.0,,,,,,,3,0.40285844428210354,0.3984053742225736,-0.00445307005952994,0.0,,,,,,,,,,,,,
58.0,,,,,,,3,0.40285844428210354,0.4009483844097066,-0.001910059872396952,0.0,,,,,,,,,,,,,
58.0,,,,,,,3,0.40285844428210354,0.395613558305764,-0.0072448859763395435,0.0,,,,,,,,,,,,,
58.0,,,,,,,3,0.40285844428210354,0.40279749293052486,-6.0951351578686364e-05,0.0,,,,,,,,,,,,,
59.0,,,,,,,3,0.47568260607010276,0.47394791831978256,-0.0017346877503202074,0.0,,,,,,,,,,,,,
59.0,,,,,,,3,0.47568260607010276,0.47568986851279543,7.262442692668181e-06,1.0,,,,,,,,,,,,,
59.0,,,,,,,3,0.47568260607010276,0.4757485707131993,6.596464309654992e-05,1.0,,,,,,,,,,,,,
59.0,,,,,,,3,0.47568260607010276,0.475689428180245,6.822110142246096e-06,1.0,,,,,,,,,,,,,
59.0,,,,,,,3,0.47568260607010276,0.47570246613246686,1.9860062364096542e-05,1.0,,,,,,,,,,,,,
59.0,,,,,,,3,0.47568260607010276,0.4734911067062251,-0.0021914993638776914,0.0,,,,,,,,,,,,,
59.0,,,,,,,3,0.47568260607010276,0.46725856630436524,-0.008424039765737523,0.0,,,,,,,,,,,,,
59.0,,,,,,,3,0.47568260607010276,0.47567270105019394,-9.905019908829082e-06,0.0,,,,,,,,,,,,,
59.0,,,,,,,3,0.47568260607010276,0.4758860995457477,0.00020349347564491138,1.0,,,,,,,,,,,,,
59.0,,,,,,,3,0.47568260607010276,0.4739011228073324,-0.0017814832627703892,0.0,,,,,,,,,,,,,
59.0,,,,,,,3,0.47568260607010276,0.472343348672202,-0.0033392573979007523,0.0,,,,,,,,,,,,,
59.0,,,,,,,3,0.47568260607010276,0.47507549842228836,-0.0006071076478144088,0.0,,,,,,,,,,,,,
60.0,,,,,,,3,0.36716679603099184,0.36702216036532503,-0.00014463566566680353,0.0,,,,,,,,,,,,,
60.0,,,,,,,3,0.36716679603099184,0.36712636528947395,-4.043074151788284e-05,0.0,,,,,,,,,,,,,
60.0,,,,,,,3,0.36716679603099184,0.3671222784433986,-4.4517587593218e-05,0.0,,,,,,,,,,,,,
60.0,,,,,,,3,0.36716679603099184,0.36715123325156085,-1.5562779430988716e-05,0.0,,,,,,,,,,,,,
60.0,,,,,,,3,0.36716679603099184,0.36685196413776217,-0.0003148318932296723,0.0,,,,,,,,,,,,,
60.0,,,,,,,3,0.36716679603099184,0.3671287628076563,-3.8033223335565136e-05,0.0,,,,,,,,,,,,,
60.0,,,,,,,3,0.36716679603099184,0.3672149073225139,4.8111291522046074e-05,1.0,,,,,,,,,,,,,
60.0,,,,,,,3,0.36716679603099184,0.36717387254800843,7.076517016590955e-06,1.0,,,,,,,,,,,,,
60.0,,,,,,,3,0.36716679603099184,0.36737192029471416,0.00020512426372232273,1.0,,,,,,,,,,,,,
60.0,,,,,,,3,0.36716679603099184,0.3669609754467692,-0.00020582058422263794,0.0,,,,,,,,,,,,,
60.0,,,,,,,3,0.36716679603099184,0.3612657524204952,-0.005901043610496648,0.0,,,,,,,,,,,,,
60.0,,,,,,,3,0.36716679603099184,0.36199878011827774,-0.005168015912714097,0.0,,,,,,,,,,,,,
61.0,,,,,,,3,0.5200146322275777,0.5198440860051836,-0.00017054622239409678,0.0,,,,,,,,,,,,,
61.0,,,,,,,3,0.5200146322275777,0.5199222162113498,-9.241601622789197e-05,0.0,,,,,,,,,,,,,
61.0,,,,,,,3,0.5200146322275777,0.5203532846375398,0.00033865240996211465,1.0,,,,,,,,,,,,,
61.0,,,,,,,3,0.5200146322275777,0.5199255721226286,-8.906010494913463e-05,0.0,,,,,,,,,,,,,
61.0,,,,,,,3,0.5200146322275777,0.5114713687144118,-0.008543263513165922,0.0,,,,,,,,,,,,,
61.0,,,,,,,3,0.5200146322275777,0.5204871503241438,0.0004725180965661213,1.0,,,,,,,,,,,,,
61.0,,,,,,,3,0.5200146322275777,0.5134942302922714,-0.006520401935306341,0.0,,,,,,,,,,,,,
61.0,,,,,,,3,0.5200146322275777,0.5197199805607501,-0.0002946516668276278,0.0,,,,,,,,,,,,,
61.0,,,,,,,3,0.5200146322275777,0.5186268977687118,-0.0013877344588658636,0.0,,,,,,,,,,,,,
61.0,,,,,,,3,0.5200146322275777,0.5201820139223619,0.0001673816947841411,1.0,,,,,,,,,,,,,
61.0,,,,,,,3,0.5200146322275777,0.5151025820305395,-0.00491205019703822,0.0,,,,,,,,,,,,,
61.0,,,,,,,3,0.5200146322275777,0.520042616272953,2.798404537529553e-05,1.0,,,,,,,,,,,,,
62.0,,,,,,,3,0.46227719519788113,0.46227492088105093,-2.2743168301975203e-06,0.0,,,,,,,,,,,,,
62.0,,,,,,,3,0.46227719519788113,0.459526298647896,-0.0027508965499851157,0.0,,,,,,,,,,,,,
62.0,,,,,,,3,0.46227719519788113,0.46184480249612725,-0.0004323927017538809,0.0,,,,,,,,,,,,,
62.0,,,,,,,3,0.46227719519788113,0.4623053886148177,2.819341693655053e-05,1.0,,,,,,,,,,,,,
62.0,,,,,,,3,0.46227719519788113,0.4578181965733786,-0.004458998624502553,0.0,,,,,,,,,,,,,
62.0,,,,,,,3,0.46227719519788113,0.46223940706737027,-3.778813051086294e-05,0.0,,,,,,,,,,,,,
62.0,,,,,,,3,0.46227719519788113,0.4626523269311136,0.00037513173323244775,1.0,,,,,,,,,,,,,
62.0,,,,,,,3,0.46227719519788113,0.45918837901355425,-0.0030888161843268813,0.0,,,,,,,,,,,,,
62.0,,,,,,,3,0.46227719519788113,0.4621443451353794,-0.0001328500625017437,0.0,,,,,,,,,,,,,
62.0,,,,,,,3,0.46227719519788113,0.4627425096108293,0.0004653144129481701,1.0,,,,,,,,,,,,,
62.0,,,,,,,3,0.46227719519788113,0.462545349031407,0.00026815383352585265,1.0,,,,,,,,,,,,,
62.0,,,,,,,3,0.46227719519788113,0.4623436385077539,6.64433098727657e-05,1.0,,,,,,,,,,,,,
63.0,,,,,,,3,0.4635628387620735,0.4634930147017389,-6.982406033456678e-05,0.0,,,,,,,,,,,,,
63.0,,,,,,,3,0.4635628387620735,0.45602098312212547,-0.007541855639948025,0.0,,,,,,,,,,,,,
63.0,,,,,,,3,0.4635628387620735,0.4634362146663752,-0.00012662409569830224,0.0,,,,,,,,,,,,,
63.0,,,,,,,3,0.4635628387620735,0.46249251444250244,-0.0010703243195710477,0.0,,,,,,,,,,,,,
63.0,,,,,,,3,0.4635628387620735,0.4630313010193356,-0.0005315377427378976,0.0,,,,,,,,,,,,,
63.0,,,,,,,3,0.4635628387620735,0.45948642429933,-0.004076414462743483,0.0,,,,,,,,,,,,,
63.0,,,,,,,3,0.4635628387620735,0.46359389027214043,3.1051510066937293e-05,1.0,,,,,,,,,,,,,
63.0,,,,,,,3,0.4635628387620735,0.4633971244287206,-0.00016571433335288432,0.0,,,,,,,,,,,,,
63.0,,,,,,,3,0.4635628387620735,0.45446879786245536,-0.009094040899618128,0.0,,,,,,,,,,,,,
63.0,,,,,,,3,0.4635628387620735,0.4637057206086739,0.0001428818466003845,1.0,,,,,,,,,,,,,
63.0,,,,,,,3,0.4635628387620735,0.46032247222766326,-0.003240366534410233,0.0,,,,,,,,,,,,,
63.0,,,,,,,3,0.4635628387620735,0.4635052480944068,-5.759066766669596e-05,0.0,,,,,,,,,,,,,
64.0,,,,,,,3,0.3823233864896741,0.38220557306441216,-0.00011781342526195893,0.0,,,,,,,,,,,,,
64.0,,,,,,,3,0.3823233864896741,0.38029153270595756,-0.002031853783716564,0.0,,,,,,,,,,,,,
64.0,,,,,,,3,0.3823233864896741,0.3819972692567914,-0.00032611723288272776,0.0,,,,,,,,,,,,,
64.0,,,,,,,3,0.3823233864896741,0.38221404633230743,-0.00010934015736668856,0.0,,,,,,,,,,,,,
64.0,,,,,,,3,0.3823233864896741,0.38221003101886636,-0.00011335547080776331,0.0,,,,,,,,,,,,,
64.0,,,,,,,3,0.3823233864896741,0.3825464426170883,0.00022305612741418956,1.0,,,,,,,,,,,,,
64.0,,,,,,,3,0.3823233864896741,0.382413935221531,9.054873185687651e-05,1.0,,,,,,,,,,,,,
64.0,,,,,,,3,0.3823233864896741,0.3826063696460384,0.0002829831563642693,1.0,,,,,,,,,,,,,
64.0,,,,,,,3,0.3823233864896741,0.3821366513422529,-0.00018673514742123531,0.0,,,,,,,,,,,,,
64.0,,,,,,,3,0.3823233864896741,0.38240302100023266,7.963451055853499e-05,1.0,,,,,,,,,,,,,
64.0,,,,,,,3,0.3823233864896741,0.3819017880171896,-0.000421598472484519,0.0,,,,,,,,,,,,,
64.0,,,,,,,3,0.3823233864896741,0.37665093555732987,-0.005672450932344253,0.0,,,,,,,,,,,,,
65.0,,,,,,,3,0.47894162119696393,0.47430091317393835,-0.004640708023025575,0.0,,,,,,,,,,,,,
65.0,,,,,,,3,0.47894162119696393,0.47906269072564256,0.00012106952867863008,1.0,,,,,,,,,,,,,
65.0,,,,,,,3,0.47894162119696393,0.47898587794160236,4.425674463842677e-05,1.0,,,,,,,,,,,,,
65.0,,,,,,,3,0.47894162119696393,0.4755184078092489,-0.0034232133877150073,0.0,,,,,,,,,,,,,
65.0,,,,,,,3,0.47894162119696393,0.4775778569631124,-0.0013637642338515388,0.0,,,,,,,,,,,,,
65.0,,,,,,,3,0.47894162119696393,0.4788880782500916,-5.354294687232031e-05,0.0,,,,,,,,,,,,,
65.0,,,,,,,3,0.47894162119696393,0.4779564504635451,-0.0009851707334188053,0.0,,,,,,,,,,,,,
65.0,,,,,,,3,0.47894162119696393,0.47904981609534353,0.00010819489837959884,1.0,,,,,,,,,,,,,
65.0,,,,,,,3,0.47894162119696393,0.4789042593239495,-3.736187301445204e-05,0.0,,,,,,,,,,,,,
65.0,,,,,,,3,0.47894162119696393,0.4731927769021228,-0.005748844294841127,0.0,,,,,,,,,,,,,
65.0,,,,,,,3,0.47894162119696393,0.4793762482933666,0.0004346270964026844,1.0,,,,,,,,,,,,,
65.0,,,,,,,3,0.47894162119696393,0.4745330656651104,-0.004408555531853542,0.0,,,,,,,,,,,,,
66.0,,,,,,,3,0.4857793030346579,0.4858049192502475,2.5616215589607805e-05,1.0,,,,,,,,,,,,,
66.0,,,,,,,3,0.4857793030346579,0.4857872830589543,7.980024296416754e-06,1.0,,,,,,,,,,,,,
66.0,,,,,,,3,0.4857793030346579,0.4848933103811566,-0.0008859926535013107,0.0,,,,,,,,,,,,,
66.0,,,,,,,3,0.4857793030346579,0.48563467741568267,-0.00014462561897521375,0.0,,,,,,,,,,,,,
66.0,,,,,,,3,0.4857793030346579,0.4842172019000767,-0.001562101134581162,0.0,,,,,,,,,,,,,
66.0,,,,,,,3,0.4857793030346579,0.4848663219352663,-0.0009129810993915854,0.0,,,,,,,,,,,,,
66.0,,,,,,,3,0.4857793030346579,0.48575107403960616,-2.8228995051726713e-05,0.0,,,,,,,,,,,,,
66.0,,,,,,,3,0.4857793030346579,0.48578771624245365,8.413207795765487e-06,1.0,,,,,,,,,,,,,
66.0,,,,,,,3,0.4857793030346579,0.48368704972704674,-0.002092253307611147,0.0,,,,,,,,,,,,,
66.0,,,,,,,3,0.4857793030346579,0.48572391201195714,-5.539102270074592e-05,0.0,,,,,,,,,,,,,
66.0,,,,,,,3,0.4857793030346579,0.4834294551339562,-0.002349847900701696,0.0,,,,,,,,,,,,,
66.0,,,,,,,3,0.4857793030346579,0.48491014583652103,-0.0008691571981368496,0.0,,,,,,,,,,,,,
67.0,,,,,,,3,0.4310849536004315,0.42700494217643736,-0.004080011423994112,0.0,,,,,,,,,,,,,
67.0,,,,,,,3,0.4310849536004315,0.43108902345023514,4.069849803667314e-06,1.0,,,,,,,,,,,,,
67.0,,,,,,,3,0.4310849536004315,0.43080556030027256,-0.0002793933001589144,0.0,,,,,,,,,,,,,
67.0,,,,,,,3,0.4310849536004315,0.4294314785864233,-0.0016534750140081989,0.0,,,,,,,,,,,,,
67.0,,,,,,,3,0.4310849536004315,0.43086458161373364,-0.00022037198669783153,0.0,,,,,,,,,,,,,
67.0,,,,,,,3,0.4310849536004315,0.4280543954819424,-0.0030305581184890684,0.0,,,,,,,,,,,,,
67.0,,,,,,,3,0.4310849536004315,0.43012211193129923,-0.0009628416691322417,0.0,,,,,,,,,,,,,
67.0,,,,,,,3,0.4310849536004315,0.428491858923836,-0.0025930946765954643,0.0,,,,,,,,,,,,,
67.0,,,,,,,3,0.4310849536004315,0.4282106962894506,-0.002874257310980899,0.0,,,,,,,,,,,,,
67.0,,,,,,,3,0.4310849536004315,0.43090022124359206,-0.00018473235683941214,0.0,,,,,,,,,,,,,
67.0,,,,,,,3,0.4310849536004315,0.4310903367005755,5.383100144029651e-06,1.0,,,,,,,,,,,,,
67.0,,,,,,,3,0.4310849536004315,0.43135102743793013,0.0002660738374986593,1.0,,,,,,,,,,,,,
68.0,,,,,,,3,0.4736748545306832,0.47374031676992867,6.54622392454729e-05,1.0,,,,,,,,,,,,,
68.0,,,,,,,3,0.4736748545306832,0.47367759295734463,2.7384266614305375e-06,1.0,,,,,,,,,,,,,
68.0,,,,,,,3,0.4736748545306832,0.47366207985446807,-1.2774676215132619e-05,0.0,,,,,,,,,,,,,
68.0,,,,,,,3,0.4736748545306832,0.47200702645180376,-0.0016678280788794408,0.0,,,,,,,,,,,,,
68.0,,,,,,,3,0.4736748545306832,0.4735852225779994,-8.963195268379964e-05,0.0,,,,,,,,,,,,,
68.0,,,,,,,3,0.4736748545306832,0.47234360006583975,-0.0013312544648434455,0.0,,,,,,,,,,,,,
68.0,,,,,,,3,0.4736748545306832,0.4736287607714536,-4.609375922959291e-05,0.0,,,,,,,,,,,,,
68.0,,,,,,,3,0.4736748545306832,0.47372779199747167,5.293746678847189e-05,1.0,,,,,,,,,,,,,
68.0,,,,,,,3,0.4736748545306832,0.47016576902572055,-0.00350908550496265,0.0,,,,,,,,,,,,,
68.0,,,,,,,3,0.4736748545306832,0.47366989396206555,-4.960568617651262e-06,0.0,,,,,,,,,,,,,
68.0,,,,,,,3,0.4736748545306832,0.4713551102146533,-0.0023197443160298814,0.0,,,,,,,,,,,,,
68.0,,,,,,,3,0.4736748545306832,0.47335163236608946,-0.0003232221645937394,0.0,,,,,,,,,,,,,
69.0,,,,,,,3,0.33657586690644176,0.335705083558961,-0.0008707833474807525,0.0,,,,,,,,,,,,,
69.0,,,,,,,3,0.33657586690644176,0.3336652117188569,-0.0029106551875848763,0.0,,,,,,,,,,,,,
69.0,,,,,,,3,0.33657586690644176,0.33304273974646603,-0.003533127159975724,0.0,,,,,,,,,,,,,
69.0,,,,,,,3,0.33657586690644176,0.3365033483960779,-7.251851036388368e-05,0.0,,,,,,,,,,,,,
69.0,,,,,,,3,0.33657586690644176,0.3364800239368846,-9.584296955716942e-05,0.0,,,,,,,,,,,,,
69.0,,,,,,,3,0.33657586690644176,0.3321329101379518,-0.004442956768489936,0.0,,,,,,,,,,,,,
69.0,,,,,,,3,0.33657586690644176,0.3365191301166129,-5.673678982887065e-05,0.0,,,,,,,,,,,,,
69.0,,,,,,,3,0.33657586690644176,0.3319053463830211,-0.0046705205234206515,0.0,,,,,,,,,,,,,
69.0,,,,,,,3,0.33657586690644176,0.33667658720325705,0.00010072029681529315,1.0,,,,,,,,,,,,,
69.0,,,,,,,3,0.33657586690644176,0.3367906636042166,0.000214796697774855,1.0,,,,,,,,,,,,,
69.0,,,,,,,3,0.33657586690644176,0.33494899109752807,-0.0016268758089136859,0.0,,,,,,,,,,,,,
69.0,,,,,,,3,0.33657586690644176,0.33468203375951444,-0.001893833146927315,0.0,,,,,,,,,,,,,
70.0,,,,,,,3,0.4187349978837342,0.41679667296181355,-0.0019383249219206422,0.0,,,,,,,,,,,,,
70.0,,,,,,,3,0.4187349978837342,0.4192347118768304,0.0004997139930962291,1.0,,,,,,,,,,,,,
70.0,,,,,,,3,0.4187349978837342,0.41887179903983796,0.00013680115610376076,1.0,,,,,,,,,,,,,
70.0,,,,,,,3,0.4187349978837342,0.418752620702631,1.7622818896778636e-05,1.0,,,,,,,,,,,,,
70.0,,,,,,,3,0.4187349978837342,0.4187667677007719,3.1769817037730075e-05,1.0,,,,,,,,,,,,,
70.0,,,,,,,3,0.4187349978837342,0.41890047856736795,0.00016548068363375634,1.0,,,,,,,,,,,,,
70.0,,,,,,,3,0.4187349978837342,0.418588403387484,-0.00014659449625020748,0.0,,,,,,,,,,,,,
70.0,,,,,,,3,0.4187349978837342,0.4151280870414657,-0.003606910842268496,0.0,,,,,,,,,,,,,
70.0,,,,,,,3,0.4187349978837342,0.41898369339096536,0.00024869550723116696,1.0,,,,,,,,,,,,,
70.0,,,,,,,3,0.4187349978837342,0.4187696926433763,3.469475964212876e-05,1.0,,,,,,,,,,,,,
70.0,,,,,,,3,0.4187349978837342,0.4131886921467131,-0.005546305737021084,0.0,,,,,,,,,,,,,
70.0,,,,,,,3,0.4187349978837342,0.4187421084295914,7.110545857225148e-06,1.0,,,,,,,,,,,,,
71.0,,,,,,,3,0.46435859525614426,0.4644760060203551,0.00011741076421084573,1.0,,,,,,,,,,,,,
71.0,,,,,,,3,0.46435859525614426,0.4644321146746165,7.351941847222321e-05,1.0,,,,,,,,,,,,,
71.0,,,,,,,3,0.46435859525614426,0.4643738049016296,1.5209645485347867e-05,1.0,,,,,,,,,,,,,
71.0,,,,,,,3,0.46435859525614426,0.4640293583064266,-0.0003292369497176484,0.0,,,,,,,,,,,,,
71.0,,,,,,,3,0.46435859525614426,0.46410479390314247,-0.0002538013530017924,0.0,,,,,,,,,,,,,
71.0,,,,,,,3,0.46435859525614426,0.4644571033447714,9.850808862715832e-05,1.0,,,,,,,,,,,,,
71.0,,,,,,,3,0.46435859525614426,0.4619986270523442,-0.002359968203800078,0.0,,,,,,,,,,,,,
71.0,,,,,,,3,0.46435859525614426,0.46467385887255774,0.0003152636164134859,1.0,,,,,,,,,,,,,
71.0,,,,,,,3,0.46435859525614426,0.4622916013803849,-0.002066993875759371,0.0,,,,,,,,,,,,,
71.0,,,,,,,3,0.46435859525614426,0.4616630595601236,-0.0026955356960206567,0.0,,,,,,,,,,,,,
71.0,,,,,,,3,0.46435859525614426,0.46254816005228405,-0.0018104352038602056,0.0,,,,,,,,,,,,,
71.0,,,,,,,3,0.46435859525614426,0.4639311015103434,-0.0004274937458008665,0.0,,,,,,,,,,,,,
72.0,,,,,,,3,0.4647871047306574,0.4625353916268871,-0.0022517131037702587,0.0,,,,,,,,,,,,,
72.0,,,,,,,3,0.4647871047306574,0.462013341892935,-0.002773762837722349,0.0,,,,,,,,,,,,,
72.0,,,,,,,3,0.4647871047306574,0.4612533671301161,-0.0035337376005412646,0.0,,,,,,,,,,,,,
72.0,,,,,,,3,0.4647871047306574,0.4610714147387152,-0.0037156899919421615,0.0,,,,,,,,,,,,,
72.0,,,,,,,3,0.4647871047306574,0.46460016163771123,-0.00018694309294614575,0.0,,,,,,,,,,,,,
72.0,,,,,,,3,0.4647871047306574,0.46476104548510083,-2.6059245556542265e-05,0.0,,,,,,,,,,,,,
72.0,,,,,,,3,0.4647871047306574,0.46479015592449757,3.051193840197808e-06,1.0,,,,,,,,,,,,,
72.0,,,,,,,3,0.4647871047306574,0.4647661519906743,-2.0952739983093327e-05,0.0,,,,,,,,,,,,,
72.0,,,,,,,3,0.4647871047306574,0.4617325875708991,-0.0030545171597582965,0.0,,,,,,,,,,,,,
72.0,,,,,,,3,0.4647871047306574,0.4648216497875398,3.454505688244014e-05,1.0,,,,,,,,,,,,,
72.0,,,,,,,3,0.4647871047306574,0.46280735315994537,-0.0019797515707120072,0.0,,,,,,,,,,,,,
72.0,,,,,,,3,0.4647871047306574,0.4647984584793766,1.1353748719244994e-05,1.0,,,,,,,,,,,,,
73.0,,,,,,,3,0.4651460923459129,0.46483842028483696,-0.0003076720610759587,0.0,,,,,,,,,,,,,
73.0,,,,,,,3,0.4651460923459129,0.46156949674566006,-0.003576595600252863,0.0,,,,,,,,,,,,,
73.0,,,,,,,3,0.4651460923459129,0.46495408692221796,-0.0001920054236949631,0.0,,,,,,,,,,,,,
73.0,,,,,,,3,0.4651460923459129,0.4628341218691384,-0.0023119704767745053,0.0,,,,,,,,,,,,,
73.0,,,,,,,3,0.4651460923459129,0.4631486307616493,-0.0019974615842636156,0.0,,,,,,,,,,,,,
73.0,,,,,,,3,0.4651460923459129,0.4649923258264184,-0.0001537665194945026,0.0,,,,,,,,,,,,,
73.0,,,,,,,3,0.4651460923459129,0.46483446938443984,-0.0003116229614730792,0.0,,,,,,,,,,,,,
73.0,,,,,,,3,0.4651460923459129,0.4652245022621022,7.84099161892926e-05,1.0,,,,,,,,,,,,,
73.0,,,,,,,3,0.4651460923459129,0.4637326462351527,-0.0014134461107602192,0.0,,,,,,,,,,,,,
73.0,,,,,,,3,0.4651460923459129,0.4629173230340292,-0.002228769311883705,0.0,,,,,,,,,,,,,
73.0,,,,,,,3,0.4651460923459129,0.4653684341237643,0.00022234177785135367,1.0,,,,,,,,,,,,,
73.0,,,,,,,3,0.4651460923459129,0.4651467455861328,6.532402198611287e-07,1.0,,,,,,,,,,,,,
74.0,,,,,,,3,0.4865132203080606,0.4864225061919185,-9.071411614208769e-05,0.0,,,,,,,,,,,,,
74.0,,,,,,,3,0.4865132203080606,0.4865698641779857,5.664386992509929e-05,1.0,,,,,,,,,,,,,
74.0,,,,,,,3,0.4865132203080606,0.48437269578167325,-0.002140524526387355,0.0,,,,,,,,,,,,,
74.0,,,,,,,3,0.4865132203080606,0.47932212046467615,-0.007191099843384452,0.0,,,,,,,,,,,,,
74.0,,,,,,,3,0.4865132203080606,0.4853960246368603,-0.0011171956712002773,0.0,,,,,,,,,,,,,
74.0,,,,,,,3,0.4865132203080606,0.48613947740679897,-0.0003737429012616311,0.0,,,,,,,,,,,,,
74.0,,,,,,,3,0.4865132203080606,0.4813257873782539,-0.0051874329298067234,0.0,,,,,,,,,,,,,
74.0,,,,,,,3,0.4865132203080606,0.4864503034845505,-6.29168235101174e-05,0.0,,,,,,,,,,,,,
74.0,,,,,,,3,0.4865132203080606,0.48651766097422905,4.440666168448182e-06,1.0,,,,,,,,,,,,,
74.0,,,,,,,3,0.4865132203080606,0.4866489949177959,0.0001357746097352952,1.0,,,,,,,,,,,,,
74.0,,,,,,,3,0.4865132203080606,0.4865136282787807,4.07970720095463e-07,1.0,,,,,,,,,,,,,
74.0,,,,,,,3,0.4865132203080606,0.48623707864367455,-0.0002761416643860537,0.0,,,,,,,,,,,,,
75.0,,,,,,,3,0.6025174756285964,0.5922414220791125,-0.01027605354948391,0.0,,,,,,,,,,,,,
75.0,,,,,,,3,0.6025174756285964,0.6030035774722233,0.0004861018436269626,1.0,,,,,,,,,,,,,
75.0,,,,,,,3,0.6025174756285964,0.602844345033862,0.00032686940526560626,1.0,,,,,,,,,,,,,
75.0,,,,,,,3,0.6025174756285964,0.6021842436601442,-0.0003332319684521412,0.0,,,,,,,,,,,,,
75.0,,,,,,,3,0.6025174756285964,0.601481592376938,-0.001035883251658376,0.0,,,,,,,,,,,,,
75.0,,,,,,,3,0.6025174756285964,0.6011169935275726,-0.0014004821010237256,0.0,,,,,,,,,,,,,
75.0,,,,,,,3,0.6025174756285964,0.6022406601893515,-0.0002768154392448485,0.0,,,,,,,,,,,,,
75.0,,,,,,,3,0.6025174756285964,0.6026355885752885,0.00011811294669217265,1.0,,,,,,,,,,,,,
75.0,,,,,,,3,0.6025174756285964,0.600964528200943,-0.0015529474276533284,0.0,,,,,,,,,,,,,
75.0,,,,,,,3,0.6025174756285964,0.6022838208503951,-0.00023365477820125324,0.0,,,,,,,,,,,,,
75.0,,,,,,,3,0.6025174756285964,0.602492888968241,-2.458666035531909e-05,0.0,,,,,,,,,,,,,
75.0,,,,,,,3,0.6025174756285964,0.6024134707224479,-0.00010400490614848046,0.0,,,,,,,,,,,,,
76.0,,,,,,,3,0.4691790365083504,0.46891936474795165,-0.00025967176039876083,0.0,,,,,,,,,,,,,
76.0,,,,,,,3,0.4691790365083504,0.46828740744121,-0.0008916290671404092,0.0,,,,,,,,,,,,,
76.0,,,,,,,3,0.4691790365083504,0.46426700428396983,-0.00491203222438058,0.0,,,,,,,,,,,,,
76.0,,,,,,,3,0.4691790365083504,0.4683518529147558,-0.000827183593594627,0.0,,,,,,,,,,,,,
76.0,,,,,,,3,0.4691790365083504,0.46838253325102425,-0.0007965032573261643,0.0,,,,,,,,,,,,,
76.0,,,,,,,3,0.4691790365083504,0.46917433191223795,-4.704596112459214e-06,0.0,,,,,,,,,,,,,
76.0,,,,,,,3,0.4691790365083504,0.46873748049621694,-0.0004415560121334705,0.0,,,,,,,,,,,,,
76.0,,,,,,,3,0.4691790365083504,0.46911482402262344,-6.421248572696658e-05,0.0,,,,,,,,,,,,,
76.0,,,,,,,3,0.4691790365083504,0.466387112279503,-0.0027919242288473867,0.0,,,,,,,,,,,,,
76.0,,,,,,,3,0.4691790365083504,0.4684530242596387,-0.000726012248711716,0.0,,,,,,,,,,,,,
76.0,,,,,,,3,0.4691790365083504,0.4641986986888462,-0.004980337819504188,0.0,,,,,,,,,,,,,
76.0,,,,,,,3,0.4691790365083504,0.4672663131404079,-0.0019127233679425149,0.0,,,,,,,,,,,,,
77.0,,,,,,,3,0.40115361590275617,0.4002779267160218,-0.000875689186734363,0.0,,,,,,,,,,,,,
77.0,,,,,,,3,0.40115361590275617,0.40121437847397284,6.076257121667705e-05,1.0,,,,,,,,,,,,,
77.0,,,,,,,3,0.40115361590275617,0.40116158632457316,7.970421816994033e-06,1.0,,,,,,,,,,,,,
77.0,,,,,,,3,0.40115361590275617,0.4011998467695048,4.623086674865329e-05,1.0,,,,,,,,,,,,,
77.0,,,,,,,3,0.40115361590275617,0.40065207685369925,-0.0005015390490569205,0.0,,,,,,,,,,,,,
77.0,,,,,,,3,0.40115361590275617,0.401196399559584,4.278365682786056e-05,1.0,,,,,,,,,,,,,
77.0,,,,,,,3,0.40115361590275617,0.40170642497984194,0.0005528090770857697,1.0,,,,,,,,,,,,,
77.0,,,,,,,3,0.40115361590275617,0.3974028369910474,-0.003750778911708774,0.0,,,,,,,,,,,,,
77.0,,,,,,,3,0.40115361590275617,0.3969961956769698,-0.004157420225786357,0.0,,,,,,,,,,,,,
77.0,,,,,,,3,0.40115361590275617,0.3988523198825243,-0.00230129602023188,0.0,,,,,,,,,,,,,
77.0,,,,,,,3,0.40115361590275617,0.4010904389470325,-6.3176955723665e-05,0.0,,,,,,,,,,,,,
77.0,,,,,,,3,0.40115361590275617,0.4003148724294365,-0.0008387434733196919,0.0,,,,,,,,,,,,,
78.0,,,,,,,3,0.5326967850538816,0.5321381369741526,-0.0005586480797290516,0.0,,,,,,,,,,,,,
78.0,,,,,,,3,0.5326967850538816,0.532673427483314,-2.33575705675948e-05,0.0,,,,,,,,,,,,,
78.0,,,,,,,3,0.5326967850538816,0.5327360218038315,3.9236749949878025e-05,1.0,,,,,,,,,,,,,
78.0,,,,,,,3,0.5326967850538816,0.5326702290299877,-2.6556023893897773e-05,0.0,,,,,,,,,,,,,
78.0,,,,,,,3,0.5326967850538816,0.5324296553843068,-0.0002671296695748726,0.0,,,,,,,,,,,,,
78.0,,,,,,,3,0.5326967850538816,0.5328108403787017,0.00011405532482011704,1.0,,,,,,,,,,,,,
78.0,,,,,,,3,0.5326967850538816,0.5326391528587426,-5.7632195138990205e-05,0.0,,,,,,,,,,,,,
78.0,,,,,,,3,0.5326967850538816,0.532649914206183,-4.687084769861016e-05,0.0,,,,,,,,,,,,,
78.0,,,,,,,3,0.5326967850538816,0.5325869080910981,-0.00010987696278352832,0.0,,,,,,,,,,,,,
78.0,,,,,,,3,0.5326967850538816,0.5331723648006916,0.0004755797468100065,1.0,,,,,,,,,,,,,
78.0,,,,,,,3,0.5326967850538816,0.5310057325728161,-0.0016910524810654914,0.0,,,,,,,,,,,,,
78.0,,,,,,,3,0.5326967850538816,0.5322865190034186,-0.0004102660504630151,0.0,,,,,,,,,,,,,
79.0,,,,,,,3,0.43876750958724353,0.4385349964708713,-0.00023251311637223493,0.0,,,,,,,,,,,,,
79.0,,,,,,,3,0.43876750958724353,0.4361878658323699,-0.0025796437548736284,0.0,,,,,,,,,,,,,
79.0,,,,,,,3,0.43876750958724353,0.4387652626447408,-2.246942502726057e-06,0.0,,,,,,,,,,,,,
79.0,,,,,,,3,0.43876750958724353,0.4368515461495279,-0.0019159634377156065,0.0,,,,,,,,,,,,,
79.0,,,,,,,3,0.43876750958724353,0.43859970513355856,-0.0001678044536849721,0.0,,,,,,,,,,,,,
79.0,,,,,,,3,0.43876750958724353,0.43852307032859567,-0.0002444392586478661,0.0,,,,,,,,,,,,,
79.0,,,,,,,3,0.43876750958724353,0.4387639848490774,-3.5247381661163146e-06,0.0,,,,,,,,,,,,,
79.0,,,,,,,3,0.43876750958724353,0.4356152513190703,-0.0031522582681732247,0.0,,,,,,,,,,,,,
79.0,,,,,,,3,0.43876750958724353,0.43846254931952633,-0.0003049602677172025,0.0,,,,,,,,,,,,,
79.0,,,,,,,3,0.43876750958724353,0.4387794985299214,1.1988942677843006e-05,1.0,,,,,,,,,,,,,
79.0,,,,,,,3,0.43876750958724353,0.4387119224778953,-5.5587109348220753e-05,0.0,,,,,,,,,,,,,
79.0,,,,,,,3,0.43876750958724353,0.4387247837151935,-4.2725872050008995e-05,0.0,,,,,,,,,,,,,
80.0,,,,,,,3,0.4942603232992341,0.49436112092390755,0.00010079762467346542,1.0,,,,,,,,,,,,,
80.0,,,,,,,3,0.4942603232992341,0.49409843770125855,-0.0001618855979755307,0.0,,,,,,,,,,,,,
80.0,,,,,,,3,0.4942603232992341,0.49367454347822015,-0.000585779821013932,0.0,,,,,,,,,,,,,
80.0,,,,,,,3,0.4942603232992341,0.4920242462592805,-0.002236077039953599,0.0,,,,,,,,,,,,,
80.0,,,,,,,3,0.4942603232992341,0.4886036832836483,-0.005656640015585801,0.0,,,,,,,,,,,,,
80.0,,,,,,,3,0.4942603232992341,0.4928328877626816,-0.0014274355365525015,0.0,,,,,,,,,,,,,
80.0,,,,,,,3,0.4942603232992341,0.49417538123530674,-8.494206392734016e-05,0.0,,,,,,,,,,,,,
80.0,,,,,,,3,0.4942603232992341,0.4943383607592775,7.803746004342305e-05,1.0,,,,,,,,,,,,,
80.0,,,,,,,3,0.4942603232992341,0.49414848022116553,-0.00011184307806855198,0.0,,,,,,,,,,,,,
80.0,,,,,,,3,0.4942603232992341,0.49422835670132503,-3.196659790904999e-05,0.0,,,,,,,,,,,,,
80.0,,,,,,,3,0.4942603232992341,0.4941679808082226,-9.234249101147673e-05,0.0,,,,,,,,,,,,,
80.0,,,,,,,3,0.4942603232992341,0.48862449199717245,-0.0056358313020616335,0.0,,,,,,,,,,,,,
81.0,,,,,,,3,0.4318312462683705,0.4280406165788588,-0.0037906296895117153,0.0,,,,,,,,,,,,,
81.0,,,,,,,3,0.4318312462683705,0.42618769117791144,-0.0056435550904590515,0.0,,,,,,,,,,,,,
81.0,,,,,,,3,0.4318312462683705,0.4300957793701402,-0.0017354668982302868,0.0,,,,,,,,,,,,,
81.0,,,,,,,3,0.4318312462683705,0.4275623891018941,-0.004268857166476403,0.0,,,,,,,,,,,,,
81.0,,,,,,,3,0.4318312462683705,0.4317631201658193,-6.812610255119145e-05,0.0,,,,,,,,,,,,,
81.0,,,,,,,3,0.4318312462683705,0.43187600710527824,4.476083690774235e-05,1.0,,,,,,,,,,,,,
81.0,,,,,,,3,0.4318312462683705,0.4319987418446187,0.0001674955762482333,1.0,,,,,,,,,,,,,
81.0,,,,,,,3,0.4318312462683705,0.4266787459002137,-0.005152500368156787,0.0,,,,,,,,,,,,,
81.0,,,,,,,3,0.4318312462683705,0.4318553485406894,2.4102272318915485e-05,1.0,,,,,,,,,,,,,
81.0,,,,,,,3,0.4318312462683705,0.43175665567056254,-7.45905978079553e-05,0.0,,,,,,,,,,,,,
81.0,,,,,,,3,0.4318312462683705,0.43127445046127844,-0.0005567958070920587,0.0,,,,,,,,,,,,,
81.0,,,,,,,3,0.4318312462683705,0.4318147067976883,-1.653947068219752e-05,0.0,,,,,,,,,,,,,
82.0,,,,,,,3,0.3833446313689958,0.379748550533419,-0.0035960808355768314,0.0,,,,,,,,,,,,,
82.0,,,,,,,3,0.3833446313689958,0.38274472219231725,-0.0005999091766785702,0.0,,,,,,,,,,,,,
82.0,,,,,,,3,0.3833446313689958,0.3833873537589434,4.272238994756927e-05,1.0,,,,,,,,,,,,,
82.0,,,,,,,3,0.3833446313689958,0.3820727849511623,-0.001271846417833511,0.0,,,,,,,,,,,,,
82.0,,,,,,,3,0.3833446313689958,0.3832918074844974,-5.282388449839859e-05,0.0,,,,,,,,,,,,,
82.0,,,,,,,3,0.3833446313689958,0.3818506201495989,-0.0014940112193969068,0.0,,,,,,,,,,,,,
82.0,,,,,,,3,0.3833446313689958,0.38235209753004923,-0.0009925338389465965,0.0,,,,,,,,,,,,,
82.0,,,,,,,3,0.3833446313689958,0.37930813075604636,-0.004036500612949467,0.0,,,,,,,,,,,,,
82.0,,,,,,,3,0.3833446313689958,0.3817483516541997,-0.001596279714796145,0.0,,,,,,,,,,,,,
82.0,,,,,,,3,0.3833446313689958,0.38322289143303623,-0.0001217399359595972,0.0,,,,,,,,,,,,,
82.0,,,,,,,3,0.3833446313689958,0.3820189443389519,-0.0013256870300439316,0.0,,,,,,,,,,,,,
82.0,,,,,,,3,0.3833446313689958,0.3834350122172295,9.0380848233651e-05,1.0,,,,,,,,,,,,,
83.0,,,,,,,3,0.43332593194279906,0.43086480570236685,-0.00246112624043221,0.0,,,,,,,,,,,,,
83.0,,,,,,,3,0.43332593194279906,0.4278712501188208,-0.005454681823978236,0.0,,,,,,,,,,,,,
83.0,,,,,,,3,0.43332593194279906,0.4333619335682909,3.600162549183272e-05,1.0,,,,,,,,,,,,,
83.0,,,,,,,3,0.43332593194279906,0.43328588720805333,-4.004473474572556e-05,0.0,,,,,,,,,,,,,
83.0,,,,,,,3,0.43332593194279906,0.4333362796432599,1.0347700460822118e-05,1.0,,,,,,,,,,,,,
83.0,,,,,,,3,0.43332593194279906,0.4334430443516677,0.00011711240886863594,1.0,,,,,,,,,,,,,
83.0,,,,,,,3,0.43332593194279906,0.43072218333538653,-0.002603748607412526,0.0,,,,,,,,,,,,,
83.0,,,,,,,3,0.43332593194279906,0.43002716196676993,-0.0032987699760291256,0.0,,,,,,,,,,,,,
83.0,,,,,,,3,0.43332593194279906,0.43335343107172064,2.7499128921582017e-05,1.0,,,,,,,,,,,,,
83.0,,,,,,,3,0.43332593194279906,0.43143773063534163,-0.0018882013074574266,0.0,,,,,,,,,,,,,
83.0,,,,,,,3,0.43332593194279906,0.43332353226816867,-2.399674630393367e-06,0.0,,,,,,,,,,,,,
83.0,,,,,,,3,0.43332593194279906,0.4334051766383321,7.924469553305391e-05,1.0,,,,,,,,,,,,,
84.0,,,,,,,3,0.4052376952997821,0.4051735944106961,-6.410088908598288e-05,0.0,,,,,,,,,,,,,
84.0,,,,,,,3,0.4052376952997821,0.4005874481375036,-0.00465024716227852,0.0,,,,,,,,,,,,,
84.0,,,,,,,3,0.4052376952997821,0.40335239193992134,-0.0018853033598607571,0.0,,,,,,,,,,,,,
84.0,,,,,,,3,0.4052376952997821,0.40524638260139156,8.687301609466846e-06,1.0,,,,,,,,,,,,,
84.0,,,,,,,3,0.4052376952997821,0.4042347880880977,-0.0010029072116843896,0.0,,,,,,,,,,,,,
84.0,,,,,,,3,0.4052376952997821,0.4052245134521893,-1.3181847592802498e-05,0.0,,,,,,,,,,,,,
84.0,,,,,,,3,0.4052376952997821,0.4051067038531516,-0.00013099144663047957,0.0,,,,,,,,,,,,,
84.0,,,,,,,3,0.4052376952997821,0.4052288038839662,-8.89141581589259e-06,0.0,,,,,,,,,,,,,
84.0,,,,,,,3,0.4052376952997821,0.4055295232811948,0.0002918279814126956,1.0,,,,,,,,,,,,,
84.0,,,,,,,3,0.4052376952997821,0.40429705643236613,-0.000940638867415966,0.0,,,,,,,,,,,,,
84.0,,,,,,,3,0.4052376952997821,0.4051727862819782,-6.490901780387137e-05,0.0,,,,,,,,,,,,,
84.0,,,,,,,3,0.4052376952997821,0.40052461715912985,-0.004713078140652249,0.0,,,,,,,,,,,,,
85.0,,,,,,,3,0.327889618059092,0.3280765630815134,0.000186945022421392,1.0,,,,,,,,,,,,,
85.0,,,,,,,3,0.327889618059092,0.32406989129794966,-0.003819726761142339,0.0,,,,,,,,,,,,,
85.0,,,,,,,3,0.327889618059092,0.3278737092209255,-1.590883816648958e-05,0.0,,,,,,,,,,,,,
85.0,,,,,,,3,0.327889618059092,0.3284645782259385,0.0005749601668464943,1.0,,,,,,,,,,,,,
85.0,,,,,,,3,0.327889618059092,0.3279387922622522,4.917420316019605e-05,1.0,,,,,,,,,,,,,
85.0,,,,,,,3,0.327889618059092,0.32136391727275276,-0.006525700786339239,0.0,,,,,,,,,,,,,
85.0,,,,,,,3,0.327889618059092,0.32451960615809033,-0.0033700119010016683,0.0,,,,,,,,,,,,,
85.0,,,,,,,3,0.327889618059092,0.32788956421438203,-5.3844709968497995e-08,0.0,,,,,,,,,,,,,
85.0,,,,,,,3,0.327889618059092,0.3270220764574288,-0.0008675416016631909,0.0,,,,,,,,,,,,,
85.0,,,,,,,3,0.327889618059092,0.3281829895382129,0.00029337147912089634,1.0,,,,,,,,,,,,,
85.0,,,,,,,3,0.327889618059092,0.3275621912945314,-0.00032742676456060105,0.0,,,,,,,,,,,,,
85.0,,,,,,,3,0.327889618059092,0.32802530320079654,0.0001356851417045335,1.0,,,,,,,,,,,,,
86.0,,,,,,,3,0.4304223095001129,0.43041723574698926,-5.0737531236411115e-06,0.0,,,,,,,,,,,,,
86.0,,,,,,,3,0.4304223095001129,0.42757563930638176,-0.002846670193731138,0.0,,,,,,,,,,,,,
86.0,,,,,,,3,0.4304223095001129,0.42813651048285944,-0.0022857990172534537,0.0,,,,,,,,,,,,,
86.0,,,,,,,3,0.4304223095001129,0.431587129047286,0.0011648195471731237,1.0,,,,,,,,,,,,,
86.0,,,,,,,3,0.4304223095001129,0.430498889667142,7.658016702910553e-05,1.0,,,,,,,,,,,,,
86.0,,,,,,,3,0.4304223095001129,0.4304806271484144,5.831764830149799e-05,1.0,,,,,,,,,,,,,
86.0,,,,,,,3,0.4304223095001129,0.4295691967376811,-0.0008531127624317736,0.0,,,,,,,,,,,,,
86.0,,,,,,,3,0.4304223095001129,0.4304800951850805,5.778568496761505e-05,1.0,,,,,,,,,,,,,
86.0,,,,,,,3,0.4304223095001129,0.43062886540832485,0.00020655590821194725,1.0,,,,,,,,,,,,,
86.0,,,,,,,3,0.4304223095001129,0.43058320327104155,0.00016089377092864954,1.0,,,,,,,,,,,,,
86.0,,,,,,,3,0.4304223095001129,0.4295674190157927,-0.0008548904843201921,0.0,,,,,,,,,,,,,
86.0,,,,,,,3,0.4304223095001129,0.430402726283208,-1.9583216904872636e-05,0.0,,,,,,,,,,,,,
87.0,,,,,,,3,0.3885565027194642,0.3874738340158832,-0.00108266870358098,0.0,,,,,,,,,,,,,
87.0,,,,,,,3,0.3885565027194642,0.38794431745571706,-0.0006121852637471226,0.0,,,,,,,,,,,,,
87.0,,,,,,,3,0.3885565027194642,0.38838767851789885,-0.00016882420156533184,0.0,,,,,,,,,,,,,
87.0,,,,,,,3,0.3885565027194642,0.3809144863150154,-0.0076420164044487815,0.0,,,,,,,,,,,,,
87.0,,,,,,,3,0.3885565027194642,0.3886057980635832,4.9295344119015816e-05,1.0,,,,,,,,,,,,,
87.0,,,,,,,3,0.3885565027194642,0.3884684721865885,-8.803053287570473e-05,0.0,,,,,,,,,,,,,
87.0,,,,,,,3,0.3885565027194642,0.3884820853808859,-7.441733857826982e-05,0.0,,,,,,,,,,,,,
87.0,,,,,,,3,0.3885565027194642,0.38852770782203655,-2.879489742763086e-05,0.0,,,,,,,,,,,,,
87.0,,,,,,,3,0.3885565027194642,0.3882373016290124,-0.0003192010904518039,0.0,,,,,,,,,,,,,
87.0,,,,,,,3,0.3885565027194642,0.38302818153789414,-0.0055283211815700395,0.0,,,,,,,,,,,,,
87.0,,,,,,,3,0.3885565027194642,0.38855105148778923,-5.451231674946655e-06,0.0,,,,,,,,,,,,,
87.0,,,,,,,3,0.3885565027194642,0.38784441339924197,-0.0007120893202222089,0.0,,,,,,,,,,,,,
88.0,,,,,,,3,0.5010444947603686,0.5003390737248133,-0.0007054210355552648,0.0,,,,,,,,,,,,,
88.0,,,,,,,3,0.5010444947603686,0.49531576723692555,-0.005728727523443056,0.0,,,,,,,,,,,,,
88.0,,,,,,,3,0.5010444947603686,0.5007568188300765,-0.00028767593029210836,0.0,,,,,,,,,,,,,
88.0,,,,,,,3,0.5010444947603686,0.4965180161612821,-0.004526478599086503,0.0,,,,,,,,,,,,,
88.0,,,,,,,3,0.5010444947603686,0.500768801561543,-0.0002756931988255884,0.0,,,,,,,,,,,,,
88.0,,,,,,,3,0.5010444947603686,0.49142002044252825,-0.009624474317840359,0.0,,,,,,,,,,,,,
88.0,,,,,,,3,0.5010444947603686,0.5000542642231381,-0.0009902305372304632,0.0,,,,,,,,,,,,,
88.0,,,,,,,3,0.5010444947603686,0.501012316336319,-3.2178424049567056e-05,0.0,,,,,,,,,,,,,
88.0,,,,,,,3,0.5010444947603686,0.5011088773678811,6.438260751251423e-05,1.0,,,,,,,,,,,,,
88.0,,,,,,,3,0.5010444947603686,0.4989179122522158,-0.0021265825081527856,0.0,,,,,,,,,,,,,
88.0,,,,,,,3,0.5010444947603686,0.5012873379837002,0.00024284322333156805,1.0,,,,,,,,,,,,,
88.0,,,,,,,3,0.5010444947603686,0.5010681441034398,2.3649343071197038e-05,1.0,,,,,,,,,,,,,
89.0,,,,,,,3,0.41729561289028544,0.4139340169886927,-0.00336159590159274,0.0,,,,,,,,,,,,,
89.0,,,,,,,3,0.41729561289028544,0.4168021040316576,-0.0004935088586278114,0.0,,,,,,,,,,,,,
89.0,,,,,,,3,0.41729561289028544,0.4143838617706061,-0.00291175111967934,0.0,,,,,,,,,,,,,
89.0,,,,,,,3,0.41729561289028544,0.4140146374723032,-0.0032809754179822237,0.0,,,,,,,,,,,,,
89.0,,,,,,,3,0.41729561289028544,0.4163805465194516,-0.000915066370833828,0.0,,,,,,,,,,,,,
89.0,,,,,,,3,0.41729561289028544,0.4172746182358017,-2.0994654483741382e-05,0.0,,,,,,,,,,,,,
89.0,,,,,,,3,0.41729561289028544,0.4174492363739771,0.00015362348369163392,1.0,,,,,,,,,,,,,
89.0,,,,,,,3,0.41729561289028544,0.4170488900382074,-0.0002467228520780518,0.0,,,,,,,,,,,,,
89.0,,,,,,,3,0.41729561289028544,0.41731621587935513,2.060298906969571e-05,1.0,,,,,,,,,,,,,
89.0,,,,,,,3,0.41729561289028544,0.41648819239700685,-0.0008074204932785878,0.0,,,,,,,,,,,,,
89.0,,,,,,,3,0.41729561289028544,0.41311635217192916,-0.004179260718356281,0.0,,,,,,,,,,,,,
89.0,,,,,,,3,0.41729561289028544,0.4173059917179244,1.037882763893494e-05,1.0,,,,,,,,,,,,,
90.0,,,,,,,3,0.43768392430086717,0.43768806459311477,4.140292247600819e-06,1.0,,,,,,,,,,,,,
90.0,,,,,,,3,0.43768392430086717,0.4370018882811126,-0.0006820360197545838,0.0,,,,,,,,,,,,,
90.0,,,,,,,3,0.43768392430086717,0.43759952128097773,-8.44030198894341e-05,0.0,,,,,,,,,,,,,
90.0,,,,,,,3,0.43768392430086717,0.4377837866225452,9.986232167802367e-05,1.0,,,,,,,,,,,,,
90.0,,,,,,,3,0.43768392430086717,0.4369062117474018,-0.0007777125534653706,0.0,,,,,,,,,,,,,
90.0,,,,,,,3,0.43768392430086717,0.4320962499763013,-0.005587674324565861,0.0,,,,,,,,,,,,,
90.0,,,,,,,3,0.43768392430086717,0.42534954266394176,-0.012334381636925407,0.0,,,,,,,,,,,,,
90.0,,,,,,,3,0.43768392430086717,0.434334129822581,-0.00334979447828615,0.0,,,,,,,,,,,,,
90.0,,,,,,,3,0.43768392430086717,0.43762678685954726,-5.713744131990994e-05,0.0,,,,,,,,,,,,,
90.0,,,,,,,3,0.43768392430086717,0.4378088912094759,0.00012496690860874793,1.0,,,,,,,,,,,,,
90.0,,,,,,,3,0.43768392430086717,0.43557048635521894,-0.002113437945648222,0.0,,,,,,,,,,,,,
90.0,,,,,,,3,0.43768392430086717,0.4378110211340703,0.00012709683320311083,1.0,,,,,,,,,,,,,
91.0,,,,,,,3,0.39747362180432816,0.3974760289374088,2.4071330806396674e-06,1.0,,,,,,,,,,,,,
91.0,,,,,,,3,0.39747362180432816,0.3960588454773673,-0.0014147763269608538,0.0,,,,,,,,,,,,,
91.0,,,,,,,3,0.39747362180432816,0.39560144068381936,-0.001872181120508798,0.0,,,,,,,,,,,,,
91.0,,,,,,,3,0.39747362180432816,0.39310725719893663,-0.004366364605391526,0.0,,,,,,,,,,,,,
91.0,,,,,,,3,0.39747362180432816,0.39588437427828244,-0.0015892475260457228,0.0,,,,,,,,,,,,,
91.0,,,,,,,3,0.39747362180432816,0.39765337847113974,0.0001797566668115813,1.0,,,,,,,,,,,,,
91.0,,,,,,,3,0.39747362180432816,0.3943670831897832,-0.0031065386145449625,0.0,,,,,,,,,,,,,
91.0,,,,,,,3,0.39747362180432816,0.3975579251317455,8.430332741732327e-05,1.0,,,,,,,,,,,,,
91.0,,,,,,,3,0.39747362180432816,0.39016570444742843,-0.007307917356899729,0.0,,,,,,,,,,,,,
91.0,,,,,,,3,0.39747362180432816,0.39739876926969936,-7.485253462879982e-05,0.0,,,,,,,,,,,,,
91.0,,,,,,,3,0.39747362180432816,0.39609798039231026,-0.0013756414120179028,0.0,,,,,,,,,,,,,
91.0,,,,,,,3,0.39747362180432816,0.3973480288406598,-0.00012559296366837502,0.0,,,,,,,,,,,,,
92.0,,,,,,,3,0.45281985299309213,0.4528291335665043,9.280573412151494e-06,1.0,,,,,,,,,,,,,
92.0,,,,,,,3,0.45281985299309213,0.44712347999960733,-0.0056963729934847995,0.0,,,,,,,,,,,,,
92.0,,,,,,,3,0.45281985299309213,0.4506140735533843,-0.0022057794397078445,0.0,,,,,,,,,,,,,
92.0,,,,,,,3,0.45281985299309213,0.4500006329291408,-0.0028192200639513554,0.0,,,,,,,,,,,,,
92.0,,,,,,,3,0.45281985299309213,0.4522606415727042,-0.0005592114203879506,0.0,,,,,,,,,,,,,
92.0,,,,,,,3,0.45281985299309213,0.452968128143999,0.0001482751509068736,1.0,,,,,,,,,,,,,
92.0,,,,,,,3,0.45281985299309213,0.452898218097066,7.836510397385421e-05,1.0,,,,,,,,,,,,,
92.0,,,,,,,3,0.45281985299309213,0.4527508591785925,-6.899381449965158e-05,0.0,,,,,,,,,,,,,
92.0,,,,,,,3,0.45281985299309213,0.4500855412152624,-0.0027343117778297343,0.0,,,,,,,,,,,,,
92.0,,,,,,,3,0.45281985299309213,0.45283150256526256,1.1649572170424616e-05,1.0,,,,,,,,,,,,,
92.0,,,,,,,3,0.45281985299309213,0.45053180046462077,-0.0022880525284713626,0.0,,,,,,,,,,,,,
92.0,,,,,,,3,0.45281985299309213,0.45230792189275304,-0.0005119311003390914,0.0,,,,,,,,,,,,,
93.0,,,,,,,3,0.41543186734646,0.4136041185892637,-0.001827748757196268,0.0,,,,,,,,,,,,,
93.0,,,,,,,3,0.41543186734646,0.4155491690447637,0.00011730169830370674,1.0,,,,,,,,,,,,,
93.0,,,,,,,3,0.41543186734646,0.4141380204802352,-0.0012938468662248015,0.0,,,,,,,,,,,,,
93.0,,,,,,,3,0.41543186734646,0.4150291446280916,-0.0004027227183683868,0.0,,,,,,,,,,,,,
93.0,,,,,,,3,0.41543186734646,0.41534478046911477,-8.708687734521048e-05,0.0,,,,,,,,,,,,,
93.0,,,,,,,3,0.41543186734646,0.41515892781021363,-0.0002729395362463527,0.0,,,,,,,,,,,,,
93.0,,,,,,,3,0.41543186734646,0.41537886102308896,-5.300632337101874e-05,0.0,,,,,,,,,,,,,
93.0,,,,,,,3,0.41543186734646,0.4140100061596044,-0.0014218611868555553,0.0,,,,,,,,,,,,,
93.0,,,,,,,3,0.41543186734646,0.4154169553208066,-1.4912025653401884e-05,0.0,,,,,,,,,,,,,
93.0,,,,,,,3,0.41543186734646,0.41544812466493863,1.625731847865186e-05,1.0,,,,,,,,,,,,,
93.0,,,,,,,3,0.41543186734646,0.4155307673105247,9.889996406470258e-05,1.0,,,,,,,,,,,,,
93.0,,,,,,,3,0.41543186734646,0.4153751699336968,-5.6697412763206945e-05,0.0,,,,,,,,,,,,,
94.0,,,,,,,3,0.4887594724560335,0.4888155808905135,5.6108434480006686e-05,1.0,,,,,,,,,,,,,
94.0,,,,,,,3,0.4887594724560335,0.4851282881653111,-0.0036311842907224,0.0,,,,,,,,,,,,,
94.0,,,,,,,3,0.4887594724560335,0.4845620161357827,-0.004197456320250814,0.0,,,,,,,,,,,,,
94.0,,,,,,,3,0.4887594724560335,0.4889689372957746,0.00020946483974110253,1.0,,,,,,,,,,,,,
94.0,,,,,,,3,0.4887594724560335,0.4891524665943735,0.000392994138339986,1.0,,,,,,,,,,,,,
94.0,,,,,,,3,0.4887594724560335,0.48874923502904466,-1.0237426988857212e-05,0.0,,,,,,,,,,,,,
94.0,,,,,,,3,0.4887594724560335,0.48167138616715355,-0.007088086288879969,0.0,,,,,,,,,,,,,
94.0,,,,,,,3,0.4887594724560335,0.48433742891226067,-0.004422043543772847,0.0,,,,,,,,,,,,,
94.0,,,,,,,3,0.4887594724560335,0.48885735021787624,9.787776184272401e-05,1.0,,,,,,,,,,,,,
94.0,,,,,,,3,0.4887594724560335,0.48652501747811755,-0.0022344549779159673,0.0,,,,,,,,,,,,,
94.0,,,,,,,3,0.4887594724560335,0.4891607805035893,0.00040130804755578176,1.0,,,,,,,,,,,,,
94.0,,,,,,,3,0.4887594724560335,0.4886353220442935,-0.0001241504117400205,0.0,,,,,,,,,,,,,
95.0,,,,,,,3,0.46505519707450765,0.4623773088382626,-0.0026778882362450407,0.0,,,,,,,,,,,,,
95.0,,,,,,,3,0.46505519707450765,0.4652221312082584,0.00016693413375074018,1.0,,,,,,,,,,,,,
95.0,,,,,,,3,0.46505519707450765,0.46554928628717146,0.0004940892126638063,1.0,,,,,,,,,,,,,
95.0,,,,,,,3,0.46505519707450765,0.46149944329168985,-0.0035557537828178054,0.0,,,,,,,,,,,,,
95.0,,,,,,,3,0.46505519707450765,0.46498171788232434,-7.347919218331223e-05,0.0,,,,,,,,,,,,,
95.0,,,,,,,3,0.46505519707450765,0.46516620196807745,0.00011100489356979937,1.0,,,,,,,,,,,,,
95.0,,,,,,,3,0.46505519707450765,0.4651445902665294,8.939319202172502e-05,1.0,,,,,,,,,,,,,
95.0,,,,,,,3,0.46505519707450765,0.4649355433530234,-0.00011965372148425857,0.0,,,,,,,,,,,,,
95.0,,,,,,,3,0.46505519707450765,0.4609625365167673,-0.00409266055774038,0.0,,,,,,,,,,,,,
95.0,,,,,,,3,0.46505519707450765,0.46361293339366844,-0.0014422636808392175,0.0,,,,,,,,,,,,,
95.0,,,,,,,3,0.46505519707450765,0.4629504259845762,-0.0021047710899314565,0.0,,,,,,,,,,,,,
95.0,,,,,,,3,0.46505519707450765,0.46450811402916214,-0.0005470830453455089,0.0,,,,,,,,,,,,,
96.0,,,,,,,3,0.48849295227482564,0.48843491222335583,-5.804005146980984e-05,0.0,,,,,,,,,,,,,
96.0,,,,,,,3,0.48849295227482564,0.4878871434713335,-0.0006058088034921472,0.0,,,,,,,,,,,,,
96.0,,,,,,,3,0.48849295227482564,0.48387976115456766,-0.004613191120257987,0.0,,,,,,,,,,,,,
96.0,,,,,,,3,0.48849295227482564,0.4884817885164884,-1.1163758337262575e-05,0.0,,,,,,,,,,,,,
96.0,,,,,,,3,0.48849295227482564,0.48163531922964264,-0.006857633045182998,0.0,,,,,,,,,,,,,
96.0,,,,,,,3,0.48849295227482564,0.4886614924767706,0.00016854020194495556,1.0,,,,,,,,,,,,,
96.0,,,,,,,3,0.48849295227482564,0.4821716727982658,-0.00632127947655986,0.0,,,,,,,,,,,,,
96.0,,,,,,,3,0.48849295227482564,0.4874612125220499,-0.0010317397527757621,0.0,,,,,,,,,,,,,
96.0,,,,,,,3,0.48849295227482564,0.48508729436801773,-0.003405657906807913,0.0,,,,,,,,,,,,,
96.0,,,,,,,3,0.48849295227482564,0.487218625519495,-0.0012743267553306237,0.0,,,,,,,,,,,,,
96.0,,,,,,,3,0.48849295227482564,0.488477660550398,-1.529172442765736e-05,0.0,,,,,,,,,,,,,
96.0,,,,,,,3,0.48849295227482564,0.48847775660233383,-1.5195672491807866e-05,0.0,,,,,,,,,,,,,
97.0,,,,,,,3,0.38924043680844816,0.3857249147066648,-0.0035155221017833527,0.0,,,,,,,,,,,,,
97.0,,,,,,,3,0.38924043680844816,0.38909012018307343,-0.00015031662537473567,0.0,,,,,,,,,,,,,
97.0,,,,,,,3,0.38924043680844816,0.38577126345215135,-0.0034691733562968174,0.0,,,,,,,,,,,,,
97.0,,,,,,,3,0.38924043680844816,0.3891866617543953,-5.3775054052851434e-05,0.0,,,,,,,,,,,,,
97.0,,,,,,,3,0.38924043680844816,0.38478311615904137,-0.004457320649406793,0.0,,,,,,,,,,,,,
97.0,,,,,,,3,0.38924043680844816,0.3886187971401614,-0.0006216396682867664,0.0,,,,,,,,,,,,,
97.0,,,,,,,3,0.38924043680844816,0.3888848333827503,-0.000355603425697848,0.0,,,,,,,,,,,,,
97.0,,,,,,,3,0.38924043680844816,0.3879724846897239,-0.0012679521187242693,0.0,,,,,,,,,,,,,
97.0,,,,,,,3,0.38924043680844816,0.38556359127646556,-0.0036768455319826088,0.0,,,,,,,,,,,,,
97.0,,,,,,,3,0.38924043680844816,0.38815875528783034,-0.0010816815206178276,0.0,,,,,,,,,,,,,
97.0,,,,,,,3,0.38924043680844816,0.38960911612862975,0.00036867932018158633,1.0,,,,,,,,,,,,,
97.0,,,,,,,3,0.38924043680844816,0.3834175512621032,-0.005822885546344969,0.0,,,,,,,,,,,,,
98.0,,,,,,,3,0.4805351993368805,0.4775957493688254,-0.002939449968055119,0.0,,,,,,,,,,,,,
98.0,,,,,,,3,0.4805351993368805,0.47631591025151065,-0.004219289085369837,0.0,,,,,,,,,,,,,
98.0,,,,,,,3,0.4805351993368805,0.4803636766967009,-0.00017152264017961105,0.0,,,,,,,,,,,,,
98.0,,,,,,,3,0.4805351993368805,0.4805500096221478,1.4810285267286005e-05,1.0,,,,,,,,,,,,,
98.0,,,,,,,3,0.4805351993368805,0.48045837157809573,-7.682775878475878e-05,0.0,,,,,,,,,,,,,
98.0,,,,,,,3,0.4805351993368805,0.47789756533138117,-0.002637634005499323,0.0,,,,,,,,,,,,,
98.0,,,,,,,3,0.4805351993368805,0.4765161613633244,-0.004019037973556072,0.0,,,,,,,,,,,,,
98.0,,,,,,,3,0.4805351993368805,0.47687209925959945,-0.003663100077281045,0.0,,,,,,,,,,,,,
98.0,,,,,,,3,0.4805351993368805,0.4730921756211715,-0.007443023715708985,0.0,,,,,,,,,,,,,
98.0,,,,,,,3,0.4805351993368805,0.47116456025461584,-0.009370639082264653,0.0,,,,,,,,,,,,,
98.0,,,,,,,3,0.4805351993368805,0.48028845765031214,-0.0002467416865683525,0.0,,,,,,,,,,,,,
98.0,,,,,,,3,0.4805351993368805,0.48039691387278194,-0.00013828546409855313,0.0,,,,,,,,,,,,,
99.0,,,,,,,3,0.37066910570382455,0.3707585514966456,8.944579282105236e-05,1.0,,,,,,,,,,,,,
99.0,,,,,,,3,0.37066910570382455,0.37068033312228277,1.1227418458215066e-05,1.0,,,,,,,,,,,,,
99.0,,,,,,,3,0.37066910570382455,0.36813442091484805,-0.0025346847889765045,0.0,,,,,,,,,,,,,
99.0,,,,,,,3,0.37066910570382455,0.3706920595663857,2.295386256112586e-05,1.0,,,,,,,,,,,,,
99.0,,,,,,,3,0.37066910570382455,0.36770843034448164,-0.0029606753593429125,0.0,,,,,,,,,,,,,
99.0,,,,,,,3,0.37066910570382455,0.370539625863677,-0.00012947984014755054,0.0,,,,,,,,,,,,,
99.0,,,,,,,3,0.37066910570382455,0.3706908872746321,2.1781570807566375e-05,1.0,,,,,,,,,,,,,
99.0,,,,,,,3,0.37066910570382455,0.367909977102621,-0.002759128601203531,0.0,,,,,,,,,,,,,
99.0,,,,,,,3,0.37066910570382455,0.3650084268792032,-0.005660678824621346,0.0,,,,,,,,,,,,,
99.0,,,,,,,3,0.37066910570382455,0.3685317927291662,-0.0021373129746583563,0.0,,,,,,,,,,,,,
99.0,,,,,,,3,0.37066910570382455,0.370666394571729,-2.711132095545299e-06,0.0,,,,,,,,,,,,,
99.0,,,,,,,3,0.37066910570382455,0.3704947423185525,-0.0001743633852720472,0.0,,,,,,,,,,,,,
100.0,,,,,,,3,0.4550388391908237,0.45406112460209974,-0.0009777145887239769,0.0,,,,,,,,,,,,,
100.0,,,,,,,3,0.4550388391908237,0.4503969173135287,-0.004641921877295008,0.0,,,,,,,,,,,,,
100.0,,,,,,,3,0.4550388391908237,0.45505472758724375,1.5888396420027373e-05,1.0,,,,,,,,,,,,,
100.0,,,,,,,3,0.4550388391908237,0.45503091807318763,-7.921117636089381e-06,0.0,,,,,,,,,,,,,
100.0,,,,,,,3,0.4550388391908237,0.45011766915121443,-0.0049211700396092906,0.0,,,,,,,,,,,,,
100.0,,,,,,,3,0.4550388391908237,0.455059958592906,2.1119402082270256e-05,1.0,,,,,,,,,,,,,
100.0,,,,,,,3,0.4550388391908237,0.4552528254652081,0.00021398627438440343,1.0,,,,,,,,,,,,,
100.0,,,,,,,3,0.4550388391908237,0.4533584631144978,-0.001680376076325929,0.0,,,,,,,,,,,,,
100.0,,,,,,,3,0.4550388391908237,0.45363452715144637,-0.0014043120393773534,0.0,,,,,,,,,,,,,
100.0,,,,,,,3,0.4550388391908237,0.44976910631741973,-0.005269732873403987,0.0,,,,,,,,,,,,,
100.0,,,,,,,3,0.4550388391908237,0.4550813573204975,4.2518129673763116e-05,1.0,,,,,,,,,,,,,
100.0,,,,,,,3,0.4550388391908237,0.4544744899543905,-0.0005643492364332259,0.0,,,,,,,,,,,,,
101.0,,,,,,,3,0.44384759545555663,0.44385307937188145,5.483916324822147e-06,1.0,,,,,,,,,,,,,
101.0,,,,,,,3,0.44384759545555663,0.44397953472735485,0.0001319392717982204,1.0,,,,,,,,,,,,,
101.0,,,,,,,3,0.44384759545555663,0.44159951426271027,-0.002248081192846363,0.0,,,,,,,,,,,,,
101.0,,,,,,,3,0.44384759545555663,0.443377103427985,-0.0004704920275716562,0.0,,,,,,,,,,,,,
101.0,,,,,,,3,0.44384759545555663,0.4438965148063965,4.8919350839893294e-05,1.0,,,,,,,,,,,,,
101.0,,,,,,,3,0.44384759545555663,0.4438326330487742,-1.4962406782448312e-05,0.0,,,,,,,,,,,,,
101.0,,,,,,,3,0.44384759545555663,0.4413012448460686,-0.002546350609488046,0.0,,,,,,,,,,,,,
101.0,,,,,,,3,0.44384759545555663,0.4420843607099707,-0.0017632347455859287,0.0,,,,,,,,,,,,,
101.0,,,,,,,3,0.44384759545555663,0.43860331209635617,-0.005244283359200463,0.0,,,,,,,,,,,,,
101.0,,,,,,,3,0.44384759545555663,0.44383448455762753,-1.3110897929102805e-05,0.0,,,,,,,,,,,,,
101.0,,,,,,,3,0.44384759545555663,0.4438282404531081,-1.935500244854005e-05,0.0,,,,,,,,,,,,,
101.0,,,,,,,3,0.44384759545555663,0.4436952668866425,-0.0001523285689141174,0.0,,,,,,,,,,,,,
102.0,,,,,,,3,0.5159171931280087,0.5135612440450125,-0.0023559490829961893,0.0,,,,,,,,,,,,,
102.0,,,,,,,3,0.5159171931280087,0.5155441634127185,-0.00037302971529018514,0.0,,,,,,,,,,,,,
102.0,,,,,,,3,0.5159171931280087,0.5137959603815915,-0.0021212327464171787,0.0,,,,,,,,,,,,,
102.0,,,,,,,3,0.5159171931280087,0.5129580511367953,-0.0029591419912133876,0.0,,,,,,,,,,,,,
102.0,,,,,,,3,0.5159171931280087,0.5108018896888552,-0.005115303439153451,0.0,,,,,,,,,,,,,
102.0,,,,,,,3,0.5159171931280087,0.5147814153411134,-0.0011357777868952201,0.0,,,,,,,,,,,,,
102.0,,,,,,,3,0.5159171931280087,0.5137795170596139,-0.002137676068394767,0.0,,,,,,,,,,,,,
102.0,,,,,,,3,0.5159171931280087,0.515043043887229,-0.0008741492407796647,0.0,,,,,,,,,,,,,
102.0,,,,,,,3,0.5159171931280087,0.5136767523556014,-0.0022404407724072595,0.0,,,,,,,,,,,,,
102.0,,,,,,,3,0.5159171931280087,0.5159598747111468,4.2681583138137746e-05,1.0,,,,,,,,,,,,,
102.0,,,,,,,3,0.5159171931280087,0.5138177782157755,-0.0020994149122331995,0.0,,,,,,,,,,,,,
102.0,,,,,,,3,0.5159171931280087,0.5158510100465943,-6.618308141437268e-05,0.0,,,,,,,,,,,,,
103.0,,,,,,,3,0.48364834684580926,0.4820756126883223,-0.001572734157486988,0.0,,,,,,,,,,,,,
103.0,,,,,,,3,0.48364834684580926,0.478599896641346,-0.005048450204463262,0.0,,,,,,,,,,,,,
103.0,,,,,,,3,0.48364834684580926,0.482009094671568,-0.001639252174241268,0.0,,,,,,,,,,,,,
103.0,,,,,,,3,0.48364834684580926,0.4838462075924981,0.00019786074668881604,1.0,,,,,,,,,,,,,
103.0,,,,,,,3,0.48364834684580926,0.4827697787602101,-0.0008785680855991629,0.0,,,,,,,,,,,,,
103.0,,,,,,,3,0.48364834684580926,0.4834031075123866,-0.00024523933342268656,0.0,,,,,,,,,,,,,
103.0,,,,,,,3,0.48364834684580926,0.4813460067971776,-0.002302340048631668,0.0,,,,,,,,,,,,,
103.0,,,,,,,3,0.48364834684580926,0.4800126864157734,-0.003635660430035881,0.0,,,,,,,,,,,,,
103.0,,,,,,,3,0.48364834684580926,0.48355299799822415,-9.534884758510831e-05,0.0,,,,,,,,,,,,,
103.0,,,,,,,3,0.48364834684580926,0.4836878338125042,3.94869666949238e-05,1.0,,,,,,,,,,,,,
103.0,,,,,,,3,0.48364834684580926,0.4777996495548686,-0.005848697290940674,0.0,,,,,,,,,,,,,
103.0,,,,,,,3,0.48364834684580926,0.4793910021362263,-0.004257344709582944,0.0,,,,,,,,,,,,,
104.0,,,,,,,3,0.4421691198599243,0.4409559354955222,-0.0012131843644020979,0.0,,,,,,,,,,,,,
104.0,,,,,,,3,0.4421691198599243,0.44215571283329613,-1.3407026628164953e-05,0.0,,,,,,,,,,,,,
104.0,,,,,,,3,0.4421691198599243,0.4407357939276286,-0.0014333259322956704,0.0,,,,,,,,,,,,,
104.0,,,,,,,3,0.4421691198599243,0.4404573350826904,-0.0017117847772338823,0.0,,,,,,,,,,,,,
104.0,,,,,,,3,0.4421691198599243,0.4421962349712438,2.7115111319475638e-05,1.0,,,,,,,,,,,,,
104.0,,,,,,,3,0.4421691198599243,0.4381309816918242,-0.004038138168100114,0.0,,,,,,,,,,,,,
104.0,,,,,,,3,0.4421691198599243,0.4421962260239582,2.710616403389654e-05,1.0,,,,,,,,,,,,,
104.0,,,,,,,3,0.4421691198599243,0.4421450957202291,-2.4024139695211222e-05,0.0,,,,,,,,,,,,,
104.0,,,,,,,3,0.4421691198599243,0.440928589003967,-0.0012405308559573225,0.0,,,,,,,,,,,,,
104.0,,,,,,,3,0.4421691198599243,0.4374177304481698,-0.004751389411754514,0.0,,,,,,,,,,,,,
104.0,,,,,,,3,0.4421691198599243,0.43893187370110504,-0.0032372461588192625,0.0,,,,,,,,,,,,,
104.0,,,,,,,3,0.4421691198599243,0.4424384751989808,0.00026935533905647624,1.0,,,,,,,,,,,,,
105.0,,,,,,,3,0.4987600207884054,0.4984300607095202,-0.0003299600788852497,0.0,,,,,,,,,,,,,
105.0,,,,,,,3,0.4987600207884054,0.49647367520575797,-0.0022863455826474532,0.0,,,,,,,,,,,,,
105.0,,,,,,,3,0.4987600207884054,0.49887768668417515,0.00011766589576972519,1.0,,,,,,,,,,,,,
105.0,,,,,,,3,0.4987600207884054,0.49438583247467505,-0.004374188313730376,0.0,,,,,,,,,,,,,
105.0,,,,,,,3,0.4987600207884054,0.4979420914012507,-0.0008179293871547477,0.0,,,,,,,,,,,,,
105.0,,,,,,,3,0.4987600207884054,0.49685062224070314,-0.001909398547702279,0.0,,,,,,,,,,,,,
105.0,,,,,,,3,0.4987600207884054,0.4989714356668182,0.0002114148784127523,1.0,,,,,,,,,,,,,
105.0,,,,,,,3,0.4987600207884054,0.4987676190084745,7.598220069071626e-06,1.0,,,,,,,,,,,,,
105.0,,,,,,,3,0.4987600207884054,0.4975585536175934,-0.0012014671708120428,0.0,,,,,,,,,,,,,
105.0,,,,,,,3,0.4987600207884054,0.49900211943823586,0.0002420986498304356,1.0,,,,,,,,,,,,,
105.0,,,,,,,3,0.4987600207884054,0.49440643643504684,-0.004353584353358586,0.0,,,,,,,,,,,,,
105.0,,,,,,,3,0.4987600207884054,0.49092684979046886,-0.007833170997936567,0.0,,,,,,,,,,,,,
106.0,,,,,,,3,0.5795147248207125,0.5795744460294795,5.972120876696074e-05,1.0,,,,,,,,,,,,,
106.0,,,,,,,3,0.5795147248207125,0.5794484921695866,-6.623265112593035e-05,0.0,,,,,,,,,,,,,
106.0,,,,,,,3,0.5795147248207125,0.5794004219072402,-0.00011430291347236388,0.0,,,,,,,,,,,,,
106.0,,,,,,,3,0.5795147248207125,0.5794041280870946,-0.000110596733617907,0.0,,,,,,,,,,,,,
106.0,,,,,,,3,0.5795147248207125,0.5795851159488428,7.039112813023163e-05,1.0,,,,,,,,,,,,,
106.0,,,,,,,3,0.5795147248207125,0.5786412533048177,-0.0008734715158947859,0.0,,,,,,,,,,,,,
106.0,,,,,,,3,0.5795147248207125,0.579496366268109,-1.835855260357011e-05,0.0,,,,,,,,,,,,,
106.0,,,,,,,3,0.5795147248207125,0.5805636046051897,0.001048879784477208,1.0,,,,,,,,,,,,,
106.0,,,,,,,3,0.5795147248207125,0.5785046835518014,-0.0010100412689111327,0.0,,,,,,,,,,,,,
106.0,,,,,,,3,0.5795147248207125,0.578310509387466,-0.0012042154332465582,0.0,,,,,,,,,,,,,
106.0,,,,,,,3,0.5795147248207125,0.5795197360949396,5.011274227029183e-06,1.0,,,,,,,,,,,,,
106.0,,,,,,,3,0.5795147248207125,0.5795786666628984,6.394184218583288e-05,1.0,,,,,,,,,,,,,
107.0,,,,,,,3,0.48629688820191075,0.48409389345618675,-0.0022029947457239962,0.0,,,,,,,,,,,,,
107.0,,,,,,,3,0.48629688820191075,0.4861799908036652,-0.00011689739824555234,0.0,,,,,,,,,,,,,
107.0,,,,,,,3,0.48629688820191075,0.48364176030095213,-0.0026551279009586204,0.0,,,,,,,,,,,,,
107.0,,,,,,,3,0.48629688820191075,0.4820407343898162,-0.004256153812094543,0.0,,,,,,,,,,,,,
107.0,,,,,,,3,0.48629688820191075,0.4836053745209855,-0.0026915136809252393,0.0,,,,,,,,,,,,,
107.0,,,,,,,3,0.48629688820191075,0.48604455550458686,-0.0002523326973238871,0.0,,,,,,,,,,,,,
107.0,,,,,,,3,0.48629688820191075,0.48454049397937765,-0.0017563942225330975,0.0,,,,,,,,,,,,,
107.0,,,,,,,3,0.48629688820191075,0.48423055315052543,-0.002066335051385315,0.0,,,,,,,,,,,,,
107.0,,,,,,,3,0.48629688820191075,0.48632162052918515,2.4732327274401555e-05,1.0,,,,,,,,,,,,,
107.0,,,,,,,3,0.48629688820191075,0.48273222406557903,-0.003564664136331719,0.0,,,,,,,,,,,,,
107.0,,,,,,,3,0.48629688820191075,0.4862853853176368,-1.1502884273928426e-05,0.0,,,,,,,,,,,,,
107.0,,,,,,,3,0.48629688820191075,0.4860509907112137,-0.0002458974906970335,0.0,,,,,,,,,,,,,
108.0,,,,,,,3,0.404860454144243,0.4048762039755975,1.5749831354494592e-05,1.0,,,,,,,,,,,,,
108.0,,,,,,,3,0.404860454144243,0.39528319224227776,-0.009577261901965228,0.0,,,,,,,,,,,,,
108.0,,,,,,,3,0.404860454144243,0.40482616624489615,-3.4287899346840955e-05,0.0,,,,,,,,,,,,,
108.0,,,,,,,3,0.404860454144243,0.4021084710180103,-0.0027519831262327044,0.0,,,,,,,,,,,,,
108.0,,,,,,,3,0.404860454144243,0.40489151253019984,3.105838595685029e-05,1.0,,,,,,,,,,,,,
108.0,,,,,,,3,0.404860454144243,0.40307943517158507,-0.0017810189726579218,0.0,,,,,,,,,,,,,
108.0,,,,,,,3,0.404860454144243,0.4049458469976918,8.539285344882908e-05,1.0,,,,,,,,,,,,,
108.0,,,,,,,3,0.404860454144243,0.4015744826867702,-0.0032859714574727805,0.0,,,,,,,,,,,,,
108.0,,,,,,,3,0.404860454144243,0.40258457542854487,-0.002275878715698121,0.0,,,,,,,,,,,,,
108.0,,,,,,,3,0.404860454144243,0.40385087087180876,-0.0010095832724342224,0.0,,,,,,,,,,,,,
108.0,,,,,,,3,0.404860454144243,0.40084559217923466,-0.004014861965008332,0.0,,,,,,,,,,,,,
108.0,,,,,,,3,0.404860454144243,0.40225795409240234,-0.0026025000518406505,0.0,,,,,,,,,,,,,
109.0,,,,,,,3,0.4763532657606583,0.4625647699401568,-0.013788495820501512,0.0,,,,,,,,,,,,,
109.0,,,,,,,3,0.4763532657606583,0.476322430852181,-3.083490847727299e-05,0.0,,,,,,,,,,,,,
109.0,,,,,,,3,0.4763532657606583,0.4756872859065418,-0.000665979854116483,0.0,,,,,,,,,,,,,
109.0,,,,,,,3,0.4763532657606583,0.47606470634870923,-0.000288559411949052,0.0,,,,,,,,,,,,,
109.0,,,,,,,3,0.4763532657606583,0.47632382311037885,-2.9442650279432048e-05,0.0,,,,,,,,,,,,,
109.0,,,,,,,3,0.4763532657606583,0.47618501273899877,-0.0001682530216595146,0.0,,,,,,,,,,,,,
109.0,,,,,,,3,0.4763532657606583,0.4765487593995826,0.0001954936389242934,1.0,,,,,,,,,,,,,
109.0,,,,,,,3,0.4763532657606583,0.4745372085418059,-0.0018160572188523627,0.0,,,,,,,,,,,,,
109.0,,,,,,,3,0.4763532657606583,0.4763819424292711,2.867666861283702e-05,1.0,,,,,,,,,,,,,
109.0,,,,,,,3,0.4763532657606583,0.4762358768177189,-0.00011738894293938928,0.0,,,,,,,,,,,,,
109.0,,,,,,,3,0.4763532657606583,0.4762830502776387,-7.021548301960889e-05,0.0,,,,,,,,,,,,,
109.0,,,,,,,3,0.4763532657606583,0.47638415099786363,3.088523720534697e-05,1.0,,,,,,,,,,,,,
110.0,,,,,,,3,0.3782199270921657,0.3782054155681444,-1.4511524021265654e-05,0.0,,,,,,,,,,,,,
110.0,,,,,,,3,0.3782199270921657,0.37710195725806395,-0.0011179698341017286,0.0,,,,,,,,,,,,,
110.0,,,,,,,3,0.3782199270921657,0.3742552603012374,-0.003964666790928273,0.0,,,,,,,,,,,,,
110.0,,,,,,,3,0.3782199270921657,0.3776367456536934,-0.0005831814384723022,0.0,,,,,,,,,,,,,
110.0,,,,,,,3,0.3782199270921657,0.3747715280700882,-0.0034483990220774974,0.0,,,,,,,,,,,,,
110.0,,,,,,,3,0.3782199270921657,0.37830328982459727,8.336273243159109e-05,1.0,,,,,,,,,,,,,
110.0,,,,,,,3,0.3782199270921657,0.3745012697378589,-0.0037186573543067647,0.0,,,,,,,,,,,,,
110.0,,,,,,,3,0.3782199270921657,0.375540060209819,-0.002679866882346671,0.0,,,,,,,,,,,,,
110.0,,,,,,,3,0.3782199270921657,0.3753062588850651,-0.002913668207100595,0.0,,,,,,,,,,,,,
110.0,,,,,,,3,0.3782199270921657,0.3781396282030282,-8.029888913746452e-05,0.0,,,,,,,,,,,,,
110.0,,,,,,,3,0.3782199270921657,0.37835556745909754,0.0001356403669318662,1.0,,,,,,,,,,,,,
110.0,,,,,,,3,0.3782199270921657,0.37653793706917854,-0.0016819900229871343,0.0,,,,,,,,,,,,,
111.0,,,,,,,3,0.4677356436731704,0.4676394989469127,-9.614472625768533e-05,0.0,,,,,,,,,,,,,
111.0,,,,,,,3,0.4677356436731704,0.4675941050523826,-0.00014153862078780666,0.0,,,,,,,,,,,,,
111.0,,,,,,,3,0.4677356436731704,0.46776424254662846,2.8598873458074436e-05,1.0,,,,,,,,,,,,,
111.0,,,,,,,3,0.4677356436731704,0.46771641986042334,-1.9223812747048985e-05,0.0,,,,,,,,,,,,,
111.0,,,,,,,3,0.4677356436731704,0.46778089870920875,4.5255036038360785e-05,1.0,,,,,,,,,,,,,
111.0,,,,,,,3,0.4677356436731704,0.46767950430878036,-5.6139364390028756e-05,0.0,,,,,,,,,,,,,
111.0,,,,,,,3,0.4677356436731704,0.46779996693142073,6.43232582503428e-05,1.0,,,,,,,,,,,,,
111.0,,,,,,,3,0.4677356436731704,0.4677497470071236,1.410333395318597e-05,1.0,,,,,,,,,,,,,
111.0,,,,,,,3,0.4677356436731704,0.46118184890004327,-0.0065537947731271196,0.0,,,,,,,,,,,,,
111.0,,,,,,,3,0.4677356436731704,0.46262445483765835,-0.005111188835512037,0.0,,,,,,,,,,,,,
111.0,,,,,,,3,0.4677356436731704,0.4644135935346729,-0.003322050138497512,0.0,,,,,,,,,,,,,
111.0,,,,,,,3,0.4677356436731704,0.4672823953552895,-0.00045324831788090547,0.0,,,,,,,,,,,,,
112.0,,,,,,,3,0.6006732315411428,0.6004572451655706,-0.0002159863755721858,0.0,,,,,,,,,,,,,
112.0,,,,,,,3,0.6006732315411428,0.5990005272918321,-0.0016727042493107636,0.0,,,,,,,,,,,,,
112.0,,,,,,,3,0.6006732315411428,0.5982953313867917,-0.0023779001543511313,0.0,,,,,,,,,,,,,
112.0,,,,,,,3,0.6006732315411428,0.601388575853182,0.0007153443120391234,1.0,,,,,,,,,,,,,
112.0,,,,,,,3,0.6006732315411428,0.6009187594450284,0.00024552790388554513,1.0,,,,,,,,,,,,,
112.0,,,,,,,3,0.6006732315411428,0.5976099832658408,-0.003063248275302022,0.0,,,,,,,,,,,,,
112.0,,,,,,,3,0.6006732315411428,0.6003748836791303,-0.00029834786201254904,0.0,,,,,,,,,,,,,
112.0,,,,,,,3,0.6006732315411428,0.6006319636468226,-4.126789432024047e-05,0.0,,,,,,,,,,,,,
112.0,,,,,,,3,0.6006732315411428,0.6006651191623169,-8.112378825919642e-06,0.0,,,,,,,,,,,,,
112.0,,,,,,,3,0.6006732315411428,0.6005804301446559,-9.280139648693009e-05,0.0,,,,,,,,,,,,,
112.0,,,,,,,3,0.6006732315411428,0.6004125611739517,-0.00026067036719112924,0.0,,,,,,,,,,,,,
112.0,,,,,,,3,0.6006732315411428,0.5997643386566603,-0.0009088928844824817,0.0,,,,,,,,,,,,,
113.0,,,,,,,3,0.4867171262580071,0.4844679712832487,-0.002249154974758416,0.0,,,,,,,,,,,,,
113.0,,,,,,,3,0.4867171262580071,0.48359084077406506,-0.0031262854839420595,0.0,,,,,,,,,,,,,
113.0,,,,,,,3,0.4867171262580071,0.48669187845320927,-2.5247804797845497e-05,0.0,,,,,,,,,,,,,
113.0,,,,,,,3,0.4867171262580071,0.4837877465614312,-0.002929379696575918,0.0,,,,,,,,,,,,,
113.0,,,,,,,3,0.4867171262580071,0.48382088144699803,-0.0028962448110090855,0.0,,,,,,,,,,,,,
113.0,,,,,,,3,0.4867171262580071,0.4868559843163251,0.00013885805831798104,1.0,,,,,,,,,,,,,
113.0,,,,,,,3,0.4867171262580071,0.4865766392770914,-0.00014048698091573275,0.0,,,,,,,,,,,,,
113.0,,,,,,,3,0.4867171262580071,0.48058649677307086,-0.006130629484936256,0.0,,,,,,,,,,,,,
113.0,,,,,,,3,0.4867171262580071,0.4870251445524837,0.00030801829447657525,1.0,,,,,,,,,,,,,
113.0,,,,,,,3,0.4867171262580071,0.48676604878748403,4.8922529476913557e-05,1.0,,,,,,,,,,,,,
113.0,,,,,,,3,0.4867171262580071,0.48422725931661426,-0.00248986694139286,0.0,,,,,,,,,,,,,
113.0,,,,,,,3,0.4867171262580071,0.4867239439313651,6.817673357972787e-06,1.0,,,,,,,,,,,,,
114.0,,,,,,,3,0.4652981779390373,0.464934109005062,-0.0003640689339753367,0.0,,,,,,,,,,,,,
114.0,,,,,,,3,0.4652981779390373,0.4624523532176471,-0.002845824721390222,0.0,,,,,,,,,,,,,
114.0,,,,,,,3,0.4652981779390373,0.46060916918369665,-0.004689008755340673,0.0,,,,,,,,,,,,,
114.0,,,,,,,3,0.4652981779390373,0.46561594765448777,0.0003177697154504444,1.0,,,,,,,,,,,,,
114.0,,,,,,,3,0.4652981779390373,0.46539012829157417,9.195035253684036e-05,1.0,,,,,,,,,,,,,
114.0,,,,,,,3,0.4652981779390373,0.46541253997100984,0.00011436203197251471,1.0,,,,,,,,,,,,,
114.0,,,,,,,3,0.4652981779390373,0.4617616140254228,-0.00353656391361451,0.0,,,,,,,,,,,,,
114.0,,,,,,,3,0.4652981779390373,0.4648459392279835,-0.00045223871105382063,0.0,,,,,,,,,,,,,
114.0,,,,,,,3,0.4652981779390373,0.46529498933890756,-3.1886001297665167e-06,0.0,,,,,,,,,,,,,
114.0,,,,,,,3,0.4652981779390373,0.45524019334369153,-0.010057984595345792,0.0,,,,,,,,,,,,,
114.0,,,,,,,3,0.4652981779390373,0.46317605317284233,-0.0021221247661949993,0.0,,,,,,,,,,,,,
114.0,,,,,,,3,0.4652981779390373,0.4651166185211325,-0.00018155941790481966,0.0,,,,,,,,,,,,,
115.0,,,,,,,3,0.4537915763829129,0.45365895464927264,-0.0001326217336402591,0.0,,,,,,,,,,,,,
115.0,,,,,,,3,0.4537915763829129,0.4537347383471351,-5.683803577777313e-05,0.0,,,,,,,,,,,,,
115.0,,,,,,,3,0.4537915763829129,0.4537855687958036,-6.007587109280177e-06,0.0,,,,,,,,,,,,,
115.0,,,,,,,3,0.4537915763829129,0.4541256810182145,0.00033410463530159085,1.0,,,,,,,,,,,,,
115.0,,,,,,,3,0.4537915763829129,0.45024902425027136,-0.003542552132641541,0.0,,,,,,,,,,,,,
115.0,,,,,,,3,0.4537915763829129,0.45421041339230506,0.00041883700939215895,1.0,,,,,,,,,,,,,
115.0,,,,,,,3,0.4537915763829129,0.45371653843911186,-7.503794380103734e-05,0.0,,,,,,,,,,,,,
115.0,,,,,,,3,0.4537915763829129,0.4502918177454408,-0.0034997586374720946,0.0,,,,,,,,,,,,,
115.0,,,,,,,3,0.4537915763829129,0.45226784064744335,-0.0015237357354695447,0.0,,,,,,,,,,,,,
115.0,,,,,,,3,0.4537915763829129,0.4538016520482125,1.0075665299591474e-05,1.0,,,,,,,,,,,,,
115.0,,,,,,,3,0.4537915763829129,0.4520396025120516,-0.0017519738708612898,0.0,,,,,,,,,,,,,
115.0,,,,,,,3,0.4537915763829129,0.4538386494818537,4.707309894080858e-05,1.0,,,,,,,,,,,,,
116.0,,,,,,,3,0.4033098094590006,0.4036267587242445,0.00031694926524394873,1.0,,,,,,,,,,,,,
116.0,,,,,,,3,0.4033098094590006,0.4024635594547498,-0.0008462500042507592,0.0,,,,,,,,,,,,,
116.0,,,,,,,3,0.4033098094590006,0.40311549488340903,-0.00019431457559154763,0.0,,,,,,,,,,,,,
116.0,,,,,,,3,0.4033098094590006,0.40302930852023067,-0.000280500938769912,0.0,,,,,,,,,,,,,
116.0,,,,,,,3,0.4033098094590006,0.4039109743531742,0.0006011648941736114,1.0,,,,,,,,,,,,,
116.0,,,,,,,3,0.4033098094590006,0.403274329166228,-3.5480292772560595e-05,0.0,,,,,,,,,,,,,
116.0,,,,,,,3,0.4033098094590006,0.40086865947662204,-0.002441149982378543,0.0,,,,,,,,,,,,,
116.0,,,,,,,3,0.4033098094590006,0.40299899835488073,-0.0003108111041198458,0.0,,,,,,,,,,,,,
116.0,,,,,,,3,0.4033098094590006,0.4024807454937818,-0.000829063965218757,0.0,,,,,,,,,,,,,
116.0,,,,,,,3,0.4033098094590006,0.40334117675612563,3.136729712505115e-05,1.0,,,,,,,,,,,,,
116.0,,,,,,,3,0.4033098094590006,0.4034118914234913,0.00010208196449074114,1.0,,,,,,,,,,,,,
116.0,,,,,,,3,0.4033098094590006,0.4034720062741388,0.00016219681513823803,1.0,,,,,,,,,,,,,
117.0,,,,,,,3,0.4644863303536714,0.46455876554312353,7.243518945215799e-05,1.0,,,,,,,,,,,,,
117.0,,,,,,,3,0.4644863303536714,0.4613730448866283,-0.003113285467043092,0.0,,,,,,,,,,,,,
117.0,,,,,,,3,0.4644863303536714,0.4616684763121888,-0.002817854041482548,0.0,,,,,,,,,,,,,
117.0,,,,,,,3,0.4644863303536714,0.4644656116068117,-2.0718746859660353e-05,0.0,,,,,,,,,,,,,
117.0,,,,,,,3,0.4644863303536714,0.4643973750634368,-8.895529023456028e-05,0.0,,,,,,,,,,,,,
117.0,,,,,,,3,0.4644863303536714,0.4613775595365026,-0.00310877081716876,0.0,,,,,,,,,,,,,
117.0,,,,,,,3,0.4644863303536714,0.4646587022600255,0.00017237190635410737,1.0,,,,,,,,,,,,,
117.0,,,,,,,3,0.4644863303536714,0.4642872544686875,-0.00019907588498385698,0.0,,,,,,,,,,,,,
117.0,,,,,,,3,0.4644863303536714,0.46135760918200325,-0.003128721171668125,0.0,,,,,,,,,,,,,
117.0,,,,,,,3,0.4644863303536714,0.4643830358397706,-0.00010329451390078681,0.0,,,,,,,,,,,,,
117.0,,,,,,,3,0.4644863303536714,0.46450737069046233,2.1040336790956182e-05,1.0,,,,,,,,,,,,,
117.0,,,,,,,3,0.4644863303536714,0.4644265306934708,-5.979966020058791e-05,0.0,,,,,,,,,,,,,
118.0,,,,,,,3,0.406724997809566,0.40735323787158256,0.0006282400620165607,1.0,,,,,,,,,,,,,
118.0,,,,,,,3,0.406724997809566,0.4069737823411429,0.0002487845315768955,1.0,,,,,,,,,,,,,
118.0,,,,,,,3,0.406724997809566,0.40415127937485157,-0.0025737184347144337,0.0,,,,,,,,,,,,,
118.0,,,,,,,3,0.406724997809566,0.4052604559897288,-0.001464541819837184,0.0,,,,,,,,,,,,,
118.0,,,,,,,3,0.406724997809566,0.4045666494124572,-0.0021583483971088224,0.0,,,,,,,,,,,,,
118.0,,,,,,,3,0.406724997809566,0.40663825649724294,-8.67413123230576e-05,0.0,,,,,,,,,,,,,
118.0,,,,,,,3,0.406724997809566,0.4062832307174989,-0.0004417670920671135,0.0,,,,,,,,,,,,,
118.0,,,,,,,3,0.406724997809566,0.40065086148256074,-0.006074136327005264,0.0,,,,,,,,,,,,,
118.0,,,,,,,3,0.406724997809566,0.40567493410863603,-0.0010500637009299707,0.0,,,,,,,,,,,,,
118.0,,,,,,,3,0.406724997809566,0.4025310486570068,-0.004193949152559218,0.0,,,,,,,,,,,,,
118.0,,,,,,,3,0.406724997809566,0.4045756890843525,-0.002149308725213517,0.0,,,,,,,,,,,,,
118.0,,,,,,,3,0.406724997809566,0.4068461573248659,0.00012115951529989566,1.0,,,,,,,,,,,,,
119.0,,,,,,,3,0.48158989327640983,0.480088874409716,-0.0015010188666938484,0.0,,,,,,,,,,,,,
119.0,,,,,,,3,0.48158989327640983,0.4797786251669824,-0.001811268109427444,0.0,,,,,,,,,,,,,
119.0,,,,,,,3,0.48158989327640983,0.48194111903278547,0.00035122575637563935,1.0,,,,,,,,,,,,,
119.0,,,,,,,3,0.48158989327640983,0.48155285277797594,-3.7040498433893454e-05,0.0,,,,,,,,,,,,,
119.0,,,,,,,3,0.48158989327640983,0.4770946089184845,-0.004495284357925344,0.0,,,,,,,,,,,,,
119.0,,,,,,,3,0.48158989327640983,0.4814494771808016,-0.0001404160956082201,0.0,,,,,,,,,,,,,
119.0,,,,,,,3,0.48158989327640983,0.4782899903127717,-0.003299902963638135,0.0,,,,,,,,,,,,,
119.0,,,,,,,3,0.48158989327640983,0.48161016224489767,2.0268968487835437e-05,1.0,,,,,,,,,,,,,
119.0,,,,,,,3,0.48158989327640983,0.4818581295928163,0.00026823631640648937,1.0,,,,,,,,,,,,,
119.0,,,,,,,3,0.48158989327640983,0.4815703255828872,-1.9567693522626328e-05,0.0,,,,,,,,,,,,,
119.0,,,,,,,3,0.48158989327640983,0.4818834754680583,0.0002935821916484893,1.0,,,,,,,,,,,,,
119.0,,,,,,,3,0.48158989327640983,0.4815601141681255,-2.97791082843335e-05,0.0,,,,,,,,,,,,,
120.0,,,,,,,3,0.4436365553691743,0.44360414586366514,-3.2409505509145564e-05,0.0,,,,,,,,,,,,,
120.0,,,,,,,3,0.4436365553691743,0.44356343330098374,-7.312206819054534e-05,0.0,,,,,,,,,,,,,
120.0,,,,,,,3,0.4436365553691743,0.44364247111124844,5.9157420741473565e-06,1.0,,,,,,,,,,,,,
120.0,,,,,,,3,0.4436365553691743,0.4339456240030909,-0.0096909313660834,0.0,,,,,,,,,,,,,
120.0,,,,,,,3,0.4436365553691743,0.4412170153915119,-0.002419539977662366,0.0,,,,,,,,,,,,,
120.0,,,,,,,3,0.4436365553691743,0.4433346127113217,-0.0003019426578526052,0.0,,,,,,,,,,,,,
120.0,,,,,,,3,0.4436365553691743,0.430493840040578,-0.013142715328596288,0.0,,,,,,,,,,,,,
120.0,,,,,,,3,0.4436365553691743,0.44362653022210535,-1.0025147068937201e-05,0.0,,,,,,,,,,,,,
120.0,,,,,,,3,0.4436365553691743,0.4431190958889528,-0.0005174594802214716,0.0,,,,,,,,,,,,,
120.0,,,,,,,3,0.4436365553691743,0.43917811043561045,-0.004458444933563843,0.0,,,,,,,,,,,,,
120.0,,,,,,,3,0.4436365553691743,0.442971500958278,-0.0006650544108963152,0.0,,,,,,,,,,,,,
120.0,,,,,,,3,0.4436365553691743,0.44206258950834854,-0.0015739658608257545,0.0,,,,,,,,,,,,,
121.0,,,,,,,3,0.5925204916071728,0.5899740856100538,-0.0025464059971189723,0.0,,,,,,,,,,,,,
121.0,,,,,,,3,0.5925204916071728,0.5883034835184889,-0.00421700808868386,0.0,,,,,,,,,,,,,
121.0,,,,,,,3,0.5925204916071728,0.5925161269272088,-4.364679964008467e-06,0.0,,,,,,,,,,,,,
121.0,,,,,,,3,0.5925204916071728,0.592647079380928,0.00012658777375518238,1.0,,,,,,,,,,,,,
121.0,,,,,,,3,0.5925204916071728,0.5923768398633251,-0.00014365174384767254,0.0,,,,,,,,,,,,,
121.0,,,,,,,3,0.5925204916071728,0.5926642432440403,0.00014375163686752845,1.0,,,,,,,,,,,,,
121.0,,,,,,,3,0.5925204916071728,0.5926099191096145,8.942750244167463e-05,1.0,,,,,,,,,,,,,
121.0,,,,,,,3,0.5925204916071728,0.589274910470319,-0.0032455811368538035,0.0,,,,,,,,,,,,,
121.0,,,,,,,3,0.5925204916071728,0.5898443530266947,-0.0026761385804781046,0.0,,,,,,,,,,,,,
121.0,,,,,,,3,0.5925204916071728,0.590500684753518,-0.002019806853654771,0.0,,,,,,,,,,,,,
121.0,,,,,,,3,0.5925204916071728,0.5923661949263107,-0.00015429668086208714,0.0,,,,,,,,,,,,,
121.0,,,,,,,3,0.5925204916071728,0.5856746614315791,-0.0068458301755937034,0.0,,,,,,,,,,,,,
122.0,,,,,,,3,0.5188801825374936,0.5187574153624759,-0.00012276717501769063,0.0,,,,,,,,,,,,,
122.0,,,,,,,3,0.5188801825374936,0.5147671556563523,-0.004113026881141235,0.0,,,,,,,,,,,,,
122.0,,,,,,,3,0.5188801825374936,0.5189900796691103,0.00010989713161668746,1.0,,,,,,,,,,,,,
122.0,,,,,,,3,0.5188801825374936,0.5163016714953852,-0.002578511042108378,0.0,,,,,,,,,,,,,
122.0,,,,,,,3,0.5188801825374936,0.5182856178334667,-0.0005945647040268565,0.0,,,,,,,,,,,,,
122.0,,,,,,,3,0.5188801825374936,0.5159216990058385,-0.002958483531655065,0.0,,,,,,,,,,,,,
122.0,,,,,,,3,0.5188801825374936,0.5189930492433888,0.00011286670589527592,1.0,,,,,,,,,,,,,
122.0,,,,,,,3,0.5188801825374936,0.5190902670192725,0.00021008448177894934,1.0,,,,,,,,,,,,,
122.0,,,,,,,3,0.5188801825374936,0.5161170420368748,-0.002763140500618766,0.0,,,,,,,,,,,,,
122.0,,,,,,,3,0.5188801825374936,0.5187478598813844,-0.00013232265610918503,0.0,,,,,,,,,,,,,
122.0,,,,,,,3,0.5188801825374936,0.5170286288730733,-0.0018515536644202468,0.0,,,,,,,,,,,,,
122.0,,,,,,,3,0.5188801825374936,0.5129176435201971,-0.0059625390172964865,0.0,,,,,,,,,,,,,
123.0,,,,,,,3,0.466039027819583,0.4641410684369413,-0.0018979593826417007,0.0,,,,,,,,,,,,,
123.0,,,,,,,3,0.466039027819583,0.4593791484184198,-0.0066598794011631934,0.0,,,,,,,,,,,,,
123.0,,,,,,,3,0.466039027819583,0.4639006355787809,-0.0021383922408020895,0.0,,,,,,,,,,,,,
123.0,,,,,,,3,0.466039027819583,0.4607557328661289,-0.005283294953454087,0.0,,,,,,,,,,,,,
123.0,,,,,,,3,0.466039027819583,0.46611532710940345,7.629928982044731e-05,1.0,,,,,,,,,,,,,
123.0,,,,,,,3,0.466039027819583,0.46601819139953116,-2.0836420051850713e-05,0.0,,,,,,,,,,,,,
123.0,,,,,,,3,0.466039027819583,0.4661004889905348,6.146117095179315e-05,1.0,,,,,,,,,,,,,
123.0,,,,,,,3,0.466039027819583,0.4659280602525161,-0.0001109675670669108,0.0,,,,,,,,,,,,,
123.0,,,,,,,3,0.466039027819583,0.4616485724465245,-0.004390455373058488,0.0,,,,,,,,,,,,,
123.0,,,,,,,3,0.466039027819583,0.4659548270814251,-8.420073815790241e-05,0.0,,,,,,,,,,,,,
123.0,,,,,,,3,0.466039027819583,0.46599383322781024,-4.519459177276808e-05,0.0,,,,,,,,,,,,,
123.0,,,,,,,3,0.466039027819583,0.46400643516643536,-0.002032592653147647,0.0,,,,,,,,,,,,,
124.0,,,,,,,3,0.5057863650803549,0.5056614939390901,-0.00012487114126480403,0.0,,,,,,,,,,,,,
124.0,,,,,,,3,0.5057863650803549,0.5039163922283149,-0.0018699728520400472,0.0,,,,,,,,,,,,,
124.0,,,,,,,3,0.5057863650803549,0.5058838995251986,9.753444484372764e-05,1.0,,,,,,,,,,,,,
124.0,,,,,,,3,0.5057863650803549,0.5058405534908077,5.4188410452793434e-05,1.0,,,,,,,,,,,,,
124.0,,,,,,,3,0.5057863650803549,0.5058967622361298,0.0001103971557748773,1.0,,,,,,,,,,,,,
124.0,,,,,,,3,0.5057863650803549,0.5058325310675357,4.6165987180768475e-05,1.0,,,,,,,,,,,,,
124.0,,,,,,,3,0.5057863650803549,0.5001843424684211,-0.005602022611933766,0.0,,,,,,,,,,,,,
124.0,,,,,,,3,0.5057863650803549,0.503640215222112,-0.0021461498582429073,0.0,,,,,,,,,,,,,
124.0,,,,,,,3,0.5057863650803549,0.5014481883327258,-0.004338176747629152,0.0,,,,,,,,,,,,,
124.0,,,,,,,3,0.5057863650803549,0.503654351402549,-0.0021320136778059107,0.0,,,,,,,,,,,,,
124.0,,,,,,,3,0.5057863650803549,0.5046428158134685,-0.0011435492668864233,0.0,,,,,,,,,,,,,
124.0,,,,,,,3,0.5057863650803549,0.5058156538401712,2.9288759816337162e-05,1.0,,,,,,,,,,,,,
,,,,,,,1_summary,,,,,1.0,0.78,0.89,0.08148166512824406,0.07655334374115709,0.028946007716948524,0.059725375432266865,,,,,,
,,,,,,,2a_summary,,,,,,,,,,,,0.0,,,,,
,,,,,,,2b_summary,,,,,,,,,,,,,0.9866666666666667,,,,
,,,,,,,2c_summary,,,,,,,,,,,,,,0.25666666666666665,"{""game"": 0, ""seed"": 0, ""unit_t"": 2, ""unit_s"": 3, ""unit_i"": 1, ""unit_prefix"": [0], ""base_loss"": 0.47142209818054986, ""new_loss"": 0.4716461571629668, ""delta"": 0.00022405898241695255}",,
,,,,,,,3_summary,,,,,,,,,,,,,,,,378.0,"{""game"": 0, ""seed"": 0, ""unit_t"": 2, ""unit_s"": 3, ""unit_i"": 1, ""unit_prefix"": [0], ""base_loss"": 0.5117668903177244, ""new_loss"": 0.5118154208028851, ""delta_loss"": 4.853048516073599e-05, ""base_ctilde"": 0.532495576327339, ""new_ctilde"": 0.5324367088206556, ""delta_ctilde"": -5.886750668337992e-05}"
