bound_type,game,repeat,Bhat,true_loss,covered,ratio_L
empirical_bernstein,0,0,0.2962306474262746,0.24977955816733002,1,1.185968337840627
hoeffding,0,0,0.3773441320899016,0.24977955816733002,1,1.5107086218685466
clipped_empirical_bernstein,0,0,0.28369298069804033,0.24977955816733002,1,1.1357734106807544
naive_plugin,0,0,0.2418674709562256,0.24977955816733002,0,0.968323720046762
empirical_bernstein,0,1,0.3166884001900416,0.24977955816733002,1,1.2678715684887576
hoeffding,0,1,0.39593016131819014,0.24977955816733002,1,1.5851183508498012
clipped_empirical_bernstein,0,1,0.3048900685061079,0.24977955816733002,1,1.220636591493443
naive_plugin,0,1,0.2604535001845142,0.24977955816733002,1,1.042733449028017
empirical_bernstein,0,2,0.3003296377531685,0.24977955816733002,1,1.2023787693305727
hoeffding,0,2,0.38127051399349965,0.24977955816733002,1,1.526428010326139
clipped_empirical_bernstein,0,2,0.28772130652530004,0.24977955816733002,1,1.1519009347136102
naive_plugin,0,2,0.24579385285982372,0.24977955816733002,0,0.9840431085043547
empirical_bernstein,0,3,0.3202120782993693,0.24977955816733002,1,1.2819787201515338
hoeffding,0,3,0.3987458829649752,0.24977955816733002,1,1.5963911774471593
clipped_empirical_bernstein,0,3,0.3137982479519391,0.24977955816733002,1,1.256300756772587
naive_plugin,0,3,0.26326922183129925,0.24977955816733002,1,1.054006275625375
empirical_bernstein,0,4,0.3343385205325385,0.24977955816733002,1,1.3385343579980291
hoeffding,0,4,0.41177394415804475,0.24977955816733002,1,1.6485494136481453
clipped_empirical_bernstein,0,4,0.32742876404094223,0.24977955816733002,1,1.3108709393328102
naive_plugin,0,4,0.2762972830243688,0.24977955816733002,1,1.1061645118263612
empirical_bernstein,0,5,0.29495458560802745,0.24977955816733002,1,1.180859585837021
hoeffding,0,5,0.3759157120526532,0.24977955816733002,1,1.5049898991366746
clipped_empirical_bernstein,0,5,0.2849047053562751,0.24977955816733002,1,1.1406245869224187
naive_plugin,0,5,0.24043905091897722,0.24977955816733002,0,0.9626049973148904
empirical_bernstein,0,6,0.3042589151478037,0.24977955816733002,1,1.2181097499739244
hoeffding,0,6,0.38455996158804573,0.24977955816733002,1,1.5395974130534127
clipped_empirical_bernstein,0,6,0.29138431658429204,0.24977955816733002,1,1.1665659060422011
naive_plugin,0,6,0.24908330045436977,0.24977955816733002,0,0.9972125112316284
empirical_bernstein,0,7,0.30994678227461253,0.24977955816733002,1,1.240881297688003
hoeffding,0,7,0.38973780757440984,0.24977955816733002,1,1.5603270757382006
clipped_empirical_bernstein,0,7,0.2991575287057587,0.24977955816733002,1,1.1976861953825293
naive_plugin,0,7,0.2542611464407339,0.24977955816733002,1,1.0179421739164163
empirical_bernstein,0,8,0.3152014492267128,0.24977955816733002,1,1.2619185154277355
hoeffding,0,8,0.3935884632981746,0.24977955816733002,1,1.5757432921492536
clipped_empirical_bernstein,0,8,0.3081984065704916,0.24977955816733002,1,1.233881622786866
naive_plugin,0,8,0.25811180216449864,0.24977955816733002,1,1.0333583903274692
empirical_bernstein,0,9,0.3059212380842012,0.24977955816733002,1,1.2247649100222255
hoeffding,0,9,0.3852642782507071,0.24977955816733002,1,1.542417166070149
clipped_empirical_bernstein,0,9,0.2995481370517282,0.24977955816733002,1,1.1992500076850072
naive_plugin,0,9,0.2497876171170311,0.24977955816733002,1,1.0000322642483646
empirical_bernstein,0,10,0.3156203006956385,0.24977955816733002,1,1.2635953999254057
hoeffding,0,10,0.39559150762285383,0.24977955816733002,1,1.583762540559235
clipped_empirical_bernstein,0,10,0.3045462588175763,0.24977955816733002,1,1.2192601390285007
naive_plugin,0,10,0.2601148464891779,0.24977955816733002,1,1.0413776387374507
empirical_bernstein,0,11,0.31979175951063854,0.24977955816733002,1,1.280295961194737
hoeffding,0,11,0.3983497135325355,0.24977955816733002,1,1.594805101167153
clipped_empirical_bernstein,0,11,0.31351661040959083,0.24977955816733002,1,1.255173212371377
naive_plugin,0,11,0.26287305239885955,0.24977955816733002,1,1.0524201993453686
empirical_bernstein,0,12,0.3020907659464428,0.24977955816733002,1,1.2094294992069323
hoeffding,0,12,0.3819554966499969,0.24977955816733002,1,1.5291703590656558
clipped_empirical_bernstein,0,12,0.2879335632486176,0.24977955816733002,1,1.1527507109117703
naive_plugin,0,12,0.24647883551632094,0.24977955816733002,0,0.9867854572438715
empirical_bernstein,0,13,0.3223132289634717,0.24977955816733002,1,1.2903907402524533
hoeffding,0,13,0.4010457043453681,0.24977955816733002,1,1.605598581757052
clipped_empirical_bernstein,0,13,0.3115352218961863,0.24977955816733002,1,1.2472406636554523
naive_plugin,0,13,0.26556904321169217,0.24977955816733002,1,1.0632136799352676
empirical_bernstein,0,14,0.3116864280501142,0.24977955816733002,1,1.2478460220564251
hoeffding,0,14,0.39103625680634285,0.24977955816733002,1,1.5655254564281975
clipped_empirical_bernstein,0,14,0.30547086827235687,0.24977955816733002,1,1.2229618408873901
naive_plugin,0,14,0.2555595956726669,0.24977955816733002,1,1.0231405546064132
empirical_bernstein,0,15,0.28862308300506556,0.24977955816733002,1,1.1555112240678793
hoeffding,0,15,0.36917989714091626,0.24977955816733002,1,1.4780228608363486
clipped_empirical_bernstein,0,15,0.2767225777661274,0.24977955816733002,1,1.1078671921612895
naive_plugin,0,15,0.23370323600724033,0.24977955816733002,0,0.9356379590145644
empirical_bernstein,0,16,0.3160895892173614,0.24977955816733002,1,1.2654742106862467
hoeffding,0,16,0.39551528013969617,0.24977955816733002,1,1.583457361529706
clipped_empirical_bernstein,0,16,0.30488163882935293,0.24977955816733002,1,1.220602843028129
naive_plugin,0,16,0.2600386190060202,0.24977955816733002,1,1.041072459707922
empirical_bernstein,0,17,0.3226117097308804,0.24977955816733002,1,1.291585717013557
hoeffding,0,17,0.4008042980600997,0.24977955816733002,1,1.6046321044078258
clipped_empirical_bernstein,0,17,0.31569275490167814,0.24977955816733002,1,1.263885472526107
naive_plugin,0,17,0.26532763692642375,0.24977955816733002,1,1.0622472025860414
empirical_bernstein,0,18,0.29953057358950624,0.24977955816733002,1,1.1991796918338988
hoeffding,0,18,0.3804978076094315,0.24977955816733002,1,1.5233344569956038
clipped_empirical_bernstein,0,18,0.2878275845880275,0.24977955816733002,1,1.152326422145437
naive_plugin,0,18,0.2450211464757556,0.24977955816733002,0,0.9809495551738197
empirical_bernstein,0,19,0.3200555564981521,0.24977955816733002,1,1.2813520803962004
hoeffding,0,19,0.3989620044277742,0.24977955816733002,1,1.5972564262464795
clipped_empirical_bernstein,0,19,0.30922740333320753,0.24977955816733002,1,1.2380012423837052
naive_plugin,0,19,0.26348534329409823,0.24977955816733002,1,1.0548715244246951
empirical_bernstein,0,20,0.2989668275360483,0.24977955816733002,1,1.196922717493828
hoeffding,0,20,0.37953749400906767,0.24977955816733002,1,1.519489812512245
clipped_empirical_bernstein,0,20,0.28661668793565703,0.24977955816733002,1,1.1474785608502414
naive_plugin,0,20,0.24406083287539168,0.24977955816733002,0,0.9771049106904605
empirical_bernstein,0,21,0.3045378730337342,0.24977955816733002,1,1.219226566289788
hoeffding,0,21,0.38369534861543736,0.24977955816733002,1,1.5361359089217208
clipped_empirical_bernstein,0,21,0.2974189158391307,0.24977955816733002,1,1.1907256062959586
naive_plugin,0,21,0.2482186874817614,0.24977955816733002,0,0.9937510070999366
empirical_bernstein,0,22,0.2962005349152251,0.24977955816733002,1,1.1858477814937807
hoeffding,0,22,0.3774376697211726,0.24977955816733002,1,1.511083102598504
clipped_empirical_bernstein,0,22,0.2829084414794049,0.24977955816733002,1,1.1326324842398892
naive_plugin,0,22,0.24196100858749664,0.24977955816733002,0,0.9686982007767199
empirical_bernstein,0,23,0.292096158639067,0.24977955816733002,1,1.1694157871933966
hoeffding,0,23,0.37309946245206604,0.24977955816733002,1,1.4937149588603351
clipped_empirical_bernstein,0,23,0.2811947129204101,0.24977955816733002,1,1.125771520229989
naive_plugin,0,23,0.23762280131839011,0.24977955816733002,0,0.9513300570385509
empirical_bernstein,0,24,0.30621744200689044,0.24977955816733002,1,1.2259507713667748
hoeffding,0,24,0.38635369623463667,0.24977955816733002,1,1.5467786838497575
clipped_empirical_bernstein,0,24,0.2947333195309222,0.24977955816733002,1,1.1799737404190505
naive_plugin,0,24,0.2508770351009607,0.24977955816733002,1,1.0043937820279731
empirical_bernstein,0,25,0.31079274405410795,0.24977955816733002,1,1.2442681312051347
hoeffding,0,25,0.3914875876405684,0.24977955816733002,1,1.5673323730451418
clipped_empirical_bernstein,0,25,0.299795944921481,0.24977955816733002,1,1.2002421139709296
naive_plugin,0,25,0.25601092650689244,0.24977955816733002,1,1.0249474712233575
empirical_bernstein,0,26,0.290294960329535,0.24977955816733002,1,1.162204635397198
hoeffding,0,26,0.3724319079022774,0.24977955816733002,1,1.4910423840720435
clipped_empirical_bernstein,0,26,0.2800251732038888,0.24977955816733002,1,1.1210892326757056
naive_plugin,0,26,0.23695524676860147,0.24977955816733002,0,0.9486574822502593
empirical_bernstein,0,27,0.31811870800822245,0.24977955816733002,1,1.2735978490085698
hoeffding,0,27,0.3970945532805824,0.24977955816733002,1,1.5897800292150588
clipped_empirical_bernstein,0,27,0.3062408559361076,0.24977955816733002,1,1.2260445097390777
naive_plugin,0,27,0.26161789214690645,0.24977955816733002,1,1.0473951273932744
empirical_bernstein,0,28,0.2862936564145169,0.24977955816733002,1,1.1461852944055801
hoeffding,0,28,0.36860328805247583,0.24977955816733002,1,1.4757143889474915
clipped_empirical_bernstein,0,28,0.27405842025436744,0.24977955816733002,1,1.0972011571530316
naive_plugin,0,28,0.23312662691879987,0.24977955816733002,0,0.9333294871257072
empirical_bernstein,0,29,0.3380984840607194,0.24977955816733002,1,1.3535874854667793
hoeffding,0,29,0.41579467051366237,0.24977955816733002,1,1.664646512966914
clipped_empirical_bernstein,0,29,0.3314870141604706,0.24977955816733002,1,1.3271182661729424
naive_plugin,0,29,0.2803180093799864,0.24977955816733002,1,1.1222616111451296
empirical_bernstein,0,30,0.3221491957435983,0.24977955816733002,1,1.2897340283058194
hoeffding,0,30,0.4009639833716842,0.24977955816733002,1,1.6052714093723959
clipped_empirical_bernstein,0,30,0.31141162739649825,0.24977955816733002,1,1.2467458493456067
naive_plugin,0,30,0.26548732223800825,0.24977955816733002,1,1.0628865075506115
empirical_bernstein,0,31,0.29018786073373865,0.24977955816733002,1,1.1617758589329343
hoeffding,0,31,0.37197972081378483,0.24977955816733002,1,1.4892320394152976
clipped_empirical_bernstein,0,31,0.2793773439315516,0.24977955816733002,1,1.1184956286310417
naive_plugin,0,31,0.23650305968010885,0.24977955816733002,0,0.9468471375935131
empirical_bernstein,0,32,0.31693368697158764,0.24977955816733002,1,1.2688535815219528
hoeffding,0,32,0.3959188850534616,0.24977955816733002,1,1.585073205983619
clipped_empirical_bernstein,0,32,0.3103873181746895,0.24977955816733002,1,1.2426449964602695
naive_plugin,0,32,0.26044222391978566,0.24977955816733002,1,1.0426883041618347
empirical_bernstein,0,33,0.30802327210300745,0.24977955816733002,1,1.2331804666603634
hoeffding,0,33,0.38749282541377905,0.24977955816733002,1,1.55133922189979
clipped_empirical_bernstein,0,33,0.3015367771783361,0.24977955816733002,1,1.2072115884532606
naive_plugin,0,33,0.2520161642801031,0.24977955816733002,1,1.0089543200780056
empirical_bernstein,0,34,0.3264954791190895,0.24977955816733002,1,1.3071345049796534
hoeffding,0,34,0.40497944553445514,0.24977955816733002,1,1.6213474333362181
clipped_empirical_bernstein,0,34,0.32061813591449173,0.24977955816733002,1,1.2836043840693567
naive_plugin,0,34,0.2695027844007792,0.24977955816733002,1,1.0789625315144338
empirical_bernstein,0,35,0.27942765000063213,0.24977955816733002,1,1.1186970304969495
hoeffding,0,35,0.36229467785762726,0.24977955816733002,1,1.4504576776251727
clipped_empirical_bernstein,0,35,0.26690237783365794,0.24977955816733002,1,1.0685517253371757
naive_plugin,0,35,0.22681801672395133,0.24977955816733002,0,0.9080727758033885
empirical_bernstein,0,36,0.31180836183051824,0.24977955816733002,1,1.2483341876264928
hoeffding,0,36,0.39104780291796115,0.24977955816733002,1,1.5655716816345475
clipped_empirical_bernstein,0,36,0.3057797657569987,0.24977955816733002,1,1.2241985212903355
naive_plugin,0,36,0.2555711417842852,0.24977955816733002,1,1.0231867798127632
empirical_bernstein,0,37,0.2845605464813567,0.24977955816733002,1,1.1392467364792378
hoeffding,0,37,0.36589732749621673,0.24977955816733002,1,1.4648809941888765
clipped_empirical_bernstein,0,37,0.2720059015768983,0.24977955816733002,1,1.0889838366784146
naive_plugin,0,37,0.23042066636254077,0.24977955816733002,0,0.9224960923670923
empirical_bernstein,0,38,0.3014877694061575,0.24977955816733002,1,1.2070153843581852
hoeffding,0,38,0.3812856378580426,0.24977955816733002,1,1.526488559174307
clipped_empirical_bernstein,0,38,0.2961460363868111,0.24977955816733002,1,1.185629594990394
naive_plugin,0,38,0.24580897672436663,0.24977955816733002,0,0.9841036573525226
empirical_bernstein,0,39,0.30738928531441323,0.24977955816733002,1,1.23064228141716
hoeffding,0,39,0.3876971092457425,0.24977955816733002,1,1.552157078386775
clipped_empirical_bernstein,0,39,0.2971967205088123,0.24977955816733002,1,1.1898360405847024
naive_plugin,0,39,0.25222044811206656,0.24977955816733002,1,1.0097721765649907
empirical_bernstein,0,40,0.337758656496428,0.24977955816733002,1,1.3522269755564218
hoeffding,0,40,0.4143286979622867,0.24977955816733002,1,1.658777447611319
clipped_empirical_bernstein,0,40,0.3309899681546835,0.24977955816733002,1,1.3251283274868704
naive_plugin,0,40,0.27885203682861076,0.24977955816733002,1,1.1163925457895347
empirical_bernstein,0,41,0.28370041984886546,0.24977955816733002,1,1.1358031935456123
hoeffding,0,41,0.3649218498756185,0.24977955816733002,1,1.4609756400928269
clipped_empirical_bernstein,0,41,0.26948304588139305,0.24977955816733002,1,1.078883507756321
naive_plugin,0,41,0.2294451887419425,0.24977955816733002,0,0.9185907382710425
empirical_bernstein,0,42,0.29512609293806263,0.24977955816733002,1,1.1815462206092722
hoeffding,0,42,0.37618776910780016,0.24977955816733002,1,1.5060790877682149
clipped_empirical_bernstein,0,42,0.282863954422662,0.24977955816733002,1,1.132454378965505
naive_plugin,0,42,0.2407111079741242,0.24977955816733002,0,0.9636941859464305
empirical_bernstein,0,43,0.3095753270578407,0.24977955816733002,1,1.2393941655163503
hoeffding,0,43,0.3897502768649989,0.24977955816733002,1,1.5603769969194237
clipped_empirical_bernstein,0,43,0.2977573275522217,0.24977955816733002,1,1.192080447803302
naive_plugin,0,43,0.25427361573132296,0.24977955816733002,1,1.0179920950976393
empirical_bernstein,0,44,0.3124544557837785,0.24977955816733002,1,1.2509208442688569
hoeffding,0,44,0.3910761394193612,0.24977955816733002,1,1.5656851276731585
clipped_empirical_bernstein,0,44,0.3064560639361491,0.24977955816733002,1,1.226906101462678
naive_plugin,0,44,0.25559947828568524,0.24977955816733002,1,1.0233002258513741
empirical_bernstein,0,45,0.32453571062585945,0.24977955816733002,1,1.2992885126670353
hoeffding,0,45,0.40235697242800444,0.24977955816733002,1,1.6108482831027395
clipped_empirical_bernstein,0,45,0.31238781492202244,0.24977955816733002,1,1.2506540455674537
naive_plugin,0,45,0.2668803112943285,0.24977955816733002,1,1.0684633812809552
empirical_bernstein,0,46,0.30552021918900185,0.24977955816733002,1,1.2231594187716937
hoeffding,0,46,0.3857208869382107,0.24977955816733002,1,1.5442452127319888
clipped_empirical_bernstein,0,46,0.29136610811393476,0.24977955816733002,1,1.1664930078815556
naive_plugin,0,46,0.25024422580453476,0.24977955816733002,1,1.0018603109102044
empirical_bernstein,0,47,0.28969376943293346,0.24977955816733002,1,1.1597977494974367
hoeffding,0,47,0.37183943579632583,0.24977955816733002,1,1.488670404113801
clipped_empirical_bernstein,0,47,0.27691551845645246,0.24977955816733002,1,1.1086396360383652
naive_plugin,0,47,0.23636277466264988,0.24977955816733002,0,0.9462855022920167
empirical_bernstein,0,48,0.3451857726403146,0.24977955816733002,1,1.3819616592045971
hoeffding,0,48,0.421969660009615,0.24977955816733002,1,1.6893682697882466
clipped_empirical_bernstein,0,48,0.33895440666802207,0.24977955816733002,1,1.3570141974586762
naive_plugin,0,48,0.28649299887593904,0.24977955816733002,1,1.1469833679664623
empirical_bernstein,0,49,0.29104923105630087,0.24977955816733002,1,1.1652243810172962
hoeffding,0,49,0.37174694171634726,0.24977955816733002,1,1.488300101272939
clipped_empirical_bernstein,0,49,0.27898693892070475,0.24977955816733002,1,1.1169326303868645
naive_plugin,0,49,0.23627028058267133,0.24977955816733002,0,0.9459151994511549
empirical_bernstein,1,0,0.4646812262753233,0.37859862157451374,1,1.2273716801788916
hoeffding,1,0,0.5312509456093986,0.37859862157451374,1,1.4032035917089059
clipped_empirical_bernstein,1,0,0.4589052940631323,0.37859862157451374,1,1.2121155966037056
naive_plugin,1,0,0.40320041555983627,0.37859862157451374,1,1.0649812032674835
empirical_bernstein,1,1,0.4066614821431446,0.37859862157451374,1,1.0741229866393154
hoeffding,1,1,0.47681837639022356,0.37859862157451374,1,1.2594297739575333
clipped_empirical_bernstein,1,1,0.3922456049343526,0.37859862157451374,1,1.0360460460819532
naive_plugin,1,1,0.34876784634066127,0.37859862157451374,0,0.9212073855161109
empirical_bernstein,1,2,0.4634611165927314,0.37859862157451374,1,1.22414898043023
hoeffding,1,2,0.5284571319039506,0.37859862157451374,1,1.395824236512553
clipped_empirical_bernstein,1,2,0.4572072828325115,0.37859862157451374,1,1.2076306060784916
naive_plugin,1,2,0.40040660185438837,0.37859862157451374,1,1.0576018480711307
empirical_bernstein,1,3,0.46027208081647775,0.37859862157451374,1,1.2157257173898333
hoeffding,1,3,0.5269333526234441,0.37859862157451374,1,1.3917994482706693
clipped_empirical_bernstein,1,3,0.45331233951280114,0.37859862157451374,1,1.1973428155326304
naive_plugin,1,3,0.3988828225738818,0.37859862157451374,1,1.0535770598292467
empirical_bernstein,1,4,0.4590578222194828,0.37859862157451374,1,1.2125184722288629
hoeffding,1,4,0.5250130064996819,0.37859862157451374,1,1.386727200210769
clipped_empirical_bernstein,1,4,0.4529558224291327,0.37859862157451374,1,1.1964011399338503
naive_plugin,1,4,0.3969624764501195,0.37859862157451374,1,1.0485048117693463
empirical_bernstein,1,5,0.4640610119036859,0.37859862157451374,1,1.2257334957368617
hoeffding,1,5,0.5301427282169244,0.37859862157451374,1,1.400276435271132
clipped_empirical_bernstein,1,5,0.4586833562155523,0.37859862157451374,1,1.2115293877932851
naive_plugin,1,5,0.4020921981673621,0.37859862157451374,1,1.0620540468297095
empirical_bernstein,1,6,0.44125483827323003,0.37859862157451374,1,1.1654950998979923
hoeffding,1,6,0.508191180037582,0.37859862157451374,1,1.3422953784779235
clipped_empirical_bernstein,1,6,0.43420313813500716,0.37859862157451374,1,1.1468693053589198
naive_plugin,1,6,0.38014064998801966,0.37859862157451374,1,1.0040729900365009
empirical_bernstein,1,7,0.4493373886343342,0.37859862157451374,1,1.1868436994451603
hoeffding,1,7,0.516649899804978,0.37859862157451374,1,1.3646375616908941
clipped_empirical_bernstein,1,7,0.4439658286687377,0.37859862157451374,1,1.1726556922536464
naive_plugin,1,7,0.38859936975541576,0.37859862157451374,1,1.026415173249472
empirical_bernstein,1,8,0.4440603723514438,0.37859862157451374,1,1.1729054123458984
hoeffding,1,8,0.511194613590086,0.37859862157451374,1,1.3502284067071688
clipped_empirical_bernstein,1,8,0.437345558826825,0.37859862157451374,1,1.1551694430581783
naive_plugin,1,8,0.38314408354052365,0.37859862157451374,1,1.0120060182657462
empirical_bernstein,1,9,0.46018478520272893,0.37859862157451374,1,1.2154951417649518
hoeffding,1,9,0.52676843659731,0.37859862157451374,1,1.3913638523209315
clipped_empirical_bernstein,1,9,0.45530022080178945,0.37859862157451374,1,1.2025934455553207
naive_plugin,1,9,0.39871790654774764,0.37859862157451374,1,1.053141463879509
empirical_bernstein,1,10,0.4288859700070024,0.37859862157451374,1,1.132824964399907
hoeffding,1,10,0.4971490387744467,0.37859862157451374,1,1.3131295531581868
clipped_empirical_bernstein,1,10,0.42280339374937753,0.37859862157451374,1,1.1167589358646506
naive_plugin,1,10,0.3690985087248844,0.37859862157451374,0,0.9749071647167644
empirical_bernstein,1,11,0.4464774841984087,0.37859862157451374,1,1.1792897774999833
hoeffding,1,11,0.5130273463879915,0.37859862157451374,1,1.3550692399629358
clipped_empirical_bernstein,1,11,0.44017827285287564,0.37859862157451374,1,1.1626515464379263
naive_plugin,1,11,0.38497681633842923,0.37859862157451374,1,1.0168468515215134
empirical_bernstein,1,12,0.4322787641578272,0.37859862157451374,1,1.1417864184504127
hoeffding,1,12,0.49945257744078214,0.37859862157451374,1,1.3192139352321508
clipped_empirical_bernstein,1,12,0.4259700848884302,0.37859862157451374,1,1.1251231795744747
naive_plugin,1,12,0.37140204739121985,0.37859862157451374,0,0.9809915467907283
empirical_bernstein,1,13,0.41647276746547207,0.37859862157451374,1,1.1000377279067937
hoeffding,1,13,0.4851039023574075,0.37859862157451374,1,1.281314496972969
clipped_empirical_bernstein,1,13,0.4114382364293056,0.37859862157451374,1,1.0867399218682272
naive_plugin,1,13,0.35705337230784523,0.37859862157451374,0,0.9430921085315466
empirical_bernstein,1,14,0.46027136447136874,0.37859862157451374,1,1.2157238252933802
hoeffding,1,14,0.5262654316189963,0.37859862157451374,1,1.3900352553592685
clipped_empirical_bernstein,1,14,0.4530149403894116,0.37859862157451374,1,1.1965572893673402
naive_plugin,1,14,0.39821490156943407,0.37859862157451374,1,1.0518128669178464
empirical_bernstein,1,15,0.43307556272287423,0.37859862157451374,1,1.1438910182023434
hoeffding,1,15,0.5012212151542563,0.37859862157451374,1,1.323885472878323
clipped_empirical_bernstein,1,15,0.4281834177874612,0.37859862157451374,1,1.130969299377622
naive_plugin,1,15,0.3731706851046941,0.37859862157451374,0,0.9856630844369005
empirical_bernstein,1,16,0.45451724788576864,0.37859862157451374,1,1.2005253637626174
hoeffding,1,16,0.5207470855397753,0.37859862157451374,1,1.375459539113205
clipped_empirical_bernstein,1,16,0.44717759206735025,0.37859862157451374,1,1.18113898621086
naive_plugin,1,16,0.392696555490213,0.37859862157451374,1,1.0372371506717823
empirical_bernstein,1,17,0.44325685022601335,0.37859862157451374,1,1.1707830535214294
hoeffding,1,17,0.5105368187695918,0.37859862157451374,1,1.348490960284996
clipped_empirical_bernstein,1,17,0.43703575998857974,0.37859862157451374,1,1.1543511652816854
naive_plugin,1,17,0.3824862887200295,0.37859862157451374,1,1.0102685718435733
empirical_bernstein,1,18,0.419942430055073,0.37859862157451374,1,1.1092022160794428
hoeffding,1,18,0.4886250080701261,0.37859862157451374,1,1.2906148628804703
clipped_empirical_bernstein,1,18,0.4144190224254375,0.37859862157451374,1,1.094613130660524
naive_plugin,1,18,0.3605744780205638,0.37859862157451374,0,0.9523924744390478
empirical_bernstein,1,19,0.4456638933923566,0.37859862157451374,1,1.1771408240709704
hoeffding,1,19,0.5124245076071752,0.37859862157451374,1,1.3534769500113528
clipped_empirical_bernstein,1,19,0.4397923748386307,0.37859862157451374,1,1.1616322664082208
naive_plugin,1,19,0.3843739775576129,0.37859862157451374,1,1.0152545615699302
empirical_bernstein,1,20,0.4125854927770535,0.37859862157451374,1,1.0897701926678849
hoeffding,1,20,0.481330680494884,0.37859862157451374,1,1.2713482117106734
clipped_empirical_bernstein,1,20,0.4060795828811911,0.37859862157451374,1,1.072586004651548
naive_plugin,1,20,0.3532801504453217,0.37859862157451374,0,0.9331258232692509
empirical_bernstein,1,21,0.4476125482021703,0.37859862157451374,1,1.1822878444212022
hoeffding,1,21,0.5149752806296393,0.37859862157451374,1,1.3602143570622711
clipped_empirical_bernstein,1,21,0.44183800965188375,0.37859862157451374,1,1.1670354419526685
naive_plugin,1,21,0.386924750580077,0.37859862157451374,1,1.0219919686208487
empirical_bernstein,1,22,0.47145075827569316,0.37859862157451374,1,1.2452521784549202
hoeffding,1,22,0.5367641443686774,0.37859862157451374,1,1.417765712237371
clipped_empirical_bernstein,1,22,0.46485587950786783,0.37859862157451374,1,1.227832995203807
naive_plugin,1,22,0.40871361431911507,0.37859862157451374,1,1.0795433237959486
empirical_bernstein,1,23,0.46424277766028266,0.37859862157451374,1,1.2262135972117185
hoeffding,1,23,0.5301968376973585,0.37859862157451374,1,1.4004193557081084
clipped_empirical_bernstein,1,23,0.45757678153096165,0.37859862157451374,1,1.208606570272216
naive_plugin,1,23,0.40214630764779624,0.37859862157451374,1,1.062196967266686
empirical_bernstein,1,24,0.4165053349696441,0.37859862157451374,1,1.1001237490973532
hoeffding,1,24,0.485122902908668,0.37859862157451374,1,1.2813646835034467
clipped_empirical_bernstein,1,24,0.4104436107921887,0.37859862157451374,1,1.084112797572369
naive_plugin,1,24,0.3570723728591057,0.37859862157451374,0,0.9431422950620243
empirical_bernstein,1,25,0.4513535577557153,0.37859862157451374,1,1.1921690466770025
hoeffding,1,25,0.5183716960933058,0.37859862157451374,1,1.3691853761577488
clipped_empirical_bernstein,1,25,0.44473470947363497,0.37859862157451374,1,1.1746865522755334
naive_plugin,1,25,0.39032116604374345,0.37859862157451374,1,1.0309629877163262
empirical_bernstein,1,26,0.45342082478806667,0.37859862157451374,1,1.197629359828049
hoeffding,1,26,0.5201061319652592,0.37859862157451374,1,1.3737665758059152
clipped_empirical_bernstein,1,26,0.44892182793149066,0.37859862157451374,1,1.185746070771513
naive_plugin,1,26,0.39205560191569694,0.37859862157451374,1,1.0355441873644928
empirical_bernstein,1,27,0.45730764181081796,0.37859862157451374,1,1.2078956862256116
hoeffding,1,27,0.5229218827927997,0.37859862157451374,1,1.381203873955154
clipped_empirical_bernstein,1,27,0.4500072348706753,0.37859862157451374,1,1.1886129775095002
naive_plugin,1,27,0.39487135274323737,0.37859862157451374,1,1.0429814855137314
empirical_bernstein,1,28,0.44928126518866424,0.37859862157451374,1,1.1866954594821184
hoeffding,1,28,0.5161350595480085,0.37859862157451374,1,1.3632777039744863
clipped_empirical_bernstein,1,28,0.44453500353205866,0.37859862157451374,1,1.1741590650365525
naive_plugin,1,28,0.3880845294984463,0.37859862157451374,1,1.0250553155330642
empirical_bernstein,1,29,0.44607137501123134,0.37859862157451374,1,1.178217113300921
hoeffding,1,29,0.5121983643074206,0.37859862157451374,1,1.352879633257229
clipped_empirical_bernstein,1,29,0.4391977542816368,0.37859862157451374,1,1.1600616834131718
naive_plugin,1,29,0.38414783425785837,0.37859862157451374,1,1.0146572448158067
empirical_bernstein,1,30,0.43344244188637765,0.37859862157451374,1,1.1448600633667914
hoeffding,1,30,0.5006649145023094,0.37859862157451374,1,1.3224161050036238
clipped_empirical_bernstein,1,30,0.4283651791188916,0.37859862157451374,1,1.1314493891642
naive_plugin,1,30,0.37261438445274714,0.37859862157451374,0,0.9841937165622014
empirical_bernstein,1,31,0.44975812119224906,0.37859862157451374,1,1.1879549886415266
hoeffding,1,31,0.5164833777432678,0.37859862157451374,1,1.3641977236877403
clipped_empirical_bernstein,1,31,0.44383718751093626,0.37859862157451374,1,1.1723159098284848
naive_plugin,1,31,0.3884328476937055,0.37859862157451374,1,1.0259753352463177
empirical_bernstein,1,32,0.482652616026526,0.37859862157451374,1,1.2748398660810574
hoeffding,1,32,0.5475708097606649,0.37859862157451374,1,1.4463095704982512
clipped_empirical_bernstein,1,32,0.4772986809157991,0.37859862157451374,1,1.2606984117660336
naive_plugin,1,32,0.41952027971110256,0.37859862157451374,1,1.1080871820568285
empirical_bernstein,1,33,0.438994301585937,0.37859862157451374,1,1.1595242997986894
hoeffding,1,33,0.5069210130761063,0.37859862157451374,1,1.3389404614520943
clipped_empirical_bernstein,1,33,0.432729422649127,0.37859862157451374,1,1.1429767516043625
naive_plugin,1,33,0.37887048302654397,0.37859862157451374,1,1.000718073010672
empirical_bernstein,1,34,0.44937330754035393,0.37859862157451374,1,1.1869385727594646
hoeffding,1,34,0.5170378777062922,0.37859862157451374,1,1.365662335367303
clipped_empirical_bernstein,1,34,0.44235117278895164,0.37859862157451374,1,1.1683908698592302
naive_plugin,1,34,0.3889873476567299,0.37859862157451374,1,1.0274399469258804
empirical_bernstein,1,35,0.4349988364684248,0.37859862157451374,1,1.1489709990473662
hoeffding,1,35,0.5019275780646115,0.37859862157451374,1,1.3257512031533503
clipped_empirical_bernstein,1,35,0.4279354654600613,0.37859862157451374,1,1.1303143780090001
naive_plugin,1,35,0.3738770480150492,0.37859862157451374,0,0.9875288147119275
empirical_bernstein,1,36,0.43547757595293174,0.37859862157451374,1,1.1502355030820506
hoeffding,1,36,0.5026536642259881,0.37859862157451374,1,1.3276690288399757
clipped_empirical_bernstein,1,36,0.42948740487970327,0.37859862157451374,1,1.1344135461813187
naive_plugin,1,36,0.3746031341764258,0.37859862157451374,0,0.9894466403985532
empirical_bernstein,1,37,0.44502490920561305,0.37859862157451374,1,1.1754530625464141
hoeffding,1,37,0.511794759278417,0.37859862157451374,1,1.3518135833404992
clipped_empirical_bernstein,1,37,0.43950656589354414,0.37859862157451374,1,1.1608773536092836
naive_plugin,1,37,0.3837442292288547,0.37859862157451374,1,1.0135911948990766
empirical_bernstein,1,38,0.49834293778909977,0.37859862157451374,1,1.3162830221531026
hoeffding,1,38,0.5615152310075787,0.37859862157451374,1,1.4831412451327806
clipped_empirical_bernstein,1,38,0.4922814975249969,0.37859862157451374,1,1.3002728205340512
naive_plugin,1,38,0.4334647009580164,0.37859862157451374,1,1.1449188566913582
empirical_bernstein,1,39,0.4764652017897121,0.37859862157451374,1,1.2584969269253845
hoeffding,1,39,0.5409771384478369,0.37859862157451374,1,1.4288935765218171
clipped_empirical_bernstein,1,39,0.469582204797356,0.37859862157451374,1,1.2403167313300305
naive_plugin,1,39,0.4129266083982746,0.37859862157451374,1,1.0906711880803945
empirical_bernstein,1,40,0.48754500370037507,0.37859862157451374,1,1.2877622260555934
hoeffding,1,40,0.5526841156996523,0.37859862157451374,1,1.4598154462400121
clipped_empirical_bernstein,1,40,0.48224535090933773,0.37859862157451374,1,1.2737641487012779
naive_plugin,1,40,0.42463358565008996,0.37859862157451374,1,1.1215930577985898
empirical_bernstein,1,41,0.4399596202189105,0.37859862157451374,1,1.1620740149269666
hoeffding,1,41,0.5065202633186021,0.37859862157451374,1,1.337881953220243
clipped_empirical_bernstein,1,41,0.4327440251935127,0.37859862157451374,1,1.1430153215926127
naive_plugin,1,41,0.3784697332690398,0.37859862157451374,0,0.9996595647788207
empirical_bernstein,1,42,0.4250432339709853,0.37859862157451374,1,1.122675069981285
hoeffding,1,42,0.4933503823057769,0.37859862157451374,1,1.3030960869694512
clipped_empirical_bernstein,1,42,0.4203626122040189,0.37859862157451374,1,1.1103120514697526
naive_plugin,1,42,0.3652998522562146,0.37859862157451374,0,0.9648736985280287
empirical_bernstein,1,43,0.3866132370694552,0.37859862157451374,1,1.0211691618464176
hoeffding,1,43,0.45802355677825013,0.37859862157451374,1,1.2097866465372336
clipped_empirical_bernstein,1,43,0.38002283270586956,0.37859862157451374,1,1.0037617969273973
naive_plugin,1,43,0.32997302672868783,0.37859862157451374,0,0.8715642580958112
empirical_bernstein,1,44,0.43561818180212664,0.37859862157451374,1,1.1506068880823714
hoeffding,1,44,0.5031011958518267,0.37859862157451374,1,1.3288511029425631
clipped_empirical_bernstein,1,44,0.42969588592642505,0.37859862157451374,1,1.1349642112784466
naive_plugin,1,44,0.37505066580226437,0.37859862157451374,0,0.9906287145011407
empirical_bernstein,1,45,0.4619727448376957,0.37859862157451374,1,1.2202177147831288
hoeffding,1,45,0.5283543523466485,0.37859862157451374,1,1.3955527628424307
clipped_empirical_bernstein,1,45,0.45584991694467486,0.37859862157451374,1,1.204045368810084
naive_plugin,1,45,0.4003038222970862,0.37859862157451374,1,1.057330374401008
empirical_bernstein,1,46,0.4278842194654713,0.37859862157451374,1,1.130179020953613
hoeffding,1,46,0.49601645067310496,0.37859862157451374,1,1.3101380258868207
clipped_empirical_bernstein,1,46,0.4225912139789481,0.37859862157451374,1,1.1161985012557052
naive_plugin,1,46,0.36796592062354266,0.37859862157451374,0,0.9719156374453983
empirical_bernstein,1,47,0.4637131486380812,0.37859862157451374,1,1.2248146776382696
hoeffding,1,47,0.529847561787639,0.37859862157451374,1,1.3994968063647777
clipped_empirical_bernstein,1,47,0.4578334834757653,0.37859862157451374,1,1.2092846021777102
naive_plugin,1,47,0.4017970317380767,0.37859862157451374,1,1.061274417923355
empirical_bernstein,1,48,0.45563253015294886,0.37859862157451374,1,1.203471180793176
hoeffding,1,48,0.5215237025460728,0.37859862157451374,1,1.3775108329163035
clipped_empirical_bernstein,1,48,0.44964258966937387,0.37859862157451374,1,1.18764983295344
naive_plugin,1,48,0.3934731724965106,0.37859862157451374,1,1.0392884444748813
empirical_bernstein,1,49,0.4691548380553075,0.37859862157451374,1,1.2391879191323758
hoeffding,1,49,0.5344811579590827,0.37859862157451374,1,1.4117356152441485
clipped_empirical_bernstein,1,49,0.46289094475296516,0.37859862157451374,1,1.2226429743137917
naive_plugin,1,49,0.4064306279095204,0.37859862157451374,1,1.0735132268027259
empirical_bernstein,2,0,0.3910838302487827,0.3035861563041043,1,1.2882136491659764
hoeffding,2,0,0.4585255825389022,0.3035861563041043,1,1.5103639379379146
clipped_empirical_bernstein,2,0,0.3802286676542496,0.3035861563041043,1,1.2524572012215602
naive_plugin,2,0,0.33289779794666274,0.3035861563041043,1,1.0965513118233126
empirical_bernstein,2,1,0.37155673389909316,0.3035861563041043,1,1.2238922170314719
hoeffding,2,1,0.44032668755617044,0.3035861563041043,1,1.4504175451106283
clipped_empirical_bernstein,2,1,0.36868275931429323,0.3035861563041043,1,1.2144254659128173
naive_plugin,2,1,0.314698902963931,0.3035861563041043,1,1.0366049189960262
empirical_bernstein,2,2,0.3623807084204898,0.3035861563041043,1,1.193666775956314
hoeffding,2,2,0.431770509495073,0.3035861563041043,1,1.4222338552966347
clipped_empirical_bernstein,2,2,0.35263241928344374,0.3035861563041043,1,1.1615563225162662
naive_plugin,2,2,0.30614272490283356,0.3035861563041043,1,1.0084212291820327
empirical_bernstein,2,3,0.36783433684269434,0.3035861563041043,1,1.2116307980599492
hoeffding,2,3,0.4368889651511983,0.3035861563041043,1,1.4390938324393279
clipped_empirical_bernstein,2,3,0.358796525073544,0.3035861563041043,1,1.1818606271167882
naive_plugin,2,3,0.31126118055895885,0.3035861563041043,1,1.0252812063247259
empirical_bernstein,2,4,0.3723594530263872,0.3035861563041043,1,1.2265363399950036
hoeffding,2,4,0.44104904686779794,0.3035861563041043,1,1.452796966229238
clipped_empirical_bernstein,2,4,0.36216822682349553,0.3035861563041043,1,1.1929668705338106
naive_plugin,2,4,0.3154212622755585,0.3035861563041043,1,1.038984340114636
empirical_bernstein,2,5,0.37118697053881805,0.3035861563041043,1,1.2226742321115511
hoeffding,2,5,0.4411699478270511,0.3035861563041043,1,1.4531952088919635
clipped_empirical_bernstein,2,5,0.3614510614592749,0.3035861563041043,1,1.190604558058988
naive_plugin,2,5,0.31554216323481166,0.3035861563041043,1,1.0393825827773615
empirical_bernstein,2,6,0.3670957550916103,0.3035861563041043,1,1.2091979409096902
hoeffding,2,6,0.4362149047042585,0.3035861563041043,1,1.4368735057447715
clipped_empirical_bernstein,2,6,0.3595497702762816,0.3035861563041043,1,1.1843417850585987
naive_plugin,2,6,0.31058712011201906,0.3035861563041043,1,1.0230608796301695
empirical_bernstein,2,7,0.3730364849534384,0.3035861563041043,1,1.2287664546197727
hoeffding,2,7,0.4419859526586757,0.3035861563041043,1,1.455883094405449
clipped_empirical_bernstein,2,7,0.36289050166285264,0.3035861563041043,1,1.1953460134043226
naive_plugin,2,7,0.31635816806643624,0.3035861563041043,1,1.042070468290847
empirical_bernstein,2,8,0.35529035190885344,0.3035861563041043,1,1.1703114405287858
hoeffding,2,8,0.42547407089504896,0.3035861563041043,1,1.4014936519992325
clipped_empirical_bernstein,2,8,0.346703695459561,0.3035861563041043,1,1.142027356189014
naive_plugin,2,8,0.2998462863028095,0.3035861563041043,0,0.9876810258846305
empirical_bernstein,2,9,0.3383603360686917,0.3035861563041043,1,1.1145446821025458
hoeffding,2,9,0.4103818316700901,0.3035861563041043,1,1.351780452264786
clipped_empirical_bernstein,2,9,0.3295902826287224,0.3035861563041043,1,1.0856564958073043
naive_plugin,2,9,0.2847540470778507,0.3035861563041043,0,0.937967826150184
empirical_bernstein,2,10,0.3865246051413763,0.3035861563041043,1,1.2731957538742051
hoeffding,2,10,0.45495100930775567,0.3035861563041043,1,1.4985894444146795
clipped_empirical_bernstein,2,10,0.3780231552300148,0.3035861563041043,1,1.2451923362781616
naive_plugin,2,10,0.3293232247155162,0.3035861563041043,1,1.0847768183000774
empirical_bernstein,2,11,0.33717169637224625,0.3035861563041043,1,1.1106293530542253
hoeffding,2,11,0.40907120760737037,0.3035861563041043,1,1.3474633118566874
clipped_empirical_bernstein,2,11,0.32939055310862264,0.3035861563041043,1,1.0849985951884773
naive_plugin,2,11,0.2834434230151309,0.3035861563041043,0,0.9336506857420855
empirical_bernstein,2,12,0.3359235607479746,0.3035861563041043,1,1.1065180469279294
hoeffding,2,12,0.4081114384939861,0.3035861563041043,1,1.344301872860033
clipped_empirical_bernstein,2,12,0.3280155827205524,0.3035861563041043,1,1.0804695006974463
naive_plugin,2,12,0.2824836539017467,0.3035861563041043,0,0.930489246745431
empirical_bernstein,2,13,0.37474003633239156,0.3035861563041043,1,1.234377881042151
hoeffding,2,13,0.44380211472609704,0.3035861563041043,1,1.4618654556880963
clipped_empirical_bernstein,2,13,0.3716652119445593,0.3035861563041043,1,1.2242495391399197
naive_plugin,2,13,0.3181743301338576,0.3035861563041043,1,1.0480528295734943
empirical_bernstein,2,14,0.3320764314570382,0.3035861563041043,1,1.0938457652344167
hoeffding,2,14,0.4043705682628898,0.3035861563041043,1,1.331979604029866
clipped_empirical_bernstein,2,14,0.32341826573603294,0.3035861563041043,1,1.0653261323683767
naive_plugin,2,14,0.27874278367065036,0.3035861563041043,0,0.9181669779152638
empirical_bernstein,2,15,0.3868115918938478,0.3035861563041043,1,1.2741410761377934
hoeffding,2,15,0.4550674250739656,0.3035861563041043,1,1.4989729130406113
clipped_empirical_bernstein,2,15,0.37735274777601874,0.3035861563041043,1,1.2429840423883556
naive_plugin,2,15,0.32943964048172614,0.3035861563041043,1,1.0851602869260093
empirical_bernstein,2,16,0.35025398247233847,0.3035861563041043,1,1.1537218519328223
hoeffding,2,16,0.42076235721110966,0.3035861563041043,1,1.3859734657651162
clipped_empirical_bernstein,2,16,0.3420917815872951,0.3035861563041043,1,1.126835906327097
naive_plugin,2,16,0.2951345726188702,0.3035861563041043,0,0.972160839650514
empirical_bernstein,2,17,0.37476505584382136,0.3035861563041043,1,1.2344602942580052
hoeffding,2,17,0.4435618063898243,0.3035861563041043,1,1.4610738901595548
clipped_empirical_bernstein,2,17,0.36582514800552274,0.3035861563041043,1,1.2050126147355456
naive_plugin,2,17,0.31793402179758484,0.3035861563041043,1,1.0472612640449528
empirical_bernstein,2,18,0.3437743621117454,0.3035861563041043,1,1.1323782556388517
hoeffding,2,18,0.4152687083913318,0.3035861563041043,1,1.3678776181590913
clipped_empirical_bernstein,2,18,0.3354328420351279,0.3035861563041043,1,1.1049016401759855
naive_plugin,2,18,0.28964092379909234,0.3035861563041043,0,0.9540649920444892
empirical_bernstein,2,19,0.4086460997533646,0.3035861563041043,1,1.3460630245076821
hoeffding,2,19,0.4751516717173931,0.3035861563041043,1,1.5651295747538319
clipped_empirical_bernstein,2,19,0.3993261277615199,0.3035861563041043,1,1.3153634296865375
naive_plugin,2,19,0.34952388712515364,0.3035861563041043,1,1.1513169486392298
empirical_bernstein,2,20,0.3478429359766973,0.3035861563041043,1,1.1457799664233066
hoeffding,2,20,0.4179096750849153,0.3035861563041043,1,1.376576851107441
clipped_empirical_bernstein,2,20,0.33820871941925623,0.3035861563041043,1,1.1140452632513003
naive_plugin,2,20,0.29228189049267583,0.3035861563041043,0,0.962764224992839
empirical_bernstein,2,21,0.3695639922339431,0.3035861563041043,1,1.2173282099983123
hoeffding,2,21,0.43870306544347315,0.3035861563041043,1,1.4450694023215649
clipped_empirical_bernstein,2,21,0.36039985808661207,0.3035861563041043,1,1.1871419384670396
naive_plugin,2,21,0.3130752808512337,0.3035861563041043,1,1.0312567762069629
empirical_bernstein,2,22,0.38308551023575355,0.3035861563041043,1,1.2618675202436247
hoeffding,2,22,0.451241704191999,0.3035861563041043,1,1.4863711497436898
clipped_empirical_bernstein,2,22,0.3751641944308915,0.3035861563041043,1,1.2357750399365608
naive_plugin,2,22,0.32561391959975955,0.3035861563041043,1,1.0725585236290878
empirical_bernstein,2,23,0.36238846703757666,0.3035861563041043,1,1.1936923325139033
hoeffding,2,23,0.4316929961049397,0.3035861563041043,1,1.4219785294574168
clipped_empirical_bernstein,2,23,0.35234493112194715,0.3035861563041043,1,1.160609348632488
naive_plugin,2,23,0.3060652115127003,0.3035861563041043,1,1.0081659033428148
empirical_bernstein,2,24,0.37567265029500674,0.3035861563041043,1,1.2374498721170044
hoeffding,2,24,0.4439155233826618,0.3035861563041043,1,1.4622390190216337
clipped_empirical_bernstein,2,24,0.3669092531286428,0.3035861563041043,1,1.2085836113063975
naive_plugin,2,24,0.3182877387904224,0.3035861563041043,1,1.0484263929070317
empirical_bernstein,2,25,0.36565453317188995,0.3035861563041043,1,1.204450616666497
hoeffding,2,25,0.43571350604078674,0.3035861563041043,1,1.4352219196857237
clipped_empirical_bernstein,2,25,0.3569702255961701,0.3035861563041043,1,1.1758448736331397
naive_plugin,2,25,0.3100857214485473,0.3035861563041043,1,1.0214092935711216
empirical_bernstein,2,26,0.36169822244022193,0.3035861563041043,1,1.1914186959101862
hoeffding,2,26,0.43126398088494566,0.3035861563041043,1,1.4205653714095765
clipped_empirical_bernstein,2,26,0.3518990686958496,0.3035861563041043,1,1.1591406965980027
naive_plugin,2,26,0.3056361962927062,0.3035861563041043,1,1.0067527452949745
empirical_bernstein,2,27,0.38244044003899663,0.3035861563041043,1,1.2597426862109729
hoeffding,2,27,0.4507242804621628,0.3035861563041043,1,1.484666777791637
clipped_empirical_bernstein,2,27,0.3729667587455468,0.3035861563041043,1,1.2285367794305597
naive_plugin,2,27,0.32509649586992334,0.3035861563041043,1,1.070854151677035
empirical_bernstein,2,28,0.3596989020141013,0.3035861563041043,1,1.1848330187157432
hoeffding,2,28,0.4300706186398623,0.3035861563041043,1,1.4166344864851401
clipped_empirical_bernstein,2,28,0.351186249515999,0.3035861563041043,1,1.1567927002712646
naive_plugin,2,28,0.30444283404762285,0.3035861563041043,1,1.002821860370538
empirical_bernstein,2,29,0.3562878614770352,0.3035861563041043,1,1.1735971949924464
hoeffding,2,29,0.42643235667416945,0.3035861563041043,1,1.404650204955358
clipped_empirical_bernstein,2,29,0.3474321095797585,0.3035861563041043,1,1.144426721591789
naive_plugin,2,29,0.30080457208193,0.3035861563041043,0,0.990837578840756
empirical_bernstein,2,30,0.3642571534813485,0.3035861563041043,1,1.1998477068778777
hoeffding,2,30,0.43332881462787726,0.3035861563041043,1,1.4273668467076241
clipped_empirical_bernstein,2,30,0.35362596514394434,0.3035861563041043,1,1.1648290206939307
naive_plugin,2,30,0.3077010300356378,0.3035861563041043,1,1.0135542205930221
empirical_bernstein,2,31,0.3347593711539577,0.3035861563041043,1,1.1026832554862185
hoeffding,2,31,0.4064473860271396,0.3035861563041043,1,1.3388205541889022
clipped_empirical_bernstein,2,31,0.3276426907005692,0.3035861563041043,1,1.0792412101043478
naive_plugin,2,31,0.28081960143490015,0.3035861563041043,0,0.9250079280743001
empirical_bernstein,2,32,0.3770267941774226,0.3035861563041043,1,1.241910364976433
hoeffding,2,32,0.4462256729299698,0.3035861563041043,1,1.4698485542370467
clipped_empirical_bernstein,2,32,0.36815355063602495,0.3035861563041043,1,1.2126822748374702
naive_plugin,2,32,0.32059788833773034,0.3035861563041043,1,1.0560359281224447
empirical_bernstein,2,33,0.367629285369936,0.3035861563041043,1,1.2109553671534325
hoeffding,2,33,0.43675913167387703,0.3035861563041043,1,1.4386661664386715
clipped_empirical_bernstein,2,33,0.3580155274385371,0.3035861563041043,1,1.1792880538330954
naive_plugin,2,33,0.3111313470816376,0.3035861563041043,1,1.0248535403240695
empirical_bernstein,2,34,0.3593890809162489,0.3035861563041043,1,1.1838124810811412
hoeffding,2,34,0.429164014889872,0.3035861563041043,1,1.4136481719541107
clipped_empirical_bernstein,2,34,0.34991738450220783,0.3035861563041043,1,1.1526131124098202
naive_plugin,2,34,0.30353623029763255,0.3035861563041043,0,0.9998355458395087
empirical_bernstein,2,35,0.3615119178093674,0.3035861563041043,1,1.1908050163105544
hoeffding,2,35,0.43219701828072343,0.3035861563041043,1,1.4236387572554157
clipped_empirical_bernstein,2,35,0.3517460087230622,0.3035861563041043,1,1.158636523500485
naive_plugin,2,35,0.306569233688484,0.3035861563041043,1,1.0098261311408137
empirical_bernstein,2,36,0.36323836898038303,0.3035861563041043,1,1.1964918736825558
hoeffding,2,36,0.4325293889760481,0.3035861563041043,1,1.4247335723134242
clipped_empirical_bernstein,2,36,0.35391114701879484,0.3035861563041043,1,1.165768397766727
naive_plugin,2,36,0.30690160438380865,0.3035861563041043,1,1.0109209461988222
empirical_bernstein,2,37,0.36129303698311516,0.3035861563041043,1,1.1900840320966595
hoeffding,2,37,0.4308318920717276,0.3035861563041043,1,1.4191420890752358
clipped_empirical_bernstein,2,37,0.35228519598872277,0.3035861563041043,1,1.1604125836220158
naive_plugin,2,37,0.3052041074794882,0.3035861563041043,1,1.0053294629606337
empirical_bernstein,2,38,0.3957465332648941,0.3035861563041043,1,1.303572396326505
hoeffding,2,38,0.4631705865864416,0.3035861563041043,1,1.5256643854421363
clipped_empirical_bernstein,2,38,0.3862103202040861,0.3035861563041043,1,1.2721605125406859
naive_plugin,2,38,0.33754280199420217,0.3035861563041043,1,1.1118517593275343
empirical_bernstein,2,39,0.3476551004993398,0.3035861563041043,1,1.1451612442798325
hoeffding,2,39,0.418933947248609,0.3035861563041043,1,1.3799507604324357
clipped_empirical_bernstein,2,39,0.33934312550965423,0.3035861563041043,1,1.117781949087731
naive_plugin,2,39,0.29330616265636955,0.3035861563041043,0,0.9661381343178337
empirical_bernstein,2,40,0.36477718171167645,0.3035861563041043,1,1.2015606579447473
hoeffding,2,40,0.43471269869465623,0.3035861563041043,1,1.4319253024805307
clipped_empirical_bernstein,2,40,0.35500162966437104,0.3035861563041043,1,1.16936040162768
naive_plugin,2,40,0.3090849141024168,0.3035861563041043,1,1.0181126763659287
empirical_bernstein,2,41,0.31801555883284865,0.3035861563041043,1,1.047529843601598
hoeffding,2,41,0.391827352370961,0.3035861563041043,1,1.2906627796903392
clipped_empirical_bernstein,2,41,0.3067078942790346,0.3035861563041043,1,1.0102828732803062
naive_plugin,2,41,0.26619956777872156,0.3035861563041043,0,0.876850153575737
empirical_bernstein,2,42,0.36397413784729854,0.3035861563041043,1,1.1989154653109517
hoeffding,2,42,0.4339164985438376,0.3035861563041043,1,1.429302652750676
clipped_empirical_bernstein,2,42,0.3544295877268611,0.3035861563041043,1,1.167476119602195
naive_plugin,2,42,0.3082887139515982,0.3035861563041043,1,1.015490026636074
empirical_bernstein,2,43,0.3753948535566444,0.3035861563041043,1,1.2365348213724505
hoeffding,2,43,0.4445743757516133,0.3035861563041043,1,1.4644092509484528
clipped_empirical_bernstein,2,43,0.36732273402440985,0.3035861563041043,1,1.2099455999451443
naive_plugin,2,43,0.31894659115937385,0.3035861563041043,1,1.0505966248338507
empirical_bernstein,2,44,0.3865805355997875,0.3035861563041043,1,1.2733799864462436
hoeffding,2,44,0.4538792998417443,0.3035861563041043,1,1.495059278615756
clipped_empirical_bernstein,2,44,0.3824577839269219,0.3035861563041043,1,1.259799816246599
naive_plugin,2,44,0.32825151524950485,0.3035861563041043,1,1.081246652501154
empirical_bernstein,2,45,0.390090589257635,0.3035861563041043,1,1.2849419552151076
hoeffding,2,45,0.45785132043427595,0.3035861563041043,1,1.5081429469914405
clipped_empirical_bernstein,2,45,0.3820245760344146,0.3035861563041043,1,1.2583728477122587
naive_plugin,2,45,0.3322235358420365,0.3035861563041043,1,1.0943303208768385
empirical_bernstein,2,46,0.3714236651892616,0.3035861563041043,1,1.2234538943113205
hoeffding,2,46,0.43985548292521437,0.3035861563041043,1,1.4488654169217392
clipped_empirical_bernstein,2,46,0.36203860552709394,0.3035861563041043,1,1.192539903448158
naive_plugin,2,46,0.3142276983329749,0.3035861563041043,1,1.0350527908071372
empirical_bernstein,2,47,0.37018495942522833,0.3035861563041043,1,1.219373649747097
hoeffding,2,47,0.43991232053249174,0.3035861563041043,1,1.4490526376038986
clipped_empirical_bernstein,2,47,0.3615085064668302,0.3035861563041043,1,1.1907937794920553
naive_plugin,2,47,0.3142845359402523,0.3035861563041043,1,1.0352400114892966
empirical_bernstein,2,48,0.3979636234124391,0.3035861563041043,1,1.310875397802383
hoeffding,2,48,0.4651357334421293,0.3035861563041043,1,1.5321374963362944
clipped_empirical_bernstein,2,48,0.3887307963700809,0.3035861563041043,1,1.2804628547709094
naive_plugin,2,48,0.33950794884988983,0.3035861563041043,1,1.1183248702216924
empirical_bernstein,2,49,0.3546994030030867,0.3035861563041043,1,1.1683648797469603
hoeffding,2,49,0.42475102795253633,0.3035861563041043,1,1.3991119790293085
clipped_empirical_bernstein,2,49,0.346961882700466,0.3035861563041043,1,1.1428778140756588
naive_plugin,2,49,0.2991232433602969,0.3035861563041043,0,0.9852993529147064
empirical_bernstein,3,0,0.4506293985745161,0.3640601434723735,1,1.2377883343022742
hoeffding,3,0,0.5247728380856596,0.3640601434723735,1,1.4414454520630098
clipped_empirical_bernstein,3,0,0.4437530901811489,0.3640601434723735,1,1.2189004980019815
naive_plugin,3,0,0.38600770283902014,0.3640601434723735,1,1.0602855318281006
empirical_bernstein,3,1,0.44191510795769867,0.3640601434723735,1,1.2138519304605866
hoeffding,3,1,0.5163860536120792,0.3640601434723735,1,1.4184086417338484
clipped_empirical_bernstein,3,1,0.43605100321713014,0.3640601434723735,1,1.1977444140358628
naive_plugin,3,1,0.3776209183654397,0.3640601434723735,1,1.037248721498939
empirical_bernstein,3,2,0.4139168653618633,0.3640601434723735,1,1.1369463886212887
hoeffding,3,2,0.4904291762131941,0.3640601434723735,1,1.347110319562927
clipped_empirical_bernstein,3,2,0.4082685564700529,0.3640601434723735,1,1.121431619995596
naive_plugin,3,2,0.3516640409665546,0.3640601434723735,0,0.9659503993280179
empirical_bernstein,3,3,0.4535733373058318,0.3640601434723735,1,1.2458747419579892
hoeffding,3,3,0.5261878913483846,0.3640601434723735,1,1.445332318802193
clipped_empirical_bernstein,3,3,0.4491221802616533,0.3640601434723735,1,1.233648308705165
naive_plugin,3,3,0.38742275610174515,0.3640601434723735,1,1.0641723985672837
empirical_bernstein,3,4,0.389458643610773,0.3640601434723735,1,1.069764572128525
hoeffding,3,4,0.46725151523810626,0.3640601434723735,1,1.2834459459953584
clipped_empirical_bernstein,3,4,0.383526136172611,0.3640601434723735,1,1.0534691672495995
naive_plugin,3,4,0.3284863799914668,0.3640601434723735,0,0.9022860257604491
empirical_bernstein,3,5,0.4199142690685205,0.3640601434723735,1,1.1534200504988414
hoeffding,3,5,0.4953215825895342,0.3640601434723735,1,1.3605487759939903
clipped_empirical_bernstein,3,5,0.4146967108205706,0.3640601434723735,1,1.1390884672659578
naive_plugin,3,5,0.3565564473428947,0.3640601434723735,0,0.979388855759081
empirical_bernstein,3,6,0.41435043595915494,0.3640601434723735,1,1.138137319859068
hoeffding,3,6,0.49093751798627666,0.3640601434723735,1,1.348506632183787
clipped_empirical_bernstein,3,6,0.40857348866210935,0.3640601434723735,1,1.1222692074039513
naive_plugin,3,6,0.3521723827396372,0.3640601434723735,0,0.9673467119488778
empirical_bernstein,3,7,0.4550146976035177,0.3640601434723735,1,1.2498338688317479
hoeffding,3,7,0.5285287283929672,0.3640601434723735,1,1.4517621274108912
clipped_empirical_bernstein,3,7,0.44875596080477587,0.3640601434723735,1,1.2326423775054889
naive_plugin,3,7,0.38976359314632775,0.3640601434723735,1,1.070602207175982
empirical_bernstein,3,8,0.4557122278430502,0.3640601434723735,1,1.2517498441233013
hoeffding,3,8,0.5297344289278871,0.3640601434723735,1,1.4550739443085612
clipped_empirical_bernstein,3,8,0.4499394196784223,0.3640601434723735,1,1.235893101032538
naive_plugin,3,8,0.3909692936812477,0.3640601434723735,1,1.073914024073652
empirical_bernstein,3,9,0.45811685402738583,0.3640601434723735,1,1.2583548686706207
hoeffding,3,9,0.5319262949314444,0.3640601434723735,1,1.4610945594263036
clipped_empirical_bernstein,3,9,0.45169610327810067,0.3640601434723735,1,1.2407183576039473
naive_plugin,3,9,0.3931611596848049,0.3640601434723735,1,1.0799346391913944
empirical_bernstein,3,10,0.44482637155789845,0.3640601434723735,1,1.2218485861022408
hoeffding,3,10,0.5198140663670131,0.3640601434723735,1,1.4278247033829974
clipped_empirical_bernstein,3,10,0.4400722237386651,0.3640601434723735,1,1.2087898981231373
naive_plugin,3,10,0.38104893112037364,0.3640601434723735,1,1.0466647831480882
empirical_bernstein,3,11,0.4187194634382983,0.3640601434723735,1,1.1501381597133624
hoeffding,3,11,0.4940425248707433,0.3640601434723735,1,1.3570354616646836
clipped_empirical_bernstein,3,11,0.4111616284557541,0.3640601434723735,1,1.1293783069306373
naive_plugin,3,11,0.3552773896241038,0.3640601434723735,0,0.9758755414297744
empirical_bernstein,3,12,0.41553481404886666,0.3640601434723735,1,1.1413905682877898
hoeffding,3,12,0.4915087989341116,0.3640601434723735,1,1.350075826060343
clipped_empirical_bernstein,3,12,0.40970074660677885,0.3640601434723735,1,1.125365558281358
naive_plugin,3,12,0.3527436636874721,0.3640601434723735,0,0.9689159058254337
empirical_bernstein,3,13,0.38687489814722875,0.3640601434723735,1,1.0626675429429053
hoeffding,3,13,0.46529075389346364,0.3640601434723735,1,1.2780601288994766
clipped_empirical_bernstein,3,13,0.3814809322058079,0.3640601434723735,1,1.047851403252431
naive_plugin,3,13,0.32652561864682417,0.3640601434723735,0,0.8969002086645675
empirical_bernstein,3,14,0.4413860550378788,0.3640601434723735,1,1.2123987284847433
hoeffding,3,14,0.5154621273926238,0.3640601434723735,1,1.4158708022146878
clipped_empirical_bernstein,3,14,0.43504160764426203,0.3640601434723735,1,1.194971807391146
naive_plugin,3,14,0.3766969921459843,0.3640601434723735,1,1.0347108819797786
empirical_bernstein,3,15,0.41576056576169224,0.3640601434723735,1,1.1420106628432454
hoeffding,3,15,0.4918833103037677,0.3640601434723735,1,1.3511045334768814
clipped_empirical_bernstein,3,15,0.410459484738602,0.3640601434723735,1,1.1274496593438537
naive_plugin,3,15,0.3531181750571282,0.3640601434723735,0,0.9699446132419722
empirical_bernstein,3,16,0.4343461280174307,0.3640601434723735,1,1.1930614647202953
hoeffding,3,16,0.5087108356783989,0.3640601434723735,1,1.3973263615905875
clipped_empirical_bernstein,3,16,0.42808215911830444,0.3640601434723735,1,1.175855601866479
naive_plugin,3,16,0.3699457004317595,0.3640601434723735,1,1.0161664413556786
empirical_bernstein,3,17,0.41665047139083294,0.3640601434723735,1,1.1444550546425039
hoeffding,3,17,0.4924536296945156,0.3640601434723735,1,1.3526710861494928
clipped_empirical_bernstein,3,17,0.41098089842717644,0.3640601434723735,1,1.1288818778877494
naive_plugin,3,17,0.35368849444787614,0.3640601434723735,0,0.9715111659145836
empirical_bernstein,3,18,0.4539508615699891,0.3640601434723735,1,1.2469117251898159
hoeffding,3,18,0.5276488899318147,0.3640601434723735,1,1.449345388097544
clipped_empirical_bernstein,3,18,0.44746919090017095,0.3640601434723735,1,1.2291078793527064
naive_plugin,3,18,0.3888837546851752,0.3640601434723735,1,1.0681854678626348
empirical_bernstein,3,19,0.41344733935405625,0.3640601434723735,1,1.1356566951016172
hoeffding,3,19,0.4901116901045033,0.3640601434723735,1,1.3462382490702258
clipped_empirical_bernstein,3,19,0.40762887431345707,0.3640601434723735,1,1.119674541754362
naive_plugin,3,19,0.3513465548578638,0.3640601434723735,0,0.9650783288353166
empirical_bernstein,3,20,0.4084011722465213,0.3640601434723735,1,1.1217958888639306
hoeffding,3,20,0.4855147358801523,0.3640601434723735,1,1.3336113402839314
clipped_empirical_bernstein,3,20,0.40139902585523346,0.3640601434723735,1,1.1025624008899326
naive_plugin,3,20,0.34674960063351284,0.3640601434723735,0,0.9524514200490221
empirical_bernstein,3,21,0.40397267314422153,0.3640601434723735,1,1.1096316924208343
hoeffding,3,21,0.48101555384485184,0.3640601434723735,1,1.3212529920385352
clipped_empirical_bernstein,3,21,0.39800541693376223,0.3640601434723735,1,1.0932408396525413
naive_plugin,3,21,0.34225041859821237,0.3640601434723735,0,0.940093071803626
empirical_bernstein,3,22,0.44882149767568685,0.3640601434723735,1,1.2328223941101244
hoeffding,3,22,0.5227361112685858,0.3640601434723735,1,1.435850973091355
clipped_empirical_bernstein,3,22,0.4433101780845046,0.3640601434723735,1,1.217683907544098
naive_plugin,3,22,0.38397097602194624,0.3640601434723735,1,1.0546910528564457
empirical_bernstein,3,23,0.434010537934409,0.3640601434723735,1,1.1921396662508972
hoeffding,3,23,0.5078504478492063,0.3640601434723735,1,1.3949630492516254
clipped_empirical_bernstein,3,23,0.42824002842432013,0.3640601434723735,1,1.1762892371018827
naive_plugin,3,23,0.3690853126025669,0.3640601434723735,1,1.0138031290167162
empirical_bernstein,3,24,0.41828931724950047,0.3640601434723735,1,1.1489566346370519
hoeffding,3,24,0.49373997542451603,0.3640601434723735,1,1.3562044191799403
clipped_empirical_bernstein,3,24,0.41196086615263183,0.3640601434723735,1,1.131573652153695
naive_plugin,3,24,0.35497484017787656,0.3640601434723735,0,0.9750444989450312
empirical_bernstein,3,25,0.4352591596499112,0.3640601434723735,1,1.1955693789999855
hoeffding,3,25,0.5094498283925929,0.3640601434723735,1,1.3993562259617476
clipped_empirical_bernstein,3,25,0.42885715239510414,0.3640601434723735,1,1.1779843525432434
naive_plugin,3,25,0.3706846931459534,0.3640601434723735,1,1.0181963057268384
empirical_bernstein,3,26,0.41571902685266976,0.3640601434723735,1,1.1418965638138205
hoeffding,3,26,0.49151893860434676,0.3640601434723735,1,1.3501036776953461
clipped_empirical_bernstein,3,26,0.40949766043623426,0.3640601434723735,1,1.1248077214124066
naive_plugin,3,26,0.3527538033577073,0.3640601434723735,0,0.9689437574604368
empirical_bernstein,3,27,0.4514679650465777,0.3640601434723735,1,1.2400917077615696
hoeffding,3,27,0.5252787802602124,0.3640601434723735,1,1.4428351734692784
clipped_empirical_bernstein,3,27,0.44469274655739094,0.3640601434723735,1,1.2214815450984302
naive_plugin,3,27,0.3865136450135728,0.3640601434723735,1,1.061675253234369
empirical_bernstein,3,28,0.4545201351078387,0.3640601434723735,1,1.2484754051148412
hoeffding,3,28,0.5284297822459492,0.3640601434723735,1,1.4514903422435441
clipped_empirical_bernstein,3,28,0.44893779913182696,0.3640601434723735,1,1.2331418508213998
naive_plugin,3,28,0.38966464699930975,0.3640601434723735,1,1.0703304220086352
empirical_bernstein,3,29,0.4621810115015846,0.3640601434723735,1,1.2695182919320498
hoeffding,3,29,0.5354036361054736,0.3640601434723735,1,1.4706461163225422
clipped_empirical_bernstein,3,29,0.456272641064874,0.3640601434723735,1,1.2532891865420528
naive_plugin,3,29,0.3966385008588341,0.3640601434723735,1,1.089486196087633
empirical_bernstein,3,30,0.44136106510388445,0.3640601434723735,1,1.212330086161648
hoeffding,3,30,0.5163556107808176,0.3640601434723735,1,1.4183250213985619
clipped_empirical_bernstein,3,30,0.4345199688713163,0.3640601434723735,1,1.1935389705857478
naive_plugin,3,30,0.3775904755341781,0.3640601434723735,1,1.0371651011636527
empirical_bernstein,3,31,0.4207772636934843,0.3640601434723735,1,1.1557905231815488
hoeffding,3,31,0.4956468483135776,0.3640601434723735,1,1.3614422155255494
clipped_empirical_bernstein,3,31,0.41497178294006537,0.3640601434723735,1,1.1398440350599799
naive_plugin,3,31,0.3568817130669381,0.3640601434723735,0,0.9802822952906404
empirical_bernstein,3,32,0.4531710782928124,0.3640601434723735,1,1.2447698173453063
hoeffding,3,32,0.526099068071312,0.3640601434723735,1,1.4450883391228317
clipped_empirical_bernstein,3,32,0.44713303952534295,0.3640601434723735,1,1.2281845391275945
naive_plugin,3,32,0.3873339328246726,0.3640601434723735,1,1.0639284188879228
empirical_bernstein,3,33,0.41926054645626987,0.3640601434723735,1,1.151624405949522
hoeffding,3,33,0.49505864654187437,0.3640601434723735,1,1.3598265435486805
clipped_empirical_bernstein,3,33,0.4128865099739445,0.3640601434723735,1,1.13411620957974
naive_plugin,3,33,0.3562935112952349,0.3640601434723735,0,0.9786666233137714
empirical_bernstein,3,34,0.4257421263661144,0.3640601434723735,1,1.1694280024872363
hoeffding,3,34,0.5012123402290123,0.3640601434723735,1,1.3767295025720017
clipped_empirical_bernstein,3,34,0.41989863421085916,0.3640601434723735,1,1.1533771046890855
naive_plugin,3,34,0.36244720498237276,0.3640601434723735,0,0.9955695823370923
empirical_bernstein,3,35,0.4728518412191482,0.3640601434723735,1,1.2988289152147476
hoeffding,3,35,0.544449007432077,0.3640601434723735,1,1.4954919322922045
clipped_empirical_bernstein,3,35,0.4669150529597056,0.3640601434723735,1,1.2825217517806566
naive_plugin,3,35,0.40568387218543756,0.3640601434723735,1,1.1143320120572953
empirical_bernstein,3,36,0.44497500797959716,0.3640601434723735,1,1.2222568604611999
hoeffding,3,36,0.5187175391967938,0.3640601434723735,1,1.4248127637629093
clipped_empirical_bernstein,3,36,0.43951123231045125,0.3640601434723735,1,1.2072489674877123
naive_plugin,3,36,0.3799524039501543,0.3640601434723735,1,1.0436528435280001
empirical_bernstein,3,37,0.4360489835141023,0.3640601434723735,1,1.1977388663178168
hoeffding,3,37,0.5103589777929936,0.3640601434723735,1,1.4018534765306487
clipped_empirical_bernstein,3,37,0.42994034826735406,0.3640601434723735,1,1.1809596737687926
naive_plugin,3,37,0.371593842546354,0.3640601434723735,1,1.0206935562957395
empirical_bernstein,3,38,0.4329839990825359,0.3640601434723735,1,1.189319970466343
hoeffding,3,38,0.5080305660850054,0.3640601434723735,1,1.395457797822785
clipped_empirical_bernstein,3,38,0.4273801779174082,0.3640601434723735,1,1.1739274006791676
naive_plugin,3,38,0.36926543083836594,0.3640601434723735,1,1.0142978775878757
empirical_bernstein,3,39,0.47565922108446257,0.3640601434723735,1,1.306540223128154
hoeffding,3,39,0.5472901540317929,0.3640601434723735,1,1.503295990634371
clipped_empirical_bernstein,3,39,0.47037111781021673,0.3640601434723735,1,1.2920148668949547
naive_plugin,3,39,0.4085250187851535,0.3640601434723735,1,1.122136070399462
empirical_bernstein,3,40,0.4201483331639075,0.3640601434723735,1,1.154062977497536
hoeffding,3,40,0.4960141991877005,0.3640601434723735,1,1.362451254500866
clipped_empirical_bernstein,3,40,0.41379157946564565,0.3640601434723735,1,1.1366022534599314
naive_plugin,3,40,0.35724906394106104,0.3640601434723735,0,0.9812913342659568
empirical_bernstein,3,41,0.4518894320989614,0.3640601434723735,1,1.2412493929955637
hoeffding,3,41,0.5255268336196599,0.3640601434723735,1,1.4435165261630438
clipped_empirical_bernstein,3,41,0.4452030156512529,0.3640601434723735,1,1.2228831516818783
naive_plugin,3,41,0.3867616983730204,0.3640601434723735,1,1.0623566059281344
empirical_bernstein,3,42,0.4333369089799943,0.3640601434723735,1,1.190289342982907
hoeffding,3,42,0.5085067375430655,0.3640601434723735,1,1.396765745057872
clipped_empirical_bernstein,3,42,0.4276806616205178,0.3640601434723735,1,1.1747527689829969
naive_plugin,3,42,0.36974160229642605,0.3640601434723735,1,1.015605824822963
empirical_bernstein,3,43,0.42531127097151483,0.3640601434723735,1,1.1682445293652128
hoeffding,3,43,0.500683330970161,0.3640601434723735,1,1.3752764205240586
clipped_empirical_bernstein,3,43,0.4198891041479786,0.3640601434723735,1,1.1533509275228906
naive_plugin,3,43,0.36191819572352163,0.3640601434723735,0,0.9941165002891497
empirical_bernstein,3,44,0.41366971137209113,0.3640601434723735,1,1.1362675063151544
hoeffding,3,44,0.4896526838868893,0.3640601434723735,1,1.3449774512986379
clipped_empirical_bernstein,3,44,0.40815505957875525,0.3640601434723735,1,1.1211198668599325
naive_plugin,3,44,0.35088754864024985,0.3640601434723735,0,0.9638175310637287
empirical_bernstein,3,45,0.45125139135316383,0.3640601434723735,1,1.2394968233796975
hoeffding,3,45,0.5249368383536971,0.3640601434723735,1,1.4418959278181234
clipped_empirical_bernstein,3,45,0.4460918819359143,0.3640601434723735,1,1.225324688610869
naive_plugin,3,45,0.3861717031070576,0.3640601434723735,1,1.0607360075832142
empirical_bernstein,3,46,0.4309088789919753,0.3640601434723735,1,1.1836200328934787
hoeffding,3,46,0.5057689250266304,0.3640601434723735,1,1.3892455246615327
clipped_empirical_bernstein,3,46,0.42439290381249967,0.3640601434723735,1,1.16572195946713
naive_plugin,3,46,0.367003789779991,0.3640601434723735,1,1.0080856044266238
empirical_bernstein,3,47,0.4092103156661603,0.3640601434723735,1,1.1240184431153284
hoeffding,3,47,0.48599761819981313,0.3640601434723735,1,1.3349377209062514
clipped_empirical_bernstein,3,47,0.4022352876454721,0.3640601434723735,1,1.1048594438517425
naive_plugin,3,47,0.34723248295317366,0.3640601434723735,0,0.9537778006713422
empirical_bernstein,3,48,0.4147915250180655,0.3640601434723735,1,1.1393489027989183
hoeffding,3,48,0.490655211270359,0.3640601434723735,1,1.3477311924083009
clipped_empirical_bernstein,3,48,0.4093040315159881,0.3640601434723735,1,1.1242758617081299
naive_plugin,3,48,0.3518900760237195,0.3640601434723735,0,0.9665712721733917
empirical_bernstein,3,49,0.43777163018315274,0.3640601434723735,1,1.20247063028577
hoeffding,3,49,0.5116975830203117,0.3640601434723735,1,1.40553035589061
clipped_empirical_bernstein,3,49,0.43119427135761695,0.3640601434723735,1,1.1844039483282187
naive_plugin,3,49,0.3729324477736722,0.3640601434723735,1,1.0243704356557009
empirical_bernstein,4,0,0.4952367253887252,0.39937367427978426,1,1.240033475621088
hoeffding,4,0,0.5597362549805925,0.39937367427978426,1,1.4015351812810402
clipped_empirical_bernstein,4,0,0.49438420894564555,0.39937367427978426,1,1.2378988420736539
naive_plugin,4,0,0.4272908072832672,0.39937367427978426,1,1.0699022865085628
empirical_bernstein,4,1,0.48870293330814235,0.39937367427978426,1,1.223673378545672
hoeffding,4,1,0.5534836400494514,0.39937367427978426,1,1.3858791294833925
clipped_empirical_bernstein,4,1,0.4877367873564868,0.39937367427978426,1,1.2212542257224472
naive_plugin,4,1,0.42103819235212603,0.39937367427978426,1,1.0542462347109152
empirical_bernstein,4,2,0.4930936134701394,0.39937367427978426,1,1.2346672933797307
hoeffding,4,2,0.5580065250333569,0.39937367427978426,1,1.3972040747043362
clipped_empirical_bernstein,4,2,0.4922402704874738,0.39937367427978426,1,1.2325305902427388
naive_plugin,4,2,0.4255610773360316,0.39937367427978426,1,1.0655711799318588
empirical_bernstein,4,3,0.4784466796346706,0.39937367427978426,1,1.1979925329266723
hoeffding,4,3,0.5443147992652094,0.39937367427978426,1,1.3629210794797795
clipped_empirical_bernstein,4,3,0.4777896553085392,0.39937367427978426,1,1.1963473961326254
naive_plugin,4,3,0.4118693515678841,0.39937367427978426,1,1.0312881847073023
empirical_bernstein,4,4,0.43642232992618674,0.39937367427978426,1,1.0927668948465736
hoeffding,4,4,0.5045691179675871,0.39937367427978426,1,1.2634010463446506
clipped_empirical_bernstein,4,4,0.4355042582523328,0.39937367427978426,1,1.0904681162014624
naive_plugin,4,4,0.3721236702702617,0.39937367427978426,0,0.9317681515721731
empirical_bernstein,4,5,0.48258485857098066,0.39937367427978426,1,1.2083542047213212
hoeffding,4,5,0.5479073204019488,0.39937367427978426,1,1.3719164674287172
clipped_empirical_bernstein,4,5,0.48161736521939136,0.39937367427978426,1,1.2059316781155451
naive_plugin,4,5,0.4154618727046234,0.39937367427978426,1,1.0402835726562398
empirical_bernstein,4,6,0.4403224522592715,0.39937367427978426,1,1.1025324917906338
hoeffding,4,6,0.5087785365446051,0.39937367427978426,1,1.2739410965485334
clipped_empirical_bernstein,4,6,0.4395753740519144,0.39937367427978426,1,1.1006618672215398
naive_plugin,4,6,0.37633308884727984,0.39937367427978426,0,0.942308201776056
empirical_bernstein,4,7,0.479673142078674,0.39937367427978426,1,1.2010634975970784
hoeffding,4,7,0.54583437376519,0.39937367427978426,1,1.3667259734871797
clipped_empirical_bernstein,4,7,0.4791291939411459,0.39937367427978426,1,1.1997014946095028
naive_plugin,4,7,0.4133889260678646,0.39937367427978426,1,1.0350930787147024
empirical_bernstein,4,8,0.462096906285436,0.39937367427978426,1,1.1570539974092295
hoeffding,4,8,0.5295115873544425,0.39937367427978426,1,1.3258550111229643
clipped_empirical_bernstein,4,8,0.4583588769911038,0.39937367427978426,1,1.147694268576143
naive_plugin,4,8,0.3970661396571172,0.39937367427978426,0,0.9942221163504871
empirical_bernstein,4,9,0.4384761763019445,0.39937367427978426,1,1.0979095632496967
hoeffding,4,9,0.5068535468761292,0.39937367427978426,1,1.26912107511886
clipped_empirical_bernstein,4,9,0.4349098438804694,0.39937367427978426,1,1.0889797497663554
naive_plugin,4,9,0.37440809917880385,0.39937367427978426,0,0.9374881803463826
empirical_bernstein,4,10,0.5093940867509201,0.39937367427978426,1,1.2754823854365027
hoeffding,4,10,0.5725874541374675,0.39937367427978426,1,1.4337135645459118
clipped_empirical_bernstein,4,10,0.5086847275492838,0.39937367427978426,1,1.273706206265666
naive_plugin,4,10,0.4401420064401422,0.39937367427978426,1,1.1020806697734347
empirical_bernstein,4,11,0.46058762175933216,0.39937367427978426,1,1.1532748686801624
hoeffding,4,11,0.5276632276682294,0.39937367427978426,1,1.3212268650901884
clipped_empirical_bernstein,4,11,0.45663654462919645,0.39937367427978426,1,1.1433816849662861
naive_plugin,4,11,0.395217779970904,0.39937367427978426,0,0.989593970317711
empirical_bernstein,4,12,0.4701980134506024,0.39937367427978426,1,1.1773385271288603
hoeffding,4,12,0.5365720301700997,0.39937367427978426,1,1.3435337998623316
clipped_empirical_bernstein,4,12,0.4695969765974261,0.39937367427978426,1,1.1758335785258753
naive_plugin,4,12,0.40412658247277433,0.39937367427978426,1,1.0119009050898542
empirical_bernstein,4,13,0.5077786235000454,0.39937367427978426,1,1.2714373936032581
hoeffding,4,13,0.5721370858668775,0.39937367427978426,1,1.4325858781219079
clipped_empirical_bernstein,4,13,0.5070675553162375,0.39937367427978426,1,1.2696569352766287
naive_plugin,4,13,0.43969163816955215,0.39937367427978426,1,1.1009529833494303
empirical_bernstein,4,14,0.4853574768294469,0.39937367427978426,1,1.2152966209020228
hoeffding,4,14,0.5507950533237072,0.39937367427978426,1,1.3791471215948088
clipped_empirical_bernstein,4,14,0.48461621122549264,0.39937367427978426,1,1.2134405506307635
naive_plugin,4,14,0.4183496056263818,0.39937367427978426,1,1.0475142268223312
empirical_bernstein,4,15,0.47106057089956327,0.39937367427978426,1,1.1794983025585162
hoeffding,4,15,0.5372191849142904,0.39937367427978426,1,1.3451542240061058
clipped_empirical_bernstein,4,15,0.4702611789172428,0.39937367427978426,1,1.1774966884467146
naive_plugin,4,15,0.40477373721696513,0.39937367427978426,1,1.0135213292336285
empirical_bernstein,4,16,0.47813211263464517,0.39937367427978426,1,1.197204882111699
hoeffding,4,16,0.5441214634657708,0.39937367427978426,1,1.3624369819743862
clipped_empirical_bernstein,4,16,0.4770495326088498,0.39937367427978426,1,1.1944941876029844
naive_plugin,4,16,0.41167601576844554,0.39937367427978426,1,1.030804087201909
empirical_bernstein,4,17,0.4775873899345469,0.39937367427978426,1,1.19584093968089
hoeffding,4,17,0.5435037505232577,0.39937367427978426,1,1.3608902777665361
clipped_empirical_bernstein,4,17,0.4741156391400545,0.39937367427978426,1,1.187147951088807
naive_plugin,4,17,0.4110583028259324,0.39937367427978426,1,1.0292573829940588
empirical_bernstein,4,18,0.4676960669103931,0.39937367427978426,1,1.171073851459586
hoeffding,4,18,0.5342957045503602,0.39937367427978426,1,1.337834061080489
clipped_empirical_bernstein,4,18,0.4669810565487997,0.39937367427978426,1,1.1692835222324958
naive_plugin,4,18,0.40185025685303494,0.39937367427978426,1,1.0062011663080117
empirical_bernstein,4,19,0.4920286928642973,0.39937367427978426,1,1.232000816657742
hoeffding,4,19,0.5566655515961214,0.39937367427978426,1,1.3938463835904846
clipped_empirical_bernstein,4,19,0.4911758664878375,0.39937367427978426,1,1.2298654070617097
naive_plugin,4,19,0.42422010389879605,0.39937367427978426,1,1.0622134888180073
empirical_bernstein,4,20,0.47377642558243277,0.39937367427978426,1,1.1862985872487055
hoeffding,4,20,0.5397628308170903,0.39937367427978426,1,1.3515233115714966
clipped_empirical_bernstein,4,20,0.4728639452451557,0.39937367427978426,1,1.184013808866849
naive_plugin,4,20,0.40731738311976495,0.39937367427978426,1,1.0198904167990193
empirical_bernstein,4,21,0.4348313740629241,0.39937367427978426,1,1.088783267567856
hoeffding,4,21,0.5033126432121094,0.39937367427978426,1,1.2602549332270458
clipped_empirical_bernstein,4,21,0.4339983241483311,0.39937367427978426,1,1.0866973766635661
naive_plugin,4,21,0.3708671955147841,0.39937367427978426,0,0.9286220384545684
empirical_bernstein,4,22,0.42831799141571675,0.39937367427978426,1,1.0724742740946298
hoeffding,4,22,0.49810552168605726,0.39937367427978426,1,1.2472167139817676
clipped_empirical_bernstein,4,22,0.4251004800470305,0.39937367427978426,1,1.0644178808571723
naive_plugin,4,22,0.3656600739887319,0.39937367427978426,0,0.9155838192092901
empirical_bernstein,4,23,0.5090075546682425,0.39937367427978426,1,1.274514539763213
hoeffding,4,23,0.5726135186362002,0.39937367427978426,1,1.4337788279831671
clipped_empirical_bernstein,4,23,0.5081569148130101,0.39937367427978426,1,1.2723846050428873
naive_plugin,4,23,0.4401680709388749,0.39937367427978426,1,1.1021459332106898
empirical_bernstein,4,24,0.45600739714349503,0.39937367427978426,1,1.1418063495693398
hoeffding,4,24,0.5225461003402957,0.39937367427978426,1,1.308413984178191
clipped_empirical_bernstein,4,24,0.4553207657299336,0.39937367427978426,1,1.1400870789769562
naive_plugin,4,24,0.3901006526429704,0.39937367427978426,0,0.9767810894057138
empirical_bernstein,4,25,0.46346202112057705,0.39937367427978426,1,1.1604721366684154
hoeffding,4,25,0.5305502972762236,0.39937367427978426,1,1.328455858371232
clipped_empirical_bernstein,4,25,0.46263229640517234,0.39937367427978426,1,1.158394571799121
naive_plugin,4,25,0.3981048495788983,0.39937367427978426,0,0.9968229635987547
empirical_bernstein,4,26,0.4738044383555899,0.39937367427978426,1,1.1863687290105722
hoeffding,4,26,0.5407060394043567,0.39937367427978426,1,1.353885031053802
clipped_empirical_bernstein,4,26,0.47314589049070177,0.39937367427978426,1,1.1847197773963334
naive_plugin,4,26,0.4082605917070314,0.39937367427978426,1,1.0222521362813246
empirical_bernstein,4,27,0.48702068757195005,0.39937367427978426,1,1.2194611686667258
hoeffding,4,27,0.5527516225813749,0.39937367427978426,1,1.3840462158107611
clipped_empirical_bernstein,4,27,0.48599565532188516,0.39937367427978426,1,1.2168945692234516
naive_plugin,4,27,0.42030617488404953,0.39937367427978426,1,1.0524133210382838
empirical_bernstein,4,28,0.4752159179934787,0.39937367427978426,1,1.189902962057941
hoeffding,4,28,0.541723003190189,0.39937367427978426,1,1.3564314277026703
clipped_empirical_bernstein,4,28,0.4719093278031823,0.39937367427978426,1,1.181623522517367
naive_plugin,4,28,0.4092775554928636,0.39937367427978426,1,1.0247985329301927
empirical_bernstein,4,29,0.49228041796421246,0.39937367427978426,1,1.2326311163397858
hoeffding,4,29,0.5568537212259738,0.39937367427978426,1,1.3943175454170413
clipped_empirical_bernstein,4,29,0.49139948893881985,0.39937367427978426,1,1.2304253399400737
naive_plugin,4,29,0.42440827352864846,0.39937367427978426,1,1.062684650644564
empirical_bernstein,4,30,0.5165069898650022,0.39937367427978426,1,1.2932925306017025
hoeffding,4,30,0.5796308681933577,0.39937367427978426,1,1.4513497146216325
clipped_empirical_bernstein,4,30,0.5155449556340211,0.39937367427978426,1,1.2908836732008835
naive_plugin,4,30,0.4471854204960324,0.39937367427978426,1,1.1197168198491552
empirical_bernstein,4,31,0.47719713778457457,0.39937367427978426,1,1.1948637792541892
hoeffding,4,31,0.5435001851488944,0.39937367427978426,1,1.3608813503519543
clipped_empirical_bernstein,4,31,0.4763407884058479,0.39937367427978426,1,1.1927195483399433
naive_plugin,4,31,0.41105473745156906,0.39937367427978426,1,1.029248455579477
empirical_bernstein,4,32,0.48519367802650376,0.39937367427978426,1,1.214886481692826
hoeffding,4,32,0.550559625974858,0.39937367427978426,1,1.3785576301886118
clipped_empirical_bernstein,4,32,0.4843676312813234,0.39937367427978426,1,1.2128181261692175
naive_plugin,4,32,0.41811417827753267,0.39937367427978426,1,1.0469247354161346
empirical_bernstein,4,33,0.47510040147164545,0.39937367427978426,1,1.1896137178506418
hoeffding,4,33,0.5407187312106583,0.39937367427978426,1,1.353916810330001
clipped_empirical_bernstein,4,33,0.47413208780350485,0.39937367427978426,1,1.1871891372372934
naive_plugin,4,33,0.408273283513333,0.39937367427978426,1,1.0222839155575238
empirical_bernstein,4,34,0.5196280580733845,0.39937367427978426,1,1.3011074378161318
hoeffding,4,34,0.5827266470115616,0.39937367427978426,1,1.4591012992091412
clipped_empirical_bernstein,4,34,0.5188065880837243,0.39937367427978426,1,1.2990505421252938
naive_plugin,4,34,0.4502811993142363,0.39937367427978426,1,1.127468404436664
empirical_bernstein,4,35,0.4949364436517611,0.39937367427978426,1,1.2392815939716386
hoeffding,4,35,0.5598568516281467,0.39937367427978426,1,1.4018371457201626
clipped_empirical_bernstein,4,35,0.49408311340673833,0.39937367427978426,1,1.2371449227286941
naive_plugin,4,35,0.42741140393082133,0.39937367427978426,1,1.0702042509476852
empirical_bernstein,4,36,0.4946123721318467,0.39937367427978426,1,1.2384701445928112
hoeffding,4,36,0.5589923510294242,0.39937367427978426,1,1.3996725047976444
clipped_empirical_bernstein,4,36,0.49356259178581124,0.39937367427978426,1,1.2358415778803744
naive_plugin,4,36,0.42654690333209894,0.39937367427978426,1,1.0680396100251672
empirical_bernstein,4,37,0.46227177874875547,0.39937367427978426,1,1.1574918641855885
hoeffding,4,37,0.5298425740132492,0.39937367427978426,1,1.3266837754610334
clipped_empirical_bernstein,4,37,0.45880155716933485,0.39937367427978426,1,1.14880270462674
naive_plugin,4,37,0.39739712631592383,0.39937367427978426,0,0.995050880688556
empirical_bernstein,4,38,0.46484597590878884,0.39937367427978426,1,1.1639374496756074
hoeffding,4,38,0.5317063407431155,0.39937367427978426,1,1.33135049950895
clipped_empirical_bernstein,4,38,0.46401672991448545,0.39937367427978426,1,1.1618610834859762
naive_plugin,4,38,0.39926089304579016,0.39937367427978426,0,0.9997176047364726
empirical_bernstein,4,39,0.4850370747968746,0.39937367427978426,1,1.214494359628417
hoeffding,4,39,0.5508405455088402,0.39937367427978426,1,1.379261030417705
clipped_empirical_bernstein,4,39,0.4841818558833743,0.39937367427978426,1,1.2123529593094238
naive_plugin,4,39,0.41839509781151485,0.39937367427978426,1,1.0476281356452277
empirical_bernstein,4,40,0.47956150110529794,0.39937367427978426,1,1.2007839574556871
hoeffding,4,40,0.5450752848435705,0.39937367427978426,1,1.364825275042325
clipped_empirical_bernstein,4,40,0.478763409528216,0.39937367427978426,1,1.198785599455448
naive_plugin,4,40,0.4126298371462451,0.39937367427978426,1,1.0331923802698477
empirical_bernstein,4,41,0.5077849952862866,0.39937367427978426,1,1.2714533480505628
hoeffding,4,41,0.5726460248389802,0.39937367427978426,1,1.4338602209363671
clipped_empirical_bernstein,4,41,0.5071014153034442,0.39937367427978426,1,1.269741717998644
naive_plugin,4,41,0.4402005771416549,0.39937367427978426,1,1.10222732616389
empirical_bernstein,4,42,0.4543817051871357,0.39937367427978426,1,1.1377357458689557
hoeffding,4,42,0.521908735364952,0.39937367427978426,1,1.3068180728390346
clipped_empirical_bernstein,4,42,0.45357946519342485,0.39937367427978426,1,1.1357270005625517
naive_plugin,4,42,0.3894632876676266,0.39937367427978426,0,0.9751851780665571
empirical_bernstein,4,43,0.45272918609056706,0.39937367427978426,1,1.1335979691375555
hoeffding,4,43,0.5199629280877242,0.39937367427978426,1,1.3019459257684074
clipped_empirical_bernstein,4,43,0.45187052016987167,0.39937367427978426,1,1.1314479377859803
naive_plugin,4,43,0.38751748039039885,0.39937367427978426,0,0.9703130309959302
empirical_bernstein,4,44,0.44569978237310237,0.39937367427978426,1,1.1159968998378798
hoeffding,4,44,0.5141582622548398,0.39937367427978426,1,1.2874115029791433
clipped_empirical_bernstein,4,44,0.44242576497422287,0.39937367427978426,1,1.1077990199831702
naive_plugin,4,44,0.3817128145575145,0.39937367427978426,0,0.9557786082066658
empirical_bernstein,4,45,0.5010613242004103,0.39937367427978426,1,1.254617809008082
hoeffding,4,45,0.5648754450932788,0.39937367427978426,1,1.414403305655923
clipped_empirical_bernstein,4,45,0.5002665029571469,0.39937367427978426,1,1.2526276396643046
naive_plugin,4,45,0.43242999739595345,0.39937367427978426,1,1.0827704108834457
empirical_bernstein,4,46,0.4266248633095229,0.39937367427978426,1,1.0682348156244459
hoeffding,4,46,0.4965888281528086,0.39937367427978426,1,1.2434190336865307
clipped_empirical_bernstein,4,46,0.4232957576132879,0.39937367427978426,1,1.0598989990430487
naive_plugin,4,46,0.3641433804554832,0.39937367427978426,0,0.9117861389140532
empirical_bernstein,4,47,0.462306906567383,0.39937367427978426,1,1.1575798214569104
hoeffding,4,47,0.5293330522676672,0.39937367427978426,1,1.3254079734280106
clipped_empirical_bernstein,4,47,0.46130650987120736,0.39937367427978426,1,1.1550749074863547
naive_plugin,4,47,0.3968876045703419,0.39937367427978426,0,0.9937750786555332
empirical_bernstein,4,48,0.4769350107407214,0.39937367427978426,1,1.194207433929661
hoeffding,4,48,0.5429770907038598,0.39937367427978426,1,1.3595715633561591
clipped_empirical_bernstein,4,48,0.47338223619049086,0.39937367427978426,1,1.1853115682804354
naive_plugin,4,48,0.41053164300653444,0.39937367427978426,1,1.0279386685836818
empirical_bernstein,4,49,0.4805311996658847,0.39937367427978426,1,1.203212005729864
hoeffding,4,49,0.5464011470128283,0.39937367427978426,1,1.3681451287398647
clipped_empirical_bernstein,4,49,0.47981750669862316,0.39937367427978426,1,1.2014249751536787
naive_plugin,4,49,0.4139556993155029,0.39937367427978426,1,1.0365122339673873
empirical_bernstein,5,0,0.5153089615375499,0.43905238827242254,1,1.173684451564381
hoeffding,5,0,0.5802247530980441,0.43905238827242254,1,1.3215387698518273
clipped_empirical_bernstein,5,0,0.5078893512453679,0.43905238827242254,1,1.1567853058351514
naive_plugin,5,0,0.4438150678500573,0.43905238827242254,1,1.0108476339153396
empirical_bernstein,5,1,0.5112059791720747,0.43905238827242254,1,1.1643393654765462
hoeffding,5,1,0.5768752640438523,0.43905238827242254,1,1.3139098646376421
clipped_empirical_bernstein,5,1,0.506515377954863,0.43905238827242254,1,1.153655899579303
naive_plugin,5,1,0.44046557879586545,0.43905238827242254,1,1.0032187287011545
empirical_bernstein,5,2,0.47552102357649134,0.43905238827242254,1,1.083062149935148
hoeffding,5,2,0.5438216624295219,0.43905238827242254,1,1.238625906510483
clipped_empirical_bernstein,5,2,0.46874267212382514,0.43905238827242254,1,1.0676235561961696
naive_plugin,5,2,0.4074119771815351,0.43905238827242254,0,0.9279347705739952
empirical_bernstein,5,3,0.5285256151273765,0.43905238827242254,1,1.203787131661012
hoeffding,5,3,0.5929428030899672,0.43905238827242254,1,1.3505058141764599
clipped_empirical_bernstein,5,3,0.521173209818491,0.43905238827242254,1,1.1870410541876253
naive_plugin,5,3,0.4565331178419804,0.43905238827242254,1,1.0398146782399722
empirical_bernstein,5,4,0.5089669336664124,0.43905238827242254,1,1.1592396426064067
hoeffding,5,4,0.5751565258529407,0.43905238827242254,1,1.3099952106309203
clipped_empirical_bernstein,5,4,0.5024757611398233,0.43905238827242254,1,1.1444551369301468
naive_plugin,5,4,0.43874684060495395,0.43905238827242254,0,0.9993040746944326
empirical_bernstein,5,5,0.5240914852402303,0.43905238827242254,1,1.1936878132070263
hoeffding,5,5,0.5890188756810195,0.43905238827242254,1,1.3415685494814937
clipped_empirical_bernstein,5,5,0.5187107070821186,0.43905238827242254,1,1.1814323778607254
naive_plugin,5,5,0.45260919043303277,0.43905238827242254,1,1.0308774135450063
empirical_bernstein,5,6,0.5471023076867173,0.43905238827242254,1,1.2460980108534385
hoeffding,5,6,0.6107326548594237,0.43905238827242254,1,1.3910245591933263
clipped_empirical_bernstein,5,6,0.5396801306736304,0.43905238827242254,1,1.2291930190771916
naive_plugin,5,6,0.47432296961143694,0.43905238827242254,1,1.0803334232568387
empirical_bernstein,5,7,0.5371754574668532,0.43905238827242254,1,1.2234882939152751
hoeffding,5,7,0.6014036687064144,0.43905238827242254,1,1.3697765568997573
clipped_empirical_bernstein,5,7,0.5317448656274902,0.43905238827242254,1,1.2111194013083333
naive_plugin,5,7,0.46499398345842763,0.43905238827242254,1,1.0590854209632699
empirical_bernstein,5,8,0.5140158961769689,0.43905238827242254,1,1.1707393238413113
hoeffding,5,8,0.5798372752172543,0.43905238827242254,1,1.3206562376275646
clipped_empirical_bernstein,5,8,0.5079808619935896,0.43905238827242254,1,1.1569937336917488
naive_plugin,5,8,0.4434275899692675,0.43905238827242254,1,1.0099651016910771
empirical_bernstein,5,9,0.5132664627798644,0.43905238827242254,1,1.169032389960247
hoeffding,5,9,0.578425467337788,0.43905238827242254,1,1.3174406580813027
clipped_empirical_bernstein,5,9,0.5057296633752071,0.43905238827242254,1,1.1518663304967898
naive_plugin,5,9,0.4420157820898012,0.43905238827242254,1,1.006749522144815
empirical_bernstein,5,10,0.5549187063750866,0.43905238827242254,1,1.2639008947396306
hoeffding,5,10,0.6176490771431702,0.43905238827242254,1,1.4067776275480188
clipped_empirical_bernstein,5,10,0.5503208401878694,0.43905238827242254,1,1.2534286451629713
naive_plugin,5,10,0.48123939189518344,0.43905238827242254,1,1.0960864916115314
empirical_bernstein,5,11,0.5369619360014765,0.43905238827242254,1,1.2230019704808055
hoeffding,5,11,0.6006608693776337,0.43905238827242254,1,1.3680847329884849
clipped_empirical_bernstein,5,11,0.531484937032238,0.43905238827242254,1,1.2105273794854363
naive_plugin,5,11,0.46425118412964694,0.43905238827242254,1,1.0573935970519972
empirical_bernstein,5,12,0.5267371773270063,0.43905238827242254,1,1.1997137275567609
hoeffding,5,12,0.5923640202234992,0.43905238827242254,1,1.349187559494495
clipped_empirical_bernstein,5,12,0.5199476537654726,0.43905238827242254,1,1.1842496878592452
naive_plugin,5,12,0.4559543349755124,0.43905238827242254,1,1.0384964235580074
empirical_bernstein,5,13,0.5305757918205126,0.43905238827242254,1,1.2084566807806585
hoeffding,5,13,0.5950722589014903,0.43905238827242254,1,1.3553559319947504
clipped_empirical_bernstein,5,13,0.5241987637979713,0.43905238827242254,1,1.1939321543394434
naive_plugin,5,13,0.4586625736535035,0.43905238827242254,1,1.0446647960582627
empirical_bernstein,5,14,0.5223041408258395,0.43905238827242254,1,1.1896168994342449
hoeffding,5,14,0.5872929080938326,0.43905238827242254,1,1.337637429566674
clipped_empirical_bernstein,5,14,0.5159447428851099,0.43905238827242254,1,1.1751325278407947
naive_plugin,5,14,0.4508832228458458,0.43905238827242254,1,1.0269462936301863
empirical_bernstein,5,15,0.519394653107276,0.43905238827242254,1,1.1829901555734228
hoeffding,5,15,0.585102818956452,0.43905238827242254,1,1.332649211313271
clipped_empirical_bernstein,5,15,0.5126329332698045,0.43905238827242254,1,1.1675894425421662
naive_plugin,5,15,0.4486931337084652,0.43905238827242254,1,1.0219580753767834
empirical_bernstein,5,16,0.49380582155223857,0.43905238827242254,1,1.1247082005299165
hoeffding,5,16,0.5600785714632002,0.43905238827242254,1,1.2756531712923596
clipped_empirical_bernstein,5,16,0.4867785855436415,0.43905238827242254,1,1.1087027392312143
naive_plugin,5,16,0.42366888621521337,0.43905238827242254,0,0.9649620353558719
empirical_bernstein,5,17,0.5019727639340396,0.43905238827242254,1,1.1433094941339352
hoeffding,5,17,0.5685038177816151,0.43905238827242254,1,1.2948427863439174
clipped_empirical_bernstein,5,17,0.4953881439152215,0.43905238827242254,1,1.1283121494099329
naive_plugin,5,17,0.4320941325336283,0.43905238827242254,0,0.9841516504074297
empirical_bernstein,5,18,0.5162788834270232,0.43905238827242254,1,1.1758935772071994
hoeffding,5,18,0.5813176267169125,0.43905238827242254,1,1.3240279343526025
clipped_empirical_bernstein,5,18,0.511008689463575,0.43905238827242254,1,1.1638900120194886
naive_plugin,5,18,0.44490794146892565,0.43905238827242254,1,1.0133367984161148
empirical_bernstein,5,19,0.5118684501391941,0.43905238827242254,1,1.165848230898566
hoeffding,5,19,0.5771717170280467,0.43905238827242254,1,1.3145850755967738
clipped_empirical_bernstein,5,19,0.5062262019501824,0.43905238827242254,1,1.1529972629054006
naive_plugin,5,19,0.4407620317800599,0.43905238827242254,1,1.0038939396602862
empirical_bernstein,5,20,0.5486003066262918,0.43905238827242254,1,1.2495099019616245
hoeffding,5,20,0.6116426676197837,0.43905238827242254,1,1.393097233855092
clipped_empirical_bernstein,5,20,0.5411305149366296,0.43905238827242254,1,1.2324964614493106
naive_plugin,5,20,0.4752329823717969,0.43905238827242254,1,1.0824060979186043
empirical_bernstein,5,21,0.5306818389345473,0.43905238827242254,1,1.2086982171368368
hoeffding,5,21,0.5944277943087979,0.43905238827242254,1,1.353888078476795
clipped_empirical_bernstein,5,21,0.5254878020070783,0.43905238827242254,1,1.1968681096913303
naive_plugin,5,21,0.4580181090608111,0.43905238827242254,1,1.0431969425403074
empirical_bernstein,5,22,0.5843524403005315,0.43905238827242254,1,1.3309401244799821
hoeffding,5,22,0.6450493890757145,0.43905238827242254,1,1.4691854692189381
clipped_empirical_bernstein,5,22,0.579745911153016,0.43905238827242254,1,1.3204481438631788
naive_plugin,5,22,0.5086397038277277,0.43905238827242254,1,1.1584943332824504
empirical_bernstein,5,23,0.5548306801762457,0.43905238827242254,1,1.2637004034060402
hoeffding,5,23,0.6181473610142822,0.43905238827242254,1,1.4079125350998778
clipped_empirical_bernstein,5,23,0.547025375321403,0.43905238827242254,1,1.2459227871959224
naive_plugin,5,23,0.48173767576629545,0.43905238827242254,1,1.0972213991633901
empirical_bernstein,5,24,0.5503593558854609,0.43905238827242254,1,1.2535163697685543
hoeffding,5,24,0.6129562807556359,0.43905238827242254,1,1.3960891618594493
clipped_empirical_bernstein,5,24,0.5425099651482664,0.43905238827242254,1,1.2356383421188697
naive_plugin,5,24,0.4765465955076491,0.43905238827242254,1,1.0853980259229616
empirical_bernstein,5,25,0.5315257373019895,0.43905238827242254,1,1.2106203075068782
hoeffding,5,25,0.5959874976866071,0.43905238827242254,1,1.3574405096204822
clipped_empirical_bernstein,5,25,0.5239982796061665,0.43905238827242254,1,1.1934755250233073
naive_plugin,5,25,0.4595778124386203,0.43905238827242254,1,1.0467493736839946
empirical_bernstein,5,26,0.5021189978851528,0.43905238827242254,1,1.1436425613373473
hoeffding,5,26,0.568074210371701,0.43905238827242254,1,1.2938642985338307
clipped_empirical_bernstein,5,26,0.4940840131263057,0.43905238827242254,1,1.1253418187073776
naive_plugin,5,26,0.4316645251237142,0.43905238827242254,0,0.9831731625973429
empirical_bernstein,5,27,0.5665501880873582,0.43905238827242254,1,1.2903931358091738
hoeffding,5,27,0.628973241135053,0.43905238827242254,1,1.4325699117818913
clipped_empirical_bernstein,5,27,0.5614428241874923,0.43905238827242254,1,1.2787604376704338
naive_plugin,5,27,0.4925635558870663,0.43905238827242254,1,1.1218787758454036
empirical_bernstein,5,28,0.5043167339877285,0.43905238827242254,1,1.148648196567401
hoeffding,5,28,0.5707413229868931,0.43905238827242254,1,1.2999390009758025
clipped_empirical_bernstein,5,28,0.4971472595000162,0.43905238827242254,1,1.1323187682822649
naive_plugin,5,28,0.43433163773890626,0.43905238827242254,0,0.9892478650393147
empirical_bernstein,5,29,0.53247812291831,0.43905238827242254,1,1.2127894919635849
hoeffding,5,29,0.5969976772707448,0.43905238827242254,1,1.3597413274980767
clipped_empirical_bernstein,5,29,0.5251202623797498,0.43905238827242254,1,1.1960309894816563
naive_plugin,5,29,0.460587992022758,0.43905238827242254,1,1.049050191561589
empirical_bernstein,5,30,0.5470251335199954,0.43905238827242254,1,1.2459222364611717
hoeffding,5,30,0.6100340910179783,0.43905238827242254,1,1.389433487466797
clipped_empirical_bernstein,5,30,0.5429017243042447,0.43905238827242254,1,1.2365306255147526
naive_plugin,5,30,0.4736244057699916,0.43905238827242254,1,1.0787423515303096
empirical_bernstein,5,31,0.5468442552632864,0.43905238827242254,1,1.2455102622605057
hoeffding,5,31,0.6106539696253455,0.43905238827242254,1,1.3908453431449002
clipped_empirical_bernstein,5,31,0.5397814455480737,0.43905238827242254,1,1.2294237771305574
naive_plugin,5,31,0.4742442843773587,0.43905238827242254,1,1.0801542072084125
empirical_bernstein,5,32,0.5036165020831481,0.43905238827242254,1,1.1470533256060207
hoeffding,5,32,0.5694836920241486,0.43905238827242254,1,1.2970745797897727
clipped_empirical_bernstein,5,32,0.4973879505774201,0.43905238827242254,1,1.132866974108797
naive_plugin,5,32,0.4330740067761618,0.43905238827242254,0,0.986383443853285
empirical_bernstein,5,33,0.4989576728379627,0.43905238827242254,1,1.136442224585669
hoeffding,5,33,0.5653069072865826,0.43905238827242254,1,1.2875613990187929
clipped_empirical_bernstein,5,33,0.4922646634985588,0.43905238827242254,1,1.1211980088196654
naive_plugin,5,33,0.4288972220385958,0.43905238827242254,0,0.9768702630823052
empirical_bernstein,5,34,0.5089278588780783,0.43905238827242254,1,1.1591506445975635
hoeffding,5,34,0.5746230551023905,0.43905238827242254,1,1.3087801602979763
clipped_empirical_bernstein,5,34,0.5014640178001916,0.43905238827242254,1,1.142150757392177
naive_plugin,5,34,0.43821336985440373,0.43905238827242254,0,0.9980890243614887
empirical_bernstein,5,35,0.5716378425041385,0.43905238827242254,1,1.3019809429881737
hoeffding,5,35,0.6332894430762097,0.43905238827242254,1,1.4424006337104065
clipped_empirical_bernstein,5,35,0.5663521219082129,0.43905238827242254,1,1.2899420138373183
naive_plugin,5,35,0.49687975782822297,0.43905238827242254,1,1.1317094977739188
empirical_bernstein,5,36,0.5197573226947672,0.43905238827242254,1,1.183816183621962
hoeffding,5,36,0.5839999502079067,0.43905238827242254,1,1.3301372815800454
clipped_empirical_bernstein,5,36,0.5148275824251071,0.43905238827242254,1,1.1725880468407055
naive_plugin,5,36,0.44759026495991994,0.43905238827242254,1,1.0194461456435577
empirical_bernstein,5,37,0.5229406391857201,0.43905238827242254,1,1.191066608801241
hoeffding,5,37,0.5877147710806552,0.43905238827242254,1,1.338598278426835
clipped_empirical_bernstein,5,37,0.5182075273163432,0.43905238827242254,1,1.180286319259939
naive_plugin,5,37,0.4513050858326684,0.43905238827242254,1,1.0279071424903474
empirical_bernstein,5,38,0.5374370097752154,0.43905238827242254,1,1.2240840139599634
hoeffding,5,38,0.6013916712599049,0.43905238827242254,1,1.3697492311253625
clipped_empirical_bernstein,5,38,0.5322872511661308,0.43905238827242254,1,1.2123547562525911
naive_plugin,5,38,0.46498198601191815,0.43905238827242254,1,1.0590580951888748
empirical_bernstein,5,39,0.5208927436258934,0.43905238827242254,1,1.1864022552650157
hoeffding,5,39,0.5858733319328945,0.43905238827242254,1,1.3344041567298632
clipped_empirical_bernstein,5,39,0.5130240775999217,0.43905238827242254,1,1.1684803255906704
naive_plugin,5,39,0.4494636466849077,0.43905238827242254,1,1.0237130207933756
empirical_bernstein,5,40,0.5315537628842605,0.43905238827242254,1,1.2106841394846093
hoeffding,5,40,0.5961608423790031,0.43905238827242254,1,1.3578353251300348
clipped_empirical_bernstein,5,40,0.5244473220989134,0.43905238827242254,1,1.1944982788101932
naive_plugin,5,40,0.4597511571310164,0.43905238827242254,1,1.0471441891935471
empirical_bernstein,5,41,0.5287143488674532,0.43905238827242254,1,1.204216997766101
hoeffding,5,41,0.5934054237369827,0.43905238827242254,1,1.3515594940091464
clipped_empirical_bernstein,5,41,0.5219965736121324,0.43905238827242254,1,1.1889163743444775
naive_plugin,5,41,0.4569957384889959,0.43905238827242254,1,1.0408683580726588
empirical_bernstein,5,42,0.5469330994554211,0.43905238827242254,1,1.245712616682228
hoeffding,5,42,0.609875241696477,0.43905238827242254,1,1.3890716870854658
clipped_empirical_bernstein,5,42,0.5418548419073609,0.43905238827242254,1,1.2341462121170643
naive_plugin,5,42,0.4734655564484902,0.43905238827242254,1,1.0783805511489781
empirical_bernstein,5,43,0.5494617756659897,0.43905238827242254,1,1.2514720118662936
hoeffding,5,43,0.6122975061069788,0.43905238827242254,1,1.3945887152925844
clipped_empirical_bernstein,5,43,0.5415264442846828,0.43905238827242254,1,1.2333982430103017
naive_plugin,5,43,0.475887820858992,0.43905238827242254,1,1.083897579356097
empirical_bernstein,5,44,0.5415525228071137,0.43905238827242254,1,1.2334576403012119
hoeffding,5,44,0.6053386837357795,0.43905238827242254,1,1.3787390751196185
clipped_empirical_bernstein,5,44,0.5344046556470965,0.43905238827242254,1,1.2171774255684265
naive_plugin,5,44,0.4689289984877927,0.43905238827242254,1,1.0680479391831308
empirical_bernstein,5,45,0.5156121847328162,0.43905238827242254,1,1.1743750825764554
hoeffding,5,45,0.5810888939338167,0.43905238827242254,1,1.323506965126138
clipped_empirical_bernstein,5,45,0.5081810725761222,0.43905238827242254,1,1.1574497398265076
naive_plugin,5,45,0.4446792086858299,0.43905238827242254,1,1.0128158291896503
empirical_bernstein,5,46,0.5159805070097979,0.43905238827242254,1,1.1752139853744359
hoeffding,5,46,0.5811582749187262,0.43905238827242254,1,1.3236649895140304
clipped_empirical_bernstein,5,46,0.5097882357994551,0.43905238827242254,1,1.1611102670580224
naive_plugin,5,46,0.44474858967073944,0.43905238827242254,1,1.0129738535775428
empirical_bernstein,5,47,0.5037766471368217,0.43905238827242254,1,1.1474180771890918
hoeffding,5,47,0.5701860506957523,0.43905238827242254,1,1.2986742947449
clipped_empirical_bernstein,5,47,0.4977395071899201,0.43905238827242254,1,1.1336676908840397
naive_plugin,5,47,0.4337763654477656,0.43905238827242254,0,0.9879831588084125
empirical_bernstein,5,48,0.4929084734547227,0.43905238827242254,1,1.122664371316171
hoeffding,5,48,0.5600254883225653,0.43905238827242254,1,1.275532267404685
clipped_empirical_bernstein,5,48,0.4863994047961988,0.43905238827242254,1,1.107839104827733
naive_plugin,5,48,0.4236158030745785,0.43905238827242254,0,0.9648411314681975
empirical_bernstein,5,49,0.5410252674162795,0.43905238827242254,1,1.2322567462737157
hoeffding,5,49,0.6046018306933599,0.43905238827242254,1,1.3770607946635687
clipped_empirical_bernstein,5,49,0.5344416653745234,0.43905238827242254,1,1.21726172012738
naive_plugin,5,49,0.4681921454453732,0.43905238827242254,1,1.0663696587270812
empirical_bernstein,6,0,0.5389846454673558,0.43528169772135206,1,1.2382432991988324
hoeffding,6,0,0.6042368397162747,0.43528169772135206,1,1.3881512659029378
clipped_empirical_bernstein,6,0,0.5325500204265663,0.43528169772135206,1,1.223460630700538
naive_plugin,6,0,0.46934581331342606,0.43528169772135206,1,1.0782576335517795
empirical_bernstein,6,1,0.5006815810974672,0.43528169772135206,1,1.1502472622177218
hoeffding,6,1,0.5677837772906914,0.43528169772135206,1,1.3044053546541745
clipped_empirical_bernstein,6,1,0.49495197746298925,0.43528169772135206,1,1.1370842837041024
naive_plugin,6,1,0.4328927508878427,0.43528169772135206,0,0.9945117223030161
empirical_bernstein,6,2,0.5508349696073191,0.43528169772135206,1,1.2654677935940672
hoeffding,6,2,0.6140831858495144,0.43528169772135206,1,1.4107718956808128
clipped_empirical_bernstein,6,2,0.5436198992953158,0.43528169772135206,1,1.2488921591261508
naive_plugin,6,2,0.47919215944666566,0.43528169772135206,1,1.1008782633296545
empirical_bernstein,6,3,0.5199979695628082,0.43528169772135206,1,1.1946240154018324
hoeffding,6,3,0.5850739140546939,0.43528169772135206,1,1.344127072462468
clipped_empirical_bernstein,6,3,0.5135828844538133,0.43528169772135206,1,1.1798862372168613
naive_plugin,6,3,0.45018288765184516,0.43528169772135206,1,1.0342334401113096
empirical_bernstein,6,4,0.5013512608860439,0.43528169772135206,1,1.151785759682886
hoeffding,6,4,0.5675406517161727,0.43528169772135206,1,1.3038468069923008
clipped_empirical_bernstein,6,4,0.4940040982253956,0.43528169772135206,1,1.134906661160918
naive_plugin,6,4,0.432649625313324,0.43528169772135206,0,0.9939531746411424
empirical_bernstein,6,5,0.5175071213257094,0.43528169772135206,1,1.188901633206261
hoeffding,6,5,0.5832485600690709,0.43528169772135206,1,1.3399335720346335
clipped_empirical_bernstein,6,5,0.5115845839293227,0.43528169772135206,1,1.1752954158362439
naive_plugin,6,5,0.4483575336662222,0.43528169772135206,1,1.0300399396834754
empirical_bernstein,6,6,0.4926047361592979,0.43528169772135206,1,1.131691818741806
hoeffding,6,6,0.5599889054561211,0.43528169772135206,1,1.2864977057101101
clipped_empirical_bernstein,6,6,0.48752470644031226,0.43528169772135206,1,1.1200211472075352
naive_plugin,6,6,0.42509787905327245,0.43528169772135206,0,0.9766040733589519
empirical_bernstein,6,7,0.5099543660506427,0.43528169772135206,1,1.1715502138504632
hoeffding,6,7,0.5759971610881153,0.43528169772135206,1,1.323274477432412
clipped_empirical_bernstein,6,7,0.5023634650172394,0.43528169772135206,1,1.1541111598467209
naive_plugin,6,7,0.44110613468526655,0.43528169772135206,1,1.0133808450812536
empirical_bernstein,6,8,0.518532094352415,0.43528169772135206,1,1.1912563681562283
hoeffding,6,8,0.5836021219020856,0.43528169772135206,1,1.3407458318536556
clipped_empirical_bernstein,6,8,0.5104049151237887,0.43528169772135206,1,1.1725852885515238
naive_plugin,6,8,0.4487110954992369,0.43528169772135206,1,1.030852199502497
empirical_bernstein,6,9,0.5222681619891573,0.43528169772135206,1,1.199839471135977
hoeffding,6,9,0.5880901201128435,0.43528169772135206,1,1.3510563921971113
clipped_empirical_bernstein,6,9,0.5167753575065016,0.43528169772135206,1,1.187220506195779
naive_plugin,6,9,0.45319909370999467,0.43528169772135206,1,1.0411627598459527
empirical_bernstein,6,10,0.47570595898275864,0.43528169772135206,1,1.0928691959092762
hoeffding,6,10,0.5442650677362642,0.43528169772135206,1,1.2503743451319618
clipped_empirical_bernstein,6,10,0.46951117258091496,0.43528169772135206,1,1.0786375237891925
naive_plugin,6,10,0.40937404133341543,0.43528169772135206,0,0.9404807127808035
empirical_bernstein,6,11,0.49691121555133316,0.43528169772135206,1,1.1415853644952323
hoeffding,6,11,0.5632787990435151,0.43528169772135206,1,1.2940557850059229
clipped_empirical_bernstein,6,11,0.49001282915780486,0.43528169772135206,1,1.1257372678956266
naive_plugin,6,11,0.4283877726406663,0.43528169772135206,0,0.9841621526547644
empirical_bernstein,6,12,0.5254690027216716,0.43528169772135206,1,1.2071929637116363
hoeffding,6,12,0.5903548586532805,0.43528169772135206,1,1.356259318376394
clipped_empirical_bernstein,6,12,0.5184743858104327,0.43528169772135206,1,1.1911237906959664
naive_plugin,6,12,0.45546383225043174,0.43528169772135206,1,1.0463656860252355
empirical_bernstein,6,13,0.4721564490588839,0.43528169772135206,1,1.0847146836877515
hoeffding,6,13,0.5402378638844798,0.43528169772135206,1,1.241122396628576
clipped_empirical_bernstein,6,13,0.4662450884174526,0.43528169772135206,1,1.071134143379311
naive_plugin,6,13,0.40534683748163103,0.43528169772135206,0,0.9312287642774174
empirical_bernstein,6,14,0.5084523938051453,0.43528169772135206,1,1.1680996386175506
hoeffding,6,14,0.5742221157133742,0.43528169772135206,1,1.3191965541380646
clipped_empirical_bernstein,6,14,0.5022426669256898,0.43528169772135206,1,1.1538336427992961
naive_plugin,6,14,0.43933108931052556,0.43528169772135206,1,1.0093029217869063
empirical_bernstein,6,15,0.5171057033824729,0.43528169772135206,1,1.187979430537649
hoeffding,6,15,0.5825997368335281,0.43528169772135206,1,1.3384429896395102
clipped_empirical_bernstein,6,15,0.5105042033465027,0.43528169772135206,1,1.1728133896254576
naive_plugin,6,15,0.4477087104306793,0.43528169772135206,1,1.0285493572883517
empirical_bernstein,6,16,0.5069827061901786,0.43528169772135206,1,1.1647232328953245
hoeffding,6,16,0.573536744004687,0.43528169772135206,1,1.317622006638652
clipped_empirical_bernstein,6,16,0.501760256615394,0.43528169772135206,1,1.1527253712757723
naive_plugin,6,16,0.43864571760183835,0.43528169772135206,1,1.0077283742874936
empirical_bernstein,6,17,0.4737524902432301,0.43528169772135206,1,1.088381369405762
hoeffding,6,17,0.542184172483622,0.43528169772135206,1,1.2455937736915927
clipped_empirical_bernstein,6,17,0.46651265470670406,0.43528169772135206,1,1.0717488402311477
naive_plugin,6,17,0.40729314608077327,0.43528169772135206,0,0.9357001413404342
empirical_bernstein,6,18,0.5022253330936627,0.43528169772135206,1,1.153793820697614
hoeffding,6,18,0.5693423293964592,0.43528169772135206,1,1.3079859143559185
clipped_empirical_bernstein,6,18,0.4960975732206206,0.43528169772135206,1,1.1397161328345125
naive_plugin,6,18,0.4344513029936105,0.43528169772135206,0,0.9980922820047602
empirical_bernstein,6,19,0.5251711741850575,0.43528169772135206,1,1.2065087434970645
hoeffding,6,19,0.5897982094923194,0.43528169772135206,1,1.3549804932756027
clipped_empirical_bernstein,6,19,0.517754049465378,0.43528169772135206,1,1.1894689167400303
naive_plugin,6,19,0.4549071830894707,0.43528169772135206,1,1.0450868609244444
empirical_bernstein,6,20,0.5050200643765194,0.43528169772135206,1,1.1602143325121166
hoeffding,6,20,0.5713643651398714,0.43528169772135206,1,1.3126312641466342
clipped_empirical_bernstein,6,20,0.49854111313154,0.43528169772135206,1,1.1453298306392008
naive_plugin,6,20,0.4364733387370227,0.43528169772135206,1,1.0027376317954757
empirical_bernstein,6,21,0.5123651282619468,0.43528169772135206,1,1.1770886093858697
hoeffding,6,21,0.5785247739657992,0.43528169772135206,1,1.3290813213473196
clipped_empirical_bernstein,6,21,0.5061779886160495,0.43528169772135206,1,1.1628745046387916
naive_plugin,6,21,0.44363374756295043,0.43528169772135206,1,1.0191876889961613
empirical_bernstein,6,22,0.5522312274271457,0.43528169772135206,1,1.2686755044331304
hoeffding,6,22,0.6155918744505213,0.43528169772135206,1,1.414237900819335
clipped_empirical_bernstein,6,22,0.5445367314354878,0.43528169772135206,1,1.2509984552212345
naive_plugin,6,22,0.48070084804767266,0.43528169772135206,1,1.104344268468177
empirical_bernstein,6,23,0.49244987934598994,0.43528169772135206,1,1.1313360564524226
hoeffding,6,23,0.5591129708885485,0.43528169772135206,1,1.284485366178818
clipped_empirical_bernstein,6,23,0.4856978133368811,0.43528169772135206,1,1.1158241108676321
naive_plugin,6,23,0.42422194448569983,0.43528169772135206,0,0.9745917338276598
empirical_bernstein,6,24,0.5382087550816206,0.43528169772135206,1,1.2364607974538775
hoeffding,6,24,0.6021233368489327,0.43528169772135206,1,1.3832957829400518
clipped_empirical_bernstein,6,24,0.5293378418149031,0.43528169772135206,1,1.2160810909025666
naive_plugin,6,24,0.46723231044608393,0.43528169772135206,1,1.0734021505888933
empirical_bernstein,6,25,0.5261695327791738,0.43528169772135206,1,1.208802335438427
hoeffding,6,25,0.591096479404937,0.43528169772135206,1,1.3579630903372617
clipped_empirical_bernstein,6,25,0.5192072444381051,0.43528169772135206,1,1.1928074328787386
naive_plugin,6,25,0.4562054530020883,0.43528169772135206,1,1.0480694579861034
empirical_bernstein,6,26,0.5586421075129058,0.43528169772135206,1,1.283403622153954
hoeffding,6,26,0.6214986859318543,0.43528169772135206,1,1.4278079900563843
clipped_empirical_bernstein,6,26,0.5506022246219816,0.43528169772135206,1,1.2649330939121006
naive_plugin,6,26,0.48660765952900564,0.43528169772135206,1,1.117914357705226
empirical_bernstein,6,27,0.5265596070176398,0.43528169772135206,1,1.20969847750116
hoeffding,6,27,0.5915851126034395,0.43528169772135206,1,1.3590856580929482
clipped_empirical_bernstein,6,27,0.5204444355432514,0.43528169772135206,1,1.1956497097574195
naive_plugin,6,27,0.45669408620059077,0.43528169772135206,1,1.0491920257417897
empirical_bernstein,6,28,0.48977749524340775,0.43528169772135206,1,1.1251966205042268
hoeffding,6,28,0.5576073618057231,0.43528169772135206,1,1.2810264358109504
clipped_empirical_bernstein,6,28,0.4817033100056652,0.43528169772135206,1,1.1066472873252533
naive_plugin,6,28,0.4227163354028744,0.43528169772135206,0,0.971132803459792
empirical_bernstein,6,29,0.5445965866533516,0.43528169772135206,1,1.2511359643749094
hoeffding,6,29,0.6088260092682902,0.43528169772135206,1,1.3986942535269045
clipped_empirical_bernstein,6,29,0.5371238038497442,0.43528169772135206,1,1.2339682708037656
naive_plugin,6,29,0.47393498286544156,0.43528169772135206,1,1.0888006211757464
empirical_bernstein,6,30,0.47446726359121993,0.43528169772135206,1,1.0900234631389274
hoeffding,6,30,0.5427599520636567,0.43528169772135206,1,1.2469165483063969
clipped_empirical_bernstein,6,30,0.4677819731173876,0.43528169772135206,1,1.07466492518792
naive_plugin,6,30,0.40786892566080796,0.43528169772135206,0,0.9370229159552385
empirical_bernstein,6,31,0.4919276091884467,0.43528169772135206,1,1.1301362123967749
hoeffding,6,31,0.5585060682914171,0.43528169772135206,1,1.2830910907008726
clipped_empirical_bernstein,6,31,0.48364580205439683,0.43528169772135206,1,1.111109896387156
naive_plugin,6,31,0.42361504188856836,0.43528169772135206,0,0.973197458349714
empirical_bernstein,6,32,0.4822785304846474,0.43528169772135206,1,1.1079687774820723
hoeffding,6,32,0.5504470232370458,0.43528169772135206,1,1.2645765400166615
clipped_empirical_bernstein,6,32,0.4767791429446441,0.43528169772135206,1,1.0953346888705089
naive_plugin,6,32,0.41555599683419703,0.43528169772135206,0,0.9546829076655032
empirical_bernstein,6,33,0.46437681329268604,0.43528169772135206,1,1.0668420375210892
hoeffding,6,33,0.532910723597902,0.43528169772135206,1,1.224289296764891
clipped_empirical_bernstein,6,33,0.45827773731519156,0.43528169772135206,1,1.0528302469739046
naive_plugin,6,33,0.39801969719505326,0.43528169772135206,0,0.9143956644137327
empirical_bernstein,6,34,0.49093057508930626,0.43528169772135206,1,1.12784566330096
hoeffding,6,34,0.558248327999082,0.43528169772135206,1,1.2824989677292788
clipped_empirical_bernstein,6,34,0.48520525815342486,0.43528169772135206,1,1.1146925328894293
naive_plugin,6,34,0.42335730159623325,0.43528169772135206,0,0.9726053353781204
empirical_bernstein,6,35,0.5348730528583632,0.43528169772135206,1,1.2287974790999945
hoeffding,6,35,0.5993399214450634,0.43528169772135206,1,1.3769012678055077
clipped_empirical_bernstein,6,35,0.5290050779492139,0.43528169772135206,1,1.2153166115609562
naive_plugin,6,35,0.46444889504221476,0.43528169772135206,1,1.0670076354543494
empirical_bernstein,6,36,0.4895996361644525,0.43528169772135206,1,1.124788013664366
hoeffding,6,36,0.5571452257737544,0.43528169772135206,1,1.2799647416611895
clipped_empirical_bernstein,6,36,0.4831759613200851,0.43528169772135206,1,1.1100305017404908
naive_plugin,6,36,0.4222541993709056,0.43528169772135206,0,0.970071109310031
empirical_bernstein,6,37,0.5327491333558386,0.43528169772135206,1,1.2239180653464572
hoeffding,6,37,0.5974977748238999,0.43528169772135206,1,1.3726691886006916
clipped_empirical_bernstein,6,37,0.5255330432284052,0.43528169772135206,1,1.2073400879924614
naive_plugin,6,37,0.4626067484210512,0.43528169772135206,1,1.0627755562495333
empirical_bernstein,6,38,0.560113580231089,0.43528169772135206,1,1.2867841289059867
hoeffding,6,38,0.6229017579649936,0.43528169772135206,1,1.4310313556159384
clipped_empirical_bernstein,6,38,0.5533498431919746,0.43528169772135206,1,1.2712453707304838
naive_plugin,6,38,0.4880107315621448,0.43528169772135206,1,1.12113772326478
empirical_bernstein,6,39,0.5007240793335646,0.43528169772135206,1,1.1503448960863634
hoeffding,6,39,0.5679275708670009,0.43528169772135206,1,1.304735700673918
clipped_empirical_bernstein,6,39,0.4935695085434229,0.43528169772135206,1,1.1339082509721878
naive_plugin,6,39,0.4330365444641522,0.43528169772135206,0,0.9948420683227598
empirical_bernstein,6,40,0.5377749488903629,0.43528169772135206,1,1.2354641872276064
hoeffding,6,40,0.6012337719687997,0.43528169772135206,1,1.3812521296351006
clipped_empirical_bernstein,6,40,0.5290839211658307,0.43528169772135206,1,1.2154977430374907
naive_plugin,6,40,0.466342745565951,0.43528169772135206,1,1.0713584972839425
empirical_bernstein,6,41,0.5381993179632205,0.43528169772135206,1,1.2364391169686895
hoeffding,6,41,0.6023729369025818,0.43528169772135206,1,1.3838692048297285
clipped_empirical_bernstein,6,41,0.5307275590817946,0.43528169772135206,1,1.2192737757183227
naive_plugin,6,41,0.46748191049973303,0.43528169772135206,1,1.0739755724785702
empirical_bernstein,6,42,0.4785735469114978,0.43528169772135206,1,1.099457085875132
hoeffding,6,42,0.5465705379771023,0.43528169772135206,1,1.2556708468064108
clipped_empirical_bernstein,6,42,0.47215226077913336,0.43528169772135206,1,1.084705061689463
naive_plugin,6,42,0.4116795115742536,0.43528169772135206,0,0.9457772144552525
empirical_bernstein,6,43,0.4964985181137568,0.43528169772135206,1,1.1406372487353995
hoeffding,6,43,0.5637484874176892,0.43528169772135206,1,1.2951348296260687
clipped_empirical_bernstein,6,43,0.4890319856264235,0.43528169772135206,1,1.1234839144086413
naive_plugin,6,43,0.42885746101484057,0.43528169772135206,0,0.9852411972749104
empirical_bernstein,6,44,0.5467158398938634,0.43528169772135206,1,1.2560046580314674
hoeffding,6,44,0.6105497780232998,0.43528169772135206,1,1.4026543758201995
clipped_empirical_bernstein,6,44,0.5396770903669303,0.43528169772135206,1,1.2398340963841938
naive_plugin,6,44,0.475658751620451,0.43528169772135206,1,1.092760743469041
empirical_bernstein,6,45,0.5099287176616107,0.43528169772135206,1,1.171491290194435
hoeffding,6,45,0.5759700568982655,0.43528169772135206,1,1.3232122092736733
clipped_empirical_bernstein,6,45,0.5029602804495574,0.43528169772135206,1,1.1554822614470002
naive_plugin,6,45,0.44107903049541675,0.43528169772135206,1,1.0133185769225148
empirical_bernstein,6,46,0.48636929735573114,0.43528169772135206,1,1.1173667533043925
hoeffding,6,46,0.5551341811958792,0.43528169772135206,1,1.2753446425658157
clipped_empirical_bernstein,6,46,0.47919023007485395,0.43528169772135206,1,1.1008738308625377
naive_plugin,6,46,0.4202431547930305,0.43528169772135206,0,0.9654510102146574
empirical_bernstein,6,47,0.4936072194644715,0.43528169772135206,1,1.133994886641103
hoeffding,6,47,0.5604994109742641,0.43528169772135206,1,1.2876705221203004
clipped_empirical_bernstein,6,47,0.485872999807119,0.43528169772135206,1,1.1162265777555234
naive_plugin,6,47,0.4256083845714154,0.43528169772135206,0,0.977776889769142
empirical_bernstein,6,48,0.5656251213413338,0.43528169772135206,1,1.2994461386782723
hoeffding,6,48,0.6281422113716457,0.43528169772135206,1,1.4430705785699136
clipped_empirical_bernstein,6,48,0.5572755789497694,0.43528169772135206,1,1.280264210204658
naive_plugin,6,48,0.49325118496879705,0.43528169772135206,1,1.1331769462187553
empirical_bernstein,6,49,0.5234647071501143,0.43528169772135206,1,1.2025883695326263
hoeffding,6,49,0.5890038604510078,0.43528169772135206,1,1.353155585301135
clipped_empirical_bernstein,6,49,0.5171426039736448,0.43528169772135206,1,1.1880642045848122
naive_plugin,6,49,0.4541128340481591,0.43528169772135206,1,1.0432619529499765
empirical_bernstein,7,0,0.2747479788609473,0.22566628944633857,1,1.2174967716047813
hoeffding,7,0,0.35039833160445855,0.22566628944633857,1,1.5527278463440155
clipped_empirical_bernstein,7,0,0.26418285592093493,0.22566628944633857,1,1.170679309564113
naive_plugin,7,0,0.22617568146911776,0.22566628944633857,1,1.002257280092782
empirical_bernstein,7,1,0.29296820908121857,0.22566628944633857,1,1.298236479183497
hoeffding,7,1,0.3675235610217792,0.22566628944633857,1,1.6286152527410303
clipped_empirical_bernstein,7,1,0.28284205188096523,0.22566628944633857,1,1.2533642156961267
naive_plugin,7,1,0.2433009108864384,0.22566628944633857,1,1.0781446864897966
empirical_bernstein,7,2,0.27189849571934427,0.22566628944633857,1,1.2048697941834121
hoeffding,7,2,0.34804828468497007,0.22566628944633857,1,1.5423140316566106
clipped_empirical_bernstein,7,2,0.261392008056466,0.22566628944633857,1,1.158312163938082
naive_plugin,7,2,0.22382563454962928,0.22566628944633857,0,0.9918434654053769
empirical_bernstein,7,3,0.2850970474190765,0.22566628944633857,1,1.2633568271031905
hoeffding,7,3,0.36008082559259047,0.22566628944633857,1,1.595634095265321
clipped_empirical_bernstein,7,3,0.2740140848556132,0.22566628944633857,1,1.2142446509307776
naive_plugin,7,3,0.23585817545724969,0.22566628944633857,1,1.0451635290140873
empirical_bernstein,7,4,0.2904410818755222,0.22566628944633857,1,1.2870379647226242
hoeffding,7,4,0.36465594924957434,0.22566628944633857,1,1.61590794151949
clipped_empirical_bernstein,7,4,0.27937628154876015,0.22566628944633857,1,1.2380062712698316
naive_plugin,7,4,0.24043329911423353,0.22566628944633857,1,1.0654373752682562
empirical_bernstein,7,5,0.27553125165389486,0.22566628944633857,1,1.2209677055881833
hoeffding,7,5,0.3506228649001365,0.22566628944633857,1,1.5537228256837692
clipped_empirical_bernstein,7,5,0.2643874707835072,0.22566628944633857,1,1.1715860239124294
naive_plugin,7,5,0.2264002147647957,0.22566628944633857,1,1.0032522594325355
empirical_bernstein,7,6,0.28681601582831473,0.22566628944633857,1,1.2709741296850499
hoeffding,7,6,0.361364220572987,0.22566628944633857,1,1.6013212317159857
clipped_empirical_bernstein,7,6,0.2759212579296495,0.22566628944633857,1,1.222695948990029
naive_plugin,7,6,0.23714157043764622,0.22566628944633857,1,1.050850665464752
empirical_bernstein,7,7,0.2881221478287366,0.22566628944633857,1,1.2767620211934643
hoeffding,7,7,0.3624014700301617,0.22566628944633857,1,1.6059176180868502
clipped_empirical_bernstein,7,7,0.277041669613055,0.22566628944633857,1,1.2276608539661082
naive_plugin,7,7,0.23817881989482093,0.22566628944633857,1,1.0554470518356165
empirical_bernstein,7,8,0.28744120684083707,0.22566628944633857,1,1.2737445523922084
hoeffding,7,8,0.36205071553505513,0.22566628944633857,1,1.6043633119653327
clipped_empirical_bernstein,7,8,0.27622231692841714,0.22566628944633857,1,1.2240300383637954
naive_plugin,7,8,0.23782806539971435,0.22566628944633857,1,1.053892745714099
empirical_bernstein,7,9,0.2641872972880466,0.22566628944633857,1,1.170698990692041
hoeffding,7,9,0.34087833797869727,0.22566628944633857,1,1.510541688858473
clipped_empirical_bernstein,7,9,0.2497705889411186,0.22566628944633857,1,1.1068139133847539
naive_plugin,7,9,0.2166556878433565,0.22566628944633857,0,0.9600711226072395
empirical_bernstein,7,10,0.2543262181821828,0.22566628944633857,1,1.1270013736041835
hoeffding,7,10,0.3313204842520541,0.22566628944633857,1,1.4681877610738097
clipped_empirical_bernstein,7,10,0.24026971909272868,0.22566628944633857,1,1.0647124995151864
naive_plugin,7,10,0.20709783411671334,0.22566628944633857,0,0.9177171948225761
empirical_bernstein,7,11,0.2943900850885352,0.22566628944633857,1,1.304537269659581
hoeffding,7,11,0.36836860249057896,0.22566628944633857,1,1.6323599036185408
clipped_empirical_bernstein,7,11,0.28461028350446127,0.22566628944633857,1,1.2611998194446277
naive_plugin,7,11,0.24414595235523817,0.22566628944633857,1,1.081889337367307
empirical_bernstein,7,12,0.2823176502767764,0.22566628944633857,1,1.2510404233145733
hoeffding,7,12,0.3577371753445837,0.22566628944633857,1,1.5852486262891756
clipped_empirical_bernstein,7,12,0.2737480941182361,0.22566628944633857,1,1.2130659603162879
naive_plugin,7,12,0.23351452520924296,0.22566628944633857,1,1.0347780600379421
empirical_bernstein,7,13,0.26810567785248574,0.22566628944633857,1,1.1880625968117355
hoeffding,7,13,0.34399177491345634,0.22566628944633857,1,1.5243383305385296
clipped_empirical_bernstein,7,13,0.2541230257501613,0.22566628944633857,1,1.126100962503704
naive_plugin,7,13,0.21976912477811555,0.22566628944633857,0,0.9738677642872959
empirical_bernstein,7,14,0.2527787181979379,0.22566628944633857,1,1.1201439028315587
hoeffding,7,14,0.3304265826390751,0.22566628944633857,1,1.4642265951629767
clipped_empirical_bernstein,7,14,0.23930164637488172,0.22566628944633857,1,1.060422657553314
naive_plugin,7,14,0.2062039325037343,0.22566628944633857,0,0.913756028911743
empirical_bernstein,7,15,0.3010164657512091,0.22566628944633857,1,1.333900896273602
hoeffding,7,15,0.375018877347217,0.22566628944633857,1,1.66182941310068
clipped_empirical_bernstein,7,15,0.28980488959431056,0.22566628944633857,1,1.2842187918511576
naive_plugin,7,15,0.2507962272118762,0.22566628944633857,1,1.1113588468494464
empirical_bernstein,7,16,0.27439854412468395,0.22566628944633857,1,1.215948313759701
hoeffding,7,16,0.35065829325750997,0.22566628944633857,1,1.5538798201443083
clipped_empirical_bernstein,7,16,0.2619073253168096,0.22566628944633857,1,1.16059570066662
naive_plugin,7,16,0.2264356431221692,0.22566628944633857,1,1.0034092538930746
empirical_bernstein,7,17,0.27617287859327283,0.22566628944633857,1,1.2238109611801113
hoeffding,7,17,0.3511732642708255,0.22566628944633857,1,1.5561618225407627
clipped_empirical_bernstein,7,17,0.264063705115231,0.22566628944633857,1,1.1701513139738267
naive_plugin,7,17,0.22695061413548473,0.22566628944633857,1,1.005691256289529
empirical_bernstein,7,18,0.2772523489315071,0.22566628944633857,1,1.2285944418713688
hoeffding,7,18,0.3522351551636669,0.22566628944633857,1,1.5608674030483638
clipped_empirical_bernstein,7,18,0.2673322782243198,0.22566628944633857,1,1.1846354140009425
naive_plugin,7,18,0.2280125050283261,0.22566628944633857,1,1.01039683679713
empirical_bernstein,7,19,0.2790321539840241,0.22566628944633857,1,1.2364813312108607
hoeffding,7,19,0.3544198005943901,0.22566628944633857,1,1.5705482704747
clipped_empirical_bernstein,7,19,0.26709966992798534,0.22566628944633857,1,1.1836046517328822
naive_plugin,7,19,0.23019715045904932,0.22566628944633857,1,1.0200777042234663
empirical_bernstein,7,20,0.27148086599822013,0.22566628944633857,1,1.203019142399538
hoeffding,7,20,0.34680398381475475,0.22566628944633857,1,1.5368001337976607
clipped_empirical_bernstein,7,20,0.2600573169399449,0.22566628944633857,1,1.152397717789321
naive_plugin,7,20,0.222581333679414,0.22566628944633857,0,0.9863295675464272
empirical_bernstein,7,21,0.29471836215662545,0.22566628944633857,1,1.3059919710635683
hoeffding,7,21,0.3683793918016233,0.22566628944633857,1,1.6324077145302673
clipped_empirical_bernstein,7,21,0.2821335790196777,0.22566628944633857,1,1.2502247442977812
naive_plugin,7,21,0.24415674166628254,0.22566628944633857,1,1.0819371482790336
empirical_bernstein,7,22,0.3069668307933527,0.22566628944633857,1,1.3602688799752993
hoeffding,7,22,0.37973586319269215,0.22566628944633857,1,1.6827318963960276
clipped_empirical_bernstein,7,22,0.2960071070431281,0.22566628944633857,1,1.3117028146710232
naive_plugin,7,22,0.25551321305735136,0.22566628944633857,1,1.132261330144794
empirical_bernstein,7,23,0.2897933521171387,0.22566628944633857,1,1.2841676655743877
hoeffding,7,23,0.36384535608745583,0.22566628944633857,1,1.6123159421822948
clipped_empirical_bernstein,7,23,0.2788549841682719,0.22566628944633857,1,1.2356962347031506
naive_plugin,7,23,0.23962270595211502,0.22566628944633857,1,1.061845375931061
empirical_bernstein,7,24,0.30597663209464543,0.22566628944633857,1,1.3558809906669909
hoeffding,7,24,0.379133047608309,0.22566628944633857,1,1.6800606264165276
clipped_empirical_bernstein,7,24,0.29501877189124587,0.22566628944633857,1,1.3073231833388155
naive_plugin,7,24,0.25491039747296823,0.22566628944633857,1,1.129590060165294
empirical_bernstein,7,25,0.27375534563838505,0.22566628944633857,1,1.2130980941372798
hoeffding,7,25,0.3489560504126325,0.22566628944633857,1,1.5463366339242757
clipped_empirical_bernstein,7,25,0.2623169036659381,0.22566628944633857,1,1.1624106742283928
naive_plugin,7,25,0.22473340027729172,0.22566628944633857,0,0.9958660676730421
empirical_bernstein,7,26,0.30729644866301487,0.22566628944633857,1,1.3617295229028314
hoeffding,7,26,0.3803603917601222,0.22566628944633857,1,1.6854993835956544
clipped_empirical_bernstein,7,26,0.2942864662768904,0.22566628944633857,1,1.3040781013367488
naive_plugin,7,26,0.2561377416247814,0.22566628944633857,1,1.1350288173444207
empirical_bernstein,7,27,0.30595891161075395,0.22566628944633857,1,1.3558024654963285
hoeffding,7,27,0.37899311200201974,0.22566628944633857,1,1.6794405266815047
clipped_empirical_bernstein,7,27,0.2936285450489984,0.22566628944633857,1,1.3011626405051546
naive_plugin,7,27,0.25477046186667895,0.22566628944633857,1,1.128969960430271
empirical_bernstein,7,28,0.2986530986488979,0.22566628944633857,1,1.3234280555666023
hoeffding,7,28,0.3727320054392219,0.22566628944633857,1,1.6516955472334927
clipped_empirical_bernstein,7,28,0.2891829833874787,0.22566628944633857,1,1.2814629251758218
naive_plugin,7,28,0.24850935530388116,0.22566628944633857,1,1.101224980982259
empirical_bernstein,7,29,0.29285899804165355,0.22566628944633857,1,1.2977525298978818
hoeffding,7,29,0.36744020170620123,0.22566628944633857,1,1.6282458607694492
clipped_empirical_bernstein,7,29,0.2816323065043049,0.22566628944633857,1,1.2480034443570471
naive_plugin,7,29,0.24321755157086045,0.22566628944633857,1,1.0777752945182155
empirical_bernstein,7,30,0.27521584574112634,0.22566628944633857,1,1.219570040418333
hoeffding,7,30,0.35054231933636787,0.22566628944633857,1,1.5533659023525697
clipped_empirical_bernstein,7,30,0.2642858085657075,0.22566628944633857,1,1.171135525887008
naive_plugin,7,30,0.22631966920102708,0.22566628944633857,1,1.002895336101336
empirical_bernstein,7,31,0.25399534682270647,0.22566628944633857,1,1.1255351760596228
hoeffding,7,31,0.3308247123311494,0.22566628944633857,1,1.4659908360385239
clipped_empirical_bernstein,7,31,0.2433402521936964,0.22566628944633857,1,1.0783190204913637
naive_plugin,7,31,0.20660206219580865,0.22566628944633857,0,0.9155202697872904
empirical_bernstein,7,32,0.27361066741502954,0.22566628944633857,1,1.2124569783387682
hoeffding,7,32,0.3486243564246368,0.22566628944633857,1,1.5448667910478342
clipped_empirical_bernstein,7,32,0.26195584170464803,0.22566628944633857,1,1.1608106924048964
naive_plugin,7,32,0.224401706289296,0.22566628944633857,0,0.9943962247966005
empirical_bernstein,7,33,0.258336632528724,0.22566628944633857,1,1.1447728110500712
hoeffding,7,33,0.33548000001000544,0.22566628944633857,1,1.486619914888881
clipped_empirical_bernstein,7,33,0.24562697900387226,0.22566628944633857,1,1.0884522433833883
naive_plugin,7,33,0.21125734987466463,0.22566628944633857,0,0.9361493486376473
empirical_bernstein,7,34,0.28325344017446186,0.22566628944633857,1,1.2551872097042522
hoeffding,7,34,0.35785765287117555,0.22566628944633857,1,1.585782501006961
clipped_empirical_bernstein,7,34,0.2711355749829333,0.22566628944633857,1,1.2014890467165098
naive_plugin,7,34,0.23363500273583476,0.22566628944633857,1,1.0353119347557274
empirical_bernstein,7,35,0.2595740681743667,0.22566628944633857,1,1.1502562868881268
hoeffding,7,35,0.3366982901123915,0.22566628944633857,1,1.4920185506593149
clipped_empirical_bernstein,7,35,0.2456224602485163,0.22566628944633857,1,1.0884322193232283
naive_plugin,7,35,0.21247563997705074,0.22566628944633857,0,0.9415479844080813
empirical_bernstein,7,36,0.26391121998519285,0.22566628944633857,1,1.1694756032577414
hoeffding,7,36,0.34032291297037925,0.22566628944633857,1,1.508080421782736
clipped_empirical_bernstein,7,36,0.2505331092852777,0.22566628944633857,1,1.1101928865846498
naive_plugin,7,36,0.21610026283503847,0.22566628944633857,0,0.9576098555315024
empirical_bernstein,7,37,0.26413459642956627,0.22566628944633857,1,1.1704654562168229
hoeffding,7,37,0.34112385466629513,0.22566628944633857,1,1.5116296523651191
clipped_empirical_bernstein,7,37,0.2523628795757143,0.22566628944633857,1,1.1183011879837017
naive_plugin,7,37,0.21690120453095432,0.22566628944633857,0,0.9611590861138855
empirical_bernstein,7,38,0.2645303473785113,0.22566628944633857,1,1.172219156115536
hoeffding,7,38,0.34111362956869384,0.22566628944633857,1,1.511584341664853
clipped_empirical_bernstein,7,38,0.25406898124313504,0.22566628944633857,1,1.1258614738890824
naive_plugin,7,38,0.2168909794333531,0.22566628944633857,0,0.9611137754136194
empirical_bernstein,7,39,0.2982733197956775,0.22566628944633857,1,1.3217451331675494
hoeffding,7,39,0.37149866924392544,0.22566628944633857,1,1.6462302373800697
clipped_empirical_bernstein,7,39,0.290212629735635,0.22566628944633857,1,1.2860256197221915
naive_plugin,7,39,0.24727601910858465,0.22566628944633857,1,1.095759671128836
empirical_bernstein,7,40,0.27068069174388104,0.22566628944633857,1,1.1994733125979213
hoeffding,7,40,0.3470059628337545,0.22566628944633857,1,1.5376951678742847
clipped_empirical_bernstein,7,40,0.25973132123960047,0.22566628944633857,1,1.1509531258604855
naive_plugin,7,40,0.22278331269841373,0.22566628944633857,0,0.987224601623051
empirical_bernstein,7,41,0.2712778770046356,0.22566628944633857,1,1.202119632800286
hoeffding,7,41,0.3475449036468729,0.22566628944633857,1,1.540083388172676
clipped_empirical_bernstein,7,41,0.25946379429703254,0.22566628944633857,1,1.1497676278260902
naive_plugin,7,41,0.22332225351153212,0.22566628944633857,0,0.9896128219214424
empirical_bernstein,7,42,0.2908548220356295,0.22566628944633857,1,1.288871380609075
hoeffding,7,42,0.36565350464164903,0.22566628944633857,1,1.6203284307051904
clipped_empirical_bernstein,7,42,0.2779241930970335,0.22566628944633857,1,1.2315715997232337
naive_plugin,7,42,0.24143085450630825,0.22566628944633857,1,1.0698578644539567
empirical_bernstein,7,43,0.2888028993197653,0.22566628944633857,1,1.2797786502730621
hoeffding,7,43,0.3633215569910636,0.22566628944633857,1,1.6099948197068141
clipped_empirical_bernstein,7,43,0.27826926447211453,0.22566628944633857,1,1.2331007221097792
naive_plugin,7,43,0.23909890685572283,0.22566628944633857,1,1.0595242534555804
empirical_bernstein,7,44,0.2678241208841336,0.22566628944633857,1,1.186814927214992
hoeffding,7,44,0.34410301954177075,0.22566628944633857,1,1.5248312913107713
clipped_empirical_bernstein,7,44,0.25617939827930786,0.22566628944633857,1,1.1352134113953471
naive_plugin,7,44,0.21988036940642997,0.22566628944633857,0,0.9743607250595377
empirical_bernstein,7,45,0.29194524204972555,0.22566628944633857,1,1.2937033828402071
hoeffding,7,45,0.3661138667342232,0.22566628944633857,1,1.6223684433880932
clipped_empirical_bernstein,7,45,0.2831066519421852,0.22566628944633857,1,1.2545367437767236
naive_plugin,7,45,0.24189121659888238,0.22566628944633857,1,1.0718978771368595
empirical_bernstein,7,46,0.290907427942937,0.22566628944633857,1,1.2891044943250693
hoeffding,7,46,0.3655378933283205,0.22566628944633857,1,1.6198161197454444
clipped_empirical_bernstein,7,46,0.28082835445618426,0.22566628944633857,1,1.244440873934619
naive_plugin,7,46,0.2413152431929797,0.22566628944633857,1,1.069345553494211
empirical_bernstein,7,47,0.30718305100721793,0.22566628944633857,1,1.3612270213724735
hoeffding,7,47,0.3802173497176769,0.22566628944633857,1,1.6848655182416565
clipped_empirical_bernstein,7,47,0.2961736030138646,0.22566628944633857,1,1.3124406119341632
naive_plugin,7,47,0.2559946995823361,0.22566628944633857,1,1.1343949519904228
empirical_bernstein,7,48,0.27075711631976423,0.22566628944633857,1,1.199811974504716
hoeffding,7,48,0.3462105055715723,0.22566628944633857,1,1.5341702405839313
clipped_empirical_bernstein,7,48,0.2582423713311067,0.22566628944633857,1,1.1443551093284337
naive_plugin,7,48,0.22198785543623148,0.22566628944633857,0,0.9836996743326974
empirical_bernstein,7,49,0.2622199459838943,0.22566628944633857,1,1.161981023515911
hoeffding,7,49,0.33879043295615696,0.22566628944633857,1,1.5012895093341725
clipped_empirical_bernstein,7,49,0.2514268045574202,0.22566628944633857,1,1.1141531381327883
naive_plugin,7,49,0.21456778282081618,0.22566628944633857,0,0.9508189430829388
