game,unit_t,unit_s,unit_i,alpha_star,margin,delta_ctilde,T_fail,T_occ,identity_resid,cert_rise,occ_dominates
0,2,3,1,0.5633707845381859,-0.10329588212848073,-4.348780980645284e-05,-4.3415706966119676e-05,-7.210284023495915e-08,9.820161177287456e-17,0,0
0,0,0,0,0.5936395887154247,-0.07302707795124197,-0.001982928112075455,-0.0023312163552246636,0.00034828824314918995,1.8648277366750676e-17,0,0
0,1,3,0,0.7044601805867767,0.0377935139201101,-0.007256762936239225,-0.007164706268718316,-9.205666752072357e-05,1.8561541192951836e-16,0,0
0,2,0,1,0.5678452138830548,-0.09882145278361187,-0.00204816175213296,-0.0019102401204700444,-0.0001379216316629511,3.5561831257524545e-17,0,0
0,1,0,1,0.8580764599279679,0.19140979326130125,-0.0008827668115054532,-0.0008635349864338023,-1.9231825071643293e-05,7.697835424647081e-18,0,0
0,0,2,1,0.5826140020467839,-0.0840526646198827,-2.3515463437928652e-05,-2.8019109679561166e-05,4.5036462419085266e-06,2.760107680604973e-16,0,0
0,0,3,1,0.5776525860833127,-0.08901408058335392,-3.173143822265967e-05,-3.509537109568548e-05,3.3639328730845896e-06,5.877731027587041e-17,0,0
0,0,0,1,0.723345057054736,0.05667839038806932,-0.0022024202438889473,-0.0023299638639256437,0.00012754362003669468,1.734723475976807e-18,0,0
0,2,2,0,0.8262891170746389,0.1596224504079723,-0.00012370723099763836,-0.0001026104455434062,-2.1096785454300995e-05,6.884683795282953e-17,0,0
0,3,0,1,0.7664126314843103,0.09974596481764364,0.0,0.0,0.0,0.0,0,0
0,3,2,1,0.7611993079681879,0.09453264130152128,0.0,0.0,0.0,0.0,0,0
0,0,1,0,0.8830352266628843,0.21636855999621762,-0.004633085263946901,-0.005278059204339466,0.0006449739403926926,1.2750217548429532e-16,0,0
1,0,0,1,0.688535479977386,0.021868813310719326,-3.9473305039006146e-05,-3.294919989880202e-05,-6.524105140198084e-06,6.044427111606687e-18,0,0
1,1,2,1,0.6259507264071029,-0.04071594025956371,-0.0004503062250769685,-0.0004671101103138514,1.6803885236872204e-05,1.0679391398982219e-17,0,0
1,3,1,1,0.7160384794036017,0.04937181273693503,-0.000745122710902435,-0.0007451227109024601,0.0,2.5153490401663703e-17,0,0
1,3,0,0,0.6484109902750727,-0.018255676391593978,-0.0019453412108886292,-0.002470921038903818,0.0005255798280151882,8.673617379884035e-19,0,0
1,3,2,0,0.8657751333005204,0.19910846663385373,-0.0052656520098190995,-0.005468973642537524,0.00020332163271838576,3.903127820947816e-17,0,0
1,1,2,1,0.5801931436243917,-0.08647352304227496,-0.00282745997905115,-0.002779996877408269,-4.746310164309129e-05,2.1033522146218786e-16,0,0
1,0,3,1,0.5971608083339317,-0.06950585833273493,-4.830598279070841e-05,-3.7325502557439565e-05,-1.0980480233316123e-05,4.7271214720367993e-17,0,0
1,0,2,0,0.7187313247748491,0.052064658108182504,-0.005594707860341164,-0.0058428407065715835,0.0002481328462303828,3.729655473350135e-17,0,0
1,3,3,1,0.5692046168188576,-0.09746204984780904,0.0,0.0,0.0,0.0,0,0
1,2,2,1,0.7092539546450726,0.04258728797840594,-0.0020579442816172078,-0.002080107100140782,2.2162818523537092e-05,3.686287386450715e-17,0,0
1,1,0,1,0.6311640499232254,-0.03550261674344124,-0.00018519135846883916,-0.00018314485348968438,-2.04650497920721e-06,5.242117503967414e-17,0,0
1,3,1,1,0.5548042691673163,-0.11186239749935034,-2.9872318321078062e-05,-2.9872318321051048e-05,0.0,2.7013574753834146e-17,0,0
2,3,0,1,0.6538495803144411,-0.01281708635222556,-0.00036620833782979867,-0.00036620833782980816,0.0,9.486769009248164e-18,0,0
2,2,1,1,0.5849904680706073,-0.08167619859605935,-0.002155350197943995,-0.0020718732200817394,-8.347697786224624e-05,9.107298248878237e-18,0,0
2,0,1,1,0.628565276467373,-0.038101390199293594,-0.00011647427726013682,-0.0001486705284626571,3.219625120249658e-05,2.370336999596434e-17,0,0
2,2,3,1,0.7606675140817342,0.09400084741506753,-0.003619556140847968,-0.003769792145910546,0.00015023600506253946,3.8163916471489756e-17,0,0
2,1,0,0,0.6574365809577137,-0.009230085708952895,-0.00310873963845959,-0.0038285009911969516,0.0007197613527374798,1.1796119636642288e-16,0,0
2,1,2,1,0.8475549059448659,0.1808882392781993,-7.300410328570095e-05,-6.158499893473458e-05,-1.1419104350769003e-05,1.9736545297383001e-16,0,0
2,0,3,1,0.784586163187536,0.11791949652086942,-0.005436640565908646,-0.00522866301426803,-0.00020797755164058697,2.862293735361732e-17,0,0
2,1,1,1,0.567313419996601,-0.09935324667006562,-0.0005983973428949629,-0.0005958726870716308,-2.5246558234453937e-06,1.1329912702473521e-16,0,0
2,2,3,0,0.6808124930320337,0.014145826365367098,-0.002530386482967051,-0.003052974441708751,0.0005225879587415931,1.0711917464156784e-16,0,0
2,1,1,0,0.6705535969395549,0.0038869302728882227,-0.003234437679553115,-0.003645543183575118,0.00041110550402200175,1.3010426069826053e-18,0,0
2,0,1,1,0.7897994867036584,0.12313282003699177,-0.00016160856732228002,-0.00018290358158183103,2.129501425980281e-05,2.518059545597584e-16,0,0
2,2,3,1,0.7092393394464719,0.042572672779805254,-6.878683213679126e-05,-7.665500508501549e-05,7.868172948206991e-06,1.723881454251952e-17,0,0
3,0,2,1,0.8974794218660052,0.23081275519933853,-4.085751185367581e-05,-4.187790685514504e-05,1.020395001303045e-06,1.6618786425129373e-16,0,0
3,0,1,1,0.6056591778191877,-0.061007488847478974,-1.6973632390726578e-06,0.0,-1.6973632390501725e-06,2.2485336617812657e-17,0,0
3,0,3,1,0.6004458543030652,-0.06622081236360144,-8.937025243249686e-05,-9.532944554783252e-05,5.959193115305465e-06,3.020858303087737e-17,0,0
3,0,0,1,0.5868715699847955,-0.07979509668187112,-2.4001849994514934e-05,-2.326707262948946e-05,-7.347773649608239e-07,6.464894266623722e-17,0,0
3,3,0,1,0.7032964591293821,0.03662979246271547,-0.00028107491450157784,-0.0002810749145015655,0.0,1.235990476633475e-17,0,0
3,2,2,1,0.775068236835084,0.10840157016841734,-7.068378765628935e-07,0.0,-7.068378766529758e-07,9.008227157785006e-17,0,0
3,1,2,1,0.8947288039710207,0.2280621373043541,-4.094547907618207e-06,0.0,-4.0945479077395485e-06,1.213417048589148e-16,0,0
3,1,1,0,0.5925779422145752,-0.07408872445209147,-0.0027641617913148897,-0.002863408680849208,9.924688953425861e-05,5.984795992119984e-17,0,0
3,0,1,0,0.649163544084682,-0.01750312258198461,-0.008652843229322138,-0.009234576440989755,0.0005817332116674997,1.1622647289044608e-16,0,0
3,0,2,1,0.7281500136778107,0.06148334701114411,-1.3978160298910858e-05,-1.4302173210693677e-05,3.240129118010761e-07,1.825694814511919e-17,0,0
3,2,3,1,0.5617570781409176,-0.10490958852574905,-0.0017633990761388718,-0.0017515318386074005,-1.1867237531532087e-05,6.071532165918825e-17,0,0
3,2,0,1,0.7549972973309917,0.08833063066432512,1.6959953749062784e-05,0.0,1.695995374904323e-05,1.955290855441827e-17,1,1
4,1,3,0,0.7631431829214895,0.0964765162548229,-0.004054931142108309,-0.004463722784063648,0.00040879164195507757,2.6194324487249787e-16,0,0
4,2,1,1,0.6950270938209787,0.028360427154312084,1.4706758146521004e-05,0.0,1.4706758146492473e-05,2.853145779531385e-17,1,1
4,3,1,1,0.7506395327976532,0.08397286613098653,-0.0033038836089188117,-0.0033038836089188087,0.0,3.0357660829594124e-18,0,0
4,1,2,0,0.8237475450555207,0.1570808783888541,-0.0025033771604797694,-0.002638896088483585,0.00013551892800374947,6.591949208711867e-17,0,0
4,3,0,0,0.6953901654797118,0.028723498813045145,-0.004062137419848011,-0.004260610872726599,0.00019847345287849052,9.80118763926896e-17,0,0
4,1,0,1,0.8073856423858985,0.14071897571923186,2.0460411389588984e-06,-3.964849097337086e-06,6.010890236155845e-06,1.4013990705732948e-16,1,1
4,3,2,1,0.5887565487387489,-0.07791011792791769,0.0,0.0,0.0,0.0,0,0
4,2,1,1,0.8756976857142751,0.20903101904760846,-0.0007191831986541608,-0.0007084686743731601,-1.071452428100591e-05,5.204170427930421e-18,0,0
4,3,0,1,0.715721813942241,0.04905514727557436,-0.0024141105769367455,-0.002414110576936777,0.0,3.165870343657673e-17,0,0
4,3,2,0,0.737754308464414,0.0710876417977474,-0.004074738589308791,-0.004413275421810522,0.00033853683250170496,2.6020852139652106e-17,0,0
4,1,2,1,0.8955073681533121,0.22884070148664548,-0.0009492710357602019,-0.0010318399256826905,8.256888992238959e-05,9.90960785651751e-17,0,0
4,0,1,0,0.7606886819495561,0.09402201528288945,-0.0013785222547534892,-0.0019073085845446435,0.0005287863297909772,1.7694179454963432e-16,0,0
5,2,3,1,0.6878102641058644,0.021143597439197803,-0.0020299602902131286,-0.0021359714404438164,0.00010601115023074718,5.941427905220564e-17,0,0
5,0,0,1,0.5746252916112136,-0.09204137505545307,-8.95908527460687e-05,-7.626543012399731e-05,-1.3325422622139723e-05,6.833184192089892e-17,0,0
5,0,0,1,0.7872876764827612,0.12062100981609458,-2.9870814714005878e-05,-2.50312211427418e-05,-4.839593571365221e-06,1.011425101657415e-16,0,0
5,1,3,1,0.8128684170224864,0.14620175035581973,-3.7347624523731415e-05,-3.6573666563664504e-05,-7.739579600348718e-07,3.2038174196946656e-17,0,0
5,3,3,1,0.658129623312999,-0.008537043353667673,-3.131590359528591e-05,-3.131590359528896e-05,0.0,3.0493186101154812e-18,0,0
5,1,2,0,0.5588819473886122,-0.10778471927805444,-0.001503494043358311,-0.0016726934842662136,0.0001691994409080148,1.1232334506949826e-16,0,0
5,1,0,1,0.7036861026318945,0.03701943596522783,4.668617993863755e-07,0.0,4.668617993864386e-07,6.310395457044538e-20,1,1
5,3,2,1,0.587066962089638,-0.07959970457702858,0.0,0.0,0.0,0.0,0,0
5,2,0,1,0.7518080660379045,0.08514139937123788,2.9717717144550626e-05,0.0,2.9717717144540916e-05,9.710385707323299e-18,1,1
5,2,2,1,0.8793207199264599,0.21265405325979325,-2.2811637762076842e-07,0.0,-2.281163775989804e-07,2.1788016743985554e-17,0,0
5,1,2,1,0.6847069893113121,0.0180403226446455,-0.000391382749996283,-0.0004091562091048078,1.77734591085704e-05,4.559070135301546e-17,0,0
5,2,1,1,0.8285413191138165,0.16187465244714982,-8.303729994052489e-06,0.0,-8.303729994070993e-06,1.8504281765717445e-17,0,0
6,1,0,1,0.7728827747220366,0.10621610805536996,9.597403667904736e-07,0.0,9.59740366758188e-07,3.228550781754491e-17,1,1
6,1,3,1,0.6613075062891719,-0.005359160377494732,-4.323470127243212e-06,0.0,-4.323470127457931e-06,2.1471946399717612e-16,0,0
6,2,1,1,0.6368401890124288,-0.02982647765423785,2.5130229880931942e-06,0.0,2.5130229879871084e-06,1.0608579444591759e-16,1,1
6,3,3,1,0.7503142697388108,0.08364760307214414,-0.0001043003334427195,-0.00010430033344274352,0.0,2.4028630647709992e-17,0,0
6,1,1,1,0.7122784125880055,0.045611745921338875,-0.002066269919574981,-0.0019360632350282332,-0.00013020668454690932,1.6132928326584306e-16,0,0
6,1,2,1,0.7676694512059142,0.1010027845392476,-0.002151411405445558,-0.0019517655403513809,-0.0001996458650943072,1.3010426069826053e-16,0,0
6,3,1,1,0.7636227912068421,0.09695612454017544,-0.0029858302870512943,-0.0029858302870512925,0.0,1.734723475976807e-18,0,0
6,2,2,0,0.8863818477574694,0.2197151810908028,0.0001011106586701338,-0.0004469444633229721,0.0005480551219929988,1.0711917464156784e-16,1,1
6,1,3,0,0.8798118725954117,0.21314520592874509,-0.0017348492652207725,-0.0026978726766037566,0.0009630234113827886,1.953732314818879e-16,0,0
6,0,2,1,0.6915836924667432,0.024917025800076598,-0.00018065547082668498,-0.00017802575130697123,-2.629719519909188e-06,1.9542744159051217e-16,0,0
6,1,1,1,0.6608502379527432,-0.005816428713923405,3.428029227592333e-06,0.0,3.42802922766566e-06,7.332721872733115e-17,1,1
6,1,1,1,0.6665208298052943,-0.00014583686137237262,-8.531103672104745e-06,-1.1770344376891444e-05,3.2392407045217982e-06,2.649010839243099e-16,0,0
7,0,0,1,0.5612344975143752,-0.10543216915229148,-6.604658025349819e-05,-6.947648647841927e-05,3.4299062249319185e-06,1.0828469197698976e-17,0,0
7,1,0,1,0.670494743685819,0.0038280770191523317,-1.6183613499309857e-07,-2.957022728865701e-06,2.7951865937854896e-06,8.711267994389489e-17,0,0
7,3,0,1,0.6679183090380203,0.0012516423713536673,-6.377549788966208e-05,-6.377549788966859e-05,0.0,6.5052130349130266e-18,0,0
7,3,1,1,0.585971732445986,-0.08069493422068064,0.0,0.0,0.0,0.0,0,0
7,2,1,1,0.5723193965554981,-0.0943472701111685,-0.002654426664270848,-0.0027471179443853927,9.269128011458571e-05,4.119968255444917e-17,0,0
7,3,3,1,0.6283358754306883,-0.03833079123597838,0.0,0.0,0.0,0.0,0,0
7,2,3,0,0.7775152413937066,0.11084857472704002,-0.0026080135028577756,-0.0029692319496561932,0.00036121844679829005,1.2750217548429532e-16,0,0
7,2,0,1,0.8669283580190801,0.20026169135241345,-5.396728829887287e-05,-5.61463012613476e-05,2.1790129625013825e-06,2.6651044652409306e-17,0,0
7,0,3,1,0.8895107182998934,0.22284405163322674,-0.0011633335148010238,-0.0013404442228191942,0.00017711070801806759,1.0278236595162582e-16,0,0
7,2,0,0,0.7354327242438292,0.06876605757716259,-0.0035508019622277898,-0.0034883677932297857,-6.243416899793715e-05,6.678685382510707e-17,0,0
7,3,0,1,0.8372477172262147,0.1705810505595481,-0.0019010047753919568,-0.0019010047753919266,0.0,3.0140820395097023e-17,0,0
7,1,0,1,0.6842605334902789,0.017593866823612303,-8.191406161706105e-07,0.0,-8.191406161357188e-07,3.489172231712799e-17,0,0
8,0,0,1,0.5846735868218061,-0.08199307984486048,-9.436296056875015e-05,-6.498794016789267e-05,-2.9375020400547865e-05,3.0962103540754793e-16,0,0
8,1,0,1,0.7772062293782845,0.11053956271161791,3.774302170334032e-05,0.0,3.774302170354943e-05,2.0910871775456363e-16,1,1
8,1,2,1,0.5750637657416667,-0.0916029009249999,-0.00202051042942486,-0.0021466059140960864,0.00012609548467109382,1.3270634591222574e-16,0,0
8,1,0,1,0.5884404395330792,-0.0782262271335874,-2.6451415229167274e-05,0.0,-2.6451415229058387e-05,1.0888777943543482e-16,0,0
8,0,3,0,0.7119475672514988,0.04528090058483214,-0.0019381135148590634,-0.002421102042762943,0.00048298852790382537,5.421010862427522e-17,0,0
8,2,1,1,0.8914202610476456,0.22475359438097897,-2.756548499682765e-05,-3.4168911761584996e-05,6.603426764860229e-06,1.0288400990529634e-16,0,0
8,2,3,1,0.5756892059989481,-0.0909774606677185,-0.0014515554825924593,-0.0014901074388626908,3.8551956270208036e-05,2.3635607360183997e-17,0,0
8,2,1,1,0.8399920864123833,0.1733254197457167,-0.0022766577414600198,-0.0023121267919836612,3.546905052380977e-05,1.682681771697503e-16,0,0
8,3,1,1,0.5717484369226146,-0.09491822974405206,-6.789185115818608e-05,-6.78918511581215e-05,0.0,6.457779189866786e-17,0,0
8,3,1,1,0.6175060197053259,-0.049160646961340704,0.0,0.0,0.0,0.0,0,0
8,0,2,1,0.8599833750887735,0.1933167084221069,-1.3372027478975035e-05,-7.98224704014349e-06,-5.389780438666963e-06,1.6458188978329957e-16,0,0
8,2,1,1,0.8456626782649344,0.17899601159826772,1.2353063653103291e-06,0.0,1.2353063653602634e-06,4.9934286306535514e-17,1,1
9,2,1,1,0.6284352090392344,-0.038231457627432186,-0.0058703765045159395,-0.0056968362579014565,-0.0001735402466144907,7.806255641895632e-18,0,0
9,1,0,0,0.8301237391843749,0.16345707251770825,-0.004610899566286575,-0.007014740740332738,0.002403841174046239,7.632783294297951e-17,0,0
9,2,3,1,0.7206497993135476,0.05398313264688093,-6.047826731570005e-05,-6.414603495475947e-05,3.667767639040337e-06,1.9081958235744878e-17,0,0
9,2,0,1,0.7388900184628764,0.07222335179620976,-5.557399563094201e-06,-6.368933497522339e-06,8.115339344270509e-07,1.0875903042745216e-18,0,0
9,3,1,0,0.6118704132879783,-0.05479625337868832,-0.00335395153104201,-0.0037319143236871164,0.00037796279264506853,3.8163916471489756e-17,0,0
9,0,1,1,0.6523538581450363,-0.014312808521630305,-0.00311642843203519,-0.0035206914911604264,0.0004042630591251311,1.0538445116559103e-16,0,0
9,3,2,1,0.8658568829218525,0.19919021625518585,-0.0001495714255607128,-0.00014957142556080993,0.0,9.71445146547012e-17,0,0
9,1,1,1,0.7103909032210687,0.04372423655440205,-8.499390829552755e-05,-7.837621248761633e-05,-6.617695807905481e-06,5.7462715141731735e-18,0,0
9,3,3,0,0.7174539270967837,0.050787260430117054,-0.0037216917317648424,-0.0043723353366161306,0.0006506436048514242,1.3617579286417936e-16,0,0
9,3,2,1,0.7285192677119093,0.061852601045242706,-0.0033366522641281593,-0.003336652264128197,0.0,3.7730235602495554e-17,0,0
9,2,3,0,0.5909443309742363,-0.07572233569243036,-0.0004970289328333211,-0.0007192360872867812,0.0002222071544534006,5.952269926945419e-17,0,0
9,3,2,1,0.677091093076647,0.010424426409980425,-1.12856692729979e-05,-1.1285669273037845e-05,0.0,3.9944379726618295e-17,0,0
10,3,0,1,0.6480279476842908,-0.01863871898237579,-6.012424084378409e-06,-6.01242408435376e-06,0.0,2.4649505798047394e-17,0,0
10,3,0,0,0.7512681246272447,0.08460145796057805,-0.001842419158754327,-0.001629641229308746,-0.00021277792944557575,5.204170427930421e-18,0,0
10,1,3,1,0.5947017783519584,-0.07196488831470826,1.6226338387936856e-06,0.0,1.6226338388285849e-06,3.489923973453487e-17,1,1
10,3,0,1,0.5965997730490286,-0.07006689361763807,-0.00011028086370645784,-0.00011028086370644975,0.0,8.090858712173077e-18,0,0
10,1,3,1,0.6461299529872206,-0.020536713679445984,6.830950142755476e-07,0.0,6.830950142784736e-07,2.9259694371715737e-18,1,1
10,0,2,1,0.8158928749654193,0.14922620829875266,6.556321526407505e-06,0.0,6.5563215264519266e-06,4.442179588580453e-17,1,1
10,0,3,1,0.6187118272922728,-0.04795483937439382,-0.00039366022015807633,-0.0004065920996569588,1.2931879498965103e-05,8.267041565201971e-17,0,0
10,2,2,1,0.8041622883184261,0.13749562165175944,-0.00035513662918601474,-0.00033554417093023504,-1.9592458255719146e-05,6.055269133331542e-17,0,0
10,0,2,1,0.770135292182708,0.10346862551604141,-1.9930076834429045e-05,-1.8450815068069344e-05,-1.4792617663648022e-06,5.102526474259905e-18,0,0
10,3,3,1,0.7376879313349929,0.07102126466832626,0.0,0.0,0.0,0.0,0,0
10,0,2,0,0.8136396584482025,0.1469729917815359,-0.008013363088233916,-0.008848070844938369,0.0008347077567044199,3.2959746043559335e-17,0,0
10,2,3,1,0.8514581289844257,0.18479146231775911,-0.0020351132090386526,-0.002020215588392351,-1.489762064640711e-05,1.0538445116559103e-16,0,0
11,2,2,1,0.6715374811602611,0.0048708144935945,-0.003936381682831891,-0.0036837184761517264,-0.0002526632066801328,3.209238430557093e-17,0,0
11,1,2,1,0.7878588937078275,0.12119222704116084,-0.003385753205884856,-0.003209372434154197,-0.00017638077173050403,1.5525775109992423e-16,0,0
11,1,3,1,0.8009759096896686,0.13430924302300196,-1.79972657887717e-07,-8.76310560958896e-07,6.963379031297997e-07,5.862071505974677e-17,0,0
11,2,0,1,0.6571371335087198,-0.009529533157946801,-3.165176629421618e-05,-3.330570445422983e-05,1.6539381599847715e-06,2.8880435369582624e-17,0,0
11,1,2,1,0.8336164764905387,0.1669498098238721,1.2928064992367982e-05,0.0,1.2928064992405977e-05,3.7994509882038896e-17,1,1
11,0,2,1,0.6023993150918743,-0.06426735157479235,-0.002994251935394765,-0.0029290756903260716,-6.517624506880028e-05,1.0711917464156784e-16,0,0
11,0,0,1,0.7431303700998264,0.07646370343315978,-0.00012098466093246607,-0.00011839834753422158,-2.5863133983057406e-06,6.124387021827493e-17,0,0
11,3,2,1,0.7476232398994321,0.0809565732327655,-0.002795092527806353,-0.002795092527806365,0.0,1.1709383462843448e-17,0,0
11,0,1,1,0.7244328826140689,0.05776621594740228,-3.181046891614914e-05,-3.214141606645842e-05,3.309471502767477e-07,3.25396177017212e-17,0,0
11,2,0,1,0.8183713437450052,0.15170467707833857,-0.00044625812123871844,-0.0004117745879289066,-3.448353330981266e-05,8.131516293641283e-19,0,0
11,0,1,1,0.7758610572493312,0.10919439058266456,-0.0011009904397324966,-0.0011181312859308366,1.714084619828362e-05,5.637851296924623e-17,0,0
11,2,2,1,0.7951093065657442,0.12844263989907756,-1.3965711367136535e-05,-1.269302850532866e-05,-1.2726828618210584e-06,1.318322079106593e-17,0,0
12,0,2,1,0.7951678125874996,0.12850114592083295,-8.55846658720516e-06,-6.308969932405176e-06,-2.249496654931173e-06,1.3118846287074604e-16,0,0
12,3,1,1,0.6858133008786974,0.019146634212030778,-0.00023284040429538688,-0.0002328404042954325,0.0,4.56178064073276e-17,0,0
12,2,0,0,0.8909853911704816,0.22431872450381496,-0.0012302289359799046,-0.0013496518442341165,0.0001194229082541231,8.890457814381136e-17,0,0
12,3,1,1,0.7315708836614087,0.06490421699474203,-1.0320808665587045e-05,-1.0320808665584678e-05,0.0,2.366610054628515e-18,0,0
12,0,0,1,0.6373270421492232,-0.02933962451744343,4.439036602577051e-06,0.0,4.439036602118074e-06,4.589775079639515e-16,1,1
12,1,3,1,0.8634798559158761,0.19681318924920943,-0.0016497271061223229,-0.001781312924070219,0.00013158581794783472,6.136584296267955e-17,0,0
12,1,1,1,0.6598815026948884,-0.006785163971778196,-8.025673788719656e-05,-7.715474660836633e-05,-3.1019912790368548e-06,2.06621829021425e-16,0,0
12,2,0,1,0.726333805598862,0.05966713893219533,-4.947982060021783e-06,-5.933320144039538e-06,9.8533808395134e-07,6.641500636126244e-17,0,0
12,0,3,1,0.7483292402579285,0.08166257359126183,-0.0008243327882254681,-0.0008412210693188657,1.6888281093208122e-05,1.8951853975046618e-16,0,0
12,0,2,1,0.6715959871820165,0.004929320515349889,-0.0024120520399728562,-0.0026496373363448034,0.00023758529637178625,1.6089560239684886e-16,0,0
12,3,2,1,0.5615927016505955,-0.10507396501607114,-2.0956717399489566e-05,-2.0956717399537332e-05,0.0,4.7765881961564505e-17,0,0
12,0,3,1,0.7426586484053774,0.0759919817387108,-1.1872009015090335e-05,-1.6423494350123152e-05,4.551485334789494e-06,2.4332376662595384e-16,0,0
13,2,3,1,0.8629088962829925,0.19624222961632587,-6.590015128588034e-05,-7.387105508390124e-05,7.97090379808037e-06,5.946848916082992e-17,0,0
13,2,3,1,0.8685794881355435,0.2019128214688769,-4.4696304906111095e-05,-4.697738125661902e-05,2.281076350507928e-06,0.0,0,0
13,3,2,1,0.7223694061679695,0.05570273950130289,-5.070235153481484e-05,-5.070235153484811e-05,0.0,3.327145416814892e-17,0,0
13,3,1,1,0.5800099729280942,-0.08665669373857243,-1.751726818688404e-05,-1.7517268186878797e-05,0.0,5.2414398776096105e-18,0,0
13,0,0,1,0.5552727379964835,-0.11139392867018316,-6.82225269643677e-06,-6.620469234781391e-06,-2.0178346156084765e-07,9.453141801242168e-17,0,0
13,0,2,1,0.6517020998060942,-0.014964566860572459,-0.00024316492277137725,-0.00026888314157526153,2.5718218804105253e-05,2.209604027525458e-16,0,0
13,0,1,0,0.7058087556054371,0.03914208893877047,-0.013900078982209463,-0.014291226476986952,0.0003911474947777214,2.3245294578089215e-16,0,0
13,3,0,1,0.8969121378722862,0.23024547120561956,-0.0011380362096505836,-0.0011380362096505647,0.0,1.8865117801247777e-17,0,0
13,2,3,1,0.5643370708367641,-0.10232959582990253,-0.0025507269197353466,-0.002482913874361647,-6.781304537368475e-05,1.474514954580286e-17,0,0
13,3,3,0,0.5506142928150051,-0.11605237385166156,-0.0007543536323031397,-0.0008566758527751869,0.00010232222047208594,3.870601755773251e-17,0,0
13,3,2,1,0.7166988143154185,0.05003214764875186,-0.0036557541597359577,-0.0036557541597359274,0.0,3.0357660829594124e-17,0,0
13,0,3,1,0.6425259123073253,-0.024140754359341376,-3.931564842130086e-06,-4.167971222575629e-06,2.364063807251861e-07,2.79643692371271e-16,0,0
14,2,1,1,0.7719872926180221,0.1053206259513555,-2.298473067430251e-06,0.0,-2.2984730674551353e-06,2.4884133924436835e-17,0,0
14,2,3,0,0.7222467299486154,0.055580063281948755,-0.005468934395952085,-0.0059880788106231875,0.0005191444146710407,6.158268339717665e-17,0,0
14,2,2,0,0.7747558941307375,0.1080892274640709,-0.0050109196695871105,-0.007231275439820521,0.00222035577023342,9.540979117872439e-18,0,0
14,3,0,1,0.6871886192791138,0.02052195261244716,-0.00014029238860335802,-0.0001402923886033461,0.0,1.1926223897340549e-17,0,0
14,2,0,1,0.7903176321159857,0.12365096544931908,-3.3229273631696365e-05,0.0,-3.32292736317564e-05,6.003769530138481e-17,0,0
14,0,1,1,0.7698045182320766,0.10313785156541,-0.003446901536585556,-0.0034522230664513847,5.321529865771808e-06,5.681219383824043e-17,0,0
14,1,1,0,0.8788926359449729,0.21222596927830628,-0.002245187076518551,-0.0023076237408685405,6.243666434996235e-05,2.688821387764051e-17,0,0
14,0,2,1,0.7549577388807568,0.08829107221409016,-5.293691887642282e-05,-5.17561913575079e-05,-1.180727518994487e-06,7.956688693327996e-17,0,0
14,3,2,1,0.6305471211277291,-0.03611954553893748,-0.004640564393156743,-0.004640564393156813,0.0,7.025630077706069e-17,0,0
14,3,3,1,0.6075369915011193,-0.059129675165547346,-1.0393011014464548e-05,-1.0393011014436527e-05,0.0,2.8021543961066764e-17,0,0
14,3,3,0,0.5971885770319935,-0.06947808963467317,-0.0036716952704688444,-0.004840928514102162,0.0011692332436332323,8.586881206085195e-17,0,0
14,0,1,1,0.8155621010147879,0.14889543434812125,1.6127649188346638e-05,0.0,1.6127649188269466e-05,7.71714777584448e-17,1,1
15,3,3,0,0.6365272594118787,-0.03013940725478792,-0.007425516353302797,-0.007660780740451823,0.00023526438714898852,3.729655473350135e-17,0,0
15,0,2,1,0.7864920261400966,0.11982535947342998,3.8170911056401025e-06,0.0,3.817091105489956e-06,1.5014675429619179e-16,1,1
15,2,1,1,0.8135048138707655,0.14683814720409882,-8.372003244982995e-05,-5.75175753314324e-05,-2.6202457118331737e-05,6.581107186987012e-17,0,0
15,3,0,1,0.5770842876115545,-0.08958237905511213,-0.0013104136187844784,-0.001310413618784424,0.0,5.442694905877232e-17,0,0
15,2,0,1,0.6606858614624213,-0.005980805204245376,-0.0006535289572840997,-0.0008205578760302088,0.00016702891874607087,3.838075690598686e-17,0,0
15,2,1,1,0.8272706036752254,0.1606039370085588,-8.21240265257428e-05,-7.371932425962554e-05,-8.404702266119824e-06,2.5614276324970042e-18,0,0
15,1,2,1,0.7324576391681232,0.0657909725014566,-0.002745064207964054,-0.0027247513144122307,-2.031289355201407e-05,1.9081958235744878e-16,0,0
15,1,0,1,0.8731886941760751,0.2065220275094085,-0.0010889342142214042,-0.001114136905717701,2.5202691496362226e-05,6.548581121812447e-17,0,0
15,2,3,1,0.6047832574822901,-0.061883409184376514,-0.0017530277278181572,-0.00148219948073243,-0.00027082824708577353,4.640385298237959e-17,0,0
15,0,3,1,0.7880302840233852,0.12136361735671852,-0.0013326015924791657,-0.0012768959324651295,-5.570566001410123e-05,6.505213034913027e-17,0,0
15,0,0,1,0.5652771749802113,-0.10138949168645528,-3.4279146454707643e-07,-3.26413002834643e-07,-1.637846183975706e-08,1.2732361035110227e-16,0,0
15,0,2,1,0.7407344433573854,0.07406777669071873,-7.64378444739755e-06,0.0,-7.64378444742788e-06,3.0330555775281987e-17,0,0
16,2,3,1,0.7068942610423301,0.04022759437566348,-0.004430413316522552,-0.004307930824801239,-0.00012248249172148055,1.6740081543176188e-16,0,0
16,1,3,1,0.7578092710598859,0.0911426043932193,-0.0008849829120915476,-0.0009071870225454735,2.220411045394095e-05,1.5070410197548512e-17,0,0
16,0,0,1,0.8806343233633401,0.2139676566966735,-4.3054804845399364e-05,-4.36527136262322e-05,5.979087807104276e-07,1.2240642527361345e-16,0,0
16,0,1,1,0.7187513393044359,0.05208467263776928,-7.287212710860302e-05,-7.497626085615433e-05,2.1041337473184086e-06,2.3288662664988635e-16,0,0
16,2,2,1,0.8132562059590724,0.1465895392924058,-0.003358999814469188,-0.003260291324347933,-9.870849012130398e-05,4.90059381963448e-17,0,0
16,1,3,1,0.8092374456951482,0.1425707790284816,5.280739862889572e-06,0.0,5.280739862814965e-06,7.460666199415877e-17,1,1
16,1,3,1,0.763479862912437,0.09681319624577034,-0.0018233893080953356,-0.00188883014369684,6.544083560135888e-05,1.454999315475547e-16,0,0
16,0,0,0,0.5702582631307325,-0.09640840353593416,-0.0008007055790854034,-0.001162042942898827,0.00036133736381355246,1.2880321809127793e-16,0,0
16,1,1,0,0.5676909460727337,-0.09897572059393289,-0.0006254294554661755,-0.0006905640101631868,6.513455469698195e-05,2.938187887435717e-17,0,0
16,1,3,0,0.5624776225566114,-0.10418904411005525,-0.0023932522437282167,-0.002350617697355291,-4.263454637287316e-05,5.2475385148298415e-17,0,0
16,2,1,1,0.8338595262458222,0.16719285957915553,-0.0014372880950794809,-0.0014487125110363404,1.1424415956671389e-05,1.8821749714348357e-16,0,0
16,1,2,0,0.5727127641026659,-0.09395390256400071,-0.0017948194759210279,-0.0017950271998102207,2.0772388904773738e-07,1.450662506785605e-16,0,0
17,2,3,1,0.8079351548822447,0.14126848821557803,-5.1725215963027704e-05,-4.914429062817208e-05,-2.580925334867668e-06,1.2041420378167134e-17,0,0
17,0,2,1,0.8988600891546487,0.23219342248798203,-1.0535356456953249e-05,-6.435970317699525e-06,-4.0993861390907e-06,1.6302334916035166e-16,0,0
17,1,2,0,0.7764050336732541,0.10973836700658746,-0.0021596353222070874,-0.002585711815071203,0.0004260764928642783,1.6306400674181987e-16,0,0
17,0,1,1,0.7421904286118668,0.07552376194520016,-1.5838589969563444e-06,-2.3319495658829698e-06,7.480905688795746e-07,4.705077439584506e-17,0,0
17,0,3,1,0.784554571596569,0.11788790492990242,-1.3821105481981455e-05,-1.3042212539928555e-05,-7.788929419659826e-07,8.691743884955277e-17,0,0
17,1,1,1,0.7917148641058511,0.1250481974391845,9.426379855848044e-06,0.0,9.426379855995987e-06,1.479427745674361e-16,1,1
17,0,0,1,0.89840282081822,0.23173615415155335,-2.532831306023553e-05,-2.855260016587342e-05,3.2242871058202916e-06,1.8240007486174104e-16,0,0
17,2,1,1,0.6363285946395082,-0.030338072027158436,-0.0033825218055049677,-0.0035186754538775156,0.000136153648372661,1.1319070680748666e-16,0,0
17,2,0,0,0.6170779357238388,-0.049588730942827786,-0.0023300273985077946,-0.0025528562177422652,0.0002228288192346145,1.43982048506075e-16,0,0
17,2,3,0,0.7738377166152555,0.10717104994858884,-0.0008993183128295779,-0.0010356439234023118,0.00013632561057284843,1.1449174941446927e-16,0,0
17,1,2,1,0.7967366821357833,0.13007001546911667,-2.169117779543539e-05,-2.6853081406749748e-05,5.161903611310455e-06,3.903127820947816e-18,0,0
17,1,3,0,0.8988958695318774,0.23222920286521076,-0.001158456723414747,-0.0012828299451846292,0.00012437322176997835,9.606031248221569e-17,0,0
18,3,3,0,0.7373973526031239,0.07073068593645726,-0.0062551521721770365,-0.006437192560821022,0.00018204038864401135,2.6020852139652106e-17,0,0
18,1,1,1,0.7825483315467249,0.11588166488005824,-0.00025477833463610766,-0.00028523523753735296,3.0456902901135085e-05,1.1020915083315153e-16,0,0
18,3,0,1,0.869084491864565,0.20241782519789842,-0.0024206321975220324,-0.0024206321975220172,0.0,1.5178830414797062e-17,0,0
18,3,3,1,0.8688929863783748,0.20222631971170812,-0.0027654089941870352,-0.002765408994187068,0.0,3.2959746043559335e-17,0,0
18,2,3,1,0.7636606180606551,0.09699395139398848,-0.00036101924757669934,-0.0003542663796132141,-6.752867963488111e-06,2.8731357570865868e-18,0,0
18,0,2,1,0.6191184104348343,-0.04754825623183234,-0.004216494770071411,-0.00422830196786651,1.1807197795134877e-05,3.5561831257524545e-17,0,0
18,2,2,0,0.7321602745405772,0.06549360787391056,-0.00037566870465932656,-0.00042951490847089685,5.384620381167997e-05,1.0966704974690877e-16,0,0
18,2,1,0,0.8940432585994814,0.2273765919328148,-0.0025009995478341707,-0.0026657100076198687,0.00016471045978567062,2.7321894746634712e-17,0,0
18,1,0,0,0.8785618619943415,0.21189519532767487,-0.001817355210094851,-0.0018339841089817781,1.662889888690505e-05,2.211772431870429e-17,0,0
18,2,2,1,0.843787310934576,0.1771206442679094,-9.12578413553855e-05,-9.234630955485809e-05,1.088468199428126e-06,4.446584159906175e-17,0,0
18,0,1,0,0.8681114604156723,0.2014447937490057,-8.358071613806528e-05,-7.348387754313367e-05,-1.0096838594977466e-05,4.586175189613684e-17,0,0
18,3,2,1,0.8159265538598239,0.1492598871931573,-0.0044653430732862764,-0.004465343073286306,0.0,2.949029909160572e-17,0,0
19,3,3,1,0.5504272735562239,-0.11623939311044273,0.0,0.0,0.0,0.0,0,0
19,1,1,1,0.6253168289608595,-0.041349837705807135,-0.004424440019756115,-0.004244315782188199,-0.00018012423756792156,5.204170427930421e-18,0,0
19,0,3,1,0.836072101545537,0.1694054348788704,-6.042287307728156e-05,-6.221896363592398e-05,1.7960905586805462e-06,3.812325889002155e-17,0,0
19,1,3,1,0.8465316801207448,0.17986501345407813,-0.001992951310984481,-0.0021591471344133435,0.00016619582342879488,6.765421556309548e-17,0,0
19,0,0,1,0.8166499358640635,0.1499832691973969,-0.00450755829533217,-0.004572746592986915,6.518829765476635e-05,2.168404344971009e-17,0,0
19,0,0,1,0.6793123206541204,0.012645653987453764,-2.3702163793104525e-05,-2.3315456914854757e-05,-3.867068783133644e-07,6.359523367985287e-17,0,0
19,1,0,1,0.7373493657301529,0.07068269906348623,-1.5158487557065392e-05,-9.94230735250608e-06,-5.2161802043929605e-06,1.6635049457716655e-16,0,0
19,3,2,1,0.7722658459265404,0.10559917925987372,-0.00015807006152801506,-0.00015807006152801002,0.0,5.041540102057596e-18,0,0
19,1,1,1,0.6309874208134104,-0.035679245853256214,-0.0004582617245474929,-0.0005081396488235207,4.9877924276095496e-05,6.765421556309548e-17,0,0
19,3,0,1,0.7632811639139618,0.0966144972472952,0.0,0.0,0.0,0.0,0,0
19,1,2,1,0.5671192761666886,-0.09954739049997807,-3.2606075117680433e-07,0.0,-3.2606075111537374e-07,6.14305880435853e-17,0,0
19,2,3,1,0.8243415148985436,0.15767484823187694,-0.0019129435568072672,-0.001805926501034227,-0.00010701705577316721,1.2685165418080402e-16,0,0
20,1,2,1,0.8503479212639733,0.18368125459730666,-4.852030140489738e-05,-4.8332642668167196e-05,-1.8765873676706684e-07,3.6883202655241254e-17,0,0
20,0,1,0,0.5808892320214979,-0.08577743464516874,-0.0010870643914914213,-0.0009412269673812111,-0.00014583742411012677,8.348356728138384e-17,0,0
20,1,1,1,0.8453261032340411,0.17865943656737449,-7.075301157133396e-05,-7.545088072041086e-05,4.697869148773397e-06,3.035088456601609e-16,0,0
20,3,3,1,0.8713480217664847,0.2046813550998181,-0.00028469232287564594,-0.00028469232287563434,0.0,1.1600963245594897e-17,0,0
20,0,3,1,0.8161782141696146,0.14951154750294793,-8.607141570471377e-06,-1.1096078173190504e-05,2.4889366027983358e-06,7.920774496364413e-17,0,0
20,0,1,1,0.8276490551600347,0.1609823884933681,-0.0010562539917612357,-0.0009390941936973312,-0.00011715979806394335,3.881443777498106e-17,0,0
20,3,0,1,0.5853458236170341,-0.0813208430496325,-7.657680705319692e-06,-7.657680705366854e-06,0.0,4.716279450311944e-17,0,0
20,1,3,1,0.7080786083727327,0.0414119417060661,-0.0003339781065803127,-0.0003563080204897043,2.2329913909341595e-05,4.9981720151581754e-17,0,0
20,3,3,0,0.6703457814106591,0.0036791147439925176,-0.003935625606038995,-0.004589306234434366,0.0006536806283953605,1.0408340855860843e-17,0,0
20,3,2,1,0.6956091275544859,0.028942460887819266,-6.429980416666758e-05,-6.429980416668471e-05,0.0,1.713039432527097e-17,0,0
20,0,3,1,0.8676063888048768,0.2009397221382102,-1.0925324214206e-06,-9.523043969727201e-07,-1.40228024495726e-07,4.7845926575080036e-17,0,0
20,2,3,1,0.8935381869886858,0.22687152032201918,-3.684751495591776e-06,0.0,-3.684751495563117e-06,2.8658936253875625e-17,0,0
21,3,3,1,0.6162415557462353,-0.05042511092043134,0.0,0.0,0.0,0.0,0,0
21,1,0,1,0.7019500126484666,0.03528334598179994,-1.6257579441569803e-06,-1.4200940790397538e-06,-2.0566386510252028e-07,1.4706186030229162e-17,0,0
21,0,3,1,0.7217995517937932,0.05513288512712655,-2.401987900013669e-05,-2.3659757568773218e-05,-3.6012143126906915e-07,9.440351603738628e-17,0,0
21,3,3,1,0.5648133811109731,-0.1018532855556935,-2.005682548678056e-05,-2.0056825486799046e-05,0.0,1.848564704087785e-17,0,0
21,2,0,1,0.6957336313663363,0.02906696469966963,-7.276936350808505e-05,-6.276921776958591e-05,-1.0000145738518829e-05,1.9691821957767974e-17,0,0
21,0,1,1,0.7867486859873749,0.12008201932070828,-4.518700138272935e-05,-4.6639587221881654e-05,1.4525858391127948e-06,3.950561665994057e-17,0,0
21,1,1,0,0.7232436129993861,0.05657694633271948,-0.006780170995633661,-0.007057301653959127,0.00027713065832550186,3.642919299551295e-17,0,0
21,2,2,1,0.756146488014177,0.08947982134751042,-0.007208125676837485,-0.007102108833699481,-0.00010601684313803802,3.469446951953614e-17,0,0
21,2,2,1,0.5673806981689717,-0.09928596849769489,-1.4171652660877054e-05,-1.1706260058691508e-05,-2.4653926023075223e-06,1.2197613253640827e-16,0,0
21,2,1,1,0.7465130321789797,0.07984636551231306,-0.004425590035801841,-0.004446368612448224,2.0778576646269817e-05,1.1362438767648086e-16,0,0
21,1,2,1,0.6910660972797932,0.02439943061312655,-1.5645269173303333e-05,-1.5437917599006782e-05,-2.073515744254798e-07,1.2892857896747156e-16,0,0
21,1,1,1,0.7573410512663753,0.09067438459970867,-5.0175810164421186e-05,-5.1895515701847366e-05,1.7197055372906872e-06,1.3549139024279788e-16,0,0
22,0,2,1,0.6183661346715796,-0.04830053199508699,-0.000853257891143322,-0.0008573888135805452,4.130922437501616e-06,2.78314697677029e-16,0,0
22,3,1,1,0.8233166931600582,0.15665002649339155,-0.0023062977181267375,-0.0023062977181266997,0.0,3.7730235602495554e-17,0,0
22,0,1,1,0.7802491187304839,0.11358245206381723,-8.230641489659352e-05,-9.640955383257579e-05,1.4103138936251125e-05,2.6885503372209296e-16,0,0
22,0,3,1,0.6035193553202598,-0.06314731134640683,-0.0007086020825001205,-0.0006816510187099101,-2.6951063789987114e-05,2.233456475320139e-16,0,0
22,2,1,0,0.668253641824297,0.0015869751576303992,-0.0010087131915068603,-0.001183270820744546,0.0001745576292377269,4.119968255444917e-17,0,0
22,1,0,1,0.8467014216344575,0.18003475496779087,-0.0017454420957671024,-0.0016435673505621176,-0.00010187474520488738,9.73613550891983e-17,0,0
22,0,0,1,0.5760019916868774,-0.09066467497978925,3.4856380415337895e-07,0.0,3.4856380420868316e-07,5.530421049433176e-17,1,1
22,2,2,0,0.6732754598542292,0.006608793187562578,-0.001996817899669878,-0.002419906767125084,0.000423088867455328,1.222980050563649e-16,0,0
22,2,1,1,0.7400134649220886,0.07334679825542201,-0.00024738906242183223,-0.000289137282321404,4.174821989949393e-05,7.784571598445922e-17,0,0
22,3,3,1,0.6465869297498341,-0.020079736916832513,0.0,0.0,0.0,0.0,0,0
22,1,3,0,0.6078452909616394,-0.05882137570502721,-0.0016915796846064257,-0.0021577182455545674,0.00046613856094827156,1.2988742026376343e-16,0,0
22,0,2,1,0.6641237174542909,-0.0025429492123757447,3.3958059912908567e-06,0.0,3.395805991495934e-06,2.050772644421068e-16,1,1
23,0,1,1,0.7895356534723044,0.12286898680563774,-3.951667239415757e-05,-3.653204467699458e-05,-2.984627717050557e-06,1.124317652867468e-16,0,0
23,2,0,1,0.8852259657893391,0.21855929912267247,-1.9930662489675566e-05,0.0,-1.9930662489707448e-05,3.1882320134651865e-17,0,0
23,3,3,0,0.8791160774019351,0.21244941073526846,-0.002053390154522605,-0.0020881808740696975,3.4790719547117646e-05,2.5153490401663703e-17,0,0
23,3,2,1,0.8440566872465556,0.17739002057988895,-0.005453283081452931,-0.005453283081452932,0.0,8.673617379884035e-19,0,0
23,2,2,0,0.8082528191754252,0.1415861525087586,-0.004827616300583759,-0.005470545332777431,0.000642929032193753,8.153200337090993e-17,0,0
23,0,3,1,0.7002327730996145,0.033566106432947884,-2.0317246384238263e-05,-1.6206379333679455e-05,-4.110867050294987e-06,2.638202698836134e-16,0,0
23,3,1,1,0.8390348692166234,0.17236820254995677,-8.864461151053549e-05,-8.864461151053629e-05,0.0,7.995991022080595e-19,0,0
23,0,0,1,0.8558106074588864,0.18914394079221974,3.1691455537607993e-07,0.0,3.1691455527281095e-07,1.0326898637982342e-16,1,1
23,2,1,1,0.8211380435086643,0.15447137684199763,-0.0002472221117728046,-0.00025127135844099034,4.049246668134941e-06,5.079487178094588e-17,0,0
23,2,2,1,0.65925505944976,-0.0074116072169065905,-2.1312945679974327e-06,-2.6685098554210705e-06,5.372152874927348e-07,6.909713618874318e-17,0,0
23,1,1,1,0.6814360476754224,0.0147693810087558,-0.0055267583136183185,-0.005440521778841382,-8.623653477689663e-05,3.9898639947466563e-17,0,0
23,0,1,1,0.8409638281075665,0.1742971614408999,-0.0020110321555512067,-0.0020452494887818464,3.42173332306013e-05,3.859759734048396e-17,0,0
24,1,2,0,0.5806061497029398,-0.08606051696372685,-0.0009363440051519678,-0.0011564703948930214,0.00022012638974109585,4.228388472693467e-17,0,0
24,2,1,0,0.6091052649447475,-0.05756140172191915,-0.0008922516084982068,-0.0008467686256699693,-4.548298282817641e-05,6.114900252818245e-17,0,0
24,3,3,1,0.5586888095617036,-0.107977857104963,0.0,0.0,0.0,0.0,0,0
24,1,0,1,0.8552396478260029,0.1885729811593363,5.492324711697805e-08,0.0,5.4923246904516065e-08,2.124619822264005e-16,1,1
24,2,3,0,0.6514694079294497,-0.01519725873721689,-0.0019485551007040192,-0.002143401984969088,0.00019484688426503732,3.165870343657673e-17,0,0
24,2,2,1,0.8654985439184817,0.19883187725181506,-0.0013718847525158728,-0.0014060303913072127,3.414563879132798e-05,1.1926223897340549e-17,0,0
24,1,3,1,0.8313288368241231,0.16466217015745643,-0.0023904108817969782,-0.0023873710272054698,-3.0398545913489704e-06,1.5959455978986625e-16,0,0
24,2,0,1,0.6957118673938587,0.029045200727192078,3.474276123016651e-05,0.0,3.474276123022207e-05,5.55653613398821e-17,1,1
24,1,1,0,0.6412105118369709,-0.025456154829695765,-0.0045904294053211725,-0.004782463772647499,0.00019203436732636258,3.642919299551295e-17,0,0
24,1,1,1,0.8365421603402454,0.1698754936735788,-7.237973847812329e-05,-7.755424636624893e-05,5.174507888161889e-06,3.6253010142484055e-17,0,0
24,2,0,1,0.6900412755413077,0.023374608874641045,-3.067577673843136e-05,0.0,-3.067577673842558e-05,5.7801528320633455e-18,0,0
24,0,1,1,0.8299332898994753,0.16326662323280872,-0.0003737010128420648,-0.0003810017802791988,7.300767436924651e-06,2.093594395069509e-16,0,0
25,0,3,1,0.7784220114300079,0.11175534476334126,-9.03343492758557e-06,0.0,-9.033434927725963e-06,1.4039232287561126e-16,0,0
25,3,3,1,0.8711275950589049,0.20446092839223828,-0.0022738940316875955,-0.0022738940316875725,0.0,2.2985086056692694e-17,0,0
25,2,3,1,0.8475601774983947,0.1808935108317281,-8.90326616178605e-05,-8.308972323889906e-05,-5.9429383789814626e-06,2.0017082609513626e-17,0,0
25,2,0,0,0.6804519821378524,0.013785315471185777,-0.003608657904970003,-0.0035647502177517097,-4.3907687218267655e-05,2.5587171270657905e-17,0,0
25,0,2,1,0.7734001934000757,0.10673352673340908,-2.3469715018487047e-05,-2.1493872991126104e-05,-1.9758420276353474e-06,2.7440479359250314e-16,0,0
25,0,2,0,0.8744355418776245,0.20776887521095788,-0.000956752589039267,-0.0015936686670407613,0.0006369160780013389,1.5547459153442134e-16,0,0
25,1,2,1,0.7356243546553013,0.06895768798863466,-0.001413026308518639,-0.0014961769450377123,8.31506365189862e-05,8.716985466783456e-17,0,0
25,3,3,1,0.8253700122761936,0.15870334560952692,-3.312787859061084e-05,-3.312787859056956e-05,0.0,4.127422145380755e-17,0,0
25,1,1,1,0.7539546941532649,0.08728802748659825,-0.001152495545797938,-0.0012114255638368534,5.893001803890085e-05,1.452830911130576e-17,0,0
25,0,3,0,0.646926377654757,-0.019740289011909606,-0.001549314992781048,-0.0016678815205931135,0.00011856652781208442,1.8865117801247777e-17,0,0
25,2,1,1,0.5649161209503459,-0.1017505457163207,-9.41835059109497e-05,-9.213442305198623e-05,-2.0490828589967887e-06,3.3312111749617124e-17,0,0
25,0,0,0,0.8401665968448311,0.17349993017816445,-0.004773506141418582,-0.005164673228529326,0.00039116708711073767,6.938893903907228e-18,0,0
26,1,1,1,0.8529485203565444,0.18628185368987782,-9.840667209559673e-05,-0.00010394920275638581,5.542530660992353e-06,2.0327435481387601e-16,0,0
26,1,3,1,0.6727351967996767,0.006068530133010119,-5.956933162298839e-07,0.0,-5.956933160269976e-07,2.0288630784491514e-16,0,0
26,2,3,1,0.6963026143601869,0.029635947693520293,-0.00023078299846179817,-0.00022679061909587425,-3.992379365713998e-06,2.099286456475058e-16,0,0
26,3,0,1,0.5869334656947603,-0.07973320097190628,-1.633990833893595e-05,-1.6339908338917128e-05,0.0,1.8821072087990554e-17,0,0
26,0,0,1,0.6609202460644116,-0.0057464206022550535,8.307742618285374e-07,0.0,8.307742618511498e-07,2.2612391559900802e-17,1,1
26,2,3,1,0.701973206212738,0.035306539546071325,-0.006970657934932123,-0.006854412221477354,-0.00011624571345458906,1.8041124150158794e-16,0,0
26,0,3,1,0.5969224441323715,-0.06974422253429513,-4.34677428715613e-05,-1.9938699405788887e-05,-2.352904346593987e-05,1.6745502554038616e-16,0,0
26,2,2,1,0.6409115757422782,-0.025755090924388435,-0.003645404346147796,-0.003529036396082062,-0.00011636795006558349,1.5048726154098802e-16,0,0
26,1,2,1,0.625439356133677,-0.04122731053298967,-2.2191086988976316e-05,0.0,-2.2191086988768048e-05,2.0826846107088737e-16,0,0
26,3,3,1,0.5867419602085702,-0.07992470645809646,0.0,0.0,0.0,0.0,0,0
26,1,1,1,0.8667143101610044,0.2000476434943378,-8.251782639012717e-05,-7.787239874869097e-05,-4.645427641293022e-06,1.4318244940386693e-16,0,0
26,2,0,1,0.5828758101521236,-0.08379085651454299,-0.0008198237793873853,-0.0008472333441218873,2.7409564734513264e-05,1.1167282376600696e-17,0,0
27,0,3,0,0.6859932627961955,0.019326596129528917,-0.0014157923273825368,-0.0020618359297544134,0.0006460436023720674,1.9081958235744878e-16,0,0
27,2,0,1,0.6350203011382884,-0.031646365528378184,-6.192055378095862e-05,-6.461383775690438e-05,2.6932839758944678e-06,5.128276275856436e-17,0,0
27,1,0,1,0.7936703531173221,0.12700368645065552,-5.9365725925797364e-05,-5.988944919223946e-05,5.237232666410791e-07,1.9898497996898024e-16,0,0
27,3,0,1,0.7020065246736646,0.035339858006998015,-1.5983084602932962e-05,-1.598308460287437e-05,0.0,5.859096302747446e-17,0,0
27,3,1,1,0.7404078036757205,0.07374113700905383,-8.00313177146128e-05,-8.00313177146066e-05,0.0,6.207057437479513e-18,0,0
27,0,1,1,0.8804354272388004,0.2137687605721338,-1.2769613343399655e-06,-2.3089436311648115e-06,1.031982296844719e-06,1.9873087008480395e-17,0,0
27,1,0,1,0.8394279359000334,0.17276126923336677,-8.255219973718475e-06,0.0,-8.255219973567866e-06,1.5060923428539263e-16,0,0
27,0,2,1,0.5777312678233095,-0.0889353988433571,-0.0001548869135582498,-0.0001819023364635836,2.7015422905517885e-05,1.8409752888803865e-16,0,0
27,2,1,1,0.6898244141344504,0.023157747467783762,-1.3184404593413745e-05,0.0,-1.3184404593307473e-05,1.0627214169431354e-16,0,0
27,3,2,1,0.5750412594701726,-0.09162540719649404,-0.001613544573089043,-0.0016135445730890402,0.0,2.8189256484623115e-18,0,0
27,0,0,0,0.8611847683231311,0.19451810165646444,-0.006791873179176289,-0.007195703605499133,0.00040383042632286025,1.5612511283791264e-17,0,0
27,1,2,1,0.8303639042494735,0.16369723758280685,-4.316696909922868e-05,-3.8699306729579524e-05,-4.467662369716057e-06,6.690205030593366e-17,0,0
28,0,0,1,0.7760405380455871,0.10937387137892052,-4.2411818822973846e-05,-4.491945753873656e-05,2.5076387156560595e-06,1.066583887182615e-16,0,0
28,2,3,0,0.7838737883800347,0.11720712171336811,-0.0004488224858398282,-0.0011532387821868483,0.0007044162963468607,1.5937771935536915e-16,0,0
28,2,0,1,0.8001524525112828,0.13348578584461612,2.5485545300907297e-05,0.0,2.548554530084281e-05,6.448631234036439e-17,1,1
28,2,3,1,0.5692498484904063,-0.09741681817626036,-6.024202441429205e-05,-6.341972084682345e-05,3.1776964323988706e-06,1.3252338679561881e-16,0,0
28,3,2,1,0.570149231799913,-0.09651743486675368,0.0,0.0,0.0,0.0,0,0
28,1,1,1,0.7337001496073092,0.0670334829406426,5.527785162923182e-05,0.0,5.5277851629177057e-05,5.476576223767404e-17,1,1
28,3,0,1,0.716550878660416,0.04988421199374937,0.0,0.0,0.0,0.0,0,0
28,3,1,0,0.6242558875992559,-0.04241077906741075,-0.0006047077917508692,-0.0011050104376477995,0.0005003026458968818,4.85722573273506e-17,0,0
28,0,2,0,0.7448249742143846,0.07815830754771802,-0.014538175588709845,-0.01459467565516853,5.6500066458480976e-05,2.0469737016526324e-16,0,0
28,0,3,0,0.617120814839639,-0.04954585182702764,-0.001247038810479828,-0.0012981474413182265,5.1108630838201784e-05,1.966742740888705e-16,0,0
28,0,0,1,0.8217981208282985,0.15513145416163188,-0.0005867797811155984,-0.0006296603607299676,4.288057961432484e-05,4.434386885465713e-17,0,0
28,2,3,1,0.7819122333619539,0.1152455666952873,-7.315369563065666e-05,-6.83076646465212e-05,-4.846030984219762e-06,8.431027143790404e-17,0,0
29,0,3,1,0.55592521589853,-0.11074145076813668,-0.005708733934270183,-0.006011987352437018,0.0003032534181667361,9.8879238130678e-17,0,0
29,2,0,1,0.8357653891983827,0.1690987225317161,-9.85949927623242e-06,-1.04435827515275e-05,5.840834753618666e-07,6.678515975921256e-17,0,0
29,2,0,0,0.8991383528451292,0.2324716861784626,-0.001026067300045952,-0.0010967517442030351,7.068444415707256e-05,1.0625181290357943e-17,0,0
29,0,0,1,0.8361338297105707,0.16946716304390408,-0.00020729826413601327,-0.00018671376243219268,-2.058450170395696e-05,1.3639263329867646e-16,0,0
29,0,0,1,0.8304632378580197,0.16379657119135305,-3.3588554392283143e-06,0.0,-3.3588554392844696e-06,5.615531978764472e-17,0,0
29,2,1,1,0.7261396617689495,0.05947299510228288,-5.434330976328283e-06,-6.080466763485144e-06,6.461357871308168e-07,2.6044569062175227e-17,0,0
29,0,2,0,0.6218230678867137,-0.04484359877995292,-0.0005692084573485356,-0.0006995803693598782,0.00013037191201150706,1.6458188978329957e-16,0,0
29,3,2,1,0.7945961106555993,0.1279294439889327,-0.004285656056118192,-0.004285656056118196,0.0,3.469446951953614e-18,0,0
29,1,3,0,0.8651351112558355,0.1984684445891689,-0.0010415584477377893,-0.0014784166441765105,0.00043685819643862674,9.454242944073599e-17,0,0
29,3,0,1,0.8135752239761818,0.14690855730951513,-0.0010048435319063298,-0.0010048435319063795,0.0,4.96564594998361e-17,0,0
29,0,3,1,0.8601676331973094,0.19350096653064275,-5.1935662153224094e-05,-2.925986435256859e-05,-2.2675797800763897e-05,1.083931121942383e-16,0,0
29,1,3,1,0.6409601530970448,-0.025706513569621836,-0.003974288268647097,-0.003932267652878268,-4.202061576885358e-05,2.42861286636753e-17,0,0
30,3,0,0,0.879018838756955,0.21235217209028834,-0.0019838918987207244,-0.0018559088665778282,-0.00012798303214283486,6.114900252818245e-17,0,0
30,3,2,1,0.7646749688113749,0.09800830214470824,-0.006739688906759855,-0.0067396889067598675,0.0,1.214306433183765e-17,0,0
30,3,3,1,0.8758068242053982,0.2091401575387316,-1.816301585139124e-05,-1.816301585142981e-05,0.0,3.857049228617182e-17,0,0
30,0,3,1,0.810810109696074,0.1441434430294074,7.59509531556013e-06,0.0,7.595095315601336e-06,4.12064588180272e-17,1,1
30,2,1,1,0.6987697348228585,0.032103068156191905,-8.128308745875001e-05,-8.038579949537704e-05,-8.972879635040456e-07,1.3108004265349749e-16,0,0
30,1,1,1,0.792013384271882,0.12534671760521532,-6.83913629362376e-06,0.0,-6.839136293460052e-06,1.6370775178173314e-16,0,0
30,2,2,1,0.8212605706814817,0.1545939040148151,-7.949743737245552e-06,-1.1057091996375528e-05,3.107348259149116e-06,1.913955647615817e-17,0,0
30,0,3,0,0.7506112479373374,0.08394458127067073,-0.005478421307328563,-0.005965472345479504,0.000487051038151088,1.465841337200402e-16,0,0
30,3,1,1,0.8629417157762083,0.19627504910954163,-1.8223716901688558e-05,-1.822371690169211e-05,0.0,3.550762114890027e-18,0,0
30,2,0,1,0.6972314769395701,0.030564810272903475,-0.0033070019022741204,-0.003282516381315986,-2.4485520958141006e-05,6.5052130349130266e-18,0,0
30,1,2,0,0.6097987517504485,-0.05686791491621812,-0.0032782973702988327,-0.003160224224752864,-0.0001180731455458073,1.6132928326584306e-16,0,0
30,0,1,1,0.6072117564750863,-0.059454910191580335,-1.7187757491654576e-05,-1.8492655149714764e-05,1.3048976580979667e-06,3.7777669447541795e-17,0,0
31,2,2,1,0.6809876152153564,0.014320948548689816,-0.007761238606414811,-0.007844163136692058,8.292453027725514e-05,7.806255641895632e-18,0,0
31,0,0,1,0.6433105934279297,-0.023356073238736896,1.4935656986014845e-05,0.0,1.4935656986129674e-05,1.1482886852747648e-16,1,1
31,2,1,1,0.6678705992335152,0.0012039325668485867,-0.002053042644105496,-0.0019764060497884013,-7.663659431697323e-05,1.214306433183765e-16,0,0
31,2,0,0,0.7894411156744326,0.12277444900776602,-0.002784671102221359,-0.0034607972119112497,0.0006761261096899521,6.114900252818245e-17,0,0
31,1,1,1,0.6542182633430275,-0.012448403323639168,-0.0018667274288769464,-0.0021583364482588986,0.0002916090193820996,1.474514954580286e-16,0,0
31,0,0,1,0.694738768063192,0.028072101396525384,-0.009731382961102653,-0.009611044581512573,-0.00012033837958996168,1.1796119636642288e-16,0,0
31,0,1,0,0.7397813922119749,0.07311472554530829,-0.0049302796331284204,-0.005494381823397058,0.0005641021902688534,2.1597307275911248e-16,0,0
31,2,2,1,0.6295594405800942,-0.037107226086572465,-9.903183521808856e-05,-0.00011100097146117767,1.1969136243171198e-05,8.208765698430875e-17,0,0
31,3,0,0,0.6798804615228159,0.013213794856149264,-0.0023705315465488708,-0.0023803557059920996,9.82415944329653e-06,6.765421556309548e-17,0,0
31,1,3,0,0.8555336817646245,0.1888670150979579,-0.0036714446183971905,-0.004270917899023212,0.0005994732806260947,7.37257477290143e-17,0,0
31,1,3,1,0.8240049398676503,0.1573382732009837,5.029025528791031e-07,0.0,5.029025531013976e-07,2.2229447964447133e-16,1,1
31,1,2,1,0.7049976641556709,0.03833099748900426,-0.001146415084107566,-0.0010457860762977604,-0.00010062900780960214,2.0339632755828063e-16,0,0
32,2,0,0,0.7639838021281138,0.09731713546144716,-0.0019311078763827316,-0.0019682009971376175,3.709312075492286e-05,3.686287386450715e-17,0,0
32,0,2,0,0.6012013753529641,-0.06546529131370249,-0.0001833365128732778,-0.00021201750023659035,2.868098736365071e-05,3.3816265759822883e-16,0,0
32,2,3,1,0.8083492540773818,0.14168258741071516,-0.0029732710392027517,-0.0031950582352935743,0.00022178719609109885,2.7625471354930653e-16,0,0
32,3,3,1,0.8293654567397586,0.16269879007309196,-0.004139611127133347,-0.004139611127133338,0.0,8.673617379884035e-18,0,0
32,2,3,1,0.8597774287126441,0.19311076204597744,-1.8515758713144592e-05,0.0,-1.8515758712983005e-05,1.6158678128180837e-16,0,0
32,2,1,1,0.6505084836391054,-0.016158183027561224,-0.004476128868495355,-0.004479159351033814,3.030482538514215e-06,5.551115123125783e-17,0,0
32,1,1,1,0.5942913222811863,-0.07237534438548032,-2.8573370676188148e-06,0.0,-2.8573370674549165e-06,1.6389833419486535e-16,0,0
32,1,2,0,0.6826847198728204,0.016018053206153793,-0.0013111261344713743,-0.0016076679181300337,0.00029654178365894524,2.8579569266717897e-16,0,0
32,1,0,0,0.8038934441408826,0.13722677747421597,-0.0013000720649407604,-0.003704310118289874,0.0024042380533491675,5.377642775528102e-17,0,0
32,1,0,1,0.8019318891228018,0.13526522245613515,-0.00018640093040045436,-0.00018113326356454393,-5.267666835653983e-06,2.5644091884713394e-16,0,0
32,1,1,1,0.7636207304693807,0.0969540638027141,-2.47019058969844e-05,-3.61739665307492e-05,1.1472060633848558e-05,8.375461782450522e-17,0,0
32,2,2,1,0.5860534133706367,-0.08061325329602997,-0.0009850187639479646,-0.0009717217186141574,-1.329704533356735e-05,2.398255205537936e-16,0,0
33,3,1,0,0.6786846133248612,0.012017946658194556,-0.007262812645235095,-0.007195618310859046,-6.719433437609405e-05,4.5102810375396984e-17,0,0
33,0,3,1,0.5762581643011091,-0.09040850236555753,-8.360108103422359e-05,-8.685718116675683e-05,3.2561001327704185e-06,2.371692252312041e-16,0,0
33,2,3,1,0.7707880394930924,0.10412137282642575,-0.0038309805589393786,-0.0038742194536722256,4.323889473288291e-05,3.599551212651875e-17,0,0
33,1,0,1,0.6042266308456256,-0.06244003582104107,-2.306536850793517e-05,-2.032986719035303e-05,-2.735501317321798e-06,2.6034065853629274e-16,0,0
33,1,1,0,0.6527528151410522,-0.013913851525614418,-0.0023169390525575873,-0.0027309033624955533,0.00041396430993839625,4.3021142204224816e-16,0,0
33,2,1,0,0.8830922480866062,0.21642558141993962,-0.0005487396068988293,-0.0008584273927640923,0.00030968778586541414,1.5113778284447932e-16,0,0
33,1,1,1,0.5893798514943058,-0.0772868151723608,-0.0017105245523330037,-0.0016069763451284917,-0.00010354820720423915,2.727852665973529e-16,0,0
33,1,3,1,0.6317439944790081,-0.03492267218765854,-0.0003648635391173549,-0.00038670319166868343,2.1839652551454663e-05,1.2614692276868844e-16,0,0
33,2,3,1,0.8222162141283547,0.15554954746168803,-4.396145048213285e-06,-3.7877127988717077e-06,-6.084322491045385e-07,2.3703878215732693e-16,0,0
33,3,3,1,0.8468737982322634,0.18020713156559676,-0.0008855685390195545,-0.0008855685390195327,0.0,2.179246366695864e-17,0,0
33,2,0,0,0.5936966101391467,-0.07297005652751998,-0.0026488175394667746,-0.002734558500216306,8.574096074984607e-05,3.144186300207963e-16,0,0
33,1,1,1,0.7129516768997889,0.04628501023312226,2.860043599728357e-06,0.0,2.860043599983727e-06,2.553702692018045e-16,1,1
34,0,3,1,0.5563642769251868,-0.11030238974147988,-5.247622321558065e-05,-4.506152784232216e-05,-7.414695373391886e-06,1.3339074853360722e-16,0,0
34,3,0,1,0.7884572990095376,0.12179063234287102,-9.050851457470532e-05,-9.05085145747223e-05,0.0,1.6981316526554213e-17,0,0
34,0,1,1,0.5615776004413091,-0.10508906622535752,-4.715354472062394e-05,-4.400814768638009e-05,-3.145397034300994e-06,5.714423075356412e-17,0,0
34,0,0,1,0.7748887591354756,0.10822209246880898,-8.513861532272182e-05,-7.302190963757475e-05,-1.2116705685226158e-05,7.909254848281755e-17,0,0
34,3,2,0,0.6354897934909653,-0.03117687317570128,-0.0008751495893130068,-0.0008798813939790769,4.731804666032034e-06,3.8055496254241206e-17,0,0
34,3,2,1,0.8308214419942399,0.16415477532757328,-0.0009302760643388197,-0.0009302760643388244,0.0,4.662069341687669e-18,0,0
34,2,1,1,0.5692865611215324,-0.09738010554513421,7.913487652055906e-06,0.0,7.913487651899134e-06,1.5677224600961492e-16,1,1
34,0,3,1,0.607792451560449,-0.0588742151062176,-9.058131253347756e-05,-6.495259064622625e-05,-2.562872188729757e-05,4.625477518366283e-17,0,0
34,3,3,0,0.7498854313976796,0.08321876473101297,-0.011301845709641878,-0.011616330998965465,0.00031448528932354335,4.336808689942018e-17,0,0
34,3,0,0,0.5931256505062631,-0.07354101616040354,-0.0024333262277934087,-0.0024395244154447222,6.198187651288105e-06,2.5587171270657905e-17,0,0
34,1,3,1,0.7865593043124675,0.11989263764580083,-2.6863577213209755e-05,-2.606338691908274e-05,-8.001902942031597e-07,7.614487382637258e-17,0,0
34,0,0,0,0.5976355425775134,-0.06903112408915324,-9.868613428065665e-05,-7.048049064490836e-05,-2.8205643635786394e-05,3.810970636286548e-17,0,0
35,0,1,1,0.7761630652184046,0.10949639855173798,-0.0003442562771038826,-0.00032587110260401533,-1.838517450008833e-05,2.2101461286117008e-16,0,0
35,1,0,1,0.6638588018631234,-0.002807864803543225,-0.005979392352570723,-0.0061702032476661384,0.00019081089509502005,3.95516952522712e-16,0,0
35,0,3,1,0.7571839518978223,0.09051728523115565,-0.000440985098690172,-0.0005240631028236849,8.30780041333019e-05,2.1098574276567916e-16,0,0
35,3,2,0,0.7668028618830263,0.10013619521635964,-0.003253346919268818,-0.0034125412187268615,0.00015919429945799723,4.640385298237959e-17,0,0
35,2,0,0,0.7810243207684309,0.11435765410176424,-0.0026960009737966306,-0.002784425079852218,8.842410605539421e-05,1.929879867024198e-16,0,0
35,0,1,1,0.5873972753731994,-0.07926939129346722,-0.006643878663770475,-0.006761063207164154,0.00011718454339343882,2.402592014227878e-16,0,0
35,3,1,1,0.607112692274878,-0.05955397439178867,0.0,0.0,0.0,0.0,0,0
35,2,3,1,0.7968815398860913,0.1302148732194247,-0.00016706427036183857,-0.0001411160898176418,-2.5948180544275977e-05,7.92009687000661e-17,0,0
35,0,0,1,0.5880460491958182,-0.07862061747084848,-0.00035096470529061286,-0.00034439444587024625,-6.570259420626108e-06,2.595037899844055e-16,0,0
35,1,2,1,0.886893536741122,0.2202268700744554,-0.00010978625568736078,-0.00011577495935605725,5.98870366848412e-06,2.123545480084421e-16,0,0
35,0,0,0,0.562043808880738,-0.10462285778592861,-0.0002929739596502223,-0.00035534150190160964,6.236754225117241e-05,2.1488887058662698e-16,0,0
35,3,1,1,0.612783284127429,-0.053883382539237634,-0.003273602348666249,-0.0032736023486662426,0.0,6.5052130349130266e-18,0,0
36,3,1,1,0.7983850836982915,0.1317184170316249,-0.0005881643552339,-0.0005881643552339313,0.0,3.133344278483108e-17,0,0
36,1,1,1,0.8698811993049181,0.2032145326382515,-2.2109846740447914e-05,-2.4579920574485154e-05,2.4700738339602776e-06,7.696480171931475e-17,0,0
36,2,2,1,0.8931669910306035,0.22650032436393686,-0.0005307308018851487,-0.0006129053956133681,8.217459372816382e-05,5.561957144850638e-17,0,0
36,1,1,1,0.5713093738586897,-0.09535729280797689,-0.0018938022728890447,-0.0017666174946265746,-0.00012718477826232624,1.43982048506075e-16,0,0
36,2,0,0,0.7030486660434512,0.036381999376784546,-0.003232720773562847,-0.003121569671241486,-0.0001111511023214807,1.192622389734055e-16,0,0
36,1,1,0,0.6745495508016436,0.007882884134976953,-0.00466019413143981,-0.0055732575615069085,0.0009130634300670887,1.0408340855860843e-17,0,0
36,3,2,0,0.8214985677673246,0.15483190110065792,-0.001467090530835935,-0.001950426254112367,0.00048333572327636154,7.025630077706069e-17,0,0
36,0,2,1,0.8548570710362069,0.18819040436954027,-0.0008962083198618132,-0.0008986837089880482,2.4753891264615828e-06,2.264898338322219e-16,0,0
36,3,2,1,0.6526322106604074,-0.014034456006259188,-4.428809949241774e-05,-4.4288099492456124e-05,0.0,3.838075690598686e-17,0,0
36,1,2,0,0.7218453914676433,0.05517872480097663,-0.0031181411852629903,-0.0038559462020286857,0.0007378050167657358,4.0332320816460765e-17,0,0
36,3,0,1,0.8508942478804138,0.18422758121374716,0.0,0.0,0.0,0.0,0,0
36,1,3,0,0.5599624074087391,-0.10670425925792748,-0.002545176616334688,-0.00257850105912741,3.33244427926482e-05,7.37257477290143e-17,0,0
37,0,3,1,0.7959822621070739,0.12931559544040727,-2.1936504450370542e-05,-2.2195517422350324e-05,2.590129721204657e-07,1.4068539627536125e-16,0,0
37,3,1,1,0.7367301052405336,0.07006343857386699,-3.731571744303164e-05,-3.731571744303119e-05,0.0,4.472333961502706e-19,0,0
37,1,0,1,0.8573686236649214,0.19070195699825476,-1.7072439769949543e-05,-2.1683280610254623e-05,4.61084084055559e-06,2.5051168821635383e-16,0,0
37,0,1,0,0.5582864706190971,-0.10838019604756954,-0.00024406614982219743,-0.00025548205383511596,1.1415904013096122e-05,1.7759231585312563e-16,0,0
37,2,2,1,0.585091380317484,-0.08157528634918265,-5.444171878815629e-05,-6.29082622155048e-05,8.466543427405534e-06,5.70222580091595e-17,0,0
37,2,1,1,0.6076692942198527,-0.05899737244681391,-0.0016979677280834493,-0.0017199972600057316,2.202953192235363e-05,7.134050294954619e-17,0,0
37,2,1,1,0.6019987023673018,-0.06466796429936483,-7.394674355304387e-05,-7.00738678473134e-05,-3.872875705680799e-06,4.967001202699217e-17,0,0
37,1,0,1,0.6447062387933736,-0.021960427873292998,-5.910324071706219e-05,-6.800235486545622e-05,8.899114148618726e-06,2.2468734772046473e-16,0,0
37,0,2,0,0.8476821085665567,0.18101544189989005,-0.002013023497710653,-0.0019052287357761955,-0.00010779476193418293,2.745199900733297e-16,0,0
37,2,0,1,0.8295078665901693,0.16284119992350266,-0.001825620929906402,-0.0018633031805778727,3.76822506716108e-05,1.4007892068512717e-16,0,0
37,3,0,1,0.6085686775293594,-0.05809798913730724,0.0,0.0,0.0,0.0,0,0
37,1,3,0,0.7355965660735025,0.06892989940683591,-0.0027979141193597012,-0.0031485397694449462,0.00035062565008530316,5.811323644522304e-17,0,0
38,1,2,1,0.7964728489044293,0.12980618223776264,-6.937760218017619e-05,-6.662747899561707e-05,-2.7501231846084834e-06,4.935830390240259e-17,0,0
38,0,2,1,0.7229383050633917,0.05627163839672511,-0.00016343665651036288,-0.00016078855390934323,-2.6481026012724864e-06,2.5283594662361963e-16,0,0
38,0,3,1,0.6760997327338205,0.009433066067153884,-0.00015107045525197815,-0.0001535762749915427,2.5058197395906623e-06,2.6129272356900657e-17,0,0
38,2,2,1,0.5850846781127819,-0.08158198855388477,-0.00023012620097206948,-0.00023398804986810498,3.8618488960288105e-06,6.69494841509799e-18,0,0
38,1,0,1,0.7417305841091393,0.07506391744247265,-0.00027122589916234174,-0.0002614433643276485,-9.782534834769523e-06,7.627362283435524e-17,0,0
38,0,1,1,0.8506424644381372,0.18397579777147055,-3.746767707052401e-05,-3.5543406049275375e-05,-1.9242710213338036e-06,8.517085691231441e-17,0,0
38,3,1,1,0.6515369810167554,-0.01512968564991124,-5.672356086805497e-05,-5.672356086808632e-05,0.0,3.135377157556518e-17,0,0
38,0,0,1,0.8636693600713437,0.19700269340467702,-0.003341333536543034,-0.003574324366028458,0.00023299082948527103,1.5265566588595902e-16,0,0
38,1,1,1,0.7410818102865205,0.07441514361985391,-4.485402003262529e-06,-4.50417924168886e-06,1.87772384724624e-08,4.6131108373363705e-17,0,0
38,2,1,1,0.8701426213072014,0.2034759546405348,-0.0002604878142225542,-0.00025983543992069957,-6.523743019138275e-07,5.919743861770854e-17,0,0
38,3,2,1,0.8280752389407893,0.16140857227412264,-0.0005567066287299749,-0.0005567066287300053,0.0,3.0357660829594124e-17,0,0
38,1,3,0,0.7631143048086936,0.09644763814202695,-0.0010295696262651588,-0.0008526683721036079,-0.00017690125416157127,2.0383000842727483e-17,0,0
39,2,2,1,0.8625620645034504,0.19589539783678378,-0.0012585814430548514,-0.0013604419549113696,0.00010186051185652805,9.974659986866641e-18,0,0
39,3,0,1,0.7742587324986837,0.10759206583201708,-0.001353964337820035,-0.001353964337820018,0.0,1.691355389077387e-17,0,0
39,1,0,1,0.8172601508016839,0.15059348413501727,8.143904883567421e-05,0.0,8.143904883570454e-05,3.0330555775281987e-17,1,1
39,1,2,1,0.6288834769695261,-0.03778318969714056,-3.912322945648361e-05,-3.691170320267023e-05,-2.211526253836654e-06,2.3276465390548173e-17,0,0
39,1,3,1,0.562608522982944,-0.10405814368372268,-0.00034390625486629967,-0.0004234185815959314,7.951232672962741e-05,4.336808689942018e-18,0,0
39,2,0,1,0.6451979214780028,-0.021468745188663818,-7.344720108493075e-06,0.0,-7.344720108392254e-06,1.0082063764578486e-16,0,0
39,1,0,1,0.8310259406061438,0.16435927393947714,-0.0037075490817837786,-0.003631769974723364,-7.577910706041402e-05,4.336808689942018e-19,0,0
39,0,1,1,0.7784869987351092,0.11182033206844255,-0.00035840996355868127,-0.00034255158014932205,-1.5858383409255363e-05,1.0386656812411132e-16,0,0
39,0,3,0,0.8842241053665578,0.2175574386998912,-5.295603205085486e-05,-5.214692976529554e-05,-8.091022854759899e-07,8.332771321908905e-17,0,0
39,3,0,0,0.6626316961046848,-0.0040349705619818765,-0.0014006094156560622,-0.0012803680243710439,-0.00012024139128501366,4.7704895589362195e-18,0,0
39,1,2,1,0.8415458618410737,0.1748791951744071,-0.0031613933293181407,-0.0030607681713845144,-0.00010062515793382112,1.947227101783966e-16,0,0
39,3,0,1,0.7228305578634214,0.0561638911967548,-0.0003006979368366247,-0.0003006979368366322,0.0,7.48099499014998e-18,0,0
40,0,0,1,0.8516535996463275,0.18498693297966085,-9.130857342987131e-05,-8.649976987052607e-05,-4.80880355926541e-06,7.983793747640133e-17,0,0
40,2,1,1,0.6919533899733689,0.02528672330670223,-0.00601219324920621,-0.006106502340146084,9.430909093970282e-05,1.708702623837155e-16,0,0
40,2,2,1,0.6536422313199477,-0.013024435346718932,-4.822337291154888e-06,-4.14169501143774e-06,-6.80642279816729e-07,9.958142844395182e-17,0,0
40,0,0,1,0.8974111824290387,0.2307445157623721,-5.213123854352908e-05,-3.5629309900889056e-05,-1.6501928642545335e-05,9.469150723945274e-17,0,0
40,3,2,1,0.654916445399848,-0.011750221266818683,-0.001559115713623771,-0.0015591157136237597,0.0,1.1275702593849246e-17,0,0
40,3,2,1,0.6034882707645857,-0.06317839590208096,-7.684347779535194e-05,-7.684347779545257e-05,0.0,1.0062751413381088e-16,0,0
40,1,2,0,0.5596316334581076,-0.107035033208559,-0.0018671210757911227,-0.0025952419910848486,0.0007281209152937924,6.657001339060997e-17,0,0
40,0,1,0,0.8387683753130885,0.17210170864642182,-0.0013111988267754393,-0.0014410715450937767,0.00012987271831839777,6.028164079019405e-17,0,0
40,2,1,1,0.6405252153381066,-0.02614145132856005,-0.0003722080575281339,-0.0003579117731392408,-1.4296284388940143e-05,4.705437428587089e-17,0,0
40,1,3,1,0.8136181030919818,0.14695143642531516,-1.2265935454114363e-05,0.0,-1.2265935454080976e-05,3.33866506489755e-17,0,0
40,3,1,1,0.6165151663977921,-0.050151500268874494,-0.0025559335999676414,-0.002555933599967691,0.0,4.9439619065339e-17,0,0
40,1,3,0,0.8490272714055673,0.1823606047389007,-0.0012268364411639476,-0.0017633922874666656,0.0005365558463026219,9.606031248221569e-17,0,0
41,3,0,1,0.7519867924745164,0.08532012580784976,-0.00011371758037775903,-0.00011371758037778985,0.0,3.0818446752900464e-17,0,0
41,3,0,1,0.7062292096918051,0.03956254302513851,-0.0001493295037090503,-0.00014932950370902126,0.0,2.902951316829938e-17,0,0
41,0,3,1,0.5803008417669453,-0.08636582489972133,-4.5148543454776036e-05,-4.240523282595041e-05,-2.7433106288533646e-06,2.7742023088472845e-17,0,0
41,2,2,0,0.5590606738252242,-0.10760599284144245,-0.00027233617693700474,-0.0002498725674536893,-2.2463609483277105e-05,3.832654679736258e-17,0,0
41,3,1,0,0.7547553939872318,0.08808872732056516,-0.005559750976341871,-0.006029765097412153,0.00047001412107032135,3.903127820947816e-17,0,0
41,2,2,1,0.7363138903831863,0.06964722371651966,-0.00019536787219798235,-0.000196027710370595,6.598381725935096e-07,1.9136168344369153e-17,0,0
41,2,3,1,0.8130471434590982,0.1463804767924316,-0.0009565152637960317,-0.0011907066269094115,0.00023419136311340398,2.417770844642675e-17,0,0
41,2,0,1,0.8509010337760907,0.1842343671094241,-0.0008186440770590053,-0.0007215447727067669,-9.709930435216034e-05,7.806255641895632e-17,0,0
41,0,2,1,0.644755912035414,-0.021910754631252582,-0.004967162962413563,-0.004850712287762569,-0.00011645067465104011,4.683753385137379e-17,0,0
41,1,1,0,0.8381974156802048,0.17153074901353815,-0.0002644168797609203,-0.0013603242720151732,0.0010959073922540757,1.7715863498413142e-16,0,0
41,0,1,1,0.5893648734175053,-0.07730179324916131,-0.0020158786715295807,-0.001987638388703417,-2.8240282826078157e-05,8.543513119185775e-17,0,0
41,1,1,1,0.8585290641427341,0.19186239747606748,-6.524661029855272e-05,-6.369826643064197e-05,-1.5483438681110909e-06,2.0033345642100908e-16,0,0
42,1,2,0,0.7848570764960854,0.11819040982941875,-0.009308341415582455,-0.009403256285057632,9.491486947506232e-05,1.1449174941446927e-16,0,0
42,0,1,1,0.8478962613846865,0.18122959471801992,-7.0232581990681275e-06,-7.441048935575889e-06,4.177907365305576e-07,2.2796197709454985e-17,0,0
42,2,2,1,0.6874647205317078,0.02079805386504119,-9.331533077361343e-06,-6.4949799134474044e-06,-2.8365531638861274e-06,2.780978572425319e-17,0,0
42,2,0,1,0.8896071841683255,0.22294051750165889,-0.002807763859344725,-0.002753309652760609,-5.4454206584108704e-05,7.806255641895632e-18,0,0
42,2,1,0,0.5609007844377544,-0.10576588222891226,-0.0006804995771584887,-0.000790634657247861,0.00011013508008937963,7.37257477290143e-18,0,0
42,3,0,1,0.6686679951075157,0.002001328440849104,-0.00703862953912382,-0.007038629539123849,0.0,2.949029909160572e-17,0,0
42,0,1,0,0.646894021028861,-0.019772645637805675,-1.4311219694806976e-05,-1.5144870296567457e-05,8.336506017729066e-07,1.2424279270326077e-17,0,0
42,3,2,0,0.6988638399049789,0.03219717323831228,-0.003108722244744011,-0.003682522628385258,0.0005738003836412589,1.214306433183765e-17,0,0
42,3,3,1,0.7107505122573932,0.044083845590726534,-0.005496923232592044,-0.005496923232592075,0.0,3.122502256758253e-17,0,0
42,3,2,1,0.7092122543741046,0.04254558770743799,-5.922555904325222e-05,-5.9225559043266516e-05,0.0,1.429791614965259e-17,0,0
42,3,3,1,0.8800799204455876,0.21341325377892095,0.0,0.0,0.0,0.0,0,0
42,0,3,0,0.821984141418241,0.15531747475157442,-0.004599223918694495,-0.005274809620591616,0.0006755857018971769,5.551115123125783e-17,0,0
43,2,0,1,0.7553823590174742,0.08871569235080756,-0.0002982661019396149,-0.00027493985691913535,-2.3326245020440853e-05,3.870601755773251e-17,0,0
43,0,0,1,0.7902204270451844,0.12355376037851773,-6.870679324294526e-05,-7.233796195222387e-05,3.6311687091754e-06,1.0321604682062002e-16,0,0
43,2,0,0,0.5781291424595121,-0.08853752420715455,-0.0011126838507322656,-0.001115392072019426,2.7082212870395755e-06,1.207801220148852e-16,0,0
43,1,2,1,0.8029039292370211,0.1362372625703545,-0.00016535961112107422,-0.000159019112149295,-6.340498971794072e-06,1.485356976305141e-17,0,0
43,1,0,0,0.7402081377897897,0.07354147112312304,-0.0008250889553355623,-0.0008937856618445397,6.86967065088884e-05,8.901299836105991e-17,0,0
43,2,1,0,0.8675247804069717,0.20085811374030504,-0.001084380268870977,-0.0011462141803324968,6.183391146150542e-05,1.431146867680866e-17,0,0
43,3,0,1,0.608920369497249,-0.05774629716941759,0.0,0.0,0.0,0.0,0,0
43,0,3,1,0.7187321495424799,0.05206548287581325,-0.0002824703436355436,-0.00024543370849988884,-3.703663513563995e-05,1.4799359654427136e-17,0,0
43,1,1,1,0.7475128906191124,0.08084622395244578,-0.00015849940895024117,-0.00011406056540316654,-4.4438843547099194e-05,2.4557179206796675e-17,0,0
43,0,0,1,0.609549835151888,-0.05711683151477864,-0.0016077903531483417,-0.0015735651795760342,-3.422517357229656e-05,1.0842021724855044e-17,0,0
43,1,3,0,0.7219679186404608,0.05530125197379421,-0.006394856700080498,-0.0067602614821590055,0.00036540478207838393,1.240327285323417e-16,0,0
43,3,3,0,0.6359746820493543,-0.030691984617312373,-0.0046133243876627095,-0.004834142625136036,0.000220818237473337,1.0408340855860843e-17,0,0
44,1,1,1,0.6811722144440684,0.014505547777401762,-3.495351838833649e-05,-5.329051878173508e-05,1.8337000393317913e-05,8.06781941600776e-17,0,0
44,3,1,1,0.6212062104770929,-0.04546045618957373,-3.464288766308332e-05,-3.464288766306005e-05,0.0,2.326968912697014e-17,0,0
44,2,3,1,0.8287687257464902,0.16210205907982356,-1.188778745231378e-05,0.0,-1.1887787452399441e-05,8.566044195582739e-17,0,0
44,0,2,1,0.7417752970922216,0.07510863042555493,-4.789395352089443e-06,-4.8023734286902934e-06,1.2978076220209281e-08,3.80641359903032e-16,0,0
44,3,2,1,0.7436970463357161,0.07703037966904946,-0.00434346861801016,-0.004343468618010184,0.0,2.42861286636753e-17,0,0
44,0,1,1,0.559328872922186,-0.1073377937444806,-0.003908350692099938,-0.003882207755975881,-2.6142936124301863e-05,2.445960101127298e-16,0,0
44,2,1,1,0.8339820492626127,0.16731538259594603,-4.76792065584597e-06,0.0,-4.767920656026549e-06,1.805789540251443e-16,0,0
44,2,0,0,0.8800113038695443,0.21334463720287766,-0.003125143089287463,-0.0028365274444576974,-0.0002886156448298341,6.808789643208968e-17,0,0
44,0,3,1,0.7234449575942581,0.05677829092759146,-1.9919660928180427e-05,-1.9992872215096227e-05,7.321128659448453e-08,3.213168663432353e-16,0,0
44,3,3,1,0.6635703534617952,-0.0030963132048714703,-0.0035889914881439555,-0.0035889914881439685,0.0,1.3010426069826053e-17,0,0
44,0,1,1,0.5536582810696351,-0.11300838559703152,-3.4997344855347556e-05,-3.478283771863803e-05,-2.1450713700827977e-07,2.9875190862838075e-16,0,0
44,2,0,1,0.6017711268858452,-0.06489553978082141,-0.0017701532774290207,-0.0011630012502511858,-0.0006071520271780887,2.5370330836160804e-16,0,0
45,3,0,1,0.7861152489637293,0.11944858229706268,-0.009651098401343317,-0.009651098401343311,0.0,5.204170427930421e-18,0,0
45,3,2,0,0.5718044871398724,-0.09486217952679421,-0.002029056209875313,-0.0020331907845345986,4.134574659266815e-06,1.9081958235744878e-17,0,0
45,1,3,1,0.5954514644214538,-0.07121520224521283,-0.00011868550693022728,-0.00011763769129809998,-1.0478156320680018e-06,5.929230630780102e-17,0,0
45,3,3,1,0.7384376174044883,0.07177095073782169,-2.79103524894464e-05,-2.791035248946492e-05,0.0,1.8519528358768023e-17,0,0
45,1,2,1,0.741204337459338,0.07453767079267137,-1.3659823687728334e-05,-1.7895370980502212e-05,4.235547292571492e-06,2.023866642851535e-16,0,0
45,1,3,1,0.7761220563147502,0.10945538964808355,-0.001357864040511525,-0.0013102380058009253,-4.762603471063101e-05,3.122502256758253e-17,0,0
45,1,3,1,0.8218796390974614,0.1552129724307948,-0.00018284153526443303,-0.0001689830328366056,-1.3858502427824593e-05,2.8189256484623115e-18,0,0
45,2,2,0,0.5958145360801869,-0.07085213058647977,-0.00490004415243428,-0.005429427691115828,0.0005293835386814964,5.204170427930421e-17,0,0
45,2,3,0,0.7126169833267613,0.04595031666009464,-0.002176742648184682,-0.002860639025224946,0.0006838963770402122,5.204170427930421e-17,0,0
45,3,0,0,0.7520178106967401,0.08535114403007349,-0.006611423840563457,-0.006891952698465562,0.00028052885790208156,2.3418766925686896e-17,0,0
45,2,0,1,0.7568772395506681,0.09021057288400147,-0.003846587088361997,-0.003987089854344722,0.0001405027659825578,1.6740081543176188e-16,0,0
45,2,2,1,0.8049119743879214,0.13824530772125476,1.5871926395849556e-05,0.0,1.5871926395923112e-05,7.355634113956344e-17,1,1
46,1,2,1,0.5896434267260235,-0.07702323994064308,-3.693186120712344e-05,-4.3318661441300224e-05,6.386800234342952e-06,1.6616753546055962e-16,0,0
46,2,1,1,0.7888596181498979,0.12219295148323128,-0.004959596265440125,-0.006431881580439468,0.0014722853149993984,5.551115123125783e-17,0,0
46,1,3,1,0.670318728364147,0.0036520616974803355,3.232280577913915e-06,0.0,3.232280578095594e-06,1.81678826307154e-16,1,1
46,0,3,1,0.7953768812807689,0.12871021461410226,-0.003970569181560801,-0.003465897314252142,-0.0005046718673085706,8.847089727481716e-17,0,0
46,0,1,1,0.5798326219734347,-0.08683404469323197,-3.621303331557968e-05,-1.6189116462993838e-05,-2.002391685249971e-05,8.613308634039529e-17,0,0
46,0,3,0,0.8986170582237227,0.2319503915570561,-0.0016942853022557935,-0.0015977187273546435,-9.656657490101011e-05,1.4007892068512717e-16,0,0
46,0,1,0,0.5538303816583544,-0.11283628500831222,-0.00032258631771558965,-0.0007891248854420538,0.00046653856772663687,1.7276761618556513e-16,0,0
46,3,0,0,0.7058058878653231,0.039139221198656426,-0.005366028318878557,-0.007427098058555607,0.0020610697396771156,6.591949208711867e-17,0,0
46,3,0,1,0.5511375362871069,-0.1155291303795597,-3.3785994997481694e-05,-3.378599499747757e-05,0.0,4.126744519022951e-18,0,0
46,0,2,0,0.7761262223650995,0.10945955569843291,-9.014388726491518e-05,-0.00021140830526287296,0.00012126441799800411,4.6336090346599246e-17,0,0
46,0,3,1,0.7439487066455066,0.07728203997883998,-1.7870972918165862e-06,0.0,-1.7870972917560407e-06,6.054549155326376e-17,0,0
46,3,2,1,0.5515948046235356,-0.11507186204313102,0.0,0.0,0.0,0.0,0,0
47,3,3,1,0.7146303776918516,0.04796371102518493,-3.824933731855218e-05,-3.824933731856618e-05,0.0,1.3999760552219076e-17,0,0
47,0,1,1,0.846105534966594,0.1794388682999274,-0.0028008098121176106,-0.002650884175782289,-0.00014992563633520528,1.1622647289044608e-16,0,0
47,1,2,1,0.8051881639764618,0.13852149730979513,-0.0034313358648667136,-0.0034262911441651817,-5.044720701372022e-06,1.6002824065886045e-16,0,0
47,0,1,0,0.7164000666272827,0.0497333999606161,-0.0058170542830597305,-0.006309449825782483,0.0004923955427228363,8.326672684688674e-17,0,0
47,0,1,1,0.851776126819145,0.18510946015247842,-0.00024038327756770173,-0.0002511578210676059,1.077454349999018e-05,8.600433733241264e-17,0,0
47,1,1,0,0.6842948197350592,0.017628153068392605,-0.0017901389656331257,-0.002411975450884466,0.0006218364852515259,1.8561541192951836e-16,0,0
47,2,2,1,0.640647742510924,-0.026018924155742584,-0.0002264484504442832,-0.00023516616295666772,8.717712512398062e-06,1.3525422101756668e-17,0,0
47,2,2,0,0.6817275026770606,0.015060836010393985,-0.0022142868476299205,-0.00192283995657724,-0.0002914468910527325,5.204170427930421e-17,0,0
47,3,2,1,0.8799969218973995,0.2133302552307329,0.0,0.0,0.0,0.0,0,0
47,1,2,0,0.7848565155139324,0.1181898488472658,-0.003506727951990418,-0.003740321398784675,0.00023359344679434215,8.543513119185775e-17,0,0
47,1,3,1,0.6256236142422128,-0.04104305242445383,-0.0015844294786170332,-0.0015622764640380775,-2.2153014578772217e-05,1.8344700758454735e-16,0,0
47,1,1,1,0.5775888794049595,-0.08907778726170712,-0.003119350037888158,-0.003067583646358872,-5.176639152914765e-05,1.3834419720915037e-16,0,0
48,3,1,1,0.5664629067565461,-0.10020375991012054,-0.00019948794185620233,-0.00019948794185620388,0.0,1.5449880957918438e-18,0,0
48,1,2,1,0.7131506258303185,0.04648395916365189,-0.000274650111473429,-0.00027485978921083754,2.096777374599984e-07,5.1445393084437185e-17,0,0
48,0,1,1,0.6945446242332796,0.027877957566612932,-0.00020114193786507917,-0.00016848900714611087,-3.265293071910396e-05,1.3566079683224874e-16,0,0
48,2,0,1,0.6802239274094403,0.013557260742773636,-0.00035489356576984266,-0.000420701635545002,6.580806977518382e-05,2.45029690981724e-17,0,0
48,2,2,0,0.6010459523301214,-0.06562071433654526,-0.0018554831747695233,-0.002105189274071101,0.00024970609930161146,3.382710778154774e-17,0,0
48,3,2,1,0.6236738290925683,-0.04299283757409833,-0.00010410176539166205,-0.00010410176539159154,0.0,7.0513798793026e-17,0,0
48,1,3,1,0.6490627035496437,-0.017603963117022947,-2.2639577088756635e-05,-2.669017643575462e-05,4.0505993470207685e-06,2.2781798149351662e-17,0,0
48,3,1,1,0.6900347321620293,0.023368065495362633,0.0,0.0,0.0,0.0,0,0
48,2,1,1,0.6795751535868215,0.012908486920154894,-0.00019310497816410477,-0.00019961339522324892,6.508417059231558e-06,8.74138001566438e-17,0,0
48,1,1,0,0.7158291069943992,0.04916244032773254,-0.005356285162348873,-0.005351624639588943,-4.660522759919363e-06,1.0408340855860843e-17,0,0
48,0,0,1,0.707571519866486,0.0409048531998194,-0.002273118627978299,-0.002205953299609614,-6.716532836864397e-05,4.0766001685454967e-17,0,0
48,2,2,1,0.8500106039340632,0.18334393726739662,-0.0014729735944623013,-0.0015736781246533471,0.00010070453019105156,5.637851296924623e-18,0,0
49,1,3,1,0.7197606469201299,0.053093980253463235,-0.00302516138580905,-0.0024982093349390686,-0.0005269520508700013,1.9949319973733282e-17,0,0
49,3,2,0,0.5764955312191732,-0.09017113544749344,-0.0062181514786793235,-0.0073166735562942885,0.0010985220776149251,3.9898639947466563e-17,0,0
49,2,3,1,0.8488214579408107,0.18215479127414402,-6.246165385076496e-05,-7.636690779897592e-06,-5.4824963070833994e-05,3.337987438539747e-17,0,0
49,1,0,1,0.6144290406639756,-0.052237626002690996,-0.005464909107812221,-0.005966463213868882,0.0005015541060565966,6.418476861114186e-17,0,0
49,0,0,0,0.8165834589085038,0.14991679224183718,-0.003015771922785404,-0.0030892328776055836,7.346095482017048e-05,9.107298248878237e-18,0,0
49,2,1,1,0.8897297113411431,0.22306304467447646,-0.0002270096948176481,-0.00017123676721521495,-5.5772927602487166e-05,5.402037324409026e-17,0,0
49,2,2,0,0.775505580200233,0.10883891353356634,-0.0050093893719624916,-0.005931081364892207,0.0009216919929297649,4.9439619065339e-17,0,0
49,0,0,1,0.836915107371033,0.1702484407043664,-6.646497495965686e-05,-6.625295484132409e-05,-2.1202011840080267e-07,6.80336863234654e-17,0,0
49,3,3,1,0.8248114090004963,0.1581447423338297,0.0,0.0,0.0,0.0,0,0
49,2,0,1,0.7672388754825199,0.10057220881585327,-1.1353156340598858e-06,0.0,-1.135315633999009e-06,6.087668143564019e-17,0,0
49,3,1,1,0.7487269297472032,0.0820602630805366,-0.002728304606914367,-0.0027283046069143573,0.0,9.540979117872439e-18,0,0
49,1,1,1,0.7330691683881612,0.06640250172149453,-0.00011795056560831574,-0.00011387444844171069,-4.0761171665014855e-06,1.0356841252667781e-16,0,0
50,3,2,1,0.843228680277995,0.1765620136113284,-0.0007222349687542873,-0.0007222349687543094,0.0,2.211772431870429e-17,0,0
50,3,2,0,0.608029818478513,-0.05863684818815362,-0.0011798134798632343,-0.0012210030053213116,4.1189525458069344e-05,8.023096076392733e-18,0,0
50,3,3,1,0.8996786729431895,0.23301200627652285,-1.1202661778619838e-05,-1.1202661778619567e-05,0.0,2.710505431213761e-19,0,0
50,0,3,1,0.6081093781995842,-0.05855728846708241,-0.0013990175432446739,-0.0013850674902868225,-1.3950052957872771e-05,2.1250362580715887e-17,0,0
50,2,2,1,0.7797940494212774,0.11312738275461076,-0.000240311213260902,-0.00023323616700006127,-7.075046260778619e-06,6.209767942910727e-17,0,0
50,2,3,1,0.5917671537473256,-0.07489951291934105,-0.00044577763194686426,-0.0004319582472058301,-1.3819384740968886e-05,6.526897078362737e-17,0,0
50,2,1,1,0.6431052080339532,-0.023561458632713417,-0.004614971584917138,-0.004397438768947351,-0.00021753281596975736,2.949029909160572e-17,0,0
50,1,0,1,0.8281807974628594,0.1615141307961928,8.975124097532206e-06,-6.773650019925139e-07,9.652489099344909e-06,1.7980984810903738e-16,1,1
50,1,3,1,0.8105275039352774,0.14386083726861076,-0.0018741615727715932,-0.0018214818947419596,-5.2679678029595415e-05,3.8163916471489756e-17,0,0
50,3,3,1,0.6870162880716418,0.020349621404975204,-0.0030821642362517387,-0.003082164236251697,0.0,4.163336342344337e-17,0,0
50,2,2,1,0.7854646412738284,0.1187979746071618,-0.00262530010584755,-0.002375313585260731,-0.000249986520586812,6.938893903907228e-18,0,0
50,3,0,1,0.673442003753372,0.006775337086705413,0.0,0.0,0.0,0.0,0,0
51,0,3,1,0.7503797869780986,0.08371312031143197,0.00010801387607439761,0.0,0.00010801387607409238,3.0523001660898164e-16,1,1
51,3,0,0,0.6646595016970904,-0.002007164969576203,-0.0035348009242218703,-0.0060047963984208,0.002469995474198926,3.469446951953614e-18,0,0
51,3,3,1,0.7181791056455531,0.051512438978886466,-0.00013542605693406262,-0.0001354260569341148,0.0,5.21772295508649e-17,0,0
51,0,3,1,0.7560503788306496,0.089383712163983,-0.0007706740741055818,-0.0007638181407176374,-6.855933388343615e-06,3.993116601264113e-16,0,0
51,3,1,1,0.8983924292024208,0.23172576253575417,-2.5469593195603935e-06,-2.546959319535188e-06,0.0,2.5205582927919842e-17,0,0
51,3,0,1,0.859991150200365,0.19332448353369835,-3.3752767957917484e-05,-3.375276795788066e-05,0.0,3.6822216283038944e-17,0,0
51,3,0,1,0.5614193247541365,-0.10524734191253016,-0.0034668595622963094,-0.0034668595622963346,0.0,2.5153490401663703e-17,0,0
51,1,1,0,0.8007008079208203,0.1340341412541537,-0.003170158941083301,-0.0035510900002225392,0.00038093105913918263,5.551115123125783e-17,0,0
51,1,0,1,0.834059352016556,0.16739268534988938,6.936664466272724e-06,0.0,6.936664466241546e-06,3.1177588722536287e-17,1,1
51,1,0,1,0.6647299438283616,-0.0019367228383050383,-7.682529591757081e-05,-7.509440511651687e-05,-1.7308908010807504e-06,2.6806898714704097e-17,0,0
51,3,3,0,0.8214192825885069,0.1547526159218403,-0.002634486462642749,-0.002568876076789234,-6.561038585357188e-05,5.724587470723463e-17,0,0
51,1,0,1,0.8854875266518183,0.21882085998515166,-0.0011041452338075297,-0.001089144123700973,-1.5001110106747749e-05,1.9103642279194588e-16,0,0
52,2,3,1,0.6162687117155337,-0.05039795495113297,-0.00021464785271607667,-0.00025136184282072854,3.671399010468506e-05,3.3176586478056436e-17,0,0
52,1,1,1,0.7863896046849875,0.1197229380183209,-0.002695252039216278,-0.002934128146753605,0.00023887610753752493,1.97758476261356e-16,0,0
52,2,0,0,0.675588691030999,0.008922024364332315,-0.002640721089293918,-0.0031083561417069323,0.0004676350524132177,2.0339632755828063e-16,0,0
52,0,0,0,0.5840307126832267,-0.08263595398343992,-0.0005856829737382885,-0.0006801544494198583,9.447147568169177e-05,1.2197274440461925e-16,0,0
52,3,3,1,0.8521343309553653,0.18546766428869865,-0.00023241775675975074,-0.000232417756759744,0.0,6.749158523722265e-18,0,0
52,1,3,1,0.8230831558171388,0.15641648915047213,-3.5462595884272474e-06,0.0,-3.546259588370581e-06,5.666650417131269e-17,0,0
52,2,0,1,0.6345089308648624,-0.032157735801804255,-1.6294629009760975e-05,0.0,-1.6294629009722428e-05,3.85467753636487e-17,0,0
52,0,3,1,0.866615535497343,0.19994886883067642,-0.0017982843309823915,-0.0020181486988796733,0.00021986436789737143,8.955509944730267e-17,0,0
52,3,0,1,0.6293515036300178,-0.037315163036648835,-9.997381372750525e-07,-9.997381372298973e-07,0.0,4.515511465988994e-17,0,0
52,2,0,1,0.6401795227174134,-0.026487143949253222,-6.277933587894857e-05,-6.099970310218155e-05,-1.7796327768984461e-06,1.314188558323992e-16,0,0
52,1,2,1,0.553209848609569,-0.11345681805709762,-0.0009935004586041352,-0.0010110312221316754,1.7530763527584802e-05,4.466912950640278e-17,0,0
52,0,3,1,0.5680437100511146,-0.09862295661555198,-5.547176326281544e-06,-4.233610734487854e-06,-1.31356559173625e-06,5.743984525215587e-17,0,0
53,3,2,1,0.8920838760426464,0.22541720937597975,-8.14428571626058e-05,-8.144285716252585e-05,0.0,7.994635769364988e-17,0,0
53,0,2,0,0.6498339449753598,-0.016832721691306785,-0.0068512360287593665,-0.0069538624055186255,0.0001026263767593051,4.597017211338539e-17,0,0
53,2,2,0,0.6348644743289018,-0.03180219233776482,-0.007875518629744116,-0.008116666527900543,0.00024114789815648995,6.418476861114186e-17,0,0
53,2,1,1,0.8308448966547952,0.1641782299881286,-0.001555820111151407,-0.0017069676410222216,0.00015114752987085633,4.163336342344337e-17,0,0
53,3,1,1,0.6026882380951868,-0.06397842857147984,-5.68534129461451e-05,-5.6853412946149226e-05,0.0,4.126744519022951e-18,0,0
53,2,3,1,0.8199609812861217,0.15329431461945509,-0.004448920312456139,-0.004471351749172594,2.2431436716456867e-05,2.6020852139652106e-18,0,0
53,1,1,1,0.6372533000510311,-0.02941336661563554,-2.4733162807821785e-06,0.0,-2.4733162807625468e-06,1.963168261851292e-17,0,0
53,1,0,1,0.8082904361091299,0.14162376944246324,-0.0001730715320830134,-0.00017582204673213974,2.7505146489601444e-06,1.661810879877157e-16,0,0
53,1,3,1,0.798944778623745,0.1322781119570784,-3.3034175981438985e-05,-3.388873896716022e-05,8.545629856090693e-07,1.1216749100720347e-16,0,0
53,0,0,0,0.6074698019906576,-0.05919686467600904,-0.0033627142487203665,-0.0032357053596177394,-0.00012700888910271624,8.933825901280557e-17,0,0
53,2,2,1,0.8781585340802927,0.21149186741362602,1.4922373144488077e-05,0.0,1.4922373144558001e-05,6.9924263861737e-17,1,1
53,0,1,1,0.8581924891118409,0.19152582244517424,-0.00019764398298582897,-0.00018626398928627596,-1.137999369952949e-05,2.3527187142935446e-17,0,0
54,3,1,1,0.800623883691296,0.13395721702462937,-0.0005789683735766271,-0.0005789683735766363,0.0,9.215718466126788e-18,0,0
54,0,1,1,0.7567952597995278,0.09012859313286115,-5.4580006784488155e-05,-5.541182266634742e-05,8.318158819144699e-07,5.520621937024628e-17,0,0
54,2,3,1,0.7718431426146635,0.10517647594799684,-9.061705266139031e-05,-3.892726385392705e-05,-5.168978880747922e-05,1.5964876989849053e-17,0,0
54,1,0,0,0.6801731708296979,0.01350650416303123,-0.0006554086578157148,-0.0007532030716094208,9.77944137937445e-05,3.848917712323541e-17,0,0
54,1,3,0,0.670028149632278,0.00336148296561134,-0.005213988243044199,-0.005166077295863973,-4.79109471802436e-05,1.8214596497756474e-17,0,0
54,0,1,0,0.7922044281131133,0.12553776144644668,-0.0026377249428853333,-0.0025468678971925984,-9.085704569263387e-05,1.0104764247564901e-16,0,0
54,2,1,1,0.7770564661307857,0.11038979946411909,-0.0006953915023287793,-0.0008386674916416368,0.00014327598931280786,4.954803928258755e-17,0,0
54,3,0,1,0.6305555813318481,-0.03611108533481855,-1.0360337146242404e-05,-1.036033714626386e-05,0.0,2.1455344553951428e-17,0,0
54,0,3,0,0.8345685710978156,0.16790190443114894,-0.004049745870966237,-0.0050127639795917245,0.0009630181086255797,9.194034422677078e-17,0,0
54,3,3,1,0.838743536858527,0.17207687019186035,-2.7696575619962083e-05,-2.7696575619938488e-05,0.0,2.359494977871579e-17,0,0
54,2,0,1,0.6545656302721625,-0.012101036394504106,-0.0021131090128931884,-0.0020022881294235297,-0.00011082088346964312,1.5612511283791264e-17,0,0
54,1,3,1,0.6960303899473581,0.02936372328069148,-0.0009700647679543595,-0.0010698155361498931,9.975076819558607e-05,5.2366964931049864e-17,0,0
55,3,2,1,0.568405317647477,-0.09826134901918959,-0.001120813339279103,-0.0011208133392790931,0.0,9.974659986866641e-18,0,0
55,1,1,1,0.6567790370217477,-0.00988762964491896,-0.0010521726916764562,-0.0011043268500845942,5.2154158408096653e-05,4.119968255444917e-17,0,0
55,3,0,0,0.6750389343884399,0.008372267721773241,-0.004116388484335709,-0.004250395861886687,0.00013400737755105553,7.806255641895632e-17,0,0
55,1,3,1,0.8603773902427353,0.19371072357606867,-1.4143255402054855e-05,-3.1544702682266576e-05,1.7401447280171175e-05,4.054577311916885e-17,0,0
55,2,2,0,0.7552470684412976,0.088580401774631,-0.0015131080416062592,-0.0018247216358525547,0.00031161359424622777,6.765421556309548e-17,0,0
55,0,3,0,0.8966313436503129,0.2299646769836463,-0.002263202396523112,-0.002439189911901128,0.00017598751537795386,6.245004513516506e-17,0,0
55,3,0,1,0.7467987574862314,0.08013209081956474,-0.004367118459550456,-0.004367118459550425,0.0,3.122502256758253e-17,0,0
55,3,3,1,0.8364587411369334,0.16979207447026679,-3.965724898413736e-05,-3.965724898415688e-05,0.0,1.951563910473908e-17,0,0
55,2,0,1,0.6177379464655505,-0.04892872020111616,-3.765205226879953e-06,-9.820874895387485e-06,6.055669668522008e-06,1.4475793068575993e-17,0,0
55,2,3,0,0.635638107018461,-0.03102855964820561,-0.0036823511285341004,-0.00416374824242493,0.00048139711389087985,5.0306980803327406e-17,0,0
55,0,3,1,0.7476335839246478,0.08096691725798122,1.930734174482307e-06,0.0,1.930734174270388e-06,2.119191730735534e-16,1,1
55,2,3,1,0.6559697554809902,-0.010696911185676394,5.67065957801649e-06,0.0,5.670659578080947e-06,6.445666618721049e-17,1,1
56,0,3,1,0.7558299521230697,0.08916328545640306,-0.007456183662887084,-0.0069631593805867704,-0.0004930242823004785,1.6479873021779667e-16,0,0
56,1,1,1,0.7257452714316885,0.059078604765021914,5.1177731866802745e-06,0.0,5.117773186530343e-06,1.499316079275892e-16,1,1
56,0,0,1,0.7283125884896873,0.061645921823020644,-0.004443631972889495,-0.004365035429409453,-7.85965434802775e-05,2.3592239273284576e-16,0,0
56,1,0,1,0.601434551854952,-0.06523211481171465,-0.0019469427070210044,-0.0020861681311545683,0.0001392254241333822,1.8171228410857054e-16,0,0
56,2,0,1,0.5792443866327509,-0.08742228003391572,-0.003796451430695069,-0.003808817704153312,1.2366273458233949e-05,8.673617379884035e-18,0,0
56,3,3,1,0.795772921560745,0.12910625489407834,-5.5742728494345695e-05,-5.574272849433609e-05,0.0,9.601965490074749e-18,0,0
56,3,1,1,0.8009862450768674,0.1343195784102008,-3.6605487836627315e-05,-3.6605487836639485e-05,0.0,1.2170169386149787e-17,0,0
56,2,2,1,0.6116934479474307,-0.05497321871923588,-4.3707892293798345e-06,0.0,-4.370789229446757e-06,6.692237909666776e-17,0,0
56,0,0,0,0.6942151502226981,0.027548483556031456,-0.00433884226851089,-0.004677833701561684,0.00033899143305064907,1.448494102440634e-16,0,0
56,2,1,1,0.6698910007416017,0.0032243340749350535,-5.6917539968948105e-06,0.0,-5.6917539969741225e-06,7.931193001615641e-17,0,0
56,2,1,0,0.7332639643883482,0.06659729772168155,-0.005327009653873449,-0.005379770560069893,5.276090619644264e-05,1.734723475976807e-18,0,0
56,3,2,0,0.836045635232247,0.16937896856558032,-0.0011059679056037441,-0.0010623125126093497,-4.3655392994356744e-05,3.7730235602495554e-17,0,0
57,2,1,1,0.587836696588862,-0.07882997007780468,-4.551130746266452e-05,-3.941164718125361e-05,-6.0996602811949375e-06,2.1597307275911248e-16,0,0
57,1,1,0,0.8637124929492623,0.1970458262825957,-0.002219262164973146,-0.0025682673755232895,0.0003490052105503239,1.8041124150158794e-16,0,0
57,1,2,0,0.7360083335745168,0.06934166690785015,-0.002063915115220749,-0.0020195484555284933,-4.436665969204841e-05,2.0729945537922845e-16,0,0
57,0,2,1,0.5658677623876994,-0.1007989042789672,-0.0004774942699558027,-0.00041229554960685517,-6.519872034874598e-05,2.0155318386505527e-16,0,0
57,2,1,0,0.5897982516069428,-0.07686841505972386,-0.0009732092172654028,-0.0011117978819171078,0.00013858866465189007,1.850733108432756e-16,0,0
57,0,0,1,0.6225092605390841,-0.044157406127582566,-2.4573814889627954e-06,0.0,-2.457381488668984e-06,2.9381158896352004e-16,0,0
57,2,3,1,0.584443256790853,-0.08222340987581367,-0.0031758805112229727,-0.00319710721008728,2.1226698864457722e-05,1.5048726154098802e-16,0,0
57,1,0,0,0.5662216570498938,-0.10044500961677283,-0.003314953742757365,-0.003784860367268969,0.0004699066245117706,1.6653345369377348e-16,0,0
57,3,1,1,0.6472464954706949,-0.019420171195971725,-3.869042833626324e-05,-3.869042833625487e-05,0.0,8.368685518872487e-18,0,0
57,1,2,1,0.5813399819963007,-0.08532668467036597,-5.9478369042187396e-06,-3.2887857864729396e-06,-2.659051117641638e-06,1.0416133558975582e-16,0,0
57,3,0,1,0.7154272822582692,0.04876061559160261,-0.004948238399444138,-0.004948238399444108,0.0,3.0357660829594124e-17,0,0
57,3,0,0,0.5896022403355694,-0.07706442633109722,-0.0016594271285290674,-0.0019455285760454199,0.00028610144751640905,5.659535340374333e-17,0,0
58,1,2,1,0.7166846629620262,0.050017996295359524,-2.7352871493913078e-05,-3.5944175707601375e-05,8.591304213717923e-06,2.962582436316641e-17,0,0
58,0,3,0,0.647582277270868,-0.019084389395798596,-0.008083048332001519,-0.008094437796659667,1.138946465832411e-05,1.7694179454963432e-16,0,0
58,3,3,0,0.6196260857557939,-0.04704058091087271,-0.00281776164997094,-0.0030072861610952145,0.00018952451112430626,3.209238430557093e-17,0,0
58,1,3,1,0.6023791454039465,-0.06428752126272008,-0.0001074567944512328,-0.00011401386767850093,6.557073227292872e-06,2.473336205982557e-17,0,0
58,3,1,1,0.6398676138696884,-0.02679905279697825,-0.0012438500024691823,-0.0012438500024691394,0.0,4.2934406030425976e-17,0,0
58,0,3,1,0.7772877456101793,0.1106210789435127,-3.980000294889763e-06,0.0,-3.980000294710707e-06,1.7905598878598106e-16,0,0
58,3,1,0,0.6195359654071593,-0.04713070125950736,-0.0026679725718956604,-0.0027510529051353962,8.308033323971032e-05,2.5587171270657905e-17,0,0
58,2,1,1,0.7550988598738562,0.08843219320718954,-2.747442839734493e-05,-2.7726477900376473e-05,2.5204950300138054e-07,3.0164537317620144e-17,0,0
58,1,0,0,0.7238595414962292,0.05719287482956259,-0.007186589705380053,-0.008163832927661962,0.0009772432222821782,2.688821387764051e-16,0,0
58,3,3,1,0.7550021459476562,0.08833547928098961,-0.0022854653042237993,-0.002285465304223734,0.0,6.548581121812447e-17,0,0
58,0,2,0,0.6425604592409359,-0.024106207425730775,-0.005347321188629239,-0.00537403393840046,2.6712749771337922e-05,1.1709383462843448e-16,0,0
58,3,0,1,0.7732423650969851,0.10657569843031844,-0.00018537294464449072,-0.00018537294464440672,0.0,8.399856331331446e-17,0,0
59,2,3,1,0.7999732760013951,0.1333066093347285,-0.0011507292757547694,-0.0011798457376939234,2.911646193935879e-05,2.0469737016526324e-16,0,0
59,2,3,1,0.8514014506366573,0.18473478396999066,-4.339488202609321e-05,-3.2503514738431726e-05,-1.089136728760116e-05,6.032229837166225e-17,0,0
59,1,3,1,0.8835066975288808,0.21684003086221415,-8.38873880248947e-07,0.0,-8.388738802026146e-07,4.6332490456573415e-17,0,0
59,3,1,1,0.8947651419892826,0.22809847532261596,0.0,0.0,0.0,0.0,0,0
59,0,1,1,0.7136286211697451,0.046961954503078496,-1.8623473433398985e-06,0.0,-1.8623473431741947e-06,1.657037849219379e-16,0,0
59,2,1,0,0.6098549510142428,-0.05681171565242382,-0.0030606732448137386,-0.003513300590623419,0.0004526273458095567,1.240327285323417e-16,0,0
59,0,2,1,0.5859244617949996,-0.08074220487166706,-0.006557646606276779,-0.006663605987290709,0.0001059593810137645,1.6479873021779667e-16,0,0
59,1,1,1,0.7897143799089162,0.12304771324224961,-1.2002018622170318e-05,-1.3061064568981703e-05,1.059045946876971e-06,6.558576110590048e-17,0,0
59,0,2,1,0.6373526364302619,-0.029314030236404776,-8.713027058626643e-06,-4.1539038197078384e-05,3.2826011138612257e-05,1.6051613163647893e-16,0,0
59,1,1,0,0.8307941400750527,0.16412747340838607,-0.0014860921382021663,-0.0014910149154725683,4.922777270462928e-06,6.093216209368535e-17,0,0
59,2,2,1,0.7583480271879464,0.09168136052127973,-0.002995878958730769,-0.003047231468083612,5.135250935293326e-05,9.020562075079397e-17,0,0
59,0,1,0,0.5839231528304338,-0.0827435138362328,-0.0003988366483587136,-0.00042894121584871744,3.0104567490097142e-05,9.329559694237766e-17,0,0
60,3,2,1,0.7027704508399523,0.036103784173285636,-7.812851452998482e-05,-7.81285145299922e-05,0.0,7.386127300057499e-18,0,0
60,3,1,1,0.8485233238778365,0.18185665721116984,-0.00013599318874613076,-0.0001359931887461626,0.0,3.184843881676169e-17,0,0
60,3,2,0,0.8060106277829061,0.13934396111623948,-0.0006047290866776356,-0.0006470825008066424,4.2353414129042195e-05,3.5453411040275995e-17,0,0
60,0,0,1,0.8579649136303843,0.19129824696371767,-1.678556253104091e-05,-1.6631444486819334e-05,-1.5411804426160584e-07,4.0030777087238234e-17,0,0
60,1,0,1,0.7743633397795174,0.1076966731128508,-0.00013653830198223638,-0.00013821991035937496,1.6816083771430168e-06,4.445228907190568e-18,0,0
60,0,0,1,0.6453025287588366,-0.021364137907829983,-2.9802216329144482e-05,-3.190379700084445e-05,2.101580671638612e-06,6.135229043552348e-17,0,0
60,2,0,1,0.8249467293207875,0.15828006265412087,5.84486508781179e-06,0.0,5.84486508767801e-06,1.337803836893442e-16,1,1
60,0,2,1,0.6139452936276667,-0.05272137303899993,-1.0132791914196915e-05,-8.734154755713659e-06,-1.3986371585653603e-06,8.210459764325384e-17,0,0
60,3,1,1,0.8027657410951252,0.1360990744284586,0.0,0.0,0.0,0.0,0,0
60,3,2,1,0.657012868057241,-0.009653798609425612,-0.00011197707216897834,-0.00011197707216894838,0.0,2.996463754206813e-17,0,0
60,3,3,0,0.8110324458128383,0.14436577914617166,-0.004939421632193408,-0.00551911676212754,0.0005796951299341546,2.2551405187698492e-17,0,0
60,1,1,1,0.7137589776454865,0.04709231097881983,-0.004294659847350224,-0.003985706174342809,-0.00030895367300746795,5.2909066017292616e-17,0,0
61,1,1,1,0.8756273465057899,0.20896067983912325,-3.442382248142195e-05,-3.1065548761444334e-05,-3.358273719964116e-06,1.349831704744453e-17,0,0
61,2,1,1,0.6546881574449801,-0.011978509221686529,-4.127161488631792e-05,-4.349549275561223e-05,2.223877869202879e-06,9.14321244584182e-17,0,0
61,3,3,1,0.5931622381306166,-0.07350442853604999,0.0,0.0,0.0,0.0,0,0
61,1,2,1,0.6261890422031724,-0.04047762446349423,-0.00010971406853299559,-0.000127436409277429,1.772234074436162e-05,7.180128887285253e-17,0,0
61,2,2,1,0.6455119699462112,-0.021154696720455446,-0.005719158816441139,-0.005621223406200771,-9.793541024046324e-05,9.540979117872439e-17,0,0
61,2,2,1,0.594083795310949,-0.07258287135571762,5.9163126590378035e-05,0.0,5.916312659054263e-05,1.6459544231045564e-16,1,1
61,1,1,0,0.8552956980432607,0.18862903137659404,-0.003812497361826095,-0.004282714642674099,0.00047021728084797345,3.0357660829594124e-17,0,0
61,3,2,1,0.7151958056528112,0.04852913898614453,-3.4635414186023894e-05,-3.463541418595216e-05,0.0,7.173352623707219e-17,0,0
61,3,3,1,0.6389198209133279,-0.027746845753338745,-0.0028430484316497306,-0.0028430484316497337,0.0,3.0357660829594124e-18,0,0
61,2,2,1,0.7828495851561543,0.1161829184894877,-7.007308583484306e-05,0.0,-7.007308583489193e-05,4.887041292478411e-17,0,0
61,3,0,1,0.5915338598986934,-0.07513280676797318,-0.0029513202683157935,-0.0029513202683158564,0.0,6.288372600415926e-17,0,0
61,0,2,1,0.6104260197632075,-0.05624064690345909,-2.9424119540322202e-05,0.0,-2.9424119540379855e-05,5.76524505219167e-17,0,0
62,1,1,1,0.7795732598354977,0.11290659316883112,-5.794498969191597e-05,-6.038255401434873e-05,2.4375643224765764e-06,4.381532029557045e-17,0,0
62,2,2,1,0.6518988781496647,-0.01476778851700189,-0.002503114927406458,-0.00264389166758167,0.00014077674017521223,4.336808689942018e-19,0,0
62,0,3,1,0.6552142069687169,-0.011452459697949724,-0.00033322552601733335,-0.00033706421361761165,3.838687600367253e-06,8.895878825243564e-17,0,0
62,2,3,1,0.5717721852757438,-0.09489448139092282,-0.0001423316643565098,-0.00018160567925456795,3.927401489801948e-05,3.867891250342037e-17,0,0
62,2,0,0,0.5559149661580834,-0.11075170050858318,-0.0022031507954798912,-0.0021443306377083747,-5.882015777151982e-05,3.469446951953614e-18,0,0
62,0,1,1,0.8336076468074712,0.1669409801408046,-2.7240222397528768e-05,-2.586519058814354e-05,-1.375031809354781e-06,3.044575225610857e-17,0,0
62,2,0,1,0.737048609132657,0.07038194246599039,-1.2698727549775857e-05,0.0,-1.2698727549855627e-05,7.977017484062099e-17,0,0
62,3,2,1,0.6436220739604026,-0.023044592706264022,-0.0032703102967021613,-0.0032703102967021436,0.0,1.7780915628762273e-17,0,0
62,1,0,1,0.7944200391868176,0.12775337252015095,-0.00021826317634815462,-0.00024152435162774847,2.326117527962248e-05,2.862293735361732e-17,0,0
62,2,2,1,0.6462282862971137,-0.020438380369552922,-2.315859893881056e-05,0.0,-2.3158598938889927e-05,7.936698715772794e-17,0,0
62,3,2,1,0.7809596891703456,0.11429302250367901,0.0,0.0,0.0,0.0,0,0
62,1,3,1,0.59935993627863,-0.06730673038803658,-2.6557975297269998e-06,0.0,-2.655797529629903e-06,9.709665729318133e-17,0,0
63,3,3,1,0.8641452639513056,0.197478597284639,-3.0490146430972587e-05,-3.0490146430987725e-05,0.0,1.5138172833328856e-17,0,0
63,0,2,1,0.8816820516557624,0.21501538498909578,-0.004143956326552789,-0.004289162033739806,0.00014520570718707374,5.637851296924623e-17,0,0
63,0,3,0,0.6875215130479824,0.02085484638131574,-0.00029512950936472215,-0.0003317179015653672,3.658839220078608e-05,1.4100049253173985e-16,0,0
63,2,0,1,0.659263519653879,-0.007403147012787659,-0.0019919780769063755,-0.0020413851649254294,4.940708801906958e-05,1.5612511283791264e-17,0,0
63,2,2,1,0.8029062845634545,0.13623961789678785,-0.0004480630356346049,-0.0004189155501814556,-2.9147485453098317e-05,5.1011712215442984e-17,0,0
63,1,2,0,0.8884694134324019,0.2218027467657353,-0.0014812989909139263,-0.0019512189551767257,0.00046991996426283474,3.5344990823027445e-17,0,0
63,3,2,1,0.574749626003846,-0.09191704066282058,-9.96816370457676e-06,-9.96816370456512e-06,0.0,1.1639926761168595e-17,0,0
63,0,3,1,0.7159483594624205,0.049281692795753895,-0.00019290131671745314,-0.00020347319344196486,1.0571876724550345e-05,3.8624702394796095e-17,0,0
63,3,0,1,0.8785347749661968,0.21186810829953018,-0.003381589549725672,-0.0033815895497256647,0.0,7.37257477290143e-18,0,0
63,1,3,1,0.8985659203488766,0.23189925368220998,1.5638474557544413e-06,0.0,1.5638474555871868e-06,1.672544904901237e-16,1,1
63,3,1,1,0.5895964053551659,-0.07707026131150074,-0.002249255620314583,-0.0022492556203145666,0.0,1.6479873021779667e-17,0,0
63,3,1,1,0.8022587902267135,0.1355921235600469,-0.0003211260437687713,-0.00032112604376876766,0.0,3.63207727782644e-18,0,0
64,1,3,1,0.8701879845862714,0.20352131791960482,-6.75340199099983e-05,-7.518515101114393e-05,7.651131101205731e-06,6.010545793716515e-17,0,0
64,2,0,0,0.7447701113169943,0.0781034446503277,-0.0024040358719192856,-0.0032112232007601082,0.0008071873288408196,3.0357660829594124e-18,0,0
64,3,1,1,0.672323998429888,0.005657331763221363,-8.37422755709527e-05,-8.374227557094525e-05,0.0,7.453889935837843e-18,0,0
64,2,3,1,0.8063849132173659,0.1397182465506993,-0.00015288034335381173,-0.00015711249297300857,4.2321496192103e-06,1.3444106938820255e-17,0,0
64,1,2,1,0.7458772650095349,0.07921059834286825,-2.925620202476331e-05,-1.4934590137325552e-05,-1.4321611887407149e-05,3.06083825819814e-17,0,0
64,0,3,1,0.6659499751324649,-0.0007166915342017299,-8.774935045252619e-07,0.0,-8.774935045857855e-07,6.052368045487196e-17,0,0
64,3,0,1,0.727257768711368,0.06059110204470142,0.0,0.0,0.0,0.0,0,0
64,0,0,1,0.6841901942817937,0.0175235276151271,-0.00011264003307542847,-0.00012516700215943374,1.2526969083980812e-05,2.4462311516704194e-17,0,0
64,0,1,1,0.6292564240003137,-0.037410242666352955,-0.0002908331036329814,-0.0003143862511344638,2.355314750157714e-05,9.475926987523309e-17,0,0
64,1,0,1,0.5760905884849119,-0.09057607818175473,-2.7155681711077406e-06,-3.202056133278504e-07,-2.3953625578646936e-06,8.480324461320604e-17,0,0
64,3,2,1,0.608455853783166,-0.05821081288350061,-0.000544494450837596,-0.0005444944508376223,0.0,2.6346112791397758e-17,0,0
64,0,0,1,0.5525231709244017,-0.1141434957422649,-0.003604508306594534,-0.0036909295247840924,8.642121818948069e-05,7.806255641895632e-17,0,0
65,2,0,0,0.7237860573976734,0.0571193907310068,-0.006246369090154025,-0.006712931079887829,0.0004665619897337988,5.204170427930421e-18,0,0
65,0,3,1,0.6950596562924468,0.028392989625780185,-4.562935349528008e-05,-4.7122216104660236e-05,1.4928626093924608e-06,1.2305694657710475e-17,0,0
65,1,1,1,0.6762629308682547,0.0095962642015881,-1.7694637848841843e-06,-1.3199051747239078e-06,-4.4955861017439805e-07,1.4121521538386882e-17,0,0
65,1,0,1,0.7368672930022858,0.07020062633561919,-0.007200808753595134,-0.007461877810892825,0.00026106905729765187,3.903127820947816e-17,0,0
65,3,3,0,0.6066315969467703,-0.06003506971989636,-0.0009408233100441921,-0.0010984390204209417,0.00015761571037677997,3.0357660829594124e-17,0,0
65,1,2,1,0.7316539694861635,0.06498730281949683,-0.00023623650630566484,-0.00023959367355048695,3.3571672448120666e-06,1.0028870095490916e-17,0,0
65,2,1,1,0.6221019350975059,-0.04456473156916074,-0.0009265008697429966,-0.0009960792000286913,6.95783302857118e-05,1.713039432527097e-17,0,0
65,3,2,1,0.8068949431313424,0.14022827646467573,0.0,0.0,0.0,0.0,0,0
65,0,2,1,0.755664018426478,0.08899735175981138,-2.4891310575037018e-05,-2.420259542020729e-05,-6.887151549511307e-07,1.2140353826406436e-16,0,0
65,3,1,1,0.5845991024245972,-0.0820675642420694,-0.005112784316126717,-0.00511278431612669,0.0,2.688821387764051e-17,0,0
65,1,3,1,0.8460496073928778,0.1793829407262112,-4.773587798212464e-06,0.0,-4.7735877982540365e-06,4.157237705124106e-17,0,0
65,0,0,1,0.8826292836299701,0.21596261696330343,-0.0019123891633185952,-0.002001937412534175,8.954824921566045e-05,8.088148206741863e-17,0,0
66,3,2,1,0.720024553085683,0.0533578864190164,-0.00010701694930215222,-0.0001070169493021175,0.0,3.472157457384828e-17,0,0
66,3,0,1,0.6776604101009808,0.01099374343431414,-2.0892692351726083e-06,-2.0892692351174186e-06,0.0,5.518970222777482e-17,0,0
66,0,1,0,0.7665388677889805,0.09987220112231388,-0.000949691559245569,-0.000991687882086666,4.1996322841013115e-05,8.391724815037804e-17,0,0
66,3,1,1,0.5918631253745088,-0.07480354129215783,-6.75753446797156e-05,-6.757534467967749e-05,0.0,3.810970636286548e-17,0,0
66,2,1,0,0.6174706659320441,-0.04919600073462249,-0.0031636102034101055,-0.002985935181520202,-0.0001776750218899931,8.977193988179977e-17,0,0
66,0,3,1,0.5847280526148919,-0.08193861405177472,-0.0006438233973862784,-0.0005436373318692269,-0.00010018606551713294,8.153200337090993e-17,0,0
66,1,3,1,0.7335842004473284,0.06691753378066179,-0.00013531216934747903,-0.00011858203490311088,-1.6730134444268477e-05,9.966528470573e-17,0,0
66,2,2,1,0.7422147183078841,0.07554805164121747,-3.395577495018953e-05,-1.695712799864481e-05,-1.6998646951705236e-05,1.6051613163647893e-16,0,0
66,2,1,1,0.743295707854744,0.07662904118807734,-0.003037215890654421,-0.0029650378182239446,-7.217807243054957e-05,7.28583859910259e-17,0,0
66,3,0,1,0.8469898182891751,0.18032315162250845,-8.977317400682416e-06,-8.977317400646334e-06,0.0,3.6081909487138686e-17,0,0
66,3,1,1,0.5975337172270598,-0.0691329494396068,-0.001792299447593071,-0.0017922994475930024,0.0,6.852157730108388e-17,0,0
66,2,1,1,0.7570614976592039,0.09039483099253731,-0.000790084068588659,-0.0007979733010982359,7.889232509543037e-06,3.382710778154774e-17,0,0
67,2,1,1,0.6055005869258896,-0.061166079740777035,-0.0036409843970058864,-0.003728735367609407,8.775097060346706e-05,5.334274688628682e-17,0,0
67,1,0,1,0.8924417239014157,0.2257750572347491,5.2136644242417596e-06,0.0,5.213664424181368e-06,6.03917550733371e-17,1,1
67,1,3,1,0.5898276848345594,-0.07683898183210724,-6.115679184570677e-05,-4.635550567168664e-05,-1.4801286174037093e-05,1.6967763999398144e-17,0,0
67,1,3,1,0.5841570929820085,-0.08250957368465817,-0.0002725474383220017,-0.0002758799389597662,3.332500637816681e-06,5.2150124496552763e-17,0,0
67,1,2,1,0.717531844209305,0.05086517754263842,-0.00030531152442664355,-0.0003145189311718755,9.20740674515269e-06,7.925517880869037e-17,0,0
67,2,1,0,0.640909755239475,-0.02575691142719161,-0.0032838387583883355,-0.004250564375632758,0.000966725617244396,2.6020852139652106e-17,0,0
67,2,2,1,0.8948962248733492,0.22822955820668256,-0.001067832931273438,-0.0010325612610285737,-3.527167024482044e-05,4.380176776841438e-17,0,0
67,2,3,0,0.6356964317233527,-0.030970234943313968,-0.00209145906693603,-0.002505337734649266,0.00041387866771328707,5.074066167232161e-17,0,0
67,1,2,1,0.7632894269920163,0.09662276032534967,-0.0027362334023589563,-0.002798321508111505,6.208810575260461e-05,5.594483210025203e-17,0,0
67,1,1,1,0.7643704165388762,0.09770374987220953,-0.00011344655004441595,-0.0001039725582109647,-9.473991833334664e-06,1.1657883859650386e-16,0,0
67,0,1,1,0.7922311736136283,0.12556450694696164,-2.1188254371251602e-05,-1.2381250932498586e-05,-8.807003438640623e-06,1.123911077052786e-16,0,0
67,2,2,1,0.8892256330207982,0.22255896635413153,1.8031157736353443e-06,0.0,1.8031157736654264e-06,3.008216336349966e-17,1,1
68,2,1,1,0.677077844640491,0.010411177973824404,2.1399467907134984e-05,0.0,2.1399467907178006e-05,4.302249745694042e-17,1,1
68,1,3,1,0.623886963276632,-0.042779703390034673,-5.797409297403355e-06,-6.1241224494286935e-06,3.2671315213019345e-07,1.0485505557355709e-16,0,0
68,2,3,1,0.846864521165114,0.18019785449844739,-0.00011544520078443643,-0.000144205335861236,2.8760135076716748e-05,8.28059409235804e-17,0,0
68,3,1,0,0.5813079726023851,-0.08535869406428154,-0.0014331177052282484,-0.0015788286291764668,0.0001457109239481811,3.729655473350135e-17,0,0
68,1,2,1,0.8814204655311584,0.21475379886449175,-0.0001716480879840887,-0.00016416454369445375,-7.483544289561955e-06,7.299391126258659e-17,0,0
68,2,3,0,0.6001046980265772,-0.06656196864008945,-0.0010019346447729394,-0.0008956438729811466,-0.00010629077179191145,1.1861171766991419e-16,0,0
68,2,1,1,0.6313202618577798,-0.035346404808886844,-0.00038556099830666657,-0.00036546199311258563,-2.00990051941192e-05,3.8272336688738307e-17,0,0
68,3,1,1,0.707133014525085,0.040466347858418406,0.0,0.0,0.0,0.0,0,0
68,3,3,0,0.7905769176759239,0.12391025100925723,-0.0030079768239791305,-0.0036092885422504086,0.0006013117182712221,5.594483210025203e-17,0,0
68,1,0,1,0.6421271824259608,-0.024539484240705844,-2.3711724668196155e-06,-7.442035833803964e-07,-1.6269688833863471e-06,5.287179656761343e-17,0,0
68,3,3,1,0.6259253321043042,-0.0407413345623624,-0.0026967393088416225,-0.0026967393088416424,0.0,1.9949319973733282e-17,0,0
68,1,2,1,0.6926546756859531,0.02598800901928644,-0.0004619669152799988,-0.0006366206281092427,0.000174653712829269,2.5045070184415152e-17,0,0
69,1,3,1,0.826991627674315,0.16032496100764837,-0.0012278807527680846,-0.0012694520150014906,4.1571262233304426e-05,1.0148132334464322e-16,0,0
69,3,3,1,0.629614628136534,-0.037052038530132614,-0.0020662467488062886,-0.0020662467488062504,0.0,3.8163916471489756e-17,0,0
69,2,3,0,0.7627552235063062,0.09608855683963957,-0.0063974118352262965,-0.006949779381615847,0.0005523675463896643,1.1362438767648086e-16,0,0
69,2,1,1,0.754488518788593,0.08782185212192639,-5.624751930788374e-05,-5.975270087522333e-05,3.505181567278331e-06,6.1257422745431e-17,0,0
69,3,3,1,0.623944036283983,-0.042722630382683646,-0.00016294115965986844,-0.00016294115965984342,0.0,2.5017965130103015e-17,0,0
69,3,1,0,0.8494518915422848,0.1827852248756182,-0.0036358689127042876,-0.003940473186118104,0.00030460427341386933,5.2475385148298415e-17,0,0
69,0,0,1,0.6044201248684945,-0.06224654179817213,-8.872422199324159e-05,-8.42702984577277e-05,-4.453923535490059e-06,2.383889526752503e-17,0,0
69,1,2,0,0.6024425704503531,-0.06422409621631353,-0.0038500728186224853,-0.0036067096430927393,-0.0002433631755296538,9.237402509576498e-17,0,0
69,1,3,1,0.6143292428027675,-0.05233742386389917,-9.113432604512806e-06,0.0,-9.11343260443831e-06,7.449485364512121e-17,0,0
69,3,2,1,0.8687025504579541,0.20203588379128745,0.0,0.0,0.0,0.0,0,0
69,3,0,1,0.6897617219341364,0.0230950552674698,-0.0015330548676851241,-0.0015330548676851046,0.0,1.951563910473908e-17,0,0
69,3,1,1,0.6291573598001053,-0.03750930686656129,-0.0018362150718825854,-0.001836215071882595,0.0,9.540979117872439e-18,0,0
70,2,2,0,0.8501459393301387,0.18347927266347208,-0.001250899562935337,-0.0018502666320918217,0.0005993670691569314,4.466912950640278e-16,0,0
70,2,1,1,0.7593457323986446,0.09267906573197793,-4.540668806241044e-05,0.0,-4.5406688062085734e-05,3.247049981322525e-16,0,0
70,3,0,1,0.5875786644377696,-0.079088002228897,0.0,0.0,0.0,0.0,0,0
70,1,3,1,0.6726490643626659,0.005982397695999286,-8.822815018294516e-05,-8.237340609182966e-05,-5.854744090795979e-06,3.1952793275863423e-16,0,0
70,2,3,1,0.7541324088825221,0.08746574221585546,-2.410581835587955e-06,-1.4363141356341207e-06,-9.742676996573033e-07,2.9653098824067997e-16,0,0
70,3,2,1,0.7116077581796814,0.04494109151301473,0.0,0.0,0.0,0.0,0,0
70,1,0,1,0.8521234937482802,0.1854568270816136,-0.00022927272867578896,-0.00023426549964235588,4.992770966794934e-06,2.280077168737016e-16,0,0
70,1,1,0,0.7792826811036287,0.11261601443696212,-0.0037474848107820202,-0.00413966909633673,0.0003921842855551366,4.2717565595928875e-16,0,0
70,2,0,1,0.8061843047282157,0.13951763806154904,-1.5731338799951367e-05,-2.7961198373212936e-06,-1.2935218962246062e-05,3.840108569672096e-16,0,0
70,0,0,1,0.8423218659922299,0.17565519932556328,-2.273207117320375e-06,-3.1976621381402377e-06,9.244550214142091e-07,5.943460784293975e-16,0,0
70,1,0,1,0.6908892835119947,0.024222616845328115,-0.00480715713823332,-0.00482403908031631,1.6881942083348523e-05,3.5908775952719907e-16,0,0
70,1,0,1,0.5535516683020517,-0.11311499836461492,-3.131931938449295e-05,-2.913831562195551e-05,-2.1810037623149407e-06,2.224986145847596e-16,0,0
71,0,0,1,0.807572022268449,0.1409053556017824,-8.171974006931926e-07,0.0,-8.171974005629506e-07,1.3024200943130776e-16,0,0
71,1,1,1,0.823053418873589,0.15638675220692233,6.020538013129517e-07,0.0,6.020538015426773e-07,2.297256055698517e-16,1,1
71,1,3,1,0.6960881536700968,0.02942148700343017,-2.364798356341291e-05,-1.6215039111447045e-05,-7.432944451777908e-06,1.8795661099572925e-16,0,0
71,1,2,1,0.7091150493033033,0.04244838263663664,-0.0003266278911344678,-0.0003362322165135801,9.604325379124423e-06,1.2088854223213374e-17,0,0
71,3,0,1,0.6387085430064957,-0.02795812366017092,-0.00024802289398861976,-0.00024802289398858187,0.0,3.789286592836838e-17,0,0
71,2,1,1,0.6021142298127791,-0.06455243685388756,-9.785343964119342e-06,-1.1133096688431472e-05,1.347752724437839e-06,1.2570985376790522e-16,0,0
71,0,3,0,0.7870488683197295,0.1203822016530629,-0.004261320617222786,-0.004264426807131857,3.106189909290268e-06,2.194425197110661e-16,0,0
71,2,1,1,0.6535424044480413,-0.013124262218625282,2.4781701134513057e-06,0.0,2.4781701136085315e-06,1.572258321528696e-16,1,1
71,0,3,1,0.8211463065867187,0.1544796399200521,-0.001944616222677109,-0.0018576212490363383,-8.699497364065316e-05,1.1774435593192578e-16,0,0
71,1,3,1,0.8654175618582912,0.1987508951916246,-0.003622275333632907,-0.0036236717378536516,1.396404220862138e-06,1.1752751549742868e-16,0,0
71,2,3,0,0.8210758644554474,0.15440919778878082,-0.0014703555656030987,-0.00183386123267569,0.00036350566707264004,4.87890977618477e-17,0,0
71,0,0,1,0.8132426141210001,0.14657594745433344,-0.0006458959649804918,-0.0006727951340428418,2.6899169062303878e-05,4.607859233063394e-17,0,0
72,0,3,1,0.5726913476066411,-0.09397531906002554,-0.0012744113527682344,-0.0012802820392469624,5.870686478552954e-06,1.7520707107365752e-16,0,0
72,2,3,0,0.810695870781945,0.14402920411527842,-0.0026891699922624857,-0.003304409595631142,0.0006152396033686935,3.729655473350135e-17,0,0
72,2,1,1,0.788663376259772,0.12199670959310538,-0.0032830990895866274,-0.0032792129823707218,-3.886107215968292e-06,6.245004513516506e-17,0,0
72,0,0,0,0.701535730262179,0.03486906359551234,-0.006652395969889424,-0.007062484905718104,0.00041008893582878157,1.0234868508263162e-16,0,0
72,0,1,1,0.8746566128508786,0.20798994618421196,-0.00010763769741994889,-0.00012193232800174935,1.4294630581853915e-05,5.345116710353537e-17,0,0
72,2,3,1,0.8366981110970253,0.17003144443035867,-3.293789695901772e-05,-2.704465686962097e-05,-5.893240089436275e-06,3.952594545067467e-17,0,0
72,2,0,1,0.7893121500823909,0.12264548341572423,-2.824270109974547e-05,-2.841149126444396e-05,1.6879016470571556e-07,7.22688510597369e-18,0,0
72,1,0,1,0.8246101542898943,0.15794348762322763,-8.054627975390138e-05,-7.452165898865263e-05,-6.024620765322063e-06,7.330561938717617e-17,0,0
72,3,0,1,0.6241137777976957,-0.042552888868970906,-0.0018870419363378188,-0.0018870419363378212,0.0,2.3852447794681098e-18,0,0
72,1,2,1,0.819396830773772,0.15273016410710538,-4.361255934010044e-05,-4.545424938848806e-05,1.8416900484501628e-06,6.254491282525754e-17,0,0
72,0,1,0,0.5738315708874333,-0.09283509577923332,-0.0012266095781643394,-0.0014046238225447634,0.00017801424438024553,1.7867651802561113e-16,0,0
72,1,1,1,0.8956728155132553,0.22900614884658865,-8.796465403637654e-06,-8.538569749703901e-06,-2.5789565401238575e-07,7.863345662540572e-17,0,0
73,3,2,1,0.7328632220120317,0.06619655534536506,-0.0005327160687871313,-0.0005327160687871731,0.0,4.185020385794047e-17,0,0
73,0,0,1,0.6489783822440027,-0.017688284422663902,-0.004322711223802678,-0.004331638573530335,8.92734972734029e-06,3.165870343657673e-16,0,0
73,0,0,1,0.837744172089208,0.1710775054225414,-7.681309461604613e-05,-7.373866563838787e-05,-3.0744289777101187e-06,5.185196889911925e-17,0,0
73,2,2,1,0.6198464096220784,-0.046820257044588254,-0.001735722591152622,-0.001970127325489847,0.00023440473433723096,6.071532165918825e-18,0,0
73,1,0,0,0.5992390990604738,-0.06742756760619284,-0.0026471362692530587,-0.0025502791399073764,-9.685712934568755e-05,5.204170427930421e-18,0,0
73,2,2,1,0.5684182349868162,-0.09824843167985042,-8.95800728887286e-05,-0.00011571232304559706,2.6132250156688807e-05,1.7965229998084808e-16,0,0
73,0,3,1,0.580887715805063,-0.08577895086160359,-0.00029594416191447426,-0.00027357930135111266,-2.236486056361033e-05,2.487159783681747e-16,0,0
73,1,3,1,0.7582520964691071,0.09158542980244044,8.796236074415376e-06,0.0,8.796236074175313e-06,2.400626897790248e-16,1,1
73,1,2,1,0.767428283967876,0.10076161730120936,-0.001957866897070004,-0.0019160520661547402,-4.181483091534129e-05,7.719519468096792e-17,0,0
73,3,2,0,0.6611033989142402,-0.005563267752426437,-0.0035568374249456136,-0.004432214814952821,0.0008753773900071998,7.37257477290143e-18,0,0
73,0,3,1,0.8851301331038424,0.21846346643717574,4.180674845755128e-06,0.0,4.180674845400151e-06,3.5497710863417395e-16,1,1
73,3,1,1,0.7615617402506903,0.09489507358402371,-6.584602108006266e-08,-6.584602109123829e-08,0.0,1.1175633592065031e-17,0,0
74,3,3,1,0.8351693676633689,0.16850270099670228,-8.231517989698567e-05,-8.231517989698876e-05,0.0,3.0899761915836876e-18,0,0
74,2,0,1,0.600190024764787,-0.06647664190187963,-0.00012604220493350748,-0.0001392988242522447,1.3256619318876522e-05,1.3929287411007518e-16,0,0
74,3,0,0,0.6158039156733556,-0.05086275099331106,-0.002107637993697953,-0.002425145724462436,0.00031750773076451793,3.469446951953614e-17,0,0
74,1,1,0,0.556044279226578,-0.11062238744008868,-0.002945663644169816,-0.003376971300554887,0.0004313076563851477,7.676151381197371e-17,0,0
74,2,2,0,0.7041072476781224,0.037440581011455754,-0.001646453197811093,-0.0017825383405288163,0.0001360851427178392,1.1600963245594897e-16,0,0
74,2,1,1,0.693243448213498,0.026576781546831407,-7.607350740379548e-05,-7.794388005053438e-05,1.8703726469293705e-06,1.90467216651391e-16,0,0
74,0,1,0,0.7769834682873877,0.1103168016207211,-0.0066113346038113585,-0.007564820863648639,0.0009534862598375952,3.148523108897905e-16,0,0
74,1,3,1,0.5768331960255357,-0.0898334706411309,-3.9128520578413095e-05,-2.956329870520214e-05,-9.565221872957292e-06,2.5366265078013983e-16,0,0
74,2,3,1,0.689850008415489,0.023183341748822417,-4.098076353931113e-06,-1.3258111835397533e-05,9.160035481694396e-06,2.279755296217059e-16,0,0
74,2,0,1,0.6459476075474982,-0.02071905911916838,-2.373792837484512e-05,0.0,-2.373792837463215e-05,2.1296779986225423e-16,0,0
74,0,2,1,0.7409255261511835,0.07425885948451683,4.24892057204751e-07,0.0,4.24892057482542e-07,2.77791019557389e-16,1,1
74,3,0,1,0.7511799758652179,0.08451330919855127,-0.0004073179712081876,-0.0004073179712081413,0.0,4.629543276513104e-17,0,0
75,0,2,0,0.7313362327477281,0.06466956608106145,-0.01132396085204912,-0.01685967949364677,0.005535718641597532,1.196959198423997e-16,0,0
75,3,1,1,0.6229354443198386,-0.043731222346828025,0.0,0.0,0.0,0.0,0,0
75,0,2,1,0.6280960558047742,-0.038570610861892396,-0.00015655135610337378,-0.00018129185269632475,2.4740496592770994e-05,1.7997756063259374e-16,0,0
75,3,1,1,0.6172648524672876,-0.04940181419937906,-0.0001515834046177389,-0.0001515834046177192,0.0,1.9705374484924043e-17,0,0
75,3,0,0,0.7189489747674551,0.05228230810078849,-0.002262615077382124,-0.0027255269193437012,0.00046291184196161137,3.426078865054194e-17,0,0
75,2,0,1,0.6056341639965852,-0.06103250267008142,-0.0019212235640648778,-0.0018793627322261312,-4.186083183859052e-05,1.5612511283791264e-16,0,0
75,1,1,0,0.6324128144496151,-0.03425385221705157,-0.00021652026782403855,-0.00019359597251406217,-2.2924295309876717e-05,9.966528470573e-17,0,0
75,2,1,1,0.6068052738920798,-0.0598613927745868,-2.0236995749156605e-06,0.0,-2.023699574747158e-06,1.685023817796661e-16,0,0
75,2,3,0,0.5812603019134283,-0.08540636475323837,-0.0018722886501362224,-0.0028755298421002,0.0010032411919640742,9.6710833785707e-17,0,0
75,2,2,1,0.7772407242393216,0.11057405757265493,-0.0004180692086696025,-0.0004445616282801468,2.6492419610732266e-05,1.879464466003622e-16,0,0
75,1,1,1,0.772003646176775,0.10533697951010834,-0.00011016898445193046,-0.00010860767918799065,-1.5613052641921613e-06,2.5234805564600116e-16,0,0
75,3,2,1,0.5704262801377165,-0.09624038652895017,-2.698953548530003e-05,-2.6989535485302244e-05,0.0,2.2124500582282325e-18,0,0
76,1,1,1,0.8112616617025952,0.14459499503592854,-0.000289937939767948,-0.00029914562110990863,9.207681342083715e-06,1.2311115668572903e-16,0,0
76,0,1,0,0.6840160084269047,0.017349341760238057,-0.0007297054478537235,-0.0010244810428622507,0.0002947755950085323,5.095750210681871e-18,0,0
76,1,3,1,0.7180167327676938,0.051350066101027214,-0.009218385827586106,-0.008879727425733444,-0.0003386584018526569,5.204170427930421e-18,0,0
76,1,0,1,0.7082931565838617,0.041626489917195086,-0.0010866584798429058,-0.0011448659588188391,5.820747897604342e-05,1.1015494072452725e-16,0,0
76,0,0,0,0.6367201677609049,-0.02994649890576173,-0.0007114052846315944,-0.0007620253397611646,5.062005512975894e-05,1.8875959822972632e-16,0,0
76,2,1,1,0.7791564148103717,0.11248974814370505,-1.8852879234421138e-06,-4.037818897038669e-06,2.152530973599313e-06,2.757939276260002e-18,0,0
76,2,2,1,0.8797181105892449,0.21305144392257824,-0.0007246275173565797,-0.000575081604884373,-0.00014954591247220669,0.0,0,0
76,3,2,1,0.6807080616081851,0.014041394941518459,-4.7471386226960455e-05,-4.7471386226997894e-05,0.0,3.7438856268640075e-17,0,0
76,3,3,0,0.725750685756968,0.059084019090301365,-0.0036286420556808086,-0.003956457474026178,0.0003278154183453623,6.938893903907228e-18,0,0
76,1,2,1,0.8798997168265981,0.21323305015993144,-0.0004383703999999433,-0.0004076780773428226,-3.0692322657075425e-05,4.5319650809894085e-17,0,0
76,3,2,1,0.6349504788254738,-0.03171618784119279,-0.005040060815769576,-0.005040060815769567,0.0,8.673617379884035e-18,0,0
76,3,1,1,0.5582172257495619,-0.10844944091710473,-0.0008489393272575474,-0.0008489393272575152,0.0,3.220080452281948e-17,0,0
77,1,1,1,0.8542963423194123,0.1876296756527457,-0.0008773688980681094,-0.0008912936161436207,1.3924718075664298e-05,1.5287250632045613e-16,0,0
77,0,3,1,0.6227684178326206,-0.04389824883404603,2.8513566155963233e-06,0.0,2.8513566157041484e-06,1.078251766031043e-16,1,1
77,2,3,1,0.6322972622309573,-0.03436940443570935,-5.705303784875326e-05,0.0,-5.705303784863183e-05,1.214306433183765e-16,0,0
77,3,0,1,0.8843604744724838,0.21769380780581715,0.0,0.0,0.0,0.0,0,0
77,1,2,0,0.8509621362553356,0.18429546958866894,-0.0006057896923937767,-0.0007407394530181598,0.00013494976062430815,7.502679033599691e-17,0,0
77,1,0,1,0.5507026988432516,-0.115963967823415,1.566328382995863e-06,0.0,1.5663283830008651e-06,5.002153070010271e-18,1,1
77,2,0,1,0.7038714888165406,0.03720482214987397,-9.811208211862876e-06,0.0,-9.811208211782022e-06,8.085437701310649e-17,0,0
77,1,1,0,0.553471300355967,-0.1131953663106996,-0.001298612381375297,-0.0015770586762170885,0.0002784462948419355,1.43982048506075e-16,0,0
77,0,0,1,0.7400142781180363,0.0733476114513697,-0.008909418510699152,-0.009116120110624418,0.00020670159992554725,2.8102520310824275e-16,0,0
77,2,2,1,0.6986581653004182,0.031991498633751614,-0.006704189827976825,-0.006292678463730422,-0.0004115113642462483,1.5525775109992423e-16,0,0
77,3,2,1,0.8791471509563614,0.2124804842896948,-7.743351909395013e-05,-7.743351909395844e-05,0.0,8.307699146670178e-18,0,0
77,1,3,1,0.5685896253023739,-0.09807704136429274,-0.0006047097782292399,-0.0005731907775325422,-3.151900069649981e-05,1.9786689647860456e-16,0,0
78,2,1,1,0.8297459212084641,0.1630792545417975,-0.0003783426656450706,-0.00038409556448084844,5.752898835540858e-06,2.3700659490533127e-16,0,0
78,3,2,1,0.7794567320913675,0.11279006542470082,-0.00016760983709707133,-0.00016760983709710814,0.0,3.6808663755882876e-17,0,0
78,0,0,1,0.6852037135826432,0.018537046915976574,4.681550723972805e-06,0.0,4.6815507238099484e-06,1.6285648366974256e-16,1,1
78,1,1,1,0.7521132848230454,0.08544661815637877,-0.00015754760538333468,-0.00012713911168533558,-3.0408493697997778e-05,1.3010426069826053e-18,0,0
78,3,0,1,0.6096700555667445,-0.056996611099922156,-0.0002774160417143845,-0.0002774160417143494,0.0,3.507394027990607e-17,0,0
78,3,0,1,0.8360982302427521,0.16943156357608546,0.0,0.0,0.0,0.0,0,0
78,1,2,1,0.5810761487649466,-0.08559051790172001,-0.0002384422997033786,-0.00024228524969878413,3.842949995433141e-06,2.7620050344068225e-17,0,0
78,1,3,1,0.8704717867124061,0.20380512004573947,-2.3297374918129776e-05,-1.4482901559017155e-05,-8.814473359332841e-06,2.2022179002254005e-16,0,0
78,0,2,1,0.679990390066521,0.013323723399854326,-0.00020446386573858,-0.00016196177092085552,-4.250209481784992e-05,1.2544219135657286e-16,0,0
78,1,1,1,0.7006851101877832,0.034018443521116604,-6.773410085725295e-05,0.0,-6.773410085753623e-05,2.8327492261615017e-16,0,0
78,2,1,0,0.7039208792857642,0.03725421261909756,-0.0038497818046838717,-0.00474652373797403,0.0008967419332900434,1.1492543028346347e-16,0,0
78,0,1,0,0.604267702986083,-0.06239896368058362,-0.00017729772387509168,-0.0004792565553159109,0.0003019588314406674,1.5178830414797062e-16,0,0
79,1,0,1,0.6846327539497598,0.017966087283093124,-6.340810595745205e-05,-5.980728725185092e-05,-3.6008187056175805e-06,1.643921544031146e-17,0,0
79,3,2,0,0.6206720118808262,-0.045994654785840416,-0.002408823212023181,-0.002983382684996769,0.0005745594729736024,1.474514954580286e-17,0,0
79,0,2,0,0.858097830952168,0.19143116428550133,-1.3431236711158867e-06,-1.5455778825346414e-06,2.024542114375759e-07,1.8821283846227367e-17,0,0
79,3,0,0,0.578307868896124,-0.08835879777054267,-0.0009265304546456354,-0.0009322388928945812,5.708438249022255e-06,7.643625316022806e-17,0,0
79,3,3,1,0.8746584815147004,0.20799181484803375,-0.0003803846115483789,-0.00038038461154840815,0.0,2.927345865710862e-17,0,0
79,2,1,1,0.6180850166054641,-0.04858165006120252,-0.00013255482019536302,-0.00013433490998173724,1.7800897863850035e-06,1.0787811616230769e-17,0,0
79,0,1,1,0.8368042306012484,0.1701375639345818,-1.6319549325127802e-05,-1.937961549075482e-05,3.0600661655676354e-06,5.938378586610449e-17,0,0
79,3,1,1,0.6938977692727692,0.02723110260610262,-0.004719960568321302,-0.004719960568321297,0.0,5.204170427930421e-18,0,0
79,0,1,0,0.7014281704093861,0.03476150374271947,-0.0004461174098475684,-0.0014744121352796243,0.0010282947254320219,3.404394821604484e-17,0,0
79,0,0,1,0.8441605343819039,0.17749386771523723,2.0006254622950692e-06,0.0,2.000625462214823e-06,8.02462073569779e-17,1,1
79,3,1,1,0.8745683611660657,0.2079016944993991,-3.5129939298217394e-05,-3.5129939298196666e-05,0.0,2.0728590285207238e-17,0,0
79,3,0,1,0.8928987006640292,0.22623203399736258,-3.484684877175237e-05,-3.48468487717488e-05,0.0,3.57109090562413e-18,0,0
80,0,0,1,0.6624008111218924,-0.004265855544774211,-6.372888534500465e-06,-1.9109456005272492e-06,-4.461942933809343e-06,1.6387292320644772e-16,0,0
80,1,1,1,0.7308572600085422,0.0641905933418756,-0.00023971043527826197,-0.00023630111244729164,-3.4093228309185527e-06,5.1770653736182837e-17,0,0
80,0,0,0,0.6283033728549032,-0.0383632938117634,-0.0011002068627672945,-0.0010932707886722123,-6.9360740950611246e-06,2.1033522146218786e-17,0,0
80,2,2,0,0.6940480991252811,0.027381432458614463,-0.005858446005317985,-0.006462155656717424,0.0006037096513995031,6.418476861114186e-17,0,0
80,2,1,0,0.8873784386639899,0.22071177199732328,-0.002593575349006394,-0.002718865823623249,0.00012529047461698608,1.3097162243624894e-16,0,0
80,0,3,1,0.6384900001200126,-0.028176666546654072,-0.0019633881081727034,-0.001712834082324119,-0.000250554025848598,1.3444106938820255e-17,0,0
80,0,0,1,0.8236350213581778,0.15696835469151116,-6.785022008753971e-05,-5.419189256262392e-05,-1.3658327524899475e-05,1.6317242695906842e-17,0,0
80,2,1,1,0.7146316551404613,0.04796498847379471,-1.3838419707257188e-05,-1.6176142584545068e-05,2.3377228773980013e-06,1.1012105940663708e-16,0,0
80,1,2,1,0.7160104806572224,0.04934381399055576,-2.0792682239978433e-05,-2.036002548874637e-05,-4.326567512531544e-07,2.1091120386632078e-17,0,0
80,0,3,1,0.6818229768033659,0.01515631013669927,-0.00011272506095616475,-0.00012172555675963814,9.000495803463039e-06,1.0354130747236567e-17,0,0
80,2,0,1,0.8765146391993656,0.20984797253269893,-9.196208694900454e-05,-7.809378997770649e-05,-1.386829697111328e-05,1.847751552458421e-16,0,0
80,3,0,0,0.7408775538650523,0.07421088719838564,-0.006529638096165358,-0.006757624368342513,0.00022798627217718894,3.382710778154774e-17,0,0
81,1,2,0,0.7151228078094132,0.048456141142746545,-0.003456556436288616,-0.004856249564934192,0.001399693128645371,2.0556473190325164e-16,0,0
81,0,2,1,0.7793592119774221,0.11269254531075545,-0.004589936679475715,-0.004742577682327041,0.00015264100285131631,9.540979117872439e-18,0,0
81,2,0,0,0.8018194758453918,0.1351528091787252,-0.0028036122115543405,-0.0028869483065959824,8.333609504167775e-05,3.599551212651875e-17,0,0
81,2,1,0,0.7412151137113607,0.0745484470446941,-0.004992936156222982,-0.005211874082120315,0.00021893792589717308,1.5959455978986625e-16,0,0
81,1,2,1,0.71737602432663,0.05070935765996332,-0.00029868103393715373,-0.00030201899289621965,3.337958959161584e-06,9.568084172184577e-17,0,0
81,1,3,1,0.7803434875980819,0.11367682093141529,3.533786958787033e-05,0.0,3.533786958791898e-05,4.865357249028701e-17,1,1
81,1,1,1,0.6225027171598055,-0.04416394950686109,-6.654599866040556e-06,0.0,-6.654599866055674e-06,1.5117844042594752e-17,0,0
81,2,1,1,0.7753125519783498,0.10864588531168318,-0.006236514587502073,-0.005704966069539496,-0.0005315485179626952,1.1796119636642288e-16,0,0
81,0,0,1,0.6095725354527991,-0.05709413121386753,-1.549110699561318e-05,-2.4508986335306517e-05,9.017879339553404e-06,1.3993323101819943e-16,0,0
81,0,2,1,0.7279310373421598,0.061264370675493174,-0.0002160859690142347,-0.00021899749081330923,2.911521798970086e-06,1.0443577426466621e-16,0,0
81,3,1,0,0.7647825312718708,0.09811586460520416,-0.0018069154634693385,-0.0015105614909362176,-0.0002963539725331159,4.9873299934333204e-18,0,0
81,0,0,1,0.5581443608175368,-0.10852230584912981,-2.6302011644774304e-05,-1.741053864174707e-05,-8.891473003123696e-06,9.646350016510874e-17,0,0
82,3,2,0,0.6559159249081081,-0.010750741758558502,-0.0036682330693060816,-0.0037315200676595805,6.328699835353677e-05,3.7730235602495554e-17,0,0
82,0,3,0,0.6382150510647835,-0.02845161560188314,-0.0010584345724321542,-0.0016193220425894399,0.0005608874701570508,2.3483819056036026e-16,0,0
82,3,1,1,0.8480159208173901,0.18134925415072345,0.0,0.0,0.0,0.0,0,0
82,3,2,1,0.8331691414660702,0.1665024747994036,-0.000992526537164251,-0.0009925265371642303,0.0,2.0816681711721685e-17,0,0
82,1,2,1,0.7721261733495924,0.10545950668292581,-8.527737360997101e-05,-9.106939434416987e-05,5.7920207340123665e-06,1.8649632619466283e-16,0,0
82,2,3,1,0.6322212410816507,-0.034445425585015954,-0.0014934220702144674,-0.0014056869361030845,-8.773513411149204e-05,1.0928757898653885e-16,0,0
82,3,3,0,0.7032117655741079,0.03654509890744129,-0.0019289597204901199,-0.0018596887729898828,-6.927094750029844e-05,6.136584296267955e-17,0,0
82,2,2,1,0.8383265687009149,0.1716599020342483,-0.004146155851030842,-0.004109690180867411,-3.6465670163443745e-05,1.3877787807814457e-17,0,0
82,3,1,0,0.8834250891309756,0.216758422464309,-0.0017312898964559897,-0.0019186342337111596,0.000187344337255178,8.239936510889834e-18,0,0
82,2,1,1,0.896506324735588,0.22983965806892137,-4.8257865422784985e-05,-4.47869861182647e-05,-3.4708793045823732e-06,6.20841269019512e-17,0,0
82,2,0,1,0.8949680668522995,0.22830140018563283,-0.001527566407602321,-0.0014628153391952668,-6.475106840713838e-05,8.413408858487514e-17,0,0
82,3,2,1,0.781740966830808,0.11507430016414133,-8.149511191934966e-06,-8.149511191906626e-06,0.0,2.834002834923438e-17,0,0
83,1,2,0,0.6559744309298635,-0.010692235736803113,-0.0033478720846181753,-0.002630959443786352,-0.0007169126408319887,1.6523241108679088e-16,0,0
83,2,1,0,0.8675687441643255,0.20090207749765887,-0.0026804169770019426,-0.003063561024751797,0.00038314404774979287,6.158268339717665e-17,0,0
83,1,0,1,0.8227077262528957,0.15604105958622905,-2.1833836600870793e-05,0.0,-2.183383660099721e-05,1.2641797331180982e-16,0,0
83,0,3,1,0.637532927325818,-0.02913373934084862,-2.943421287010528e-05,-3.0377142969832737e-05,9.429300995471248e-07,1.8032992633865152e-16,0,0
83,1,1,1,0.8977124360384682,0.23104576937180155,2.231900946914056e-05,0.0,2.2319009469060316e-05,8.02445132910834e-17,1,1
83,1,3,1,0.8467415297396346,0.18007486307296794,7.842900987542478e-07,0.0,7.842900987621481e-07,7.90027629904086e-18,1,1
83,1,0,1,0.8170371344003448,0.15037046773367813,-0.001959624468133192,-0.0018269666055598128,-0.00013265786257348356,1.0408340855860843e-16,0,0
83,1,3,1,0.8410709378870835,0.1744042712204169,-0.002898551404481531,-0.0026828715401190405,-0.00021567986436251817,2.7755575615628914e-17,0,0
83,0,0,1,0.6738515784204593,0.0071849117537926555,1.3151016590218223e-05,-1.8618358055523894e-05,3.176937464571252e-05,2.959871930885427e-17,1,1
83,3,2,0,0.5699811943387569,-0.0966854723279097,-0.0010760287695063542,-0.0014918011910880589,0.00041577242158171264,8.023096076392733e-18,0,0
83,1,1,1,0.8519548532557568,0.1852881865890902,-3.0273377675360535e-05,-3.5405643413315374e-05,5.1322657378773505e-06,7.74865740148234e-17,0,0
83,2,1,1,0.6291957804768337,-0.037470886189832964,-6.596274871373264e-06,-7.3079547785744165e-06,7.11679907119976e-07,8.117624953306313e-17,0,0
84,2,3,1,0.8906092165365371,0.2239425498698705,-1.2449070638687054e-05,-1.1879284234947954e-05,-5.697864038573108e-07,1.1821022405291565e-16,0,0
84,0,3,1,0.6301540457248116,-0.036512620941855034,-0.0037349282977438003,-0.0035932441839023766,-0.00014168411384152285,9.93129189996722e-17,0,0
84,3,0,1,0.6258356591397514,-0.040831007526915264,-0.0024516091498551495,-0.0024516091498551825,0.0,3.2959746043559335e-17,0,0
84,2,0,1,0.8493260630986947,0.1826593964320281,-2.9043463634081945e-07,-3.462775659937687e-06,3.1723410235687347e-06,2.8132928793630704e-17,0,0
84,1,3,1,0.6935886765815291,0.026922009914862488,-0.002359772242625069,-0.0021911124599214645,-0.00016865978270350616,9.84455572616838e-17,0,0
84,1,3,1,0.7450168512167914,0.07835018455012477,-7.62002935427164e-05,-9.025887501120562e-05,1.4058581468463419e-05,2.5804011705155006e-17,0,0
84,2,1,1,0.7208225400119141,0.05415587334524752,-0.0003340770328624787,-0.00030732647684052796,-2.6750556021958832e-05,8.077306185017008e-18,0,0
84,3,3,1,0.782595440031168,0.11592877336450136,-4.3944062505518744e-05,-4.39440625055263e-05,0.0,7.555533889508359e-18,0,0
84,0,2,1,0.8058028195881757,0.13913615292150905,-5.361010986082437e-06,0.0,-5.361010986194888e-06,1.124504000115864e-16,0,0
84,1,1,0,0.5910256718380903,-0.07564099482857634,-0.0017203918250804362,-0.0014090319045394935,-0.0003113599205410574,1.1470858984896637e-16,0,0
84,3,1,1,0.7539970868509256,0.08733042018425896,-5.2294410748998654e-05,-5.229441074896252e-05,0.0,3.6131037398079435e-17,0,0
84,2,2,1,0.8352181779186284,0.16855151125196177,-0.0034189976702818092,-0.0032832664022661223,-0.00013573126801568378,3.0357660829594124e-18,0,0
85,3,2,1,0.7241882206462762,0.05752155397960956,0.0,0.0,0.0,0.0,0,0
85,0,0,0,0.7316285014342583,0.06496183476759165,-0.004580958899740639,-0.0043959666605571344,-0.0001849922391835731,6.852157730108388e-17,0,0
85,1,2,1,0.5574352471058805,-0.10923141956078608,-3.277927158096272e-06,-2.9049161610021896e-06,-3.7301099706547e-07,2.8612772958250265e-17,0,0
85,3,0,1,0.6623017469216841,-0.004364919744982543,0.0,0.0,0.0,0.0,0,0
85,2,0,1,0.8723799735359801,0.20571330686931344,1.828974324713517e-06,0.0,1.8289743246678402e-06,4.5676886955398587e-17,1,1
85,1,3,0,0.7647028832148535,0.09803621654818684,-0.007516932758709405,-0.007015771623243422,-0.0005011611354661522,1.691355389077387e-16,0,0
85,0,0,1,0.8574535433569582,0.1907868766902916,-0.0016504883393728131,-0.0017281833701589182,7.769503078601156e-05,9.345822726825048e-17,0,0
85,3,1,1,0.601697384787653,-0.06496928187901363,-1.6742141987047265e-05,-1.6742141987071863e-05,0.0,2.4597836788264882e-17,0,0
85,3,2,1,0.7298588124988272,0.0631921458321606,-0.0010668835735332394,-0.0010668835735331982,0.0,4.119968255444917e-17,0,0
85,1,3,1,0.7331741413178794,0.06650747465121276,-1.2024137622079767e-05,0.0,-1.2024137622063987e-05,1.5780223807347615e-17,0,0
85,3,0,1,0.7137299215569464,0.04706325489027974,-0.00010953408486741312,-0.00010953408486741522,0.0,2.100641709190665e-18,0,0
85,2,1,1,0.6448708093131126,-0.02179585735355405,5.5807102828930866e-06,0.0,5.5807102829231935e-06,3.010693907720685e-17,1,1
86,1,1,1,0.6834363447696521,0.016769678102985464,-0.00014228993425557945,-9.991875421230767e-05,-4.237118004328471e-05,1.292911090688964e-17,0,0
86,0,2,0,0.6484395231931562,-0.0182271434735104,-0.005835176808612397,-0.005279412938704579,-0.0005557638699078818,6.418476861114186e-17,0,0
86,3,3,1,0.5699365811818132,-0.0967300854848534,-0.00111578267890039,-0.0011157826789003622,0.0,2.7755575615628914e-17,0,0
86,0,2,1,0.7880303549203161,0.12136368825364952,3.6644950834996415e-05,0.0,3.664495083487299e-05,1.234228648103186e-16,1,1
86,0,0,1,0.8217519112680461,0.1550852446013795,3.294412888965592e-05,0.0,3.2944128889736295e-05,8.037326229906605e-17,1,1
86,2,0,1,0.7871868493122018,0.12052018264553521,-3.1525316263048e-07,-1.5196770375432739e-06,1.2044238748469949e-06,6.579900165037175e-17,0,0
86,0,2,1,0.5992645650751108,-0.0674021015915558,-0.0006795034186372617,-0.0006683866457276516,-1.1116772909482945e-05,1.2717691483254967e-16,0,0
86,0,1,1,0.8348689272498873,0.16820226058322063,-5.268846842210184e-06,-5.979426354229588e-06,7.105795120478299e-07,2.842642570985432e-17,0,0
86,3,3,1,0.8741789984805927,0.20751233181392603,0.0,0.0,0.0,0.0,0,0
86,2,0,1,0.5745244644406542,-0.09214220222601244,-1.5207646306136802e-06,0.0,-1.5207646306113155e-06,2.364704230497193e-18,0,0
86,1,3,1,0.8965559979776284,0.2298893313109618,-0.0006780227879410461,-0.0007370769824625093,5.905419452152872e-05,6.548581121812447e-17,0,0
86,3,0,1,0.7117486257366251,0.04508195906995849,-8.68779889784399e-05,-8.687798897839836e-05,0.0,4.153849573335089e-17,0,0
87,2,0,0,0.6763383771004944,0.009671710433827752,-0.0012194635586696978,-0.001312037558162956,9.257399949335861e-05,1.0039712117215771e-16,0,0
87,0,3,0,0.7595888933072772,0.09292222664061056,-0.0006613182266106965,-0.000649035885224787,-1.2282341385863098e-05,4.640385298237959e-17,0,0
87,1,2,1,0.5539595346790644,-0.11270713198760218,-7.001362800002076e-05,-6.375189542018481e-05,-6.261732579771927e-06,6.402213828526904e-17,0,0
87,0,0,1,0.8912760325687183,0.22460936590205172,-0.0027197323474122403,-0.0026856702015763062,-3.4062145835812305e-05,1.218643241873707e-16,0,0
87,1,3,1,0.843355172626524,0.1766885059598574,-2.4285200073137503e-06,0.0,-2.4285200073243047e-06,1.055445403926221e-17,0,0
87,2,2,1,0.6077520899376255,-0.0589145767290411,-0.0001701454798808677,-0.00016645666663076285,-3.68881325015101e-06,4.615990749357035e-17,0,0
87,0,0,1,0.710605440675422,0.043938774008755344,-0.0006824714883631455,-0.0006556051399684238,-2.686634839470661e-05,1.5178830414797062e-17,0,0
87,2,2,1,0.5563239153023632,-0.11034275136430338,-7.919232205344517e-05,-9.064534352463469e-05,1.1453021471286226e-05,9.6710833785707e-17,0,0
87,2,0,1,0.7365372388592311,0.06987057219256443,-0.00019279651194331615,-0.00020697236025230911,1.4175848309028878e-05,3.5914196963582334e-17,0,0
87,1,3,0,0.8886497043279582,0.22198303766129157,-0.002584564816849211,-0.0024859519309089473,-9.861288594034337e-05,7.979727989493313e-17,0,0
87,0,2,1,0.886062709052596,0.21939604238592936,-8.12071547801052e-06,-7.85255677711745e-06,-2.681587008954316e-07,2.3615278569449893e-18,0,0
87,1,2,0,0.7005326883053716,0.033866021638705,-0.001567297902839715,-0.0017029467482131716,0.00013564884537337686,7.979727989493313e-17,0,0
88,3,3,1,0.5629773086083535,-0.10368935805831314,-0.00029339865052330216,-0.0002933986505233022,0.0,5.421010862427522e-20,0,0
88,3,2,0,0.6746327433792485,0.007966076712581871,-0.00669404918093891,-0.008103939009392085,0.001409889828453264,8.847089727481716e-17,0,0
88,3,2,1,0.6949643918417777,0.028297725175111088,-0.00029381743411011074,-0.00029381743411010527,0.0,5.4752209710517974e-18,0,0
88,0,1,1,0.564448999162868,-0.10221766750379868,-0.0018781459816543666,-0.0019616824433737147,8.353646171905376e-05,2.942524696125659e-16,0,0
88,1,2,1,0.7730088277540657,0.10634216108739902,-0.00011166091745745677,-0.00011522696248770551,3.5660450301037475e-06,1.4499848804278015e-16,0,0
88,3,2,1,0.7087301816462377,0.04206351497957106,-0.010720617312898306,-0.010720617312898294,0.0,1.214306433183765e-17,0,0
88,2,1,0,0.6061762944925987,-0.06049037217406794,-0.0006061806633624323,-0.0011981449074022813,0.0005919642440398708,2.179246366695864e-17,0,0
88,2,1,1,0.7834295110505609,0.11676284438389428,-0.00023752533034465673,-0.00017109698038725687,-6.642834995734824e-05,5.160802341031001e-17,0,0
88,3,0,1,0.584701087904326,-0.08196557876234067,0.0,0.0,0.0,0.0,0,0
88,2,2,1,0.5577402305458068,-0.10892643612085984,-0.0009749408966691075,-0.0011962096413214779,0.0002212687446522977,7.26415455565288e-17,0,0
88,0,2,1,0.8538446371103275,0.1871779704436609,1.1509593836556142e-05,0.0,1.1509593836492156e-05,6.398656290148436e-17,1,1
88,1,3,1,0.7124044656200346,0.045737798953367936,-2.9864972135862367e-06,0.0,-2.98649721376953e-06,1.832932711046207e-16,0,0
89,0,0,0,0.7761867588097665,0.10952009214309988,-0.005076070816180889,-0.007170017570064871,0.002093946753883877,1.0581813203458523e-16,0,0
89,1,0,1,0.6976041659707214,0.03093749930405476,-0.0006757518936126305,-0.0008205650571634324,0.00014481316355076428,3.7513395167998453e-17,0,0
89,1,3,1,0.7307921214566548,0.06412545478998821,-0.003483006454824966,-0.0031353424428317636,-0.0003476640119933045,1.0191500421363742e-16,0,0
89,2,2,1,0.734810881720579,0.06814421505391233,-0.002176689972707535,-0.002765245828071281,0.0005885558553637095,3.642919299551295e-17,0,0
89,2,0,1,0.8297843539458197,0.1631176872791531,-0.0010562320659308067,-0.0009471789240360563,-0.00010905314189487305,1.227316859253591e-16,0,0
89,0,0,1,0.8102841970767556,0.14361753041008896,-3.730165996040924e-05,-5.2895126836030124e-05,1.5593466875688376e-05,6.749158523722265e-17,0,0
89,3,2,1,0.8400432500382986,0.17337658337163198,0.0,0.0,0.0,0.0,0,0
89,0,2,0,0.5959734352528987,-0.07069323141376793,-0.00024660165640594256,-0.00029284075708262255,4.623910067666058e-05,1.940721888749053e-17,0,0
89,2,2,1,0.6833827070853167,0.016716040418650047,6.745419164805311e-05,0.0,6.745419164802263e-05,3.0479633573998743e-17,1,1
89,2,3,1,0.8115441347964909,0.14487746812982427,-0.0014072494913217604,-0.001394570020634888,-1.267947068684308e-05,2.927345865710862e-17,0,0
89,2,3,0,0.8469533031100764,0.1802866364434098,-0.004119177415429387,-0.004292711569168396,0.00017353415373890353,1.0495077029659683e-16,0,0
89,0,3,1,0.7920439779274269,0.12537731126076024,-9.804470675528476e-05,-6.119665989639269e-05,-3.684804685893749e-05,4.541451849998657e-17,0,0
90,1,0,1,0.5964670926207833,-0.07019957404588328,-1.677567079405584e-05,-1.8254308770404405e-05,1.478637976176256e-06,1.723068302622588e-16,0,0
90,0,2,0,0.794412524601075,0.1277458579344084,-0.000948398716470622,-0.0009732378569203302,2.4839140449661352e-05,4.683753385137379e-17,0,0
90,2,1,1,0.8423303508880386,0.17566368422137202,-4.6872800310682194e-05,-4.587466925739316e-05,-9.981310533812797e-07,9.224527608778232e-17,0,0
90,0,3,1,0.8154830672348578,0.14881640056819112,-1.7728640909764337e-05,0.0,-1.772864090981598e-05,5.164190472820018e-17,0,0
90,2,0,1,0.5724570436804689,-0.09420962298619773,-0.0005138002985793921,-0.0005126969207956078,-1.1033777837958394e-06,1.1492543028346347e-17,0,0
90,1,1,0,0.6929378914048285,0.026271224738161902,-0.005778023752493977,-0.006880282843003852,0.001102259090509693,1.8214596497756474e-16,0,0
90,0,1,1,0.7060191270094409,0.03935246034277429,-0.015179488288030174,-0.015183939767203457,4.451479173155636e-06,1.2836953722228372e-16,0,0
90,2,0,0,0.617751575381903,-0.04891509128476368,-0.002642566255789569,-0.0027764049140955207,0.00013383865830581362,1.3791051634015616e-16,0,0
90,2,2,1,0.8412493613411787,0.17458269467451204,-0.00012590030493891957,-0.00012879294999398365,2.8926450549275483e-06,1.3652815857023715e-16,0,0
90,2,0,1,0.7531276355737653,0.08646096890709865,1.0466536721209785e-05,0.0,1.0466536721046714e-05,1.630707830053979e-16,1,1
90,1,2,1,0.7719243609979572,0.10525769433129062,-0.0033523087841753063,-0.003235333723613031,-0.00011697506056240818,1.3270634591222574e-16,0,0
90,1,3,1,0.8830562163919807,0.2163895497253141,7.494903486726656e-07,0.0,7.494903484862344e-07,1.8643121053684266e-16,1,1
91,1,0,1,0.6622309761383177,-0.004435690528348912,-1.092817876335861e-05,-1.4534339313725629e-05,3.606160550574125e-06,2.0710463780135996e-16,0,0
91,0,1,1,0.7973728804726556,0.130706213805989,-0.002332168981901639,-0.0021312054376614892,-0.00020096354424011282,3.686287386450715e-17,0,0
91,2,3,1,0.5825944949599436,-0.08407217170672299,-0.0011236467046962795,-0.0010023899654580306,-0.00012125673923817396,7.502679033599691e-17,0,0
91,0,3,1,0.6685877315510502,0.0019210648843835942,-0.00409799471108796,-0.003989421591921694,-0.00010857311916615961,1.0668549377257364e-16,0,0
91,3,0,0,0.8945471107015729,0.22788044403490626,-0.0007310078599411796,-0.0006875623353355285,-4.344552460564909e-05,1.951563910473908e-18,0,0
91,2,1,1,0.7113796438815491,0.04471297721488243,-2.227674173937988e-05,0.0,-2.2276741739282898e-05,9.698188432882837e-17,0,0
91,1,0,1,0.7079885589210291,0.04132189225436245,-0.002305777881831672,-0.002711304425171892,0.00040552654334034024,1.205632815803881e-16,0,0
91,0,2,1,0.5755343081023392,-0.09113235856432744,3.0671378571378582e-06,-6.360697119613616e-07,3.703207569213997e-06,1.1477719951769397e-16,1,1
91,3,2,1,0.6186018825319135,-0.048064784134753125,-0.005259159511587341,-0.005259159511587369,0.0,2.7755575615628914e-17,0,0
91,1,3,1,0.5712203678957235,-0.09544629877094313,-0.00013119604067862722,-0.00010779792876584038,-2.3398111912573906e-05,2.1293730667615307e-16,0,0
91,3,0,1,0.8534673505354364,0.1868006838687698,-0.0012669159124167328,-0.0012669159124167198,0.0,1.3010426069826053e-17,0,0
91,3,0,1,0.5548955250892079,-0.11177114157745871,-5.327967827817304e-06,-5.327967827835343e-06,0.0,1.8039260677674834e-17,0,0
92,3,1,1,0.8618292228113462,0.1951625561446796,-6.441858307448811e-06,-6.441858307550663e-06,0.0,1.0185147674259334e-16,0,0
92,3,1,0,0.6664975743080717,-0.00016909235859496885,-0.004882388132217974,-0.007057784661885655,0.0021753965296676765,4.336808689942018e-18,0,0
92,0,0,1,0.6242129910444406,-0.04245367562222602,-0.0027973671378241916,-0.002760726240422366,-3.6640897401847455e-05,2.168404344971009e-17,0,0
92,2,0,0,0.6034387112021071,-0.0632279554645595,-0.0027196010900013556,-0.003696038173882413,0.0009764370838810674,1.0408340855860843e-17,0,0
92,1,1,0,0.8155657761650081,0.1488991094983415,-0.0011707515725202233,-0.0012544394996824558,8.36879271620383e-05,1.940721888749053e-16,0,0
92,2,1,1,0.6368873756464775,-0.02977929102018917,4.959340522503464e-05,0.0,4.9593405225035674e-05,1.0367683274392636e-18,1,1
92,3,2,1,0.785553238071863,0.11888657140519632,0.0,0.0,0.0,0.0,0,0
92,1,2,1,0.868995259764836,0.20232859309816942,-0.00016815912186196602,-0.0001618154825108898,-6.343639351082923e-06,6.69494841509799e-18,0,0
92,2,2,1,0.6480560707040262,-0.018610595962640475,-0.002304964010562238,-0.0024524627253443665,0.00014749871478193254,1.95590071916385e-16,0,0
92,3,2,1,0.7341250634366007,0.06745839676993404,-1.6170482457500412e-06,-1.6170482457482972e-06,0.0,1.7440408383966044e-18,0,0
92,1,1,1,0.8216994190988363,0.15503275243216963,-0.0020129577211629446,-0.0021643618665098015,0.00015140414534688514,2.8189256484623115e-17,0,0
92,0,1,0,0.6865049651443271,0.0198382984776605,-0.0009727075025479648,-0.0009602395931096145,-1.2467909438447487e-05,9.71445146547012e-17,0,0
93,3,2,1,0.8557658253716691,0.1890991587050025,-0.0011546362971464608,-0.0011546362971464653,0.0,4.553649124439119e-18,0,0
93,2,2,1,0.680947431568277,0.014280764901610343,-2.4186655991464967e-05,0.0,-2.418665599142608e-05,3.888558854255042e-17,0,0
93,2,0,1,0.8554901632725938,0.18882349660592712,-0.0019426769659485754,-0.0018339931393623978,-0.00010868382658611859,5.898059818321144e-17,0,0
93,0,3,1,0.6849940915673491,0.01832742490068251,-0.0006280643534060659,-0.0006184576193246351,-9.606734081474602e-06,4.380176776841438e-17,0,0
93,3,0,1,0.7619735077517046,0.09530684108503795,-5.0122955068454544e-05,-5.01229550684446e-05,0.0,9.947554932554503e-18,0,0
93,3,2,1,0.8043376507364068,0.1376709840697402,-0.00021136100518776013,-0.00021136100518774858,0.0,1.1546753136970622e-17,0,0
93,1,2,1,0.6992868886560404,0.032620221989373754,-0.0002646099678481062,-0.00023788128496285557,-2.6728682885261117e-05,1.0462550964485118e-17,0,0
93,3,2,0,0.678512608813707,0.011845942147040378,-0.001203078160839588,-0.0011319973400028805,-7.108082083668026e-05,2.7321894746634712e-17,0,0
93,0,0,1,0.6429115744174718,-0.02375509224919481,-0.00016436181054441112,-0.00017065982732188752,6.298016777451286e-06,2.5099280293039428e-17,0,0
93,3,1,1,0.870612604722989,0.20394593805632233,-3.781183861928383e-05,-3.7811838619293326e-05,0.0,9.493545272826198e-18,0,0
93,3,1,1,0.5663701874242095,-0.1002964792424571,0.0,0.0,0.0,0.0,0,0
93,1,3,1,0.7546779272739492,0.0880112606072826,-4.1658702649827184e-05,-3.6192003519886167e-05,-5.466699129959215e-06,1.8201043970600406e-17,0,0
94,2,2,1,0.7870749836524658,0.12040831698579912,-5.206897528808874e-06,-3.924863334945844e-06,-1.2820341939899414e-06,1.2691179352005907e-16,0,0
94,1,0,0,0.8147764707717058,0.14810980410503916,-0.004189583956223486,-0.003931445506571684,-0.0002581384496519503,1.48318857196017e-16,0,0
94,0,3,0,0.5715944044575083,-0.09507226220915832,-0.0018009898931305446,-0.0018415245766310628,4.0534683500427265e-05,9.085614205428527e-17,0,0
94,3,0,1,0.7626076663757226,0.09594099970905601,0.0,0.0,0.0,0.0,0,0
94,1,0,1,0.8351081192342351,0.16844145256756848,7.122080306898315e-06,0.0,7.122080306776329e-06,1.2198629693177532e-16,1,1
94,0,0,1,0.5882371319896162,-0.07842953467705038,-8.54341630884825e-06,-7.036741377234196e-06,-1.5066749318346484e-06,2.2059279045343744e-16,0,0
94,1,1,0,0.6528934867128017,-0.013773179953864956,-0.006999935556199932,-0.007411576670585645,0.00041164111438553677,1.7607443281164592e-16,0,0
94,2,3,0,0.6386720278273971,-0.02799463883926956,-0.0029803543586900405,-0.004107536935553511,0.0011271825768633989,7.112366251504909e-17,0,0
94,3,2,1,0.6733047860030329,0.006638119336366266,-2.4150496582553416e-05,-2.415049658257819e-05,0.0,2.4774019641293776e-17,0,0
94,3,1,1,0.8688399540071469,0.20217328734048023,-0.0010378589766456559,-0.001037858976645642,0.0,1.3877787807814457e-17,0,0
94,1,3,1,0.8306336898893663,0.16396702322269963,4.504358731644009e-05,0.0,4.5043587316498944e-05,5.885184917522879e-17,1,1
94,0,1,1,0.8857279678889849,0.21906130122231826,-0.0005138792773460854,-0.0004785803498670021,-3.529892747921767e-05,1.34332649170954e-16,0,0
95,3,0,1,0.6611559939247453,-0.005510672741921296,-0.004125470556776145,-0.004125470556776155,0.0,9.540979117872439e-18,0,0
95,1,2,1,0.8033473156283952,0.1366806489617286,-7.174426500122788e-05,0.0,-7.174426500155352e-05,3.2564012250602126e-16,0,0
95,1,1,1,0.7602662464976931,0.09359957983102651,-3.7833351422489336e-05,0.0,-3.783335142261801e-05,1.2867446908329527e-16,0,0
95,1,1,0,0.7499178320285673,0.08325116536190069,-0.005835626882395029,-0.0070820404472214365,0.001246413564826051,3.5735303605122226e-16,0,0
95,3,2,1,0.6045144957733608,-0.062152170893305825,-0.00013381518432076245,-0.00013381518432069759,0.0,6.48623949689453e-17,0,0
95,1,2,1,0.5850143389042967,-0.08165232776236997,-3.0666216954688963e-06,0.0,-3.066621695813714e-06,3.4481779546480587e-16,0,0
95,0,3,1,0.8082095815004338,0.14154291483376713,-2.5029346062410696e-06,0.0,-2.5029346064089972e-06,1.6792766992495406e-16,0,0
95,1,3,1,0.5900361569342288,-0.07663050973243779,-0.0001102055019288617,-0.00011550839700276682,5.302895073745025e-06,1.6010955582179687e-16,0,0
95,1,2,1,0.765684930797593,0.0990182641309264,-0.0034933927447995394,-0.003944482623529294,0.0004510898787295945,1.6046192152785466e-16,0,0
95,1,1,1,0.7088380718624309,0.04217140519576423,-0.004455848523015837,-0.004481598467740642,2.574994472439653e-05,4.0852737859253807e-16,0,0
95,1,3,1,0.5957067487867798,-0.07095991787988687,-0.0010369890346361155,-0.001152156871996776,0.00011516783736029278,3.677613769070831e-16,0,0
95,0,0,1,0.8641121854805649,0.19744551881389827,-0.0001718232166872946,-0.00016919136931791158,-2.6318473695405846e-06,1.5756168071645593e-16,0,0
96,3,3,1,0.8491592592441382,0.18249259257747152,-2.4120213016454173e-05,-2.4120213016407335e-05,0.0,4.683753385137379e-17,0,0
96,1,3,1,0.8533962046502614,0.18672953798359482,-0.0003943979996693381,-0.00038302811813705184,-1.136988153216844e-05,1.1779856604055006e-16,0,0
96,2,0,0,0.6243048216389271,-0.04236184502773954,-0.003917920007597608,-0.004836056840857614,0.0009181368332600909,8.586881206085195e-17,0,0
96,0,2,1,0.7630106156838616,0.09634394901719501,-9.201420579818542e-05,-9.595878798672965e-05,3.944582188670482e-06,1.26255342985937e-16,0,0
96,0,3,1,0.6566486707671193,-0.010017995899547327,-0.007903574827577864,-0.00792227993151549,1.8705103937949642e-05,3.226585665316861e-16,0,0
96,1,3,1,0.8076386218675502,0.14097195520088357,7.155855952345469e-06,-4.328401944583645e-06,1.1484257896943061e-05,1.394724450948931e-17,1,1
96,3,1,1,0.5884621395353373,-0.0782045271313293,-0.0039652618643416515,-0.003965261864341595,0.0,5.637851296924623e-17,0,0
96,2,2,1,0.6312597963100439,-0.03540687035662271,-0.0006491830511770047,-0.0005803016346947828,-6.88814164823174e-05,9.551821139597294e-17,0,0
96,3,2,0,0.7481523091434856,0.081485642476819,-0.004092719746779383,-0.005029022262503547,0.0009363025157241988,3.469446951953614e-17,0,0
96,2,3,0,0.8970600032822835,0.2303933366156169,-0.0007316024594150594,-0.0007717424787085469,4.01400192934885e-05,9.75781955236954e-19,0,0
96,2,1,1,0.6163228966100893,-0.05034377005657731,-1.7433513016418267e-05,-2.3493845725899394e-05,6.060332709677586e-06,1.964574336543734e-16,0,0
96,2,2,1,0.6770173790927552,0.010350712426088537,-0.00018495348057601113,-0.00018556104136449486,6.075607884937345e-07,1.0001765041178778e-17,0,0
97,2,0,0,0.8398495588893653,0.17318289222269867,-0.0032596340336087937,-0.0034695414152461483,0.00020990738163735397,4.336808689942018e-19,0,0
97,0,2,1,0.8518589225369178,0.18519225587025112,-8.796448102221799e-05,-8.528799412732335e-05,-2.6764868948353945e-06,5.925164872633282e-17,0,0
97,3,2,1,0.6904274623702344,0.023760795703567816,-0.003359550856219029,-0.003359550856219005,0.0,2.3852447794681098e-17,0,0
97,3,2,1,0.7418556370054967,0.0751889703388301,-0.000218653482786213,-0.0002186534827862307,0.0,1.769960046582586e-17,0,0
97,1,2,0,0.6441640157238963,-0.022502650942770375,-0.005044747869047628,-0.005014981986613274,-2.976588243436398e-05,9.540979117872439e-18,0,0
97,1,3,1,0.8264687685939645,0.15980210192729782,-0.0007214161878769665,-0.0007052706963962336,-1.6145491480753077e-05,2.0166160408230382e-17,0,0
97,2,3,1,0.6093802876675921,-0.057286378999074516,-7.008701382293925e-05,-9.874403463768354e-05,2.8657020814745584e-05,1.3010426069826053e-18,0,0
97,2,1,0,0.8952405975072739,0.2285739308406073,-0.001144589554601727,-0.001235346182396427,9.075662779476569e-05,6.570265165262157e-17,0,0
97,2,1,1,0.7861100510778162,0.11944338441114954,-0.004498290261439497,-0.00454131362249856,4.3023361059002166e-05,6.071532165918825e-17,0,0
97,2,2,0,0.6596362353324975,-0.0070304313341691405,-0.001572088707467667,-0.001998739419029684,0.0004266507115620003,1.6696713456276768e-17,0,0
97,0,1,1,0.8226117955340566,0.15594512886738998,5.506775758168381e-07,0.0,5.506775757851209e-07,3.1717148709937276e-17,1,1
97,0,1,1,0.7768542127513454,0.11018754608467873,-0.0063052867253310385,-0.006164045128112982,-0.00014124159721788236,1.7433970933566911e-16,0,0
98,1,1,1,0.8498177375527607,0.18315107088609406,-0.004121672678055965,-0.004038903965519372,-8.276871253664488e-05,5.117434254131581e-17,0,0
98,3,2,1,0.8919911567103097,0.22532449004364308,-0.002053988572570331,-0.0020539885725703345,0.0,3.469446951953614e-18,0,0
98,0,1,1,0.8637703616320552,0.1971036949653886,-0.000338136853590576,-0.00030029588341219085,-3.784097017835857e-05,2.656295322589486e-17,0,0
98,1,0,1,0.744576251645241,0.07790958497857436,-2.9494387105089004e-05,-3.0169467280239037e-05,6.750801751264569e-07,2.3578009119770704e-17,0,0
98,3,0,1,0.7981988390903452,0.13153217242367854,-0.00010044657543756275,-0.00010044657543755189,0.0,1.0855574252011113e-17,0,0
98,3,3,0,0.7620337808183473,0.09536711415168064,-0.004658609718634965,-0.004773647873315175,0.00011503815468018788,2.2551405187698492e-17,0,0
98,2,2,0,0.6911705225918374,0.024503855925170792,-0.006428303954465753,-0.006498286871014879,6.9982916549131e-05,5.204170427930421e-18,0,0
98,0,1,1,0.7264327464221122,0.05976607975544557,-0.00531783388626883,-0.004706483889042958,-0.0006113499972259653,9.367506770274758e-17,0,0
98,1,0,1,0.881913866855184,0.2152472001885174,-0.003975104470473223,-0.0038732251382634286,-0.00010187933220983692,4.2500725161431774e-17,0,0
98,0,1,0,0.6546729233243207,-0.01199374334234593,-0.009480299643579715,-0.010360607230681726,0.0008803075871018691,1.4224732503009818e-16,0,0
98,2,3,1,0.8078193770157684,0.14115271034910182,-0.0005956877709334396,-0.0005941410102546693,-1.5467606788847158e-06,1.1438332919722072e-16,0,0
98,1,3,1,0.8636736477058553,0.19700698103918868,-5.27455258675924e-05,-5.509424567398448e-05,2.3487198063833088e-06,8.768485069976517e-18,0,0
99,3,3,0,0.878269529337592,0.21160286267092532,-0.00016508111812069126,-0.00011807540668220408,-4.700571143850902e-05,2.1846673775582914e-17,0,0
99,1,3,1,0.8233602041549423,0.15669353748827564,-2.2818832931204014e-05,-2.1348040727382194e-05,-1.47079220369338e-06,1.2844068798985309e-16,0,0
99,2,1,0,0.7650684546830758,0.0984017880164092,-0.003226336836964494,-0.003199658377802475,-2.6678459161950016e-05,6.938893903907228e-17,0,0
99,1,2,1,0.8137267483197448,0.14706008165307816,1.6793556371408336e-05,-2.2730690034748177e-05,3.952424640611842e-05,3.8092765703920395e-17,1,1
99,3,1,1,0.7188312672820947,0.05216460061542805,-0.0027180188172701847,-0.002718018817270177,0.0,7.806255641895632e-18,0,0
99,3,0,1,0.5668413968679592,-0.09982526979870743,-0.0001401712108716202,-0.00014017121087153242,0.0,8.779327091701372e-17,0,0
99,1,0,1,0.7042628080943281,0.037596141427661434,-7.621352487496846e-06,-1.909897071733857e-06,-5.7114554155964925e-06,1.6649703127704155e-16,0,0
99,2,2,1,0.8440549242762045,0.1773882576095379,-0.003047903869869195,-0.003438828562341139,0.0003909246924721695,2.255140518769849e-16,0,0
99,0,2,1,0.8124525342398445,0.1457858675731779,-0.0051942386250380945,-0.005536278076876161,0.0003420394518381904,1.240327285323417e-16,0,0
99,2,1,1,0.8908934966057758,0.22422682993910914,-0.0013574324217759948,-0.0012915732298925695,-6.585919188329507e-05,1.3032110113275763e-16,0,0
99,1,3,1,0.6860225889449992,0.019355922278332605,-2.092986284846221e-05,-2.3033358399043097e-05,2.1034955507258386e-06,1.449510541977339e-16,0,0
99,3,2,1,0.8935793597701889,0.22691269310352224,-0.00010021059382575581,-0.00010021059382574281,0.0,1.2996873542669984e-17,0,0
100,1,0,0,0.7254486808845422,0.058782014217875544,-0.0020880542541061864,-0.0028145065926092386,0.0007264523385033953,3.430415673744136e-16,0,0
100,2,3,1,0.7983088895441752,0.1316422228775086,-0.005103962411917129,-0.005074718515412373,-2.9243896504523563e-05,2.3245294578089215e-16,0,0
100,2,0,1,0.8779605173221697,0.2112938506555031,-9.780475091036855e-06,-1.0156486334167656e-05,3.760112431834666e-07,5.2666814594377886e-17,0,0
100,0,1,1,0.7964001780018211,0.12973351133515443,-2.818540295934646e-06,-6.845888056484297e-06,4.027347760634343e-06,8.469228329711573e-17,0,0
100,0,0,1,0.6082831619792346,-0.05838350468743203,-0.004705731465218466,-0.004517974079265827,-0.00018775738595247534,1.6393136847980827e-16,0,0
100,1,2,1,0.8936378657919444,0.22697119912527774,4.834511885820625e-06,0.0,4.8345118859348184e-06,1.1419359381703575e-16,1,1
100,2,1,1,0.8116855633355877,0.1450188966689211,-4.401357151628815e-06,0.0,-4.401357151467537e-06,1.612784612890078e-16,0,0
100,2,2,0,0.7112272219991376,0.04456055533247094,-0.002087066579771535,-0.0018889054198540484,-0.00019816115991734835,1.3791051634015616e-16,0,0
100,3,2,1,0.6184466236313914,-0.04822004303527527,-0.0021782329400228395,-0.0021782329400227406,0.0,9.8879238130678e-17,0,0
100,3,3,0,0.5598038165154411,-0.10686285015122554,-0.0024776083482322964,-0.002580385173627926,0.00010277682539570973,8.023096076392733e-17,0,0
100,2,0,1,0.5737181000233903,-0.09294856664327633,-7.876238483639497e-08,0.0,-7.876238472551015e-08,1.1088481842726444e-16,0,0
100,0,1,0,0.7679733315873829,0.10130666492071627,-0.0007042598884999807,-0.0009067588212393785,0.00020249893273972458,3.2677853478713104e-16,0,0
101,0,1,1,0.761676659449394,0.09500999278272737,-5.055528240149876e-06,0.0,-5.055528239992686e-06,1.571898332526113e-16,0,0
101,2,0,1,0.8417811784524893,0.1751145117858227,-6.864974269915614e-05,-6.960488872156835e-05,9.551460225465426e-07,1.34332649170954e-16,0,0
101,2,1,1,0.7297486416831959,0.06308197501652923,-0.002590759456025493,-0.0026020258269292837,1.1266370903782395e-05,8.239936510889834e-18,0,0
101,2,3,1,0.6027833764797038,-0.06388329018696282,-0.0009542488280370742,-0.0008543494070761166,-9.989942096075342e-05,2.0415526907902048e-16,0,0
101,3,3,1,0.5731027356868383,-0.09356393097982829,0.0,0.0,0.0,0.0,0,0
101,2,1,1,0.5685144314469105,-0.09815223521975613,-7.75341481330516e-05,-7.792670759264268e-05,3.925594598474254e-07,2.563324986298854e-16,0,0
101,1,1,1,0.6627624181478198,-0.0039042485188468534,-0.002563107981073065,-0.0028410028724653613,0.0002778948913924008,1.0451708942760263e-16,0,0
101,1,0,0,0.8856115565136102,0.2189448898469436,-0.001063919903983468,-0.00109380021171146,2.9880307728165973e-05,1.739060284666749e-16,0,0
101,1,1,0,0.7660025950907736,0.09933592842410699,-0.006062852561424026,-0.006764155163440003,0.0007013026020160109,3.382710778154774e-17,0,0
101,3,0,1,0.8139204213777371,0.1472537547110705,-6.06918204821838e-05,-6.069182048221226e-05,0.0,2.846030702774449e-17,0,0
101,3,2,1,0.5691398717041919,-0.09752679496247474,-5.7772782674159195e-05,-5.777278267408351e-05,0.0,7.568408790306624e-17,0,0
101,1,0,1,0.5640384028465577,-0.10262826382010892,-7.13106631988758e-06,-6.87045089012199e-06,-2.6061542977539043e-07,9.800171199732255e-18,0,0
102,1,0,1,0.7514721241899469,0.08480545752328028,-0.0025221893523009187,-0.002687610589363272,0.00016542123706227466,7.892991815694472e-17,0,0
102,1,3,1,0.5762806186630113,-0.09038604800365535,-6.566710695043998e-05,-7.325080871616216e-05,7.583701765717979e-06,4.20128341838133e-18,0,0
102,2,0,0,0.8683646370233886,0.201697970356722,-0.001578518165264886,-0.0015160622165722463,-6.245594869268935e-05,4.96564594998361e-17,0,0
102,2,2,0,0.7357287799673455,0.0690621133006789,-0.0036593051604013604,-0.005002145522119037,0.0013428403617176308,4.5536491244391186e-17,0,0
102,0,2,0,0.7264729416408746,0.059806274974207985,-0.005441202127657974,-0.006001997206734311,0.0005607950790764138,7.632783294297951e-17,0,0
102,1,1,1,0.5616253447978817,-0.1050413218687849,-0.00046444934619921385,-0.0004693091647285096,4.859818529287645e-06,8.077306185017008e-18,0,0
102,1,0,0,0.7868812925035323,0.12021462583686571,-0.0019815046468998343,-0.0023680096477409897,0.0003865050008411163,3.903127820947816e-17,0,0
102,3,3,1,0.6479699996295316,-0.018696667037135017,-0.00115056434914107,-0.0011505643491411008,0.0,3.0791341698588326e-17,0,0
102,2,3,1,0.7468842409311058,0.0802175742644392,-0.0020465965522550866,-0.0019259225466107509,-0.0001206740056443094,2.6454533008646308e-17,0,0
102,0,1,1,0.5724533638852773,-0.09421330278138929,-5.7821480871078634e-06,0.0,-5.782148087248453e-06,1.4058968155232152e-16,0,0
102,2,2,1,0.7560604284298748,0.08939376176320812,-0.004479215655260715,-0.0046805943759479765,0.0002013787206873029,4.163336342344337e-17,0,0
102,0,3,1,0.781722308958816,0.11505564229214937,-0.00020171865723361826,-0.00021883539812442241,1.7116740890836735e-05,3.258027528318941e-17,0,0
103,1,1,0,0.8234373977928044,0.15677073112613782,-0.003117845778642603,-0.0030250302008698075,-9.28155777727613e-05,3.382710778154774e-17,0,0
103,3,3,0,0.7958523028171278,0.1291856361504612,-0.005624485863950479,-0.00569760965564738,7.312379169683192e-05,6.938893903907228e-17,0,0
103,0,1,1,0.5654507035309102,-0.10121596313575643,-0.0008463357790858272,-0.0008212168435369748,-2.5118935548827392e-05,2.5045070184415152e-17,0,0
103,1,3,1,0.8442263145917622,0.1775596479250956,2.6168653367020234e-06,0.0,2.616865336786852e-06,8.482865560162367e-17,1,1
103,0,1,0,0.8552518418536643,0.1885851751869977,-0.0010415397203439314,-0.0012462572663585357,0.00020471754601466673,6.245004513516506e-17,0,0
103,1,3,1,0.8899838973744736,0.22331723070780696,-0.00028515828722319725,-0.00021992170409627283,-6.52365831269061e-05,1.8323016715005025e-17,0,0
103,3,0,1,0.8121309669483758,0.1454643002817092,-0.0014498634709315117,-0.0014498634709315154,0.0,3.686287386450715e-18,0,0
103,2,2,0,0.828674475855351,0.1620078091886844,-0.002993956152333499,-0.003516456205395258,0.0005225000530617548,4.336808689942018e-18,0,0
103,3,1,1,0.8888642200242878,0.22219755335762115,-3.528490925081007e-05,-3.5284909250798625e-05,0.0,1.1445109183300106e-17,0,0
103,0,2,1,0.7535677195534967,0.08690105288683003,-1.0325077384409909e-05,0.0,-1.032507738436343e-05,4.647839188173797e-17,0,0
103,0,3,0,0.5671383154967656,-0.099528351169901,-0.0033156870045583653,-0.004119149581444337,0.0008034625768858414,1.3010426069826053e-16,0,0
103,1,0,0,0.8103203818109632,0.1436537151442966,-0.004976544503960401,-0.005067671773651261,9.112726969082441e-05,3.642919299551295e-17,0,0
104,0,2,1,0.8263846620978752,0.15971799543120857,-0.0014412658041561555,-0.0014467157904320667,5.449986276017179e-06,1.0603497246908233e-16,0,0
104,1,0,1,0.6866531554578462,0.01998648879117959,-4.669389113992617e-05,-6.47878128943039e-05,1.80939217544262e-05,4.846383711010205e-17,0,0
104,2,1,1,0.6921632395922587,0.025496572925592043,-0.0022531822401495316,-0.002182756551072614,-7.042568907677782e-05,1.4007892068512717e-16,0,0
104,0,3,0,0.8019206796660835,0.13525401299941686,-0.0031112752486855966,-0.003513368948613031,0.0004020936999274813,4.683753385137379e-17,0,0
104,0,2,1,0.5999564874218676,-0.06671017924479905,-2.915593269375849e-05,-3.540612383415668e-05,6.250191140454502e-06,5.631075033346589e-17,0,0
104,2,3,1,0.819675893480814,0.15300922681414741,-0.0039774682064041555,-0.004103411745834781,0.0001259435394305588,6.591949208711867e-17,0,0
104,0,3,1,0.6986805027231296,0.03201383605646302,8.689597764843793e-06,0.0,8.689597764831004e-06,1.2788503437645427e-17,1,1
104,0,1,1,0.703893826239252,0.03722715957258538,-0.00014285431783667146,-0.00013628175493483367,-6.572562901961557e-06,1.2376167798922033e-16,0,0
104,1,1,1,0.6798837772989376,0.013217110632270934,-0.0013480034409741326,-0.0013846675497843522,3.6664108810190804e-05,2.883977778811442e-17,0,0
104,3,0,0,0.8248348770255305,0.15816821035886386,-0.0031707829170316004,-0.00403523091937521,0.0008644480023436063,3.469446951953614e-18,0,0
104,2,2,0,0.846182817347856,0.17951615068118942,-0.0026677340170972452,-0.0026674512383422075,-2.8277875506273653e-07,2.5153490401663703e-17,0,0
104,2,1,1,0.6864926477397076,0.01982598107304101,-8.49317263357241e-06,0.0,-8.493172633547689e-06,2.472150359856401e-17,0,0
105,0,3,1,0.7536908077084671,0.08702414104180045,-0.0006124227455283071,-0.0006596903322055707,4.7267586677347504e-05,8.391724815037804e-17,0,0
105,3,1,1,0.6833704732086907,0.01670380654202408,-0.002281184898857258,-0.0022811848988572676,0.0,9.540979117872439e-18,0,0
105,3,1,1,0.5517034498512986,-0.11496321681536803,0.0,0.0,0.0,0.0,0,0
105,2,1,1,0.6090748799054593,-0.05759178676120735,-0.004656010440777569,-0.004166042581486758,-0.0004899678592908711,5.984795992119984e-17,0,0
105,0,1,1,0.6950681164965659,0.028401449829899228,-0.0014276704792098305,-0.0017837482921779846,0.0003560778129682822,1.2793585635328952e-16,0,0
105,1,0,0,0.7592672028833225,0.09260053621665587,-0.0015343872055960661,-0.0013876719435270402,-0.00014671526206904301,1.713039432527097e-17,0,0
105,1,3,1,0.6942588349558084,0.027592168289141794,1.8157897863080308e-05,0.0,1.815789786302652e-05,5.378659215064807e-17,1,1
105,0,3,1,0.7593613995610181,0.09269473289435148,3.849934709054814e-05,0.0,3.8499347090468615e-05,7.952622935181175e-17,1,1
105,2,2,0,0.6998750868369534,0.0332084201702868,-0.0015022023220251368,-0.0012723128991570872,-0.0002298894228681214,7.177418381854039e-17,0,0
105,2,0,1,0.6640086501869393,-0.0026580164797272987,2.4551105648362714e-05,0.0,2.455110564827894e-05,8.377494661523932e-17,1,1
105,1,2,0,0.5790538793264548,-0.08761278734021183,-0.0024070228572243835,-0.002870798577960741,0.00046377572073654,1.8257964584655895e-16,0,0
105,1,3,1,0.8830246248010138,0.21635795813434722,-0.004126809418438182,-0.003826408191797417,-0.00030040122664063996,1.249000902703301e-16,0,0
106,2,3,1,0.7346167378906665,0.06795007122399987,4.182575989220005e-06,0.0,4.182575989223458e-06,3.452506293008528e-18,1,1
106,1,2,1,0.6383833873524292,-0.028283279314237464,-5.4551266804647724e-05,-5.802874935608303e-05,3.477482551527855e-06,9.255020794879387e-17,0,0
106,0,3,0,0.7128336462222118,0.04616697955554516,-0.00010779161964791228,-4.693135623423641e-05,-6.086026341360207e-05,7.380706289195071e-17,0,0
106,0,3,1,0.7231820606913376,0.056515394024670984,-0.0002762327637386708,-0.00028595557249114944,9.722808752536352e-06,5.767955557622884e-17,0,0
106,1,3,1,0.6931875003485912,0.026520833681924594,-5.4415001187191336e-05,-7.773309308065298e-05,2.3318091893496775e-05,3.513492665210838e-17,0,0
106,0,2,1,0.8427910221141742,0.1761243554475076,-0.0012569783267717405,-0.0012636109687185605,6.632641946838565e-06,1.8431436932253575e-17,0,0
106,3,2,1,0.7108585965030032,0.044191929836336574,-3.53610187222575e-05,-3.536101872220769e-05,0.0,4.980553729855286e-17,0,0
106,0,1,1,0.5533953841667146,-0.113271282499952,-1.0317974146190068e-06,0.0,-1.031797414540508e-06,7.849877838679228e-17,0,0
106,0,2,0,0.6655378055562121,-0.0011288611104545154,-0.0018754058350070046,-0.002016492497963364,0.00014108666295627856,8.088148206741863e-17,0,0
106,1,1,1,0.6965809401466001,0.029914273479933473,-0.0011739335800189377,-0.0013559723865572098,0.00018203880653829362,2.1467203015212988e-17,0,0
106,0,0,1,0.6296713689061979,-0.036995297760468726,-9.265319633855462e-06,-9.016465439664452e-06,-2.4885419410349274e-07,8.751713817620882e-17,0,0
106,3,1,1,0.6600791956903598,-0.006587470976306853,-4.7096553344117e-05,-4.709655334421679e-05,0.0,9.979403371371265e-17,0,0
107,1,2,1,0.8358181394487196,0.169151472782053,-0.0016469772634025714,-0.0017604076675638777,0.00011343040416111484,1.9147010366094008e-16,0,0
107,1,3,1,0.8968797699191793,0.23021310325251265,-6.240904652682344e-05,-6.518724684099115e-05,2.7782003141210846e-06,4.662069341687669e-17,0,0
107,0,1,0,0.5745812569569287,-0.09208540970973789,-0.0015403620453423028,-0.0019779219375824293,0.00043755989224006646,6.006480035569695e-17,0,0
107,1,0,0,0.600529157300603,-0.06613750936606366,-0.003320542175691832,-0.0037349151075713465,0.0004143729318794392,7.546047120499111e-17,0,0
107,3,3,1,0.5671409761689467,-0.09952569049771998,-0.0015835554509044947,-0.0015835554509044697,0.0,2.4936649967166602e-17,0,0
107,3,0,1,0.8931071727636986,0.22644050609703192,-0.0001654742134619136,-0.00016547421346195344,0.0,3.984442983884229e-17,0,0
107,1,3,1,0.7081139800739741,0.04144731340730745,-0.003082246377808573,-0.003242446841417647,0.00016020046360898523,8.890457814381136e-17,0,0
107,2,3,0,0.711349749171955,0.04468308250528841,-0.005662485388949368,-0.005783762731770735,0.00012127734282136595,8.673617379884035e-19,0,0
107,2,0,1,0.755592208636364,0.08892554196969737,-3.231285678012563e-05,-3.77363397373524e-05,5.4234829573644145e-06,1.3764624206061282e-16,0,0
107,2,0,1,0.8013497914190753,0.13468312475240862,-0.0024891942759948105,-0.002352157967982155,-0.00013703630801262088,3.469446951953614e-17,0,0
107,2,3,1,0.837174791094655,0.17050812442798835,-0.00013555292754108272,-0.00012268929299934046,-1.2863634541721817e-05,2.043721095135176e-17,0,0
107,0,1,1,0.7141720886840885,0.04750542201742192,-0.0005731989662723924,-0.0005880036186823637,1.480465240998474e-05,1.3444106938820255e-17,0,0
108,0,2,1,0.6501853366499267,-0.016481330016739903,-2.5862557502809302e-06,0.0,-2.586255750280425e-06,5.052551530371902e-19,0,0
108,3,3,1,0.5820981027633181,-0.08456856390334855,-0.003707499758335897,-0.0037074997583359435,0.0,4.640385298237959e-17,0,0
108,0,3,1,0.8326317608199623,0.16596509415329563,-7.676306107601283e-05,-5.9700517608739576e-05,-1.706254346737742e-05,1.0416472372154484e-16,0,0
108,1,1,1,0.8539752547638433,0.18730858809717665,-0.0014590076448038336,-0.0016827527029244272,0.00022374505812062276,2.905661822261152e-17,0,0
108,0,0,1,0.6021506018126734,-0.0645160648539932,-1.4290492098056884e-05,-9.413754722231425e-06,-4.8767373757029315e-06,1.2252839801801807e-16,0,0
108,0,1,0,0.6644425759125601,-0.002224090754106567,-0.0025258639205839595,-0.003308966455028904,0.0007831025344449999,5.551115123125783e-17,0,0
108,2,0,1,0.753231952747617,0.08656528608095038,-3.8309681418879915e-05,0.0,-3.830968141884529e-05,3.46267068837558e-17,0,0
108,3,1,0,0.8033911864863222,0.1367245198196556,-0.0039826918925971455,-0.004541832850101279,0.000559140957504122,1.214306433183765e-17,0,0
108,3,3,0,0.6231778629294545,-0.04348880373721209,-0.0026626673651068966,-0.004221178864404487,0.00155851149929748,1.1058862159352145e-16,0,0
108,2,3,1,0.8585635590037712,0.1918968923371046,-0.0008041786624002345,-0.0007101572522250352,-9.402141017507672e-05,1.22514845490862e-16,0,0
108,0,1,1,0.7902676178352599,0.12360095116859326,-0.002825252145184809,-0.0030103471564939437,0.00018509501130915064,1.6046192152785466e-17,0,0
108,0,0,0,0.8919517401354276,0.22528507346876092,-0.0021498125534396006,-0.002699872815475861,0.0005500602620362753,1.474514954580286e-17,0,0
109,0,2,1,0.5524772066512326,-0.11418946001543406,-0.005536693517979585,-0.00511841133771313,-0.00041828218026680367,3.4867941867133823e-16,0,0
109,1,3,1,0.8377313930396297,0.1710647263729631,-0.0001266482909912936,-0.00014884241534962492,2.2194124358311417e-05,1.9895109865109006e-17,0,0
109,1,0,1,0.8322523066732689,0.16558564000660225,-0.00042512866790223036,-0.0004055764026425551,-1.9552265259901106e-05,2.2583931252873057e-16,0,0
109,0,3,0,0.5552458081639479,-0.11142085850271877,-0.00012402364508634633,-0.00012502388352864945,1.000238442027884e-06,2.752247214854453e-16,0,0
109,2,2,1,0.8190351850397501,0.15236851837308352,-3.725330233328439e-05,-4.396555857505383e-05,6.71225624162585e-06,1.43589025218549e-16,0,0
109,1,0,1,0.7005852833158768,0.03391861664921014,-0.0003033960147449388,-0.00030475004190332267,1.3540271581988483e-06,1.8501910073465133e-16,0,0
109,2,1,1,0.8534042951309598,0.1867376284642932,1.003329788473728e-06,0.0,1.00332978830475e-06,1.689779907795494e-16,1,1
109,0,0,0,0.5734860273132767,-0.09318063935338994,-0.0009623144847560328,-0.0011103228816171295,0.00014800839686087078,2.259477327459791e-16,0,0
109,1,1,1,0.7559763219337856,0.08930965526711898,1.2918283396112784e-05,-8.37690257773619e-06,2.1295185973732337e-05,1.1663813090281167e-16,1,1
109,2,3,1,0.7584308229057191,0.09176415623905243,-0.0004937913758406021,-0.0004520375546076313,-4.1753821233107605e-05,1.3682631416767066e-16,0,0
109,3,1,1,0.7992255026007131,0.1325588359340465,-0.00024955959998018695,-0.0002495595999802067,0.0,1.973247953923618e-17,0,0
109,3,3,1,0.8359190537328643,0.16925238706619772,-1.786725043284587e-05,-1.7867250432865414e-05,0.0,1.9542744159051217e-17,0,0
110,0,0,1,0.8732090878005161,0.20654242113384946,-2.7102605039963645e-05,-2.5736139706731263e-05,-1.3664653332433675e-06,1.0984323259993767e-17,0,0
110,0,3,1,0.7593608385788652,0.09269417191219853,-0.001636777674188461,-0.0009579243798689664,-0.0006788532943195097,1.5178830414797062e-17,0,0
110,1,3,0,0.8052295854676584,0.1385629188009918,-0.0024356479981872403,-0.003336722421541064,0.0009010744233539523,1.2836953722228372e-16,0,0
110,3,0,1,0.845252896285442,0.17858622961877535,-0.00023888939183236424,-0.0002388893918323759,0.0,1.1655173354219173e-17,0,0
110,2,0,1,0.6228622640187066,-0.04380440264796004,-0.003143252031676702,-0.0029404808908936684,-0.00020277114078299944,3.426078865054194e-17,0,0
110,0,3,1,0.7536902467263141,0.0870235800596475,-4.2094785693835846e-06,0.0,-4.209478569163622e-06,2.1996259794068024e-16,0,0
110,3,2,0,0.5967455130179287,-0.06992115364873797,-0.001991872690653651,-0.0023812323564621277,0.00038935966580846027,1.6479873021779667e-17,0,0
110,1,3,1,0.6505612338894422,-0.016105432777224427,-0.002675050952170077,-0.0037657245003917257,0.0010906735482217977,1.491862189340054e-16,0,0
110,3,2,1,0.6650395727285743,-0.00162709393809235,-0.003611642061830178,-0.003611642061830183,0.0,4.7704895589362195e-18,0,0
110,2,2,1,0.8458969988967052,0.1792303322300386,-3.932357224378791e-05,-3.669596758122807e-05,-2.627604662541141e-06,1.8695711211796917e-17,0,0
110,1,3,1,0.7019894085247045,0.035322741858037854,-7.090349706306842e-05,-4.82797607846678e-05,-2.2623736278308935e-05,9.169639873796154e-17,0,0
110,3,3,1,0.6700613907585063,0.003394724091839718,-0.0024403551500457032,-0.0024403551500456755,0.0,2.7755575615628914e-17,0,0
111,1,3,1,0.5914380272131968,-0.0752286394534698,-0.00024837152923495864,-0.00023140856948816296,-1.6962959746853366e-05,5.767955557622884e-17,0,0
111,2,3,1,0.5574187546869318,-0.10924791197973482,-4.382644228784205e-05,-5.9450554694982846e-05,1.5624112407100275e-05,4.052205619664573e-17,0,0
111,0,2,1,0.592632590465395,-0.07403407620127167,-1.6922491752335844e-07,0.0,-1.692249174775665e-07,4.579195108732716e-17,0,0
111,1,1,1,0.8592066710137778,0.19254000434711116,-0.00010848452155132193,-0.00011385432755704088,5.36980600572999e-06,1.1045309632196076e-17,0,0
111,1,2,1,0.7847683667519056,0.11810170008523901,-4.7949787399970134e-05,-4.295311177804292e-05,-4.996675621770571e-06,1.5664688513342129e-16,0,0
111,2,1,1,0.7799061008798671,0.11323943421320048,-1.78709195464144e-05,-2.1375038651949664e-05,3.5041191055761147e-06,4.0850704980180397e-17,0,0
111,3,2,1,0.6814577476776805,0.014791081011013896,-2.0297404798474972e-05,-2.0297404798295574e-05,0.0,1.793981900966718e-16,0,0
111,0,1,1,0.6052923381108075,-0.061374328555859115,-9.213389037254771e-07,0.0,-9.213389038432391e-07,1.1776203774469972e-16,0,0
111,2,3,1,0.6947563698968748,0.028089703230208207,-0.007255989946007069,-0.0070894437298330915,-0.00016654621617400345,2.6020852139652106e-17,0,0
111,2,2,0,0.8306371136406989,0.1639704469740323,-0.003937229932634012,-0.0047873952624631465,0.0008501653298292072,7.28583859910259e-17,0,0
111,3,1,0,0.6841362288417612,0.017469562175094544,-0.0025339700671189735,-0.003363702771617656,0.0008297327044987476,6.505213034913027e-17,0,0
111,0,2,0,0.8072565303550234,0.1405898636883568,-0.0004937608000827876,-0.0005180761549471629,2.431535486424719e-05,1.2815269678778662e-16,0,0
112,0,1,1,0.7984279835942266,0.13176131692756,-0.00019860193510135016,-0.00022617402940407986,2.757209430276536e-05,3.5670251474773096e-17,0,0
112,1,3,1,0.5551413058431682,-0.1115253608234984,-0.0009847149965369062,-0.0009946225047366543,9.907508199727172e-06,2.0816681711721685e-17,0,0
112,3,3,1,0.8757645030565944,0.20909783638992774,-0.0014468835789982482,-0.0014468835789982338,0.0,1.431146867680866e-17,0,0
112,0,2,1,0.7854010879610203,0.11873442129435363,-6.9355237862223085e-06,0.0,-6.93552378632756e-06,1.052514669928721e-16,0,0
112,2,3,1,0.6366246503630245,-0.030042016303642116,1.7840798592350104e-06,0.0,1.7840798593048653e-06,6.985480716006215e-17,1,1
112,2,1,1,0.5960803910964356,-0.070586275570231,-0.004084256361492011,-0.004124627150890914,4.0370789398945484e-05,4.2500725161431774e-17,0,0
112,1,3,1,0.8593837231419477,0.19271705647528103,-9.822752787141953e-05,-0.00010558116298363098,7.353635112181645e-06,2.9802007216195303e-17,0,0
112,0,0,1,0.6474289149039958,-0.01923775176267084,-6.560894709367604e-05,-6.386811942962551e-05,-1.740827664013485e-06,3.7039056717536045e-17,0,0
112,2,2,1,0.6035268152257257,-0.06313985144094092,-2.1481423251146214e-05,-1.781455116552805e-05,-3.666872085547253e-06,7.091359834413002e-17,0,0
112,2,3,1,0.5851964757277622,-0.0814701909389044,-1.7594359418060534e-05,-1.7383380865127176e-05,-2.1097855295088571e-07,1.7526805744585983e-17,0,0
112,0,1,0,0.73822912183549,0.07156245516882342,-0.0004589849015359526,-0.00030284953990436037,-0.00015613536163171758,1.2533377113932431e-16,0,0
112,2,3,0,0.8749976140505163,0.20833094738384972,-0.0006740342034236568,-0.0010100963747438328,0.0003360621713201932,1.723881454251952e-17,0,0
113,2,1,0,0.657093098854435,-0.00957356781223162,-0.0015193044589231763,-0.002222423549672843,0.0007031190907497689,1.0213184464813452e-16,0,0
113,1,1,1,0.8802855044324616,0.21361883776579493,-0.0015552080222959175,-0.0015495707609785522,-5.637261317303666e-06,6.158268339717665e-17,0,0
113,0,0,1,0.6440465250038651,-0.022620141662801574,5.946874612305919e-06,-5.984414337169601e-05,6.579101798410668e-05,1.0475425865283383e-16,1,1
113,3,0,0,0.8925106267543768,0.22584396008771013,-0.0013732234323783898,-0.001550355361196285,0.00017713192881793253,3.7513395167998453e-17,0,0
113,0,2,0,0.8492423698420735,0.18257570317540683,-0.002395132093799268,-0.0026939745394057467,0.0002988424456064897,1.1275702593849246e-17,0,0
113,2,3,0,0.8744572418798826,0.20779057521321598,-4.872066400041231e-06,-0.0005119851080144623,0.000507113041614519,9.790345617544105e-17,0,0
113,0,3,1,0.8465638886779929,0.1798972220113263,-0.000507916416941756,-0.0004514236165402969,-5.6492800401452975e-05,6.179952383167375e-18,0,0
113,1,3,0,0.7453964308592017,0.07872976419253508,-0.005430157896808174,-0.007080309382306644,0.0016501514854985523,8.326672684688674e-17,0,0
113,0,0,1,0.6898041077865763,0.023137441119909674,1.2202131562666363e-05,0.0,1.2202131562754099e-05,8.773567267660043e-17,1,1
113,2,2,1,0.839764999712297,0.17309833304563038,2.4721534483518326e-05,0.0,2.472153448361141e-05,9.308553277145859e-17,1,1
113,3,2,1,0.7858770100134139,0.1192103433467473,-0.0028264657900499146,-0.002826465790049902,0.0,1.2576745200831851e-17,0,0
113,3,3,1,0.7710302306620941,0.10436356399542746,-1.0807317806171834e-05,-1.0807317806133627e-05,0.0,3.820796218474698e-17,0,0
114,2,1,1,0.6070891653320495,-0.059577501334617144,-0.00010736148964196612,-0.00010246598733752317,-4.895502304727371e-06,2.8441333489725995e-16,0,0
114,3,0,1,0.7107832757664806,0.044116609099813964,-0.0030443364224453373,-0.0030443364224453217,0.0,1.5612511283791264e-17,0,0
114,1,2,1,0.7191204226154649,0.05245375594879831,-0.005841857508384007,-0.006189310478735936,0.0003474529703516951,2.3418766925686896e-16,0,0
114,2,1,1,0.6528467481147607,-0.013819918551905896,9.090175777159981e-06,0.0,9.090175777144755e-06,1.5226264259843303e-17,1,1
114,2,2,1,0.7295800011906727,0.06291333452400605,-1.4397285005574023e-05,0.0,-1.439728500567116e-05,9.713604432522865e-17,0,0
114,3,1,1,0.805656582933305,0.13898991626663837,-5.612254161196928e-05,-5.612254161200543e-05,0.0,3.615136618881354e-17,0,0
114,1,2,0,0.8681181823411301,0.2014515156744635,-0.0019112719737975348,-0.002482941863532116,0.0005716698897343601,2.209604027525458e-16,0,0
114,0,2,0,0.5640573712797038,-0.10260929538696284,-0.00031288899630521616,-0.00027408285133826674,-3.880614496700517e-05,5.572799166575493e-17,0,0
114,1,1,1,0.5767609893755897,-0.0899056772910769,-7.795749415617781e-06,-1.0012412754894648e-05,2.216663339228156e-06,4.8711170730700304e-17,0,0
114,0,1,1,0.8019149499716971,0.13524828330503047,-0.009914039889769355,-0.009619958216830038,-0.00029408167293946,1.4224732503009818e-16,0,0
114,0,0,1,0.571523911313043,-0.0951427553536236,-0.0011680121813354427,-0.0012924643628449892,0.0001244521815093303,2.1618991319360958e-16,0,0
114,2,2,1,0.7239094093381216,0.057242742671455016,-7.647965014512259e-05,-7.169682339416694e-05,-4.782826751131478e-06,1.7581693479568061e-16,0,0
115,3,3,1,0.5610084160023855,-0.10565825066428114,-1.5627716786259516e-05,-1.5627716786259875e-05,0.0,3.5914196963582334e-19,0,0
115,1,3,1,0.6585626139325469,-0.008104052734119738,-6.154971571453727e-05,-8.24270315035015e-05,2.0877315789007225e-05,4.298861613905025e-17,0,0
115,0,0,1,0.8101867018989722,0.1435200352323056,-1.1865817927059208e-05,-1.217080535512868e-05,3.049874279403625e-07,1.2910814995228947e-16,0,0
115,2,0,1,0.5825548463809664,-0.08411182028570019,7.977997801833503e-07,0.0,7.977997801364579e-07,4.689237923470851e-17,1,1
115,0,1,1,0.648303717840068,-0.018362948826598613,-0.0031793660938640445,-0.002818405164452762,-0.000360960929411307,2.47198095326695e-17,0,0
115,0,3,1,0.6825726628728613,0.015905996206194706,-6.181546123473769e-06,0.0,-6.181546123530042e-06,5.627263385083944e-17,0,0
115,2,1,1,0.5695279507477601,-0.09713871591890655,-1.1163473835285043e-05,-1.062911003408552e-05,-5.343638012480286e-07,4.8504494691570255e-17,0,0
115,0,3,1,0.8199102780828044,0.15324361141613774,-0.00516790350574009,-0.005233318254950299,6.541474921002146e-05,1.8735013540549517e-16,0,0
115,3,1,1,0.6176499141537701,-0.0490167525128965,-0.0011830809283219779,-0.0011830809283220234,0.0,4.5536491244391186e-17,0,0
115,0,0,0,0.6290530589243987,-0.03761360774226796,-2.069259950604474e-05,-2.4079149390552725e-05,3.3865498843435813e-06,1.6440231879848166e-16,0,0
115,1,3,0,0.7618027908755007,0.0951361242088341,-0.0019493637860085733,-0.002357394590896298,0.00040803080488763645,8.847089727481716e-17,0,0
115,3,0,1,0.8074966935458353,0.14083002687916868,0.0,0.0,0.0,0.0,0,0
116,3,1,1,0.6147145738975878,-0.05195209276907886,-2.2763313418106e-06,-2.2763313418552917e-06,0.0,4.469157587950502e-17,0,0
116,0,2,1,0.7343513152642063,0.06768464859753964,-0.0004462908420828082,-0.00047708925276617543,3.079841068350175e-05,1.345494896054511e-16,0,0
116,0,3,0,0.892251319436415,0.22558465276974837,-0.00015690094914616592,-0.00014704480011133863,-9.856149034852027e-06,2.47198095326695e-17,0,0
116,0,3,1,0.6680763612776242,0.0014096946109575237,-0.0002964924877101871,-0.0002605377154711633,-3.5954772238950224e-05,7.356311740314148e-17,0,0
116,2,3,1,0.6335112993217799,-0.03315536734488678,5.389705506009257e-06,0.0,5.389705506022904e-06,1.3647394846161287e-17,1,1
116,0,1,1,0.6771403929281842,0.010473726261517546,-2.2253008521821993e-05,-2.110759441288934e-05,-1.1454141089288258e-06,3.8285889215894375e-18,0,0
116,1,2,1,0.5704524362158153,-0.09621423045085131,-0.0020250110944975974,-0.0021112576765790307,8.62465820814091e-05,2.42861286636753e-17,0,0
116,3,2,1,0.7993480297735306,0.13268136310686396,-0.00013787058870734503,-0.00013787058870732497,0.0,2.0057740190981832e-17,0,0
116,0,2,1,0.7801088980469175,0.11344223138025089,-0.0003745943416124109,-0.0003854443677831002,1.0850026170685552e-05,3.74049749507499e-18,0,0
116,1,3,1,0.5574255405826088,-0.10924112608405778,3.0359610212471466e-06,0.0,3.0359610211462375e-06,1.0090915258877294e-16,1,1
116,2,1,1,0.889718981783306,0.22305231511663937,-8.398393588904263e-07,0.0,-8.398393588533478e-07,3.707844374958337e-17,0,0
116,3,0,1,0.6295613532489076,-0.03710531341775902,0.0,0.0,0.0,0.0,0,0
117,3,3,1,0.5801932287007089,-0.08647343796595774,-9.399331226678243e-06,-9.3993312266899e-06,0.0,1.1656867420113681e-17,0,0
117,3,0,0,0.6476084059680832,-0.019058260698583407,-0.003385725038200782,-0.0034391140945444084,5.338905634365264e-05,2.6020852139652106e-17,0,0
117,0,2,1,0.608798194038402,-0.05786847262826467,-0.003776648691231288,-0.0035911906625443503,-0.00018545802868689604,4.163336342344337e-17,0,0
117,0,1,1,0.6728861163190767,0.006219449652410058,-0.0003711122970651015,-0.0002948464431897377,-7.626585387548451e-05,1.2067170179763664e-16,0,0
117,2,0,1,0.7487758637868743,0.0821091971202077,-0.0001439122587455488,-0.00015159851487325308,7.686256127715888e-06,1.1628068299907035e-17,0,0
117,1,3,1,0.7176146399270777,0.05094797326041112,-0.0038624411659250457,-0.0040341600700285985,0.00017171890410387885,3.2612801348363973e-16,0,0
117,2,3,1,0.5555356445968002,-0.11113102206986647,4.550291094695957e-06,0.0,4.550291094668937e-06,2.702035101741218e-17,1,1
117,2,1,1,0.5777387277287754,-0.0889279389378912,-2.4633420656394733e-05,-2.8611269726666557e-05,3.977849070154474e-06,1.1735133264439979e-16,0,0
117,0,2,0,0.7179287404678596,0.051262073801192964,-0.0041779954042662215,-0.005059659641254348,0.0008816642369880023,1.240327285323417e-16,0,0
117,0,3,1,0.616244618167692,-0.05042204849897458,-5.516931399962566e-05,-6.724462903078733e-05,1.207531503117102e-05,9.344467474109441e-18,0,0
117,1,1,1,0.8739995207809843,0.20733285411431768,-7.509478459066798e-07,0.0,-7.509478456801886e-07,2.2649121026076116e-16,0,0
117,1,0,1,0.6303614656162358,-0.03630520105043078,-0.00011977409747143675,-0.0001236200188660944,3.84592139493321e-06,2.7554998213719095e-16,0,0
118,3,0,1,0.7442733555087525,0.07760668884208588,0.0,0.0,0.0,0.0,0,0
118,2,0,1,0.7376644850679823,0.0709978184013157,4.0092079159892435e-06,0.0,4.009207915915466e-06,7.377741673879681e-17,1,1
118,0,0,1,0.8605887753098711,0.19392210864320447,-0.0032733899985146198,-0.003530904875636751,0.0002575148771221076,2.3852447794681098e-17,0,0
118,1,0,0,0.8649147109512507,0.1982480442845841,-0.0010401548877540523,-0.001063474782072335,2.3319894318180327e-05,1.0234868508263162e-16,0,0
118,1,2,1,0.7107036277094632,0.04403696104279653,-0.0036402905709486677,-0.00352265825576663,-0.00011763231518217057,1.3270634591222574e-16,0,0
118,0,0,1,0.6422557985857725,-0.0244108680808941,-0.00019112352518690923,-0.0001935663120070663,2.4427868200297357e-06,1.273395451584225e-16,0,0
118,3,1,0,0.5539635250354101,-0.1127031416312565,-0.00031076298558396775,-0.0007059372111342173,0.0003951742255502073,4.228388472693467e-17,0,0
118,2,0,0,0.8409046620109363,0.17423799534426965,-0.0047669656421711615,-0.004906825662762525,0.00013986002059129641,6.678685382510707e-17,0,0
118,2,3,0,0.6476644428208621,-0.019002223845804522,-0.0017236715714601947,-0.001981757352951064,0.00025808578149077684,9.237402509576498e-17,0,0
118,1,1,0,0.6374055467283832,-0.029261119938283398,-0.00571758832543201,-0.005845000191890483,0.00012741186645843212,4.0766001685454967e-17,0,0
118,0,3,0,0.6217326446370531,-0.044934022029613496,-0.0031776139580731444,-0.0027984144915840395,-0.0003791994664891197,1.474514954580286e-17,0,0
118,3,0,1,0.7499439473613035,0.08327728069463691,0.0,0.0,0.0,0.0,0,0
119,0,0,1,0.8081154897827925,0.14144882311612583,-0.00191803918990191,-0.0018130465918999885,-0.00010499259800176796,1.5352302762394743e-16,0,0
119,2,0,0,0.7629290072859566,0.09626234061928995,-0.0033795840514996844,-0.0036415013701607915,0.00026191731866120416,9.71445146547012e-17,0,0
119,0,3,1,0.7880553869153502,0.12138872024868352,5.499273673659211e-06,0.0,5.499273673770645e-06,1.1143396047488124e-16,1,1
119,1,0,1,0.5927884360991392,-0.0738782305675274,-5.202210083482539e-05,-5.004482465343518e-05,-1.977276181365691e-06,2.451652162532847e-17,0,0
119,2,1,1,0.6693222861782001,0.00265561951153348,-0.003978520391403673,-0.00401900511547301,4.0484724069360426e-05,2.3418766925686896e-17,0,0
119,0,2,0,0.8383113345802555,0.1716446679135889,-9.12760975365634e-05,-0.00012522597650883982,3.394987897255787e-05,2.8145888397723695e-16,0,0
119,2,2,0,0.8052931502706588,0.1386264836039922,-0.005562490454525781,-0.00785555018645701,0.0022930597319313797,1.5092094240998222e-16,0,0
119,2,3,1,0.7550372026057535,0.08837053593908684,-1.638895838756982e-05,0.0,-1.6388958387396133e-05,1.736857999003888e-16,0,0
119,1,1,1,0.5797615404659328,-0.08690512620073387,-1.0045733098706933e-06,0.0,-1.0045733097873819e-06,8.33114078348544e-17,0,0
119,3,0,1,0.7357745890821737,0.06910792241550712,-3.6357785287099986e-05,-3.635778528714056e-05,0.0,4.0576266305270003e-17,0,0
119,2,0,1,0.727519838972371,0.06085317230570442,-3.5969666049573412e-06,0.0,-3.5969666048550662e-06,1.022749932162205e-16,0,0
119,2,3,1,0.7036090279704912,0.036942361303824556,-0.00012800427745435217,-0.00011523732294586681,-1.2766954508441782e-05,4.358492733391728e-17,0,0
120,2,0,1,0.8950587996852255,0.22839213301855887,-8.998734890341975e-05,-6.845220724400229e-05,-2.1535141659409073e-05,8.38901430960659e-18,0,0
120,2,3,1,0.8711479886833458,0.20448132201667912,-5.992318060765722e-05,-5.0040690512613656e-05,-9.882490095158871e-06,1.153049010438334e-16,0,0
120,1,0,1,0.6648637722979449,-0.0018028943687217192,-1.9629635333862083e-06,0.0,-1.9629635335846982e-06,1.984898892113101e-16,0,0
120,1,1,1,0.6408628409474304,-0.02580382571923623,-0.00799274851818177,-0.008439051886119018,0.00044630336793716327,8.500145032286355e-17,0,0
120,1,2,0,0.6812256749675669,0.014559008300900289,-0.0029095023848992874,-0.003338133433698281,0.00042863104879886996,1.235990476633475e-16,0,0
120,2,1,1,0.8802120203339057,0.21354535366723904,-0.00038536342002226665,-0.00029153052024744915,-9.383289977498227e-05,1.6479873021779667e-16,0,0
120,0,2,0,0.552164863946886,-0.11450180271978061,-0.005045506595825255,-0.005298202207195206,0.00025269561137005684,1.0581813203458523e-16,0,0
120,0,3,1,0.5598367647640028,-0.10682990190266384,-1.326187477668217e-05,-1.3742894508074011e-05,4.810197310494005e-07,3.4244186804775756e-16,0,0
120,2,1,0,0.6990783773593322,0.032411710692665574,-0.0011087402996030615,-0.0009191893722272439,-0.00018955092737589634,7.871307772244762e-17,0,0
120,2,0,1,0.5908163823864461,-0.07585028428022056,-0.0038934890047005455,-0.0037744159345546487,-0.00011907307014602239,1.2576745200831851e-16,0,0
120,0,3,1,0.5541661729114518,-0.11250049375521487,-0.00032565959469410544,-0.0003188844303566241,-6.775164337943464e-06,4.621411760219463e-16,0,0
120,0,0,1,0.6690052238570073,0.0023385571903407065,-0.0017845519662789133,-0.0018173128175011865,3.2760851222151446e-05,1.216474837528736e-16,0,0
121,1,2,1,0.5760042022042918,-0.0906624644623748,-0.0010462331188985097,-0.0011587181625860707,0.00011248504368779903,2.3809079707781677e-16,0,0
121,3,2,1,0.8822849883307435,0.2156183216640769,-0.002100019056846758,-0.0021000190568467546,0.0,3.469446951953614e-18,0,0
121,3,0,1,0.7124983118061206,0.045831645139453925,-6.3919147969548895e-06,-6.391914796953468e-06,0.0,1.421321285492716e-18,0,0
121,3,1,1,0.8783221243480971,0.21165545768143046,0.0,0.0,0.0,0.0,0,0
121,2,3,1,0.8971188497722892,0.23045218310562254,-5.398450567073443e-06,-5.731572550162146e-06,3.331219831501152e-07,6.141242977477854e-17,0,0
121,0,3,1,0.655405289762515,-0.011261376904151632,-1.3902422189682184e-05,0.0,-1.3902422189582389e-05,9.979572777960716e-17,0,0
121,3,2,1,0.5837131628845151,-0.0829535037821515,0.0,0.0,0.0,0.0,0,0
121,2,0,1,0.6889308942456104,0.02226422757894375,-0.002447971121554593,-0.002503851525143816,5.5880403589243257e-05,1.9949319973733282e-17,0,0
121,1,0,0,0.7781598999346979,0.11149323326803129,-0.0035110307684073083,-0.0031602936975996467,-0.00035073707080761465,4.683753385137379e-17,0,0
121,2,1,0,0.83057235019062,0.1639056835239534,-0.003715320790340426,-0.003774566062057325,5.9245271716960095e-05,6.114900252818245e-17,0,0
121,0,0,1,0.6694307373765462,0.002764070709879607,-0.00023655851089376956,-0.00022120789871273556,-1.5350612181128788e-05,9.478637492954523e-17,0,0
121,1,1,0,0.7831817179646301,0.11651505129796347,-0.008835892705491233,-0.010004861727923977,0.0011689690224327156,2.7755575615628914e-17,0,0
122,0,2,1,0.6374426792812168,-0.029223987385449846,-0.00026038612285039786,-0.00027494094852608157,1.4554825675731335e-05,4.765068548073792e-17,0,0
122,3,0,1,0.8523007564484842,0.1856340897818176,-0.0042049732991781275,-0.004204973299178057,0.0,7.025630077706069e-17,0,0
122,3,3,1,0.6590605372584101,-0.007606129408256557,0.0,0.0,0.0,0.0,0,0
122,1,1,1,0.875411422079292,0.20874475541262538,-0.0017243486222016102,-0.0017753329003309076,5.0984278129264166e-05,3.3176586478056436e-17,0,0
122,0,3,0,0.6325923680170887,-0.034074298649577894,-0.0008815380621692293,-0.0008596677036273491,-2.1870358541884908e-05,4.7704895589362195e-18,0,0
122,2,0,0,0.642585560666068,-0.02408110600059865,-0.003243329713150389,-0.0032358742607341527,-7.455452416155986e-06,8.023096076392733e-17,0,0
122,0,0,1,0.8599300254741521,0.19326335880748546,-1.4892458289450516e-05,-1.9604986110922628e-05,4.7125278214649705e-06,7.14218181124826e-18,0,0
122,1,3,1,0.7804379498540512,0.11377128318738461,1.523192011743113e-05,0.0,1.5231920117470934e-05,3.980377225737408e-17,1,1
122,2,3,1,0.8856703181717709,0.21900365150510426,-0.0014064704965540131,-0.0013267595784145767,-7.971091813950248e-05,6.613633252161577e-17,0,0
122,3,1,1,0.89070203545054,0.22403536878387342,-3.490126319566356e-05,-3.490126319566051e-05,0.0,3.0493186101154812e-18,0,0
122,0,2,0,0.6033452410142276,-0.06332142565243903,-0.0014086311969163101,-0.0015197926720845506,0.00011116147516845072,2.1011838102769076e-16,0,0
122,2,3,0,0.6846680778159453,0.018001411149278668,-0.006715420298746,-0.006596905582157254,-0.00011851471658879423,4.85722573273506e-17,0,0
123,1,1,0,0.8665434696633703,0.19987680299670363,-0.000984285395493112,-0.0007490100628765011,-0.00023527533261655473,5.594483210025203e-17,0,0
123,0,0,1,0.8780864473846943,0.2114197807180277,-0.0028858717803013634,-0.0031277473421571413,0.0002418755618557498,2.8189256484623115e-17,0,0
123,2,1,0,0.574580514657912,-0.09208615200875458,-0.0022477509583768707,-0.0025343369241053976,0.00028658596572842985,9.71445146547012e-17,0,0
123,0,0,0,0.6313266242461575,-0.03534004242050914,-0.006769918876654291,-0.006621532986177891,-0.00014838589047638708,1.214306433183765e-17,0,0
123,0,2,1,0.6859272177414799,0.01926055107481328,2.3957974301658247e-06,0.0,2.395797430072236e-06,9.358867034212764e-17,1,1
123,0,2,1,0.7373553923767422,0.07068872571007556,-9.308109718164648e-06,-8.42057744319729e-06,-8.875322750150916e-07,4.773369470956884e-17,0,0
123,3,3,1,0.762092627308353,0.0954259606416864,-7.777786487805916e-06,-7.777786487808777e-06,0.0,2.8612772958250265e-18,0,0
123,0,3,1,0.7927464309946509,0.1260797643279843,-0.00021052818791666983,-0.0002224453841027334,1.1917196186197375e-05,1.3379054808471125e-16,0,0
123,2,0,0,0.6270896788400342,-0.03957698782663244,-0.00420007982519971,-0.004183317882825982,-1.6761942373688535e-05,3.903127820947816e-17,0,0
123,3,0,1,0.6053328464169365,-0.06133382024973011,-5.4514250603154846e-05,-5.451425060313734e-05,0.0,1.7503088822062862e-17,0,0
123,1,1,1,0.8311343013497847,0.1644676346831181,-1.9455114835309484e-05,-2.47802832112067e-05,5.325168375806514e-06,9.07036761237795e-17,0,0
123,0,3,0,0.7209866078968594,0.05431994123019279,-0.0016472866698603594,-0.002226953470370583,0.0005796668005102133,1.0408340855860843e-17,0,0
124,0,1,1,0.5611589924458319,-0.10550767422083474,-2.112101754325746e-05,-2.4175579383641136e-05,3.0545618403498195e-06,3.3857600967648893e-17,0,0
124,2,1,0,0.8440433699507368,0.17737670328407018,-0.0019056022697041541,-0.0020878892143785283,0.0001822869446743684,5.637851296924623e-18,0,0
124,2,3,1,0.6841616948563982,0.017495028189731587,2.454278475338967e-06,0.0,2.4542784754156318e-06,7.666495205598672e-17,1,1
124,3,2,1,0.6711360787090697,0.0044694120424030315,0.0,0.0,0.0,0.0,0,0
124,3,2,1,0.8084736939190127,0.14180702725234606,0.0,0.0,0.0,0.0,0,0
124,2,3,1,0.7355898694916605,0.06892320282499387,-1.53887672826869e-07,0.0,-1.538876727659857e-07,6.088329888054062e-17,0,0
124,2,3,0,0.8388300464346143,0.1721633797679477,-0.004538244972116134,-0.004557035841863456,1.879086974733065e-05,9.540979117872439e-18,0,0
124,2,3,1,0.8729274847016035,0.2062608180349369,-0.001203391400461995,-0.0012061239204064547,2.732519944559428e-06,9.974659986866641e-17,0,0
124,3,2,0,0.8438828622325982,0.1772161955659316,-0.0033383190971224552,-0.0037433977605687454,0.00040507866344625335,3.686287386450715e-17,0,0
124,2,2,0,0.6189410150677295,-0.04772565159893716,-0.001463645440193062,-0.0014905353417947464,2.6889901601711573e-05,2.710505431213761e-17,0,0
124,3,3,0,0.6163736980097307,-0.05029296865693589,-0.001736407404482998,-0.0018003977553574316,6.399035087448993e-05,5.637851296924623e-17,0,0
124,2,2,1,0.7447660569904293,0.07809939032376267,-8.546642762397028e-07,0.0,-8.546642763032497e-07,6.354695280185937e-17,0,0
125,1,0,1,0.7478007308551577,0.08113406418849112,-0.002727646778380055,-0.0024657091595931585,-0.00026193761878682084,7.589415207398531e-17,0,0
125,2,2,1,0.7718254167520966,0.10515875008542996,-0.0006391617717145803,-0.0006524937368234124,1.3331965108855483e-05,2.3418766925686896e-17,0,0
125,1,2,1,0.666593048434377,-7.3618232289685e-05,-0.0052038518811628465,-0.005522024941287036,0.0003181730601240253,1.6393136847980827e-16,0,0
125,2,3,1,0.8723871125309699,0.20572044586430327,-1.9876353330450236e-06,0.0,-1.9876353330453336e-06,3.1001405869507392e-19,0,0
125,1,1,1,0.746719741308298,0.08005307464163136,-0.003198960466817724,-0.0036965431651836736,0.0004975826983658106,1.3877787807814457e-16,0,0
125,0,1,1,0.5521060106931501,-0.1145606559735165,-0.0008915738547303764,-0.0009366005744868516,4.502671975636945e-05,1.0581813203458523e-16,0,0
125,0,3,1,0.7271961310825302,0.0605294644158636,-0.002152691276684937,-0.0020591445367258926,-9.354673995905065e-05,6.071532165918825e-18,0,0
125,0,1,1,0.5577766025457012,-0.10889006412096547,-3.8140424520105576e-05,-3.8761422669424766e-05,6.209981491536876e-07,1.6550346162991225e-16,0,0
125,0,2,1,0.8415016486406097,0.1748349819739431,-1.2850328577618253e-05,-1.3614961316528544e-05,7.646327388958062e-07,1.4484263398048536e-17,0,0
125,3,0,1,0.6755732840685112,0.008906617401844619,-9.239540481376096e-06,-9.23954048134392e-06,0.0,3.217539353440185e-17,0,0
125,1,3,1,0.6059886863003459,-0.06067798036632077,-0.004166582476303027,-0.0038853799923372467,-0.00028120248396584904,6.852157730108388e-17,0,0
125,1,1,1,0.6952915666730357,0.02862490000636908,2.9943079562499975e-06,-3.1287036992606864e-06,6.123011655249499e-06,2.6118515038470527e-16,1,1
126,0,0,0,0.7105099365605297,0.04384326989386311,-0.007061075016463858,-0.007971551636826389,0.0009104766203625576,2.688821387764051e-17,0,0
126,0,0,1,0.8958583510704009,0.22919168440373427,-4.58170511878353e-05,-5.267652026891186e-05,6.859469081077443e-06,8.876905287225068e-19,0,0
126,3,0,1,0.8520225175311842,0.18535585086451756,0.0,0.0,0.0,0.0,0,0
126,0,1,1,0.6225916040648222,-0.04407506260184446,-1.581295304470265e-05,0.0,-1.5812953044708937e-05,6.288372600415926e-18,0,0
126,1,0,0,0.6169932810396407,-0.049673385627025946,-0.0018767261517572686,-0.0021416519324664084,0.0002649257807090491,9.063930161978817e-17,0,0
126,3,2,1,0.6019354394059478,-0.06473122726071878,-6.470093886440376e-05,-6.470093886441926e-05,0.0,1.5504091066542713e-17,0,0
126,3,1,0,0.6379933815421521,-0.028673285124514503,-0.006813240526300557,-0.00688489613016472,7.165560386414963e-05,1.3010426069826053e-17,0,0
126,2,1,1,0.8692809850720877,0.2026143184054211,-1.3971909316068398e-05,-1.2969692912948545e-05,-1.0022164031790507e-06,5.919743861770854e-17,0,0
126,0,1,1,0.8352539889363698,0.1685873222697032,-0.0024676499112257777,-0.0026780841025090566,0.00021043419128322002,5.898059818321144e-17,0,0
126,3,3,1,0.8281117065293043,0.1614450398626377,-0.0020680476030980888,-0.0020680476030981304,0.0,4.163336342344337e-17,0,0
126,0,1,1,0.7838258143011075,0.11715914763444091,-2.705360081828312e-05,-6.833153141342384e-06,-2.0220447676962456e-05,2.1721312899389278e-17,0,0
126,0,0,1,0.8444301764351386,0.177763509768472,-0.006568177602506831,-0.007016322068531666,0.00044814446602483356,1.734723475976807e-18,0,0
127,0,2,1,0.5620337953819041,-0.10463287128476251,-0.001411442309563471,-0.00126823581975319,-0.00014320648981052127,2.402592014227878e-16,0,0
127,1,2,0,0.6807461919334592,0.01407952526679257,-0.0033248622704482034,-0.0029687892136645187,-0.0003560730567838449,1.6046192152785466e-16,0,0
127,2,1,1,0.893862390505118,0.22719572383845132,2.621109651601561e-06,0.0,2.621109651582886e-06,1.8674958904589187e-17,1,1
127,2,2,1,0.8275874365185358,0.1609207698518692,-9.72944945063503e-05,-0.00010878764602758372,1.1493151521161417e-05,7.200457678019356e-17,0,0
127,1,2,1,0.8065712338561591,0.1399045671894925,-0.00033987246331596,-0.0003317728014311463,-8.09966188505116e-06,2.3749448588294975e-16,0,0
127,3,1,1,0.6732821565990528,0.006615489932386143,-0.0003540203774530237,-0.00035402037745298274,0.0,4.098284211995207e-17,0,0
127,0,0,1,0.7422471189387718,0.07558045227210519,-0.0003309844913441662,-0.0003569993080800336,2.6014816735687716e-05,1.7970651008947236e-16,0,0
127,1,0,1,0.6029728806351714,-0.06369378603149523,-0.0017619452171165895,-0.00172144790261947,-4.049731449715875e-05,3.924811864397526e-17,0,0
127,3,2,1,0.7720061719003148,0.10533950523364821,-0.0004210373378056853,-0.0004210373378057224,0.0,3.707971429900425e-17,0,0
127,2,0,1,0.7908938853863845,0.12422721871971787,-0.00020545683417683147,-0.00021794627521920618,1.2489441042358788e-05,1.5910666881224778e-17,0,0
127,3,3,1,0.8430688331236758,0.17640216645700912,-0.00195205237663576,-0.0019520523766357533,0.0,6.7220534694101275e-18,0,0
127,1,0,1,0.823730463458628,0.15706379679196136,-9.110653907506983e-05,-9.237236867401095e-05,1.2658295988256818e-06,1.1544042631539408e-16,0,0
128,0,2,0,0.7018209006175913,0.03515423395092465,-0.0022191005648337647,-0.0019209786302979035,-0.00029812193453588443,2.3418766925686896e-17,0,0
128,2,0,1,0.6850905574357814,0.01842389076911477,-0.003056426756822106,-0.0032101392340838394,0.00015371247726176586,3.252606517456513e-17,0,0
128,3,0,1,0.7627231938212,0.09605652715453339,-0.0032389911717186637,-0.0032389911717186763,0.0,1.2576745200831851e-17,0,0
128,0,1,0,0.8161264181756709,0.14945975150900426,-0.001148369682737127,-0.0021576414865665523,0.0010092718038293925,3.2742905609062234e-17,0,0
128,3,3,1,0.7983179586469936,0.131651291980327,0.0,0.0,0.0,0.0,0,0
128,1,2,1,0.8067552705543943,0.1400886038877277,-0.00045748694397423906,-0.0004465256008667748,-1.0961343107413246e-05,5.1011712215442984e-17,0,0
128,1,2,1,0.8010846787018433,0.13441801203517667,-0.0009409463723576428,-0.0008872168454454049,-5.372952691220269e-05,3.5236570605778894e-17,0,0
128,1,3,1,0.8360023975572555,0.16933573089058884,-2.120951501899393e-05,-2.2744747949953923e-05,1.535232930844731e-06,1.1526085533057617e-16,0,0
128,1,2,0,0.5976578322466598,-0.06900883442000683,-0.0013755561034377584,-0.0012288144783930868,-0.0001467416250446079,6.375108774214766e-17,0,0
128,2,1,1,0.8697240133117241,0.20305734664505748,-6.9587000343096506e-06,0.0,-6.958700034345441e-06,3.5790530153283207e-17,0,0
128,1,0,0,0.8201451784395951,0.15347851177292848,-0.0041472643125015085,-0.00428151312896181,0.00013424881646021176,8.933825901280557e-17,0,0
128,2,2,0,0.6556948773226922,-0.01097178934397447,-0.0035171892975550123,-0.003774498070254737,0.00025730877269977795,5.2909066017292616e-17,0,0
129,3,3,1,0.6072747793647635,-0.059391887301903146,0.0,0.0,0.0,0.0,0,0
129,3,1,0,0.8907282798645851,0.2240616131979185,-0.0019372106492716035,-0.0020461873945306678,0.00010897674525915007,8.586881206085195e-17,0,0
129,1,3,1,0.684441486823941,0.017774820157274385,-0.003673934857901018,-0.0037605307392072364,8.65958813064123e-05,1.938553484404082e-16,0,0
129,1,1,1,0.825172541831893,0.1585058751652264,-4.415856716033506e-05,-4.583479729800364e-05,1.6762301378047434e-06,1.361622403370233e-16,0,0
129,1,1,0,0.8567012837288672,0.1900346170622006,-0.0027494870822942774,-0.0031739607519894195,0.000424473669695182,3.9898639947466563e-17,0,0
129,2,2,0,0.8619383617914138,0.19527169512474718,-0.0028921117697133236,-0.0033985434416843306,0.0005064316719712492,2.419939248987646e-16,0,0
129,3,0,0,0.8353372412466764,0.16867057458000978,-0.004202846291027462,-0.004535562816691866,0.0003327165256644046,8.673617379884035e-19,0,0
129,3,1,1,0.7417305201389199,0.0750638534722533,-1.4170945429048398e-05,-1.4170945429044292e-05,0.0,4.106415728288848e-18,0,0
129,0,3,1,0.8439692672560852,0.1773026005894186,-0.0017850684650853044,-0.0017683488270454153,-1.671963803965982e-05,2.2920033926343564e-16,0,0
129,3,0,1,0.8556688897092055,0.18900222304253889,0.0,0.0,0.0,0.0,0,0
129,3,3,1,0.5558466047295012,-0.11082006193716543,-2.355827537081634e-05,-2.355827537079887e-05,0.0,1.746920750417269e-17,0,0
129,0,2,1,0.6735338169088434,0.006867150242176767,-0.003943675304540761,-0.003702702382809662,-0.00024097292173096992,1.2923689896027213e-16,0,0
130,1,1,0,0.703090051597238,0.0364233849305714,-0.0014999874653350287,-0.0017367971577010183,0.00023680969236608625,9.6710833785707e-17,0,0
130,3,1,0,0.7920968150468769,0.12543014838021027,-0.001808050564388597,-0.0020186825875479664,0.00021063202315939927,2.970713952610282e-17,0,0
130,0,1,0,0.627004292858067,-0.039662373808599605,-0.002008150524180685,-0.00268060524558897,0.0006724547214082503,3.469446951953614e-17,0,0
130,1,2,0,0.5834810901744014,-0.08318557649226521,-0.0011935264781816612,-0.0010912441583003827,-0.00010228231988135263,7.41594285980085e-17,0,0
130,1,3,1,0.7058302547330573,0.03916358806639064,-0.0022033092025431356,-0.0022051673334463856,1.8581309030856973e-06,1.6436504934880247e-16,0,0
130,2,0,1,0.6781312848623217,0.01146461819565503,-0.00015219232090518675,-0.00016706684094493866,1.4874520039767053e-05,1.5151725360484924e-17,0,0
130,1,0,1,0.8990704739231314,0.2324038072564648,-2.9960877263035535e-05,-2.7628259884548235e-05,-2.3326173783240672e-06,1.6323341333127073e-16,0,0
130,3,2,1,0.6566923564781184,-0.009974310188548219,-0.0002608121964536303,-0.00026081219645362916,0.0,1.1384122811097797e-18,0,0
130,2,3,1,0.8529397794168768,0.1862731127502102,-1.4728766614846567e-05,-9.947098845803851e-06,-4.781667769087177e-06,4.4462453467272733e-17,0,0
130,2,3,1,0.6722691875235804,0.005602520856913817,-5.8437143436840255e-05,-5.387088446401462e-05,-4.566258972829753e-06,4.119968255444917e-18,0,0
130,2,1,1,0.6118563308757395,-0.05481033579092709,-0.00044219561683084274,-0.0004364246791784988,-5.770937652297863e-06,4.607859233063394e-17,0,0
130,3,3,0,0.7688347778676159,0.10216811120094926,-0.0021331944289669225,-0.0019209804473781528,-0.00021221398158880118,3.165870343657673e-17,0,0
131,1,2,0,0.762682552603698,0.09601588593703136,-0.002663443690921752,-0.0033357840657780684,0.000672340374856485,1.682681771697503e-16,0,0
131,0,2,0,0.7391151350431878,0.07244846837652119,-0.003930836776185276,-0.0038081529547855496,-0.00012268382139953674,1.8908485888147197e-16,0,0
131,3,2,1,0.844788380571359,0.17812171390469234,0.0,0.0,0.0,0.0,0,0
131,2,0,1,0.5817802284685384,-0.08488643819812824,-2.3974816835137247e-06,0.0,-2.397481683453996e-06,5.972852827563699e-17,0,0
131,3,1,1,0.6263432479990514,-0.04032341866761524,-0.00011070023483383817,-0.00011070023483382858,0.0,9.595189226496714e-18,0,0
131,1,0,0,0.587592432214318,-0.07907423445234862,-0.002117331809514733,-0.002211908096105634,9.457628659082197e-05,7.892991815694472e-17,0,0
131,2,1,0,0.6506512953202825,-0.01601537134638409,-0.0037627627725858037,-0.0040831589024536655,0.0003203961298679771,1.1535911115245767e-16,0,0
131,2,0,1,0.7511096366567327,0.08444296999006606,-0.001553906756325385,-0.0015134418219342795,-4.0464934390983584e-05,1.218643241873707e-16,0,0
131,3,3,1,0.8356121930725902,0.16894552640592353,0.0,0.0,0.0,0.0,0,0
131,1,1,1,0.5572050819306646,-0.10946158473600198,-3.987680144257322e-06,0.0,-3.987680143995526e-06,2.617958611396756e-16,0,0
131,0,1,1,0.7600955573283359,0.09342889066166926,-0.0009865619334419318,-0.0008111576685853249,-0.00017540426485642988,1.7694179454963432e-16,0,0
131,1,3,1,0.8701772550284343,0.20351058836176772,-5.6429129304258474e-05,-3.1570341276086544e-05,-2.4858788028071194e-05,1.0073593435105943e-16,0,0
132,3,2,0,0.6708454999772007,0.004178833310534036,-0.002899196083292588,-0.002539085411149248,-0.0003601106721433516,1.1709383462843448e-17,0,0
132,3,0,1,0.7002411800902899,0.033574513423623276,-1.6687250792013497e-05,-1.6687250792007212e-05,0.0,6.2849844686269085e-18,0,0
132,3,1,1,0.6872142844570834,0.020547617790416806,-7.1615403920977094e-06,-7.161540392099863e-06,0.0,2.1531577519204315e-18,0,0
132,0,2,0,0.6934041057115896,0.026737439044922984,-0.0017498635636558069,-0.0025944209675850816,0.0008445574039294456,1.708702623837155e-16,0,0
132,2,1,1,0.5677658307523853,-0.09890083591428134,2.70758629461465e-07,0.0,2.7075862963413527e-07,1.726702603361901e-16,1,1
132,0,1,1,0.823361481603552,0.15669481493688542,-0.0002909574939763404,-0.00030028565159588376,9.328157619722029e-06,1.7867651802561113e-16,0,0
132,3,1,0,0.7904544614000373,0.12378779473337065,-0.0031409579025265533,-0.0031849577355523564,4.399983302582282e-05,1.951563910473908e-17,0,0
132,2,1,0,0.5655126142351685,-0.10115405243149811,-0.001344390450926547,-0.0014175861658395157,7.319571491312789e-05,1.5916087892087205e-16,0,0
132,3,3,0,0.6758673180071328,0.009200651340466215,-0.0017454613971772948,-0.001537822849930451,-0.0002076385472467642,7.958043946043603e-17,0,0
132,2,3,1,0.5643723909543763,-0.10229427571229033,-0.0013351567292058109,-0.0014060587637753665,7.090203456969032e-05,1.3465790982269965e-16,0,0
132,2,2,1,0.7720129577959918,0.10534629112932514,-1.2353787575691833e-05,-1.9352015885474966e-05,6.998228309946502e-06,1.6336893860283141e-16,0,0
132,0,1,0,0.6461082650455898,-0.020558401621076805,-0.0010261961794870156,-0.000910971664420528,-0.00011522451506629314,1.942890293094024e-16,0,0
133,1,2,1,0.7455101999792992,0.07884353331263261,3.3052005198319634e-06,0.0,3.305200519910153e-06,7.818961136104446e-17,1,1
133,1,1,0,0.7957661476442046,0.12909948097753798,-0.009372321027427133,-0.010564767174159079,0.0011924461467320686,1.231653667943533e-16,0,0
133,2,2,1,0.891102565299045,0.22443589863237834,-0.0010882662998933923,-0.0011471739339864496,5.890763409312731e-05,7.003946034256359e-17,0,0
133,0,0,1,0.7558809507302663,0.08921428406359966,-8.854564931903841e-05,-8.630304880440921e-05,-2.2426005146184385e-06,1.0760706561918632e-17,0,0
133,1,3,0,0.6155528240873369,-0.051113842579329716,-0.0005416825368408928,-0.0007727938649726997,0.00023111132813191621,1.0928757898653885e-16,0,0
133,3,1,0,0.6547931437391772,-0.011873522927489444,-0.0018732966198317658,-0.0019618123060582307,8.851568622643256e-05,3.230922474006803e-17,0,0
133,0,3,1,0.5683113233927432,-0.09835534327392348,-0.0023011008993408244,-0.0023409294191003827,3.982851975963603e-05,7.762887554996212e-17,0,0
133,0,3,1,0.7890689062161997,0.12240223954953311,-8.616800384281253e-05,-9.206821297256366e-05,5.900209129886256e-06,1.3513224827316206e-16,0,0
133,1,2,0,0.5682569834213371,-0.0984096832453295,-0.0017988399362351415,-0.0018863695237952716,8.752958756022954e-05,9.93129189996722e-17,0,0
133,2,0,1,0.6698877141391597,0.003221047472493077,-0.0002897326637219533,-0.0002471651643710742,-4.256749935092431e-05,4.5211230592645535e-17,0,0
133,2,1,1,0.6572279664937473,-0.009438700172919368,-0.00462972937548356,-0.004681394490757807,5.1665115274338266e-05,9.107298248878237e-17,0,0
133,3,0,1,0.7389929368484284,0.07232627018176174,0.0,0.0,0.0,0.0,0,0
134,1,3,0,0.7900124519574485,0.12334578529078188,-0.00923321629999374,-0.010378618153261604,0.0011454018532677803,8.326672684688674e-17,0,0
134,1,3,1,0.8241098902244377,0.15744322355777107,7.573148835759991e-06,0.0,7.573148835850162e-06,9.017089239995654e-17,1,1
134,3,3,1,0.6007790384233881,-0.06588762824327854,0.0,0.0,0.0,0.0,0,0
134,2,2,1,0.8448046103457,0.17813794367903335,-0.0033355888288758573,-0.003215316306158978,-0.00012027252271701314,1.3400738851920835e-16,0,0
134,3,2,1,0.6294775566620467,-0.037189110004619885,-6.579578010063036e-05,-6.579578010059603e-05,0.0,3.4328551286322284e-17,0,0
134,1,0,1,0.6535843195285612,-0.01308234713810541,-5.462951976620278e-06,-7.036473322689179e-06,1.5735213460319348e-06,3.6966211884072175e-17,0,0
134,3,1,0,0.844750270374294,0.17808360370762732,-0.004145552665661689,-0.004711640313923258,0.000566087648261545,2.3418766925686896e-17,0,0
134,1,1,1,0.7760751553871844,0.10940848872051778,4.3915904843760956e-06,0.0,4.3915904842996e-06,7.649554546653586e-17,1,1
134,1,3,1,0.6867722750144947,0.02010560834782804,-0.0004232004835962866,-0.0004425551985802916,1.935471498402897e-05,2.3960868011929648e-17,0,0
134,2,3,1,0.6458036789544401,-0.0208629877122265,-0.002102212325474806,-0.002251732449894739,0.00014952012442002286,8.977193988179977e-17,0,0
134,3,0,1,0.851964902854982,0.18529823618831542,0.0,0.0,0.0,0.0,0,0
134,1,1,1,0.8275033300224467,0.16083666335578006,-0.0017374992415616353,-0.0016557469947956623,-8.175224676590433e-05,6.852157730108388e-17,0,0
135,0,2,1,0.688528413427651,0.021861746760984402,-0.0033681946333309343,-0.003300642726055869,-6.75519072750965e-05,3.122502256758253e-17,0,0
135,0,3,1,0.6935502314575832,0.02688356479091658,7.709898342089794e-06,0.0,7.70989834210143e-06,1.1636538629379578e-17,1,1
135,1,3,1,0.6582522272500797,-0.008414439416586927,-1.1643725259524729e-06,-7.255825078886325e-07,-4.387900181377197e-07,7.387927245070414e-17,0,0
135,0,3,1,0.6421220568223209,-0.0245446098443457,-0.0004169354562306715,-0.0005015556620548926,8.462020582431689e-05,9.584347204771859e-17,0,0
135,3,0,0,0.745928610848712,0.07926194418204535,-0.002916447172363168,-0.00412257044747559,0.001206123275112401,2.1250362580715887e-17,0,0
135,3,1,0,0.7985278953794688,0.13186122871280215,-0.0036127712014357716,-0.004440754996163722,0.0008279837947279974,4.7271214720367993e-17,0,0
135,2,0,1,0.7000598639599187,0.033393197293252075,1.6341639588524082e-05,0.0,1.634163958853472e-05,1.0638733817514012e-17,1,1
135,1,2,1,0.7188565893841108,0.05218992271744416,-0.005225505299967792,-0.005153645201172035,-7.186009879576112e-05,4.336808689942018e-18,0,0
135,1,0,0,0.5844790811730733,-0.08218758549359328,-0.0036715367247448505,-0.003919137788704093,0.0002476010639593375,9.497611030973019e-17,0,0
135,3,2,1,0.7391177957153688,0.07245112904870221,-5.9682554336637494e-05,-5.9682554336663996e-05,0.0,2.650196685369255e-17,0,0
135,0,3,1,0.8308878466675262,0.1642211800008596,-7.324442403144893e-06,-7.191430631209963e-06,-1.3301177193621275e-07,1.2824078821430107e-18,0,0
135,3,2,1,0.790545970350631,0.12387930368396438,-0.00028006375766131963,-0.0002800637576613562,0.0,3.6591823321385775e-17,0,0
136,2,0,1,0.892828361455544,0.22616169478887738,-3.7581431061417536e-05,0.0,-3.758143106136152e-05,5.601937099961041e-17,0,0
136,3,1,0,0.5827135582879917,-0.08395310837867498,-0.003916148332869018,-0.004357305689568351,0.0004411573566993357,3.469446951953614e-18,0,0
136,1,1,1,0.8640384433823727,0.19737177671570605,-0.0019718822334887087,-0.002324477057401585,0.00035259482391295427,7.806255641895632e-17,0,0
136,3,0,1,0.6071775407197834,-0.05948912594688327,-7.972407085687916e-05,-7.97240708569382e-05,0.0,5.903480829183572e-17,0,0
136,2,0,0,0.5839081215401898,-0.08275854512647685,-0.0023632233956804027,-0.003479775089687605,0.0011165516940072461,4.380176776841438e-17,0,0
136,0,2,0,0.7097142862178651,0.04304761955119851,-0.0016661595463758339,-0.0015785327785438554,-8.762676783188728e-05,9.128982292327947e-17,0,0
136,3,3,0,0.8000777013134392,0.13341103464677262,-0.006094888555283506,-0.007143524085029687,0.0010486355297462085,2.7755575615628914e-17,0,0
136,0,0,1,0.8446033597911251,0.17793669312445848,-0.002641820392414007,-0.0026050271600569484,-3.679323235707833e-05,1.951563910473908e-17,0,0
136,0,1,1,0.7349776323616919,0.06831096569502526,1.667333887622746e-08,0.0,1.667333890224126e-08,2.6013797943388254e-17,1,1
136,1,0,1,0.816742602716373,0.15007593604970637,-0.00014849250335235986,-0.0001440561993772791,-4.436303975214404e-06,1.3365502281315056e-16,0,0
136,2,2,1,0.765863096252052,0.09919642958538533,-3.7964092728659526e-05,-4.1897430292983186e-05,3.933337564381568e-06,5.7909948537882e-17,0,0
136,3,2,1,0.5562066344209496,-0.11046003224571699,-2.3318810438155424e-07,-2.3318810440621777e-07,0.0,2.4663534781236294e-17,0,0
137,1,1,1,0.7078759963526102,0.041209329685943596,-0.00011647754774285479,-0.00012190603328548709,5.428485542583043e-06,4.924988368515404e-17,0,0
137,2,1,1,0.842607399225842,0.17594073255917542,-6.119324497089185e-05,-5.879299024324131e-05,-2.40025472762948e-06,2.1060627200530924e-17,0,0
137,2,3,1,0.7476339270006013,0.08096726033393464,-0.0009183890311537102,-0.0008481087724597202,-7.028025869395458e-05,3.5453411040275995e-17,0,0
137,2,0,1,0.7658741461499301,0.09920747948326347,-4.372710465910812e-05,-3.8607255605699636e-05,-5.119849053377642e-06,3.0838775543634567e-17,0,0
137,1,3,0,0.7955346710387465,0.1288680043720799,-0.003693609331618053,-0.0038708014512580254,0.00017719211964004075,6.808789643208968e-17,0,0
137,1,2,0,0.6074176550161601,-0.059249011650506556,-0.0024746447527598248,-0.0023105762897205756,-0.000164068463039328,7.892991815694472e-17,0,0
137,1,2,1,0.7332426969388599,0.06657603027219328,-0.0007843733844536405,-0.0007813448651418348,-3.0285193118893e-06,8.359198749863239e-17,0,0
137,2,3,1,0.6962057523653391,0.029539085698672474,-1.6398478420054374e-05,-1.6605407823624962e-05,2.0692940357785738e-07,7.267542687441897e-18,0,0
137,0,3,1,0.6847710751660101,0.018104408499343472,-0.004745780783981246,-0.004851092883223289,0.00010531209924195233,9.107298248878237e-17,0,0
137,1,3,1,0.8557335327974831,0.18906686613081647,-2.1246635792615542e-05,-2.082714554437921e-05,-4.19490248232224e-07,4.106415728288848e-18,0,0
137,0,2,1,0.8466540592249143,0.1799873925582477,-1.5099940322949035e-05,-2.045825239314225e-05,5.358312070003501e-06,1.8971505139422917e-16,0,0
137,0,3,0,0.6744226606968844,0.007755994030217761,-0.007314088131874452,-0.008424269591725713,0.0011101814598512459,1.5612511283791264e-17,0,0
138,2,1,1,0.5618040712344936,-0.10486259543217302,-0.0006729671965440831,-0.0006642779182290793,-8.689278314930178e-06,7.361732751176575e-17,0,0
138,1,1,1,0.7686185153360987,0.10195184866943208,-6.5786733806083575e-06,-7.020864965030204e-06,4.4219158448320646e-07,6.135991373204877e-17,0,0
138,2,0,0,0.7870600189401442,0.12039335227347758,-0.003463014971689937,-0.004211150367151662,0.0007481353954618519,1.2750217548429532e-16,0,0
138,2,1,1,0.866046488533273,0.1993798218666064,-3.520188527539325e-05,-3.7075714587039755e-05,1.8738293116814997e-06,3.499940138054769e-17,0,0
138,3,3,1,0.7470629673677178,0.0803963007010512,-0.0005654590467222276,-0.0005654590467222565,0.0,2.894819800536297e-17,0,0
138,3,1,1,0.8896139060937832,0.22294723942711658,-7.684973277449769e-05,-7.684973277446418e-05,0.0,3.3515399656958156e-17,0,0
138,2,0,1,0.7459802587740078,0.07931359210734112,-0.00013005841385926864,-0.00012856453522411374,-1.4938786350855725e-06,6.933472893044801e-17,0,0
138,3,1,1,0.5853714887950038,-0.08129517787166285,-0.0016009754076219962,-0.0016009754076220099,0.0,1.3660947373317356e-17,0,0
138,1,3,1,0.8447029945893919,0.17803632792272528,-0.001304372774169671,-0.0013374935752848585,3.3120801115207166e-05,1.951563910473908e-17,0,0
138,0,3,0,0.7059569479562242,0.03929028128955758,-0.0018810140260619446,-0.0029091278172627046,0.0010281137912008548,9.475926987523309e-17,0,0
138,3,2,0,0.7359075064039574,0.06924083973729078,-0.007431921522249529,-0.007702903768227305,0.0002709822459777938,1.8214596497756474e-17,0,0
138,2,2,1,0.7840999119412387,0.1174332452745721,-1.10501609688618e-05,0.0,-1.10501609688334e-05,2.839932065554218e-17,0,0
139,3,0,0,0.8561130483881834,0.18944638172151673,-0.00013776504976259485,-0.0008217525472303739,0.0006839874974677311,4.7921736023859296e-17,0,0
139,0,2,0,0.6697632040525235,0.0030965373858569123,-0.0055133908172680934,-0.006239880807508183,0.0007264899902399474,1.4224732503009818e-16,0,0
139,0,1,1,0.7620581951136837,0.09539152844701704,1.4886445184214558e-05,-6.131242223467453e-06,2.1017687407563202e-05,1.1880822931367718e-16,1,1
139,0,1,0,0.6880935435504871,0.0214268768838205,-0.010307232356046858,-0.010453016807451154,0.000145784451404179,1.1622647289044608e-16,0,0
139,2,0,0,0.7051230972877525,0.038456430621085835,-0.009685829469074592,-0.009557103766516842,-0.0001287257025577735,2.42861286636753e-17,0,0
139,3,3,1,0.8719702675058438,0.2053036008391772,-0.0025984536268716663,-0.0025984536268716515,0.0,1.474514954580286e-17,0,0
139,3,2,1,0.7414020304548093,0.07473536378814272,-0.003991690056747044,-0.003991690056747045,0.0,1.734723475976807e-18,0,0
139,1,1,1,0.5968598228289885,-0.0698068438376781,-0.002765759666571499,-0.0028890913720736005,0.00012333170550214774,4.597017211338539e-17,0,0
139,2,2,1,0.6123412194341284,-0.05432544723253818,-0.0022287776910741575,-0.002230372125235591,1.5944341613934706e-06,3.9898639947466563e-17,0,0
139,2,0,1,0.6018829203447986,-0.06478374632186801,-6.61134914087258e-06,0.0,-6.611349140989838e-06,1.1725815902020181e-16,0,0
139,3,1,0,0.6680861527142316,0.0014194860475649218,-0.00045020776557347375,-0.0004588405681003231,8.632802526813417e-06,3.594130201789447e-17,0,0
139,1,1,1,0.6482879974642508,-0.01837866920241582,4.6941879655593155e-07,0.0,4.694187965836358e-07,2.7704224243201622e-17,1,1
140,2,0,1,0.8318932253708815,0.16522655870421488,-0.0035064682707271477,-0.0034516477136700644,-5.4820557057085844e-05,2.6020852139652106e-18,0,0
140,2,1,1,0.601959455048656,-0.06470721161801063,-0.0009372340659546397,-0.0009018015460309173,-3.543251992377085e-05,4.85722573273506e-17,0,0
140,2,0,1,0.6625638171826871,-0.004102849483979543,-3.453608971210054e-05,-3.722554992496927e-05,2.689460212919354e-06,5.062546519149502e-17,0,0
140,0,3,1,0.6183917998495493,-0.048274866817117346,1.340643096259253e-06,0.0,1.3406430962660693e-06,6.8162858847921684e-18,1,1
140,1,2,1,0.6813605426068792,0.014693875940212542,-6.307742694960927e-05,-6.448933069570067e-05,1.4119037460963972e-06,5.000882520589389e-18,0,0
140,3,1,1,0.7238027965705383,0.057136129903871624,-1.2548566137526862e-05,-1.2548566137472128e-05,0.0,5.473357498567838e-17,0,0
140,2,0,1,0.7083213999653983,0.041654733298731705,-3.1824440305805446e-06,-3.1224613156425394e-06,-5.998271486354097e-08,7.446436045902005e-17,0,0
140,2,1,1,0.596288863196105,-0.07037780347056166,-6.700845538332167e-05,-6.798815846792772e-05,9.79703084494222e-07,1.1182190156472371e-16,0,0
140,2,1,0,0.8165833949382844,0.14991672827161773,-0.0016928125908880487,-0.0015733297158456183,-0.00011948287504241759,1.2793585635328952e-17,0,0
140,3,2,1,0.6436761036966173,-0.02299056297004931,-0.00014923404138744711,-0.00014923404138740833,0.0,3.878733272066892e-17,0,0
140,2,2,1,0.6573504936665647,-0.009316173000101902,-1.2381226840441073e-06,0.0,-1.2381226838720313e-06,1.72076013784132e-16,0,0
140,1,1,1,0.7952989121771648,0.12863224551049812,-1.2691411650611606e-05,-1.1268968826480315e-05,-1.422442824076236e-06,5.5053753439740505e-17,0,0
141,0,2,1,0.7491468785095836,0.08248021184291698,-3.350700214788116e-05,-3.55565148058429e-05,2.0495126580560427e-06,9.429848395192675e-17,0,0
141,2,1,1,0.6262134112711562,-0.04045325539551048,-0.00020756160452223282,-0.00020758286260727496,2.1258084887157326e-08,1.5498670055680286e-16,0,0
141,0,0,0,0.8215838738068901,0.1549172071402235,-0.0102610608562278,-0.009625357711144361,-0.0006357031450834995,6.245004513516506e-17,0,0
141,1,0,0,0.6006446847460802,-0.06602198192058639,-0.0031409450154192275,-0.0032056693373908604,6.472432197159606e-05,3.686287386450715e-17,0,0
141,2,0,1,0.7719662843090405,0.10529961764237383,2.2788171130661006e-06,0.0,2.2788171129395716e-06,1.2652893462790013e-16,1,1
141,3,1,1,0.7693989672510417,0.1027323005843751,0.0,0.0,0.0,0.0,0,0
141,3,1,1,0.820827141886304,0.15416047521963738,-0.00015127437716522252,-0.000151274377165207,0.0,1.553119612085485e-17,0,0
141,2,0,1,0.610732074072755,-0.05593459259391165,-1.6570430824647264e-05,0.0,-1.6570430824771487e-05,1.2422246391252667e-16,0,0
141,2,2,1,0.8598682324425011,0.19320156577583447,-5.9839951430329386e-05,-6.89054012263482e-05,9.065449795994288e-06,2.4523297888906503e-17,0,0
141,1,1,0,0.7231355206047035,0.05646885393803691,-0.00247299028000586,-0.002550812902904814,7.782262289885203e-05,1.0148132334464322e-16,0,0
141,2,3,1,0.7437428311663081,0.0770761644996415,-0.00022331886871962414,-0.00019693025222820043,-2.63886164915474e-05,1.2368036282628392e-16,0,0
141,2,1,1,0.8526415859471639,0.18597491928049725,-0.0016537977204794108,-0.0017151724770070895,6.137475652757661e-05,1.0213184464813452e-16,0,0
142,0,1,1,0.7760601773103839,0.10939351064371727,-5.622369400737348e-05,-5.508944143097641e-05,-1.1342525761872148e-06,2.0986088301172545e-16,0,0
142,2,3,1,0.5612817917976719,-0.10538487486899473,-0.00141231689376492,-0.0014603047773000238,4.798788353506688e-05,3.686287386450715e-17,0,0
142,2,1,1,0.8788327305644827,0.21216606389781612,-0.0010406903875171958,-0.000997177128183836,-4.3513259333338036e-05,2.168404344971009e-17,0,0
142,1,2,1,0.7946609508699414,0.12799428420327474,-0.0003517736387549375,-0.0003493233385756742,-2.4503001792891677e-06,2.585822181377928e-17,0,0
142,2,1,1,0.6900669407192774,0.023400274052610803,-5.087200611703091e-05,-4.669004484354453e-05,-4.1819612734932615e-06,6.877907531704919e-18,0,0
142,3,2,1,0.7193141271288772,0.05264746046221058,-0.0039026787753280723,-0.003902678775328099,0.0,2.688821387764051e-17,0,0
142,0,2,1,0.5542216049400674,-0.11244506172659918,5.8154071407856556e-06,0.0,5.81540714094407e-06,1.58414642894341e-16,1,1
142,3,2,1,0.8886435353170716,0.221976868650405,-1.564112975849241e-05,-1.5641129758482877e-05,0.0,9.534202854294405e-18,0,0
142,1,2,1,0.8404185336526526,0.173751866985986,-9.871883397571946e-05,-0.00011650090583503807,1.7782071859455727e-05,1.371109172379481e-16,0,0
142,0,0,0,0.8301668331097269,0.1635001664430603,-0.007672860637616963,-0.007994895326262864,0.0003220346886459953,9.367506770274758e-17,0,0
142,1,3,1,0.8976294559886748,0.2309627893220082,-0.0001049471062720686,-0.00010750737212636741,2.5602658544717223e-06,1.729166939842819e-16,0,0
142,0,0,1,0.7947576647961414,0.12809099812947478,2.3482528965779181e-07,0.0,2.348252897538257e-07,9.60338956421732e-17,1,1
143,2,2,1,0.5746694318774784,-0.0919972347891882,-0.00014801545388770654,-0.00012659786822358563,-2.1417585663933818e-05,1.870790848623738e-16,0,0
143,2,1,1,0.5895162112287983,-0.07715045543786836,1.0020876675065349e-05,0.0,1.0020876675089555e-05,2.4206507566633395e-17,1,1
143,2,2,1,0.7120070470874215,0.04534038042075483,-0.00027250111859289383,-0.0003371809232562834,6.467980466342103e-05,3.144186300207963e-17,0,0
143,3,0,1,0.7849379253189401,0.1182712586522735,0.0,0.0,0.0,0.0,0,0
143,2,1,1,0.6352737940115095,-0.03139287265515711,-0.0023502876689651675,-0.0022024646057527907,-0.00014782306321232169,5.5077470362263625e-17,0,0
143,1,3,1,0.8582171290549956,0.19155046238832896,1.0162929715396007e-05,0.0,1.0162929715343788e-05,5.2219581198227616e-17,1,1
143,3,1,1,0.5598355704359328,-0.10683109623073384,-0.0038281560419745064,-0.0038281560419744956,0.0,1.0842021724855044e-17,0,0
143,3,2,0,0.7014770263809424,0.03481035971427582,-0.0011886326683259174,-0.0014006274939368513,0.0002119948256108926,4.119968255444917e-17,0,0
143,1,1,1,0.6827598606778216,0.016093194011154943,-0.0033343815792080123,-0.003523474055002751,0.00018909247579479102,5.204170427930421e-17,0,0
143,3,3,1,0.7691045155094715,0.10243784884280482,-0.0017149668698984155,-0.0017149668698984177,0.0,2.168404344971009e-18,0,0
143,0,1,1,0.8479582329625167,0.18129156629585008,-5.8738359101639936e-05,0.0,-5.873835910181644e-05,1.7650133741706209e-16,0,0
143,3,0,0,0.6591128833962402,-0.00755378327042644,-0.0012349461805497564,-0.0016415116039777387,0.0004065654234280082,2.5804011705155006e-17,0,0
144,2,2,1,0.6485665507727691,-0.018100115893897484,-0.0005211900184694529,-0.0005385950493658217,1.7405030896279703e-05,8.901299836105991e-17,0,0
144,3,2,1,0.7300498952926253,0.06338322862595869,-0.0028360745703263635,-0.0028360745703263704,0.0,6.938893903907228e-18,0,0
144,3,1,1,0.8919328793515295,0.2252662126848629,-3.847239212217968e-05,-3.8472392122213504e-05,0.0,3.382710778154774e-17,0,0
144,3,2,1,0.5607204871044309,-0.10594617956223573,-3.937582477475665e-05,-3.9375824774754835e-05,0.0,1.81603863891322e-18,0,0
144,1,0,0,0.7926852034271428,0.12601853676047614,-0.007680853090249573,-0.007459393510657169,-0.00022145957959242402,1.9949319973733282e-17,0,0
144,1,0,1,0.6517826416533866,-0.014884025013280011,-5.019878845935466e-09,0.0,-5.019879048986945e-09,2.0305147926962972e-16,0,0
144,1,3,0,0.7744449842778139,0.10777831761114731,-0.0018794455295877421,-0.0021180863804764385,0.00023864085088866831,2.7972416050126014e-17,0,0
144,0,0,1,0.7410726041163022,0.07440593744963553,-0.002560155561943389,-0.0021920963249291215,-0.0003680592370143102,4.2500725161431774e-17,0,0
144,0,1,1,0.61518832845967,-0.051478338206996654,5.203203284898095e-08,-4.025790736852331e-06,4.077822769475345e-06,2.2596721450376597e-16,1,1
144,1,0,1,0.813016851889672,0.14635018522300536,7.548652839362013e-06,0.0,7.548652839291215e-06,7.079840186330344e-17,1,1
144,0,1,0,0.7641860881853351,0.09751942151866844,-0.006787080108663246,-0.008277817208527952,0.001490737099864365,3.408731630294426e-16,0,0
144,0,0,1,0.6953150213335909,0.02864835466692428,-0.0009526412682811514,-0.0010347465785177023,8.2105310236405e-05,1.459336124165489e-16,0,0
145,3,2,1,0.7035024152029079,0.036835748536241275,-6.012775884411958e-07,-6.012775884279609e-07,0.0,1.3234889800848443e-17,0,0
145,3,3,1,0.7131358710381054,0.046469204371438755,-8.735736016990403e-05,-8.735736016992203e-05,0.0,1.7997756063259374e-17,0,0
145,0,3,1,0.5803081478994127,-0.08635851876725398,2.1183135092917027e-05,0.0,2.1183135092881787e-05,3.523995873756791e-17,1,1
145,3,1,1,0.7126786027016767,0.04601193603501008,-0.00351512991973274,-0.0035151299197327076,0.0,3.252606517456513e-17,0,0
145,0,3,0,0.6835483248423665,0.016881658175699865,-0.008747294642295067,-0.008817073869921128,6.977922762608343e-05,2.2551405187698492e-17,0,0
145,2,3,1,0.7829035027611311,0.11623683609446445,4.7092925398173335e-07,0.0,4.709292539018408e-07,7.989257110149924e-17,1,1
145,2,2,1,0.574441604182227,-0.09222506248443962,-8.123067491427882e-07,0.0,-8.123067491680837e-07,2.5295474299447205e-17,0,0
145,3,0,1,0.8745615867605809,0.2078949200939143,-7.960201160206459e-05,-7.960201160205444e-05,0.0,1.0150842839895535e-17,0,0
145,2,3,1,0.7371459199784198,0.0704792533117532,-5.397703701004453e-06,-1.4089498379911017e-05,8.69179467872016e-06,1.8640484663635937e-16,0,0
145,1,2,1,0.7198446396551665,0.05317797298849991,-0.0001561130432085056,-0.00015625309257656411,1.4004936797333463e-07,8.516408064873637e-17,0,0
145,0,0,1,0.8406481643302013,0.17398149766353466,-1.7197721071449124e-05,-1.1605471624405738e-05,-5.592249447172003e-06,1.2861687084288198e-16,0,0
145,2,0,0,0.6157953074005887,-0.05087135926607789,-0.001199032288034585,-0.0013153939729881141,0.00011636168495360671,7.762887554996212e-17,0,0
146,3,1,1,0.8621391314692188,0.1954724648025522,-3.3065987256053475e-06,-3.30659872559187e-06,0.0,1.34775647402368e-17,0,0
146,1,1,1,0.8681959605934555,0.20152929392678887,-2.1337550205557942e-05,-2.0512515982082588e-05,-8.250342234782274e-07,2.8731357570865868e-18,0,0
146,1,2,1,0.7306064378308613,0.06393977116419469,-0.004349153168644981,-0.0038308856302480924,-0.0005182675383969028,1.3877787807814457e-17,0,0
146,1,0,1,0.5727656673925849,-0.09390099927408169,-2.2555325275286364e-06,-1.4937086995329801e-06,-7.618238281499495e-07,1.5429298057300159e-16,0,0
146,1,1,0,0.7286051288662956,0.06193846219962895,-0.001686062695436752,-0.0019091605143707066,0.00022309781893382444,1.3032110113275763e-16,0,0
146,0,2,1,0.8901342182630054,0.2234675515963388,-0.008468902903402131,-0.008587297051724514,0.00011839414832223892,1.43982048506075e-16,0,0
146,2,3,1,0.7911140860386925,0.12444741937202586,-0.00040253608010881736,-0.0003899771911597299,-1.2558888949132257e-05,4.4777549723651333e-17,0,0
146,1,0,1,0.8770080846913644,0.21034141802469775,-9.128737997188274e-07,-5.175736528940838e-07,-3.953001467664749e-07,5.82686669910442e-17,0,0
146,1,3,0,0.8983918053909186,0.23172513872425193,-0.0028512501023214565,-0.003535556336550198,0.0006843062342286755,6.591949208711867e-17,0,0
146,1,2,0,0.608996167443459,-0.05767049922320766,-0.00462619382823426,-0.0039783226291511984,-0.0006478711990830532,7.806255641895632e-18,0,0
146,2,2,1,0.6805691562664158,0.013902489599749157,-0.00539354437125511,-0.005221646110162374,-0.00017189826109277498,3.903127820947816e-17,0,0
146,3,2,0,0.6242815527772255,-0.042385113889441106,-0.0026647559685567535,-0.00328121037626059,0.000616454407703877,4.0332320816460765e-17,0,0
147,1,1,1,0.851781311666542,0.1851146449998754,-0.0013104329539423976,-0.0013578294184492517,4.739646450677554e-05,7.849623728795052e-17,0,0
147,1,0,1,0.6859574991245656,0.019290832457898976,-0.0005334733471830666,-0.0005435668212993909,1.0093474116190006e-05,1.34332649170954e-16,0,0
147,3,2,1,0.5858563773533927,-0.08081028931327394,-2.7780472408645007e-05,-2.7780472408648856e-05,0.0,3.848917712323541e-18,0,0
147,2,2,1,0.7533329584643554,0.08666629179768881,-6.479024645467124e-05,-8.154002220030477e-05,1.6749775745448274e-05,1.852494936963045e-16,0,0
147,0,0,1,0.8284955199408568,0.16182885327419017,8.433807339169874e-07,0.0,8.433807337503319e-07,1.666555323172965e-16,1,1
147,3,3,0,0.561392394921601,-0.10527427174506565,-0.0012932605076355075,-0.0018632092230911712,0.0005699487154556417,2.211772431870429e-17,0,0
147,1,2,0,0.7750897908874531,0.10842312422078648,-0.00466710809133819,-0.0047319905731315936,6.488248179328671e-05,1.1709383462843448e-16,0,0
147,3,0,0,0.5796326140709298,-0.08703405259573682,-0.002711510807716644,-0.0027903517117491942,7.884090403248414e-05,6.635317295611287e-17,0,0
147,3,1,0,0.5666057184377233,-0.10006094822894329,-0.0008014740130938836,-0.0008530044436535921,5.153043055972182e-05,1.3227266504323154e-17,0,0
147,2,1,0,0.6285889060885155,-0.038077760578151154,-0.0013781408374560766,-0.001834572386385977,0.00045643154892980545,9.497611030973019e-17,0,0
147,3,1,1,0.6007031567047125,-0.0659635099619541,-2.6697312812129503e-05,-2.669731281213548e-05,0.0,5.976664475826343e-18,0,0
147,2,0,1,0.8901955085783722,0.22352884191170552,-5.710189831281687e-05,-5.592118666079297e-05,-1.1807116522054842e-06,1.8159031136416592e-16,0,0
148,1,2,0,0.5891527785661521,-0.07751388810051452,-0.002134028616699979,-0.0022232921138379373,8.926349713780767e-05,1.5092094240998222e-16,0,0
148,3,3,0,0.8032015927725475,0.13653492610588092,-0.0023789602729566983,-0.002794431411132926,0.0004154711381763732,1.457167719820518e-16,0,0
148,0,3,0,0.7537023770282284,0.08703571036156177,-0.0006090740366080372,-0.0013443632768686076,0.0007352892402607403,1.6989448042847854e-16,0,0
148,1,3,1,0.7753082395706579,0.10864157290399123,-0.00014529708307564615,-0.00012420405392098716,-2.1093029154678844e-05,1.984089975648473e-17,0,0
148,1,3,1,0.5569752628465592,-0.10969140382010745,-3.914807667937392e-05,-4.187054302722212e-05,2.7224663479411897e-06,9.299744134494414e-17,0,0
148,2,2,1,0.8659677715892828,0.1993011049226162,-5.476326522368957e-06,-6.973566296039877e-06,1.4972397734118312e-06,2.590887438402509e-16,0,0
148,2,3,1,0.554369050509848,-0.11229761615681866,1.0501929217365813e-06,0.0,1.05019292166518e-06,7.140127756351169e-17,1,1
148,3,0,1,0.5830688482343845,-0.08359781843228209,-7.613061152345058e-05,-7.613061152347841e-05,0.0,2.7836890778565326e-17,0,0
148,2,0,1,0.6961810950646599,0.02951442839799323,-0.00037046464096179843,-0.000340278461684746,-3.0186179276938047e-05,1.1438332919722072e-16,0,0
148,2,2,0,0.740142729666583,0.07347606299991638,-0.004289055936714914,-0.006155661457383374,0.0018666055206685707,1.1102230246251565e-16,0,0
148,1,1,1,0.89651696383872,0.2298502971720534,-1.7421187381572167e-07,0.0,-1.7421187382375507e-07,8.033392820657793e-18,0,0
148,0,1,1,0.7192917606954676,0.052625094028801,-0.0014544364784417896,-0.0014980479772500248,4.3611498807778854e-05,4.564491146163974e-16,0,0
149,3,3,1,0.865153922656354,0.19848725598968742,-0.0006169686479243763,-0.0006169686479243716,0.0,4.7704895589362195e-18,0,0
149,0,1,0,0.8289704239296193,0.16230375726295265,-0.005419840195881043,-0.005741059416297382,0.0003212192204163468,7.806255641895632e-18,0,0
149,3,0,1,0.8752989438537739,0.2086322771871073,-0.002094197044942514,-0.002094197044942433,0.0,8.109832250191573e-17,0,0
149,2,0,1,0.6323083830257665,-0.0343582836409001,-0.004219871606256254,-0.004240538574711929,2.066696845580611e-05,1.3010426069826053e-16,0,0
149,2,3,1,0.6762107838937572,0.009544117227090587,-0.006233144800723012,-0.006321862269090232,8.871746836725223e-05,3.209238430557093e-17,0,0
149,0,3,1,0.6666819394954205,1.527282875390945e-05,2.942237005143511e-07,0.0,2.942237007073584e-07,1.9300730964152903e-16,1,1
149,2,0,1,0.5808802083905042,-0.08578645827616238,-3.152386214289038e-07,-1.4050328967226885e-06,1.089794275424377e-06,1.3059236343411582e-16,0,0
149,2,3,0,0.8252085436194224,0.1585418769527558,-0.0017219969823960568,-0.0025647498492256415,0.0008427528668295917,6.938893903907228e-18,0,0
149,1,3,1,0.6561269264798908,-0.010539740186775837,-0.004724092826537851,-0.004530880918764519,-0.00019321190777313104,2.0122792321330962e-16,0,0
149,1,3,0,0.8288737100034193,0.16220704333675262,-0.0024342606157733426,-0.002692044909679456,0.0002577842939062957,1.8214596497756474e-16,0,0
149,0,3,0,0.8908568976542114,0.22419023098754476,-0.00029132731996617256,-0.0003089327478971376,1.760542793104189e-05,7.686993402922226e-17,0,0
149,1,0,0,0.6721139291120027,0.00544726244533611,-0.007340739887979508,-0.008693201689633263,0.001352461801653993,2.38524477946811e-16,0,0
150,2,3,1,0.8351676046930179,0.16850093802635124,1.2480480310939068e-05,0.0,1.2480480310918865e-05,2.0203429857909572e-17,1,1
150,3,1,0,0.8298509075026612,0.1631842408359946,-0.0014496078789433264,-0.0014685714125221743,1.8963533578729758e-05,1.1817803680091998e-16,0,0
150,0,2,1,0.7507253909368826,0.08405872427021599,3.402118547435329e-07,0.0,3.402118548746379e-07,1.311050301254415e-16,1,1
150,0,3,1,0.7415492034381138,0.07488253677144718,-0.0030915423439877854,-0.0030189206892105424,-7.262165477713702e-05,1.0581813203458523e-16,0,0
150,0,0,0,0.8051136725710504,0.13844700590438375,-0.004295249206134943,-0.004520724866216155,0.00022547566008124798,3.642919299551295e-17,0,0
150,1,1,0,0.8039191093188522,0.1372524426521856,-0.002705431797350777,-0.0028776536456578397,0.00017222184830705784,4.7704895589362195e-18,0,0
150,1,3,1,0.6954656088597759,0.0287989421931093,-0.0003459833348616881,-0.0003012436993237519,-4.473963553802687e-05,9.063930161978817e-17,0,0
150,2,3,0,0.695576772965858,0.02891010629919133,-0.006552970648654843,-0.006651658352094283,9.868770343935016e-05,8.933825901280557e-17,0,0
150,1,2,1,0.6400745702418673,-0.026592096424799316,-3.335534618598146e-05,-3.309996112434357e-05,-2.5538506157143817e-07,6.645481690978339e-17,0,0
150,1,0,1,0.829182455462679,0.16251578879601236,-5.498732995029565e-05,-5.136789711235955e-05,-3.6194328378962206e-06,3.987831115673246e-17,0,0
150,2,3,1,0.8214018148885578,0.15473514822189116,-4.9687170372458844e-05,-4.934614808849341e-05,-3.4102228404777747e-07,8.234515500027406e-17,0,0
150,2,2,1,0.664732154345776,-0.0019345123208905912,-5.375239709837221e-06,-4.4677777108382954e-06,-9.074619990967369e-07,9.781197661713759e-17,0,0
151,1,0,1,0.8713369318566604,0.20467026518999376,-8.697492862363987e-06,0.0,-8.697492862541782e-06,1.7779560376046666e-16,0,0
151,2,2,1,0.6412426538162964,-0.025424012850370215,-0.010325604364621932,-0.010484719388753358,0.00015911502413124337,1.8214596497756474e-16,0,0
151,3,2,1,0.8054146347696461,0.1387479681029795,-0.0006770396852502358,-0.0006770396852502522,0.0,1.6371452804531117e-17,0,0
151,1,3,1,0.6837673045191373,0.017100637852470624,5.941028662359571e-07,0.0,5.941028657219965e-07,5.139606400317146e-16,1,1
151,1,3,1,0.6780967126665862,0.011430045999919591,-2.8997082360149307e-05,-3.597520141885598e-05,6.9781190584873155e-06,2.1935781641634067e-16,0,0
151,3,1,1,0.7670133557675903,0.1003466891009237,0.0,0.0,0.0,0.0,0,0
151,1,1,0,0.7928077305999603,0.12614106393329372,-0.009449979052593593,-0.011422412447527949,0.001972433394934017,3.382710778154774e-16,0,0
151,0,1,1,0.7771938396913917,0.11052717302472503,-0.0004575327228684145,-0.0004247155621590193,-3.2817160709343166e-05,5.204170427930421e-17,0,0
151,2,0,1,0.8196360936550507,0.15296942698838412,-0.0008032402593199928,-0.0007395205036586303,-6.371975566154368e-05,1.8127860323957634e-16,0,0
151,1,2,1,0.555605876807963,-0.1110607898587036,-4.99901239292555e-07,0.0,-4.999012394292681e-07,1.367130235109754e-16,0,0
151,2,1,1,0.6937696147579164,0.0271029480912498,-0.0024929222300780207,-0.0024943469487358158,1.424718657891909e-06,9.6710833785707e-17,0,0
151,3,1,1,0.597683947579396,-0.0689827190872706,-0.0029430148374909315,-0.0029430148374908886,0.0,4.2934406030425976e-17,0,0
152,2,0,0,0.5605267959554975,-0.10613987071116915,-0.0016873722365295385,-0.0013277580289628812,-0.0003596142075665593,9.80118763926896e-17,0,0
152,0,0,1,0.6643004661109998,-0.002366200555666831,1.1374932144703198e-05,-2.2476450640870787e-05,3.385138278575605e-05,1.8206803794641735e-16,1,1
152,0,0,1,0.7157286407462621,0.04906197407959545,-0.004459357882661941,-0.004330296744137015,-0.00012906113852473316,1.9255430583342559e-16,0,0
152,2,1,0,0.6159178345734062,-0.05074883209326042,-0.0022678548853421465,-0.0022961347234940923,2.8279838152004366e-05,5.854691731421724e-17,0,0
152,2,3,1,0.7618138160001985,0.09514714933353186,-0.004183615839690624,-0.004222287948074545,3.867210838403364e-05,1.1275702593849246e-16,0,0
152,0,2,1,0.8855153172708852,0.21884865060421854,4.6773696060764536e-07,0.0,4.6773696075300076e-07,1.4535540655092943e-16,1,1
152,1,0,1,0.7918143994854332,0.12514773281876657,-0.00011308059341574861,-0.00013195842847118266,1.887783505555821e-05,1.2415470127674633e-16,0,0
152,3,1,1,0.7350682898971878,0.06840162323052112,-6.595315189139583e-05,-6.595315189132754e-05,0.0,6.829118433943071e-17,0,0
152,2,0,1,0.8751176277234027,0.2084509610567361,-0.0002625673406010942,-0.0002505718789830933,-1.1995461617949707e-05,5.1228552649940085e-17,0,0
152,0,3,1,0.7539604497617018,0.08729378309503522,-0.00021275624340144628,-0.00019821975223551853,-1.4536491165709507e-05,2.1824989732133204e-16,0,0
152,3,3,1,0.8590973836390994,0.19243071697243275,-0.00013801576439687047,-0.0001380157643967906,0.0,7.987859505786954e-17,0,0
152,3,0,1,0.7637668081358464,0.09710014146917978,-0.0022092032115079707,-0.0022092032115079924,0.0,2.168404344971009e-17,0,0
153,3,3,1,0.5808997136845486,-0.085766952982118,-0.004670823717767503,-0.004670823717767496,0.0,6.938893903907228e-18,0,0
153,1,3,1,0.8282735577850309,0.16160689111836424,-4.545964071200892e-05,-4.280757610224097e-05,-2.652064609637495e-06,1.3045662640431832e-16,0,0
153,2,0,1,0.6869859965022156,0.02031932983554896,-0.003967969366664992,-0.003706009601692576,-0.0002619597649722135,2.0209528495129803e-16,0,0
153,3,0,1,0.7504206273589331,0.08375396069226648,-0.0051315011920983755,-0.0051315011920983885,0.0,1.3010426069826053e-17,0,0
153,2,3,1,0.6744163692054377,0.007749702538771053,-4.7065775811150345e-05,-3.891539148697239e-05,-8.150384324111369e-06,6.658356591776604e-17,0,0
153,3,3,0,0.6244040799500431,-0.04226258671662353,-0.0032632260548046688,-0.005315064123657089,0.0020518380688524427,2.211772431870429e-17,0,0
153,1,2,1,0.7572108965616698,0.09054422989500321,-7.921542570510365e-05,-8.920591042091734e-05,9.990484715715295e-06,9.839134715305953e-17,0,0
153,2,1,0,0.6060499859056552,-0.060616680761011454,-0.0014491439097220615,-0.0014306026112963727,-1.8541298425729303e-05,4.0549161250957866e-17,0,0
153,0,1,1,0.712374870959291,0.045708204292624344,-0.0007894822287994874,-0.0007832682628085723,-6.213965990816532e-06,9.855397747893235e-17,0,0
153,1,1,1,0.8849150559364155,0.21824838926974888,2.551264252526053e-06,0.0,2.5512642526511917e-06,1.251385300449822e-16,1,1
153,2,3,1,0.7201739519881489,0.0535072853214823,-0.0005478525224270614,-0.000585091482418258,3.723895999121698e-05,2.0274580625478933e-17,0,0
153,3,0,1,0.8018488019941954,0.13518213532752876,0.0,0.0,0.0,0.0,0,0
154,3,1,1,0.8075869363750301,0.14092026970836347,-0.00010640621798746475,-0.00010640621798750509,0.0,4.0345873343616834e-17,0,0
154,0,1,1,0.6481650060387713,-0.018501660627895378,-0.0008459634872786115,-0.0008700351131936189,2.407162591502584e-05,1.8431436932253575e-17,0,0
154,2,3,1,0.7777160287549989,0.11104936208833227,-0.00017593520745545765,-0.00017626928804468064,3.340805891227248e-07,1.0026159590059702e-16,0,0
154,3,0,1,0.6251405122049947,-0.04152615446167196,-0.0003832697023223308,-0.0003832697023223371,0.0,6.288372600415926e-18,0,0
154,0,1,1,0.6424944141862203,-0.0241722524804463,9.139626155896252e-08,0.0,9.139626168058966e-08,1.216271417272497e-16,1,1
154,2,1,0,0.8861695292140752,0.21950286254740858,-0.0023171094257079528,-0.0023358745302156643,1.876510450771657e-05,5.204170427930421e-18,0,0
154,2,1,1,0.6676651629078354,0.000998496241168767,-9.0579404019131e-05,-8.536589577353313e-05,-5.213508245706283e-06,1.0840666472139437e-16,0,0
154,3,2,0,0.6595511285377553,-0.007115538128911303,-0.0022751888315880042,-0.00286294926128124,0.0005877604296932494,1.3444106938820255e-17,0,0
154,3,2,1,0.6656847714715834,-0.0009818951950831822,-9.698291357618238e-05,-9.698291357617731e-05,0.0,5.068645156369733e-18,0,0
154,1,3,1,0.8017260776953135,0.13505941102864683,-0.00022006286971337774,-0.00019120822767201482,-2.8854642041436226e-05,7.32920668600201e-17,0,0
154,0,2,1,0.7412184294874823,0.07455176282081566,-0.010023770617519967,-0.01013439253283058,0.00011062191531063253,1.9081958235744878e-17,0,0
154,1,0,0,0.7401112757949418,0.07344460912827522,-0.0012789410992881112,-0.001946735531929026,0.000667794432640783,1.3183898417423734e-16,0,0
155,1,1,0,0.7844717762047593,0.11780510953809264,-0.006200023442147651,-0.007658975932336111,0.0014589524901881974,2.6281060661048627e-16,0,0
155,1,0,1,0.5644291520152309,-0.10223751465143571,-0.0025495765934777648,-0.0025219620612136934,-2.761453226430477e-05,2.3332030751888055e-16,0,0
155,0,3,1,0.6344021445220341,-0.03226452214463249,-0.007128132203131132,-0.007309392672827621,0.00018126046969633682,1.5265566588595902e-16,0,0
155,0,1,1,0.5962824913548033,-0.07038417531186336,-4.9517043165137054e-05,-5.921938515485913e-05,9.702341989477752e-06,2.443249595696084e-16,0,0
155,1,0,0,0.7371759355387595,0.07050926887209286,-0.0038487003033237377,-0.005232435014235761,0.0013837347109116078,4.154662724964453e-16,0,0
155,2,3,1,0.5747269433864223,-0.09193972328024436,-0.0008356752205955775,-0.0008306406893455914,-5.034531250164301e-06,1.7813441693936838e-16,0,0
155,3,3,1,0.7037877544071032,0.03712108774043654,-0.005635821356337778,-0.005635821356337772,0.0,6.071532165918825e-18,0,0
155,2,0,1,0.5929671625357511,-0.07369950413091553,-0.0004703794392123539,-0.00045284638878678664,-1.753305042569168e-05,1.2441219929271163e-16,0,0
155,3,3,1,0.7552159290423655,0.08854926237569882,0.0,0.0,0.0,0.0,0,0
155,2,3,1,0.8011551180624299,0.13448845139576326,4.758587757613952e-06,0.0,4.758587757516447e-06,9.750535069023153e-17,1,1
155,3,1,1,0.669501012614812,0.002834345948145356,-0.0019203064649999657,-0.0019203064650000349,0.0,6.917209860457518e-17,0,0
155,2,1,1,0.8628404697433208,0.19617380307665422,-1.7720977510515823e-05,-1.939994095938663e-05,1.6789634487284478e-06,1.4235913337913575e-16,0,0
156,0,0,0,0.6355520227424689,-0.031114643924197716,-0.0018541584812867828,-0.0019897209022192316,0.00013556242093272464,2.7582103268031233e-16,0,0
156,2,2,0,0.5944741440341981,-0.07219252263246856,-0.0015118074484381516,-0.0015008338117141412,-1.097363672371144e-05,2.990229591715021e-16,0,0
156,0,0,1,0.7073118458402604,0.04064517917359378,-0.0012289416521688024,-0.00112459154884,-0.00010435010332872039,8.196568423990414e-17,0,0
156,3,0,0,0.575677418610006,-0.09098924805666064,-0.0030911223068420535,-0.0034712000577266015,0.000380077750884559,1.0842021724855044e-17,0,0
156,3,0,1,0.8623044550447503,0.19563778837808365,-2.297175362409032e-05,-2.297175362409796e-05,0.0,7.640237184233789e-18,0,0
156,0,1,1,0.831622565416997,0.16495589875033034,-0.0002556552694971126,-0.00025438561458892997,-1.2696549081977481e-06,1.5124620306172787e-17,0,0
156,0,1,1,0.6942849502070539,0.02761828354038731,5.2405525138299325e-06,0.0,5.240552513897608e-06,6.767539138677683e-17,1,1
156,0,1,0,0.6962465052251348,0.02957983855846813,-0.0010988022223037408,-0.001913561885023707,0.0008147596627203079,3.41740524767431e-16,0,0
156,0,3,1,0.8640716267316769,0.1974049600650103,-1.0216306539523323e-05,0.0,-1.021630653917259e-05,3.5073262653548265e-16,0,0
156,0,2,0,0.6779161657271712,0.011249499060504542,-0.0028467393882293246,-0.0024946987212862994,-0.0003520406669426159,4.0939474033052647e-16,0,0
156,1,2,1,0.8273086252103813,0.16064195854371466,6.417690376903096e-07,0.0,6.417690380217058e-07,3.3139624077820626e-16,1,1
156,1,3,0,0.7065054013176135,0.039838734650946894,-0.007296650707073193,-0.0073897312735904195,9.308056651733116e-05,1.0495077029659683e-16,0,0
157,2,3,1,0.7661333034434666,0.09946663677680001,-0.0004756050539232448,-0.0004959233068573807,2.0318252934049455e-05,8.64109131470947e-17,0,0
157,0,3,1,0.5652015052189123,-0.1014651614477543,-0.0004295651822842639,-0.00043580674973636333,6.2415674520761675e-06,2.3310346708438345e-17,0,0
157,1,1,0,0.6956755455922512,0.02900887892558457,-0.0041603767563285765,-0.004246420632204402,8.604387587583917e-05,1.3010426069826053e-17,0,0
157,3,2,1,0.7704250697792566,0.10375840311258999,0.0,0.0,0.0,0.0,0,0
157,0,2,1,0.6772340419882057,0.010567375321539063,-5.211434399204906e-05,-4.716695726505225e-05,-4.94738672708191e-06,8.509631801295603e-17,0,0
157,3,0,0,0.7715652930600488,0.10489862639338221,-0.0006247662922574393,-0.0007556143570225601,0.00013084806476509897,2.190088388420719e-17,0,0
157,3,3,0,0.5783250738699747,-0.08834159279669196,-0.0008004959826173885,-0.0007893699537841908,-1.1126028833206779e-05,8.998878031629687e-18,0,0
157,1,1,1,0.7558744073509878,0.08920774068432114,-0.001437043977185637,-0.0013937793205998704,-4.32646565858025e-05,3.599551212651875e-17,0,0
157,3,2,1,0.7647544779267056,0.09808781126003896,-0.005921257449410244,-0.005921257449410263,0.0,1.9081958235744878e-17,0,0
157,1,2,1,0.7491050291920791,0.08243836252541248,-0.007482456125178227,-0.007629069291215205,0.00014661316603703812,5.984795992119984e-17,0,0
157,0,0,1,0.8060191909098111,0.13935252424314448,-0.007177609177128452,-0.007066044662013418,-0.00011156451511498161,5.2909066017292616e-17,0,0
157,1,2,0,0.6773452060942877,0.010678539427621092,-0.003927759060354752,-0.004501898500939958,0.000574139440585272,6.591949208711867e-17,0,0
158,1,1,1,0.8262133955667292,0.1595467289000626,1.2913575985762371e-06,-1.2558151444511507e-06,2.5471727430071607e-06,2.0227146780432692e-17,1,1
158,0,0,1,0.8788361334541896,0.21216946678752302,-0.007343511388680057,-0.007345389195443602,1.8778067635210812e-06,2.3418766925686896e-17,0,0
158,3,3,1,0.8469318702344159,0.18026520356774922,-1.8414977003888833e-05,-1.8414977003888016e-05,0.0,8.165397611531455e-19,0,0
158,2,0,1,0.6719081156472462,0.005241448980579544,-6.067256446251612e-06,-1.341499614268434e-06,-4.725756832127074e-06,1.4389565114545505e-16,0,0
158,3,3,1,0.8983600448696781,0.2316933782030115,-1.7241796140821108e-07,-1.724179614334565e-07,0.0,2.5245419946220396e-17,0,0
158,0,3,1,0.6764417622649208,0.00977509559825418,-0.0011221856897584703,-0.00114330543253387,2.111974277528906e-05,1.1080546202801855e-16,0,0
158,3,1,0,0.7182249538759293,0.0515582872092627,-0.0025664417264765205,-0.0027982713702995898,0.0002318296438230435,2.6020852139652106e-17,0,0
158,2,0,1,0.7233362902825085,0.056669623615841824,-1.3186229620321122e-05,-1.3092839684513767e-05,-9.33899358634242e-08,5.607019297644567e-17,0,0
158,2,1,1,0.8980843827706027,0.23141771610393602,-0.0017086471388835234,-0.0017039083292926917,-4.738809590790245e-06,4.141652298894627e-17,0,0
158,2,3,1,0.7654485257145596,0.09878185904789294,5.1036751119171164e-06,-4.7747092293746254e-06,9.878384341224712e-06,6.702995228096906e-17,1,1
158,2,2,1,0.6045343753543064,-0.0621322913123602,-6.582096445661989e-06,-4.8822964991777625e-06,-1.699799946508111e-06,2.388463504667676e-17,0,0
158,1,1,1,0.8318839874192803,0.16521732075261364,-0.005499133985032767,-0.00541853924068093,-8.059474435190414e-05,6.765421556309548e-17,0,0
159,3,3,1,0.7010415513536524,0.034374884686985796,-0.0004328597147590929,-0.0004328597147590475,0.0,4.5428071027142636e-17,0,0
159,2,0,0,0.752326558193268,0.08565989152660136,-0.0010120539334334544,-0.001568391301528626,0.0005563373680951817,9.974659986866641e-18,0,0
159,2,3,1,0.6849113809258937,0.018244714259227024,-0.0008881177820639907,-0.0008682670573724657,-1.9850724691508633e-05,1.6479873021779667e-17,0,0
159,1,1,0,0.7157322449995513,0.04906557833288472,-0.0046886523768872035,-0.006023766530564613,0.001335114153677414,4.336808689942018e-18,0,0
159,1,0,1,0.561712667243954,-0.10495399942271266,-4.378331860344087e-06,0.0,-4.378331860607014e-06,2.6292749715720737e-16,0,0
159,1,1,1,0.7955872660492518,0.12892059938258515,-5.1652873312213465e-05,-5.3848456798424705e-05,2.1955834861359596e-06,7.527751208838418e-17,0,0
159,1,2,0,0.77112328361746,0.10445661695079334,-0.0017675046212774492,-0.002271630061187043,0.000504125439909313,2.8080836267374565e-16,0,0
159,3,2,1,0.8230751188758471,0.15640845220918043,-3.8200522356257594e-05,-3.8200522356293345e-05,0.0,3.575156663770951e-17,0,0
159,3,2,1,0.8745032935111092,0.2078366268444426,-0.0018302508801123496,-0.0018302508801123856,0.0,3.599551212651875e-17,0,0
159,0,3,1,0.8223327921522625,0.15566612548559589,-4.990063140630774e-05,-5.5135679253044016e-05,5.235047846571131e-06,1.6514431966027643e-16,0,0
159,1,3,1,0.5558505699052128,-0.11081609676145387,2.0627251040572503e-07,0.0,2.0627251040895503e-07,3.230001325676664e-18,1,1
159,2,2,1,0.7313177375312238,0.06465107086455713,-7.913422475119836e-05,-2.3948671466249815e-05,-5.518555328502376e-05,7.521652571618187e-17,0,0
160,1,3,0,0.6980886064116119,0.031421939744945226,-0.007477323378118905,-0.007131587099645144,-0.0003457362784737489,1.3010426069826053e-17,0,0
160,0,2,1,0.714297838733601,0.047631172066934346,-0.00019598432039863445,-0.00018374723734097703,-1.2237083057923688e-05,2.662800535624399e-16,0,0
160,1,3,1,0.8334646666034742,0.16679799993680755,-0.00034942121873188237,-0.00034610382905763185,-3.3173896743318656e-06,8.136937304503711e-17,0,0
160,2,1,1,0.7394907427461563,0.07282407607948971,-0.00029598618569942614,-0.000278896973649567,-1.708921204991619e-05,5.702903427273753e-17,0,0
160,1,1,1,0.6022665814501854,-0.06440008521648122,-1.2103474215985344e-05,-1.0874451229006159e-05,-1.2290229871460197e-06,1.66834997422996e-16,0,0
160,1,1,0,0.8783019299684796,0.21163526330181293,-0.0013395910217104956,-0.0014933530994944565,0.00015376207778385325,1.0755285551056204e-16,0,0
160,2,1,1,0.7909189173814186,0.12425225071475199,-0.006255335019192398,-0.005404501033215714,-0.0008508339859766658,1.9081958235744878e-17,0,0
160,0,0,1,0.6048338985081841,-0.06183276815848249,-1.6917223004342397e-05,-2.0184938420347545e-05,3.267715415812838e-06,1.9231036034461635e-16,0,0
160,0,0,1,0.8174962833797318,0.15082961671306516,-4.2606418630908305e-05,-4.0539534577861645e-05,-2.066884053068121e-06,2.1460426751634953e-17,0,0
160,3,3,1,0.5609156966700488,-0.10575096999661782,-0.0005953647268608364,-0.0005953647268608294,0.0,7.047314121155779e-18,0,0
160,1,1,1,0.8149289663217332,0.14826229965506654,2.676317293170971e-06,0.0,2.67631729310528e-06,6.569121670783364e-17,1,1
160,2,0,1,0.5884916740559255,-0.07817499261074112,-2.3765161374644794e-05,-2.9522470867840903e-05,5.757309493079584e-06,1.165246284878796e-16,0,0
161,0,3,1,0.7850327687070315,0.1183661020403649,-0.0011093260024803153,-0.001127765123794717,1.8439121314445754e-05,4.401860820291148e-17,0,0
161,3,2,1,0.6760424401904556,0.009375773523788933,-0.003815693859011704,-0.003815693859011678,0.0,2.6020852139652106e-17,0,0
161,2,1,0,0.877730970335596,0.21106430366892937,-8.892267157928346e-05,-0.00024529518076147835,0.0001563725091822691,7.421363870663278e-17,0,0
161,1,2,1,0.6466270818600028,-0.02003958480666379,-0.0005028073124820898,-0.0005283776539204544,2.557034143827135e-05,9.324138683375338e-17,0,0
161,1,2,1,0.8592894667315505,0.19262280006488386,-0.004055839978485409,-0.0041987900396946816,0.00014295006120939815,1.2576745200831851e-16,0,0
161,0,3,1,0.8307903514897428,0.16412368482307615,2.9828807448506467e-06,0.0,2.982880744962039e-06,1.1139245586046578e-16,1,1
161,2,2,0,0.8032926660737238,0.13662599940705722,-0.0033330965926498535,-0.004557989414094055,0.0012248928214442772,7.546047120499111e-17,0,0
161,3,1,0,0.591165601110823,-0.07550106555584368,-0.0010758628429686778,-0.0009522361666703961,-0.00012362667629822884,5.2909066017292616e-17,0,0
161,0,2,1,0.8176733355079018,0.15100666884123515,-1.9341461543476157e-08,0.0,-1.9341461532734932e-08,1.0741224804131783e-17,0,0
161,1,1,1,0.7605654514302885,0.0938987847636219,-9.114340079952044e-05,-9.772635157662977e-05,6.582950777279917e-06,1.7058565931343805e-16,0,0
161,0,3,1,0.7793621768544806,0.11269551018781399,-5.15988814921986e-05,-5.562690735069454e-05,4.0280258586485085e-06,1.525743507230226e-16,0,0
161,2,0,1,0.8292047860401695,0.16253811937350282,-2.849490937029131e-05,-2.3869226657314653e-05,-4.625682712851276e-06,1.2538120498437055e-16,0,0
162,2,3,0,0.782026986319578,0.11536031965291138,-0.005633473524417398,-0.00630680351318915,0.0006733299887717825,3.122502256758253e-17,0,0
162,2,3,1,0.6273586347413619,-0.03930803192530474,-7.502615811560975e-06,0.0,-7.502615811556348e-06,4.627340990850243e-18,0,0
162,1,3,0,0.6529661752988971,-0.013700491367769518,-0.0024242476890836695,-0.002851491634624344,0.0004272439455407817,1.0755285551056204e-16,0,0
162,2,1,1,0.8132425501507806,0.146575883484114,-0.00372879082059413,-0.0037747265820907276,4.593576149666428e-05,6.678685382510707e-17,0,0
162,3,3,1,0.6747492669673518,0.008082600300685194,0.0,0.0,0.0,0.0,0,0
162,3,0,0,0.6726578376541514,0.005991170987484806,-0.006301911618905809,-0.006627505710129404,0.0003255940912235797,1.5612511283791264e-17,0,0
162,3,2,0,0.7330706943019923,0.06640402763532571,-0.005303139911470467,-0.005409477167746552,0.0001063372562760618,2.3418766925686896e-17,0,0
162,0,3,1,0.8914712483276314,0.22480458166096473,-2.1374086279224436e-05,-2.9546488884235427e-05,8.172402605119227e-06,1.0823725813194351e-16,0,0
162,0,0,0,0.875614029209971,0.20894736254330437,-0.0005034661665581641,-0.0005889588094143749,8.549264285637282e-05,1.6197980456933436e-16,0,0
162,0,0,1,0.7723738522670172,0.10570718560035053,-3.1318431111260203e-06,-2.7252653453352653e-06,-4.065777657375615e-07,5.319366908757006e-17,0,0
162,3,0,1,0.6986600779692317,0.031993411302565056,-0.00017434693443402205,-0.00017434693443401766,0.0,4.391018798566293e-18,0,0
162,2,1,1,0.8075719582982297,0.14090529163156307,-6.4003943611168346e-06,-1.1751013389835154e-05,5.350619028808977e-06,9.065708931168051e-17,0,0
163,2,2,1,0.8556269200298998,0.1889602533632332,-1.2233380962789475e-05,-8.977083504468835e-06,-3.256297458330112e-06,9.471522416197586e-18,0,0
163,1,2,1,0.6045411612499835,-0.06212550541668316,-1.0438667704615323e-05,0.0,-1.0438667704504951e-05,1.1037178115902435e-16,0,0
163,2,0,0,0.8585870270288054,0.19192036036213878,-0.0009244257672033629,-0.0009685720532799925,4.414628607654098e-05,8.868773770931426e-17,0,0
163,0,0,1,0.7204053054611211,0.05373863879445451,-0.0010235864819755358,-0.0009811123680376762,-4.247411393793815e-05,7.849623728795052e-17,0,0
163,1,0,1,0.7594702217866365,0.09280355511996985,-0.000132878129334546,-0.000173513139633529,4.063501029917517e-05,1.9217483507305566e-16,0,0
163,1,2,0,0.5984075183161552,-0.06825914835051139,-0.0031071215652641038,-0.0034568420763131454,0.00034972051104898425,5.724587470723463e-17,0,0
163,2,3,1,0.7279227606551543,0.06125609398848764,1.818985569546072e-05,0.0,1.8189855695592635e-05,1.3191352307359572e-16,1,1
163,0,0,1,0.5591710952248358,-0.10749557144183086,-7.620830863430683e-05,-7.590486428479743e-05,-3.0344434932132017e-07,1.8808197187192288e-16,0,0
163,0,3,1,0.6047371725213568,-0.061929494145309794,-1.4570992625917434e-05,0.0,-1.4570992625931288e-05,1.3854070885291336e-17,0,0
163,1,1,1,0.6651455233840146,-0.001521143282652071,-0.0006357490010184819,-0.0006655642071480375,2.9815206129809973e-05,2.542454094478508e-16,0,0
163,3,3,1,0.7514901782156644,0.08482351154899781,-0.001617734973415108,-0.0016177349734150682,0.0,3.9898639947466563e-17,0,0
163,0,3,0,0.594388758052231,-0.07227790861443562,-0.0007941247948303198,-0.0009034209939113375,0.00010929619908111362,9.595189226496714e-17,0,0
164,0,0,1,0.8035913163804429,0.13692464971377627,-5.430297871772405e-05,-4.220189807656705e-05,-1.2101080641115521e-05,4.147750936114858e-17,0,0
164,0,1,1,0.6244589823704351,-0.04220768429623156,-7.794164322627584e-05,-7.46070863420265e-05,-3.334556884301891e-06,5.255670031123483e-17,0,0
164,3,2,1,0.7134496436602087,0.04678297699354206,-5.848456797785673e-05,-5.848456797790798e-05,0.0,5.125565770425222e-17,0,0
164,0,2,1,0.6114320867372286,-0.05523457992943803,-0.001158492924524246,-0.0011066291051650661,-5.186381935912448e-05,5.5294310796760726e-17,0,0
164,3,3,1,0.8416110713713829,0.17494440470471628,-0.004336837541669469,-0.00433683754166949,0.0,2.0816681711721685e-17,0,0
164,0,1,1,0.6758871570056973,0.009220490339030718,-0.004540652550315993,-0.004540462707247751,-1.8984306814717814e-07,9.540979117872439e-17,0,0
164,3,2,1,0.7648778182954709,0.09821115162880423,-1.9014247799598039e-06,-1.9014247800070007e-06,0.0,4.719688757924643e-17,0,0
164,0,2,1,0.8001978765824339,0.13353120991576728,5.160293492678658e-06,0.0,5.160293492696212e-06,1.755391079889812e-17,1,1
164,1,3,1,0.6406792731468285,-0.025987393519838142,-0.0010946870886845428,-0.0011959663182858262,0.00010127922960125957,2.3852447794681098e-17,0,0
164,1,0,1,0.678533163463821,0.011866496797154347,-3.149790386358653e-05,-3.10217920373447e-05,-4.761118262101568e-07,3.16722559637328e-17,0,0
164,1,1,1,0.8631666193397638,0.19649995267309717,1.3819585406582569e-06,0.0,1.3819585406913504e-06,3.3093577249225514e-17,1,1
164,2,3,1,0.8254809009436241,0.1588142342769575,-0.0017434190934220717,-0.0016357285076863874,-0.00010769058573579848,1.1427490897997217e-16,0,0
165,2,3,0,0.8648483658476845,0.1981816991810179,-0.0005358582007348178,-0.0006385621687124229,0.00010270396797766007,5.4969050145015075e-17,0,0
165,0,1,1,0.727491072420378,0.0608244057537114,-6.661124664075757e-07,0.0,-6.661124663850804e-07,2.2495289254942895e-17,0,0
165,1,3,1,0.8672831886022545,0.20061652193558788,-0.0015330460101785626,-0.0015110709924795725,-2.1975017698944532e-05,4.5536491244391186e-17,0,0
165,3,0,0,0.6540541979842945,-0.012612468682372091,-0.0022107654838215973,-0.0026155887796131647,0.0004048232957915952,2.7755575615628914e-17,0,0
165,3,1,1,0.7354474769172835,0.06878081025061689,-0.0040185925148749635,-0.0040185925148749245,0.0,3.903127820947816e-17,0,0
165,1,3,1,0.8616125967497036,0.19494593008303696,-5.6322179888324e-05,-5.309326400930135e-05,-3.2289158788875604e-06,1.3509159069169385e-16,0,0
165,3,2,0,0.8238408745089176,0.157174207842251,-0.001383502876427689,-0.001718527389526581,0.0003350245130988962,4.336808689942018e-18,0,0
165,0,2,1,0.8698505056602532,0.2031838389935866,-0.0029244996926584554,-0.0029044418202305374,-2.0057872427878473e-05,3.946495907847236e-17,0,0
165,3,2,1,0.7206006975659637,0.05393403089929705,-0.0033777588352702503,-0.0033777588352702603,0.0,9.974659986866641e-18,0,0
165,2,1,1,0.6063866658966026,-0.06028000077006401,-3.429070200067219e-06,0.0,-3.4290702000534535e-06,1.3765555942303262e-17,0,0
165,1,2,0,0.7187901124285512,0.052123445761884546,-0.00403879008400071,-0.004710858564299279,0.0006720684802986814,1.1188966420050406e-16,0,0
165,2,0,0,0.6999933870043591,0.03332672033769246,-0.006451708686697699,-0.005889445602449591,-0.0005622630842480932,1.474514954580286e-17,0,0
166,1,1,1,0.7130861706596534,0.04641950399298678,-1.8566030141053957e-07,0.0,-1.856603013717738e-07,3.876578632007314e-17,0,0
166,2,2,0,0.5513143507068312,-0.11535231595983542,-0.0022193226901106033,-0.00216121241360972,-5.8110276500826376e-05,5.724587470723463e-17,0,0
166,1,2,1,0.8554456038995286,0.188778937232862,-0.0014633221836806154,-0.0014900477995910713,2.6725615910506135e-05,5.0306980803327406e-17,0,0
166,0,2,1,0.7263847928788478,0.0597181262121812,-0.0008021159479009721,-0.0005098748007745865,-0.00029224114712639364,8.023096076392733e-18,0,0
166,1,2,1,0.8416798140950688,0.17501314742840213,1.7981214961437786e-06,0.0,1.798121496199085e-06,5.53063810162591e-17,1,1
166,3,0,1,0.66401325905789,-0.0026534076087766367,-1.455568564567855e-07,-1.4555685641742235e-07,0.0,3.9363156306124235e-17,0,0
166,2,2,1,0.6230741738046227,-0.04359249286204392,-0.00027554021411063667,-0.00024404286845897764,-3.14973456516574e-05,1.6263032587282567e-18,0,0
166,0,3,1,0.5806319198409636,-0.086034746825703,-3.192098629867246e-08,-2.7426912479959513e-08,-4.494073686124636e-09,1.3258831054753688e-16,0,0
166,2,1,1,0.7991551633922279,0.1324884967255613,-8.301979711511365e-05,-9.218747341291605e-05,9.167676297890439e-06,8.803721640582296e-17,0,0
166,3,2,1,0.7007068101900413,0.0340401435233747,-0.0002279019039372332,-0.0002279019039372436,0.0,1.0408340855860843e-17,0,0
166,1,0,1,0.6799883355223547,0.013321668855688085,-1.1011255452664237e-05,0.0,-1.1011255452650361e-05,1.3876093741919948e-17,0,0
166,0,0,1,0.5509275245016738,-0.11573914216499281,-0.0015305325930842772,-0.0015661525462024634,3.5619953118164836e-05,2.1250362580715887e-17,0,0
167,1,1,0,0.6509060130805956,-0.01576065358607104,-0.00542011206930057,-0.005422833183401562,2.7211141010539555e-06,6.158268339717665e-17,0,0
167,2,1,0,0.8758478602454643,0.20918119357879772,-0.0009807988606951867,-0.0009736298691238134,-7.168991571313427e-06,5.984795992119984e-17,0,0
167,3,0,1,0.8689378071736866,0.20227114050702,-0.0010443586500866187,-0.0010443586500866041,0.0,1.452830911130576e-17,0,0
167,1,2,0,0.8551531401242021,0.18848647345753544,-0.0007129236072866418,-0.0009121880225481062,0.00019926441526156753,1.0321604682062002e-16,0,0
167,0,1,1,0.6952477104834393,0.028581043816772622,3.6073801989999765e-07,0.0,3.607380199474502e-07,4.745253271063962e-17,1,1
167,2,2,0,0.7139648761865601,0.0472982095198935,-0.0038776562643060564,-0.0038932010044527236,1.554474014675622e-05,8.890457814381136e-17,0,0
167,2,3,1,0.7159661851511259,0.04929951848445924,-3.448392050381388e-06,-7.156141104798827e-06,3.7077490544680894e-06,5.065087617991265e-17,0,0
167,2,0,1,0.7398769961530056,0.07321032948633899,-0.0010871805283913238,-0.001304004061021183,0.0002168235326299148,5.572799166575493e-17,0,0
167,0,2,1,0.865683160830681,0.19901649416401435,-0.008241187501317443,-0.008001502669732305,-0.00023968483158509957,3.8163916471489756e-17,0,0
167,3,1,1,0.8026628531871045,0.13599618652043788,-0.0016774124089866393,-0.0016774124089866476,0.0,8.239936510889834e-18,0,0
167,2,3,1,0.5547319749148405,-0.11193469175182613,-1.0930139134612826e-06,-1.3783430967296076e-06,2.8532918322898813e-07,3.933684534520015e-17,0,0
167,3,3,1,0.8450269961718067,0.17836032950514003,0.0,0.0,0.0,0.0,0,0
168,3,0,0,0.6635400942441868,-0.003126572422479823,-0.003539304214997707,-0.0036832362264119256,0.0001439320114141635,5.4643789493269423e-17,0,0
168,2,1,1,0.8360432193582047,0.16937655269153806,7.118427986729792e-06,0.0,7.118427986639552e-06,9.023950206868414e-17,1,1
168,1,3,1,0.7490735452503603,0.08240687858369367,-0.0001387122412502828,-0.00015117637328954328,1.2464132039148854e-05,1.1161861365738268e-16,0,0
168,0,0,0,0.7628969669255654,0.09623030025889878,-0.003280638559627014,-0.0038382167495171135,0.0005575781898900794,2.0383000842727483e-17,0,0
168,2,3,1,0.8684922806728846,0.201825614006218,-0.002191989422924312,-0.0021997461094482302,7.756686523845696e-06,7.24247051220317e-17,0,0
168,0,1,1,0.7307194512059725,0.06405278453930585,-7.966073154452857e-06,-6.622997981081244e-06,-1.3430751733534822e-06,1.8131587268925553e-17,0,0
168,1,1,0,0.5589552202632081,-0.10771144640345853,-0.0010479623113855974,-0.000890968661149113,-0.00015699365023644712,3.729655473350135e-17,0,0
168,1,1,1,0.8597802622266534,0.19311359555998675,2.149304156162657e-05,0.0,2.1493041561624645e-05,1.9244588561617704e-18,1,1
168,1,3,1,0.579744137062166,-0.08692252960450064,-0.002156165438941815,-0.001927017471826113,-0.0002291479671156398,6.245004513516506e-17,0,0
168,0,0,1,0.6163238132992582,-0.0503428533674084,-0.0015521342477020639,-0.001482742101939299,-6.939214576269509e-05,6.982261990806649e-17,0,0
168,0,3,1,0.7255061276898501,0.05883946102318349,6.255089219120435e-05,0.0,6.255089219122295e-05,1.85940672581264e-17,1,1
168,3,2,1,0.8988290763923035,0.23216240972563684,-0.0011928725602931012,-0.0011928725602930645,0.0,3.664603343001005e-17,0,0
169,1,2,1,0.8387875885443734,0.17212092187770678,-2.4745172419127215e-05,-1.981694727162023e-05,-4.928225147391268e-06,1.157182531220935e-16,0,0
169,1,2,1,0.650021798699168,-0.016644867967498644,-0.0007546084375711359,-0.0007492310717441166,-5.377365826769453e-06,2.4990860075790877e-16,0,0
169,2,2,1,0.6260117497588535,-0.04065491690781309,-0.00013085322428674218,-9.102690045024764e-05,-3.982632383654211e-05,4.756937031780151e-17,0,0
169,1,3,1,0.7725126345577913,0.10584596789112466,-0.00044976452757905516,-0.00042881165328733533,-2.095287429165129e-05,6.852157730108388e-17,0,0
169,3,2,1,0.5604769694294028,-0.10618969723726379,-0.0019181798233934844,-0.0019181798233934746,0.0,9.75781955236954e-18,0,0
169,0,2,1,0.7750799516157899,0.10841328494912328,-0.00037531091703890684,-0.00038804854959917584,1.2737632560450745e-05,1.8176649421719482e-16,0,0
169,0,3,1,0.8813122392472141,0.2146455725805475,-1.097591704568579e-05,0.0,-1.0975917045610079e-05,7.571119295737838e-17,0,0
169,2,3,1,0.6030016201322437,-0.06366504653442295,-0.001461959950098124,-0.00153054814982981,6.858819973167514e-05,1.1058862159352145e-17,0,0
169,1,2,0,0.8046901502773842,0.1380234836107176,-0.0015325508595323,-0.0018556226309701992,0.00032307177143782543,7.37257477290143e-17,0,0
169,0,3,0,0.5667214074793089,-0.09994525918735775,-0.0005554262124726206,-0.0008506227664461353,0.0002951965539735862,7.155734338404329e-17,0,0
169,1,3,1,0.7781832264103422,0.11151655974367558,-0.0033699061015192155,-0.003394842371046315,2.4936269527051583e-05,4.8138576458356397e-17,0,0
169,3,3,1,0.8778364027100234,0.21116973604335676,-0.0011727024249716944,-0.0011727024249716753,0.0,1.9081958235744878e-17,0,0
170,3,0,1,0.6687043031371908,0.002037636470524129,-2.4889369983072118e-05,-2.4889369983069303e-05,0.0,2.8155375166732943e-18,0,0
170,3,1,1,0.769265998916064,0.10259933224939732,-0.0002482175437504286,-0.00024821754375043645,0.0,7.860465750519907e-18,0,0
170,1,0,1,0.7329829492450187,0.06631628257835209,-2.08850973323349e-05,-2.7136553621121994e-05,6.251456288603563e-06,1.8353171087927278e-16,0,0
170,3,3,1,0.6447934921353109,-0.021873174531355732,-0.0015825544606094533,-0.0015825544606094739,0.0,2.0599841277224584e-17,0,0
170,3,1,1,0.8150235816987752,0.14835691503210857,-0.00024311685179723153,-0.00024311685179719247,0.0,3.90583832637903e-17,0,0
170,1,0,1,0.7844111238802809,0.11774445721361426,-1.2898524026638825e-06,0.0,-1.289852402795518e-06,1.316354845086595e-16,0,0
170,1,0,1,0.5717487390087332,-0.09491792765793339,-0.0016793045634077575,-0.001614006883484446,-6.529767992334169e-05,3.0357660829594124e-17,0,0
170,2,0,1,0.7964175801017362,0.12975091343506961,-0.001770372516719132,-0.0018657726739425627,9.540015722343527e-05,4.553649124439119e-18,0,0
170,0,2,1,0.6417006329963219,-0.02496603367034478,-1.154475792103371e-05,0.0,-1.1544757921234825e-05,2.0111442079837755e-16,0,0
170,2,3,1,0.8557494472027174,0.18908278053605077,2.8952453244301957e-06,0.0,2.8952453245207947e-06,9.059906755479359e-17,1,1
170,2,2,1,0.6818304367088318,0.015163770042165181,-0.004528695491107737,-0.004461507533454561,-6.718795765311592e-05,5.984795992119984e-17,0,0
170,3,2,1,0.6454422659579298,-0.02122440070873688,-7.025212708955397e-06,-7.025212708954913e-06,0.0,4.845028458294598e-19,0,0
171,0,1,1,0.8835455061014614,0.2168788394347948,-4.841698390872784e-05,-4.510386106575058e-05,-3.3131228429479583e-06,2.930056371142076e-17,0,0
171,2,1,1,0.8433098522930662,0.17664318562639958,-0.0001418992305385891,-0.00014154553907938644,-3.536914592931752e-07,9.050377634822748e-17,0,0
171,2,2,1,0.7788547820245975,0.11218811535793083,-1.411402356810143e-05,-1.3116791476761891e-05,-9.972320914294245e-07,8.988544229673184e-17,0,0
171,1,3,1,0.5792063748764821,-0.08746029179018455,-3.5279543340371866e-05,-3.234835704167698e-05,-2.931186298618029e-06,7.68563815020662e-17,0,0
171,2,0,1,0.6210140115863211,-0.04565265508034555,-8.753274924666599e-06,-9.283524617974709e-06,5.302496931658308e-07,1.4227951228209385e-16,0,0
171,1,0,0,0.8096756460982552,0.14300897943158852,-0.0036290845108384318,-0.0038885086838937074,0.0002594241730551879,8.760353553682876e-17,0,0
171,1,2,1,0.5883825623752509,-0.07828410429141575,-1.968799479706851e-05,-7.31245566957295e-05,5.343656189860194e-05,5.904836081899179e-17,0,0
171,1,0,1,0.7685958859321187,0.10192921926545206,-7.015711763241894e-05,-8.549004708971216e-05,1.533292945722672e-05,6.648869822767356e-17,0,0
171,3,1,1,0.6840728746922857,0.017406208025619097,-0.0022153848919027608,-0.0022153848919027968,0.0,3.599551212651875e-17,0,0
171,3,0,1,0.7469502176151029,0.08028355094843631,-0.006870626951528014,-0.006870626951528004,0.0,9.540979117872439e-18,0,0
171,1,2,1,0.6398107370105132,-0.026855929656153466,1.3026112284930669e-06,0.0,1.3026112284133746e-06,7.969224780947359e-17,1,1
171,2,0,1,0.5695858369510588,-0.09708082971560783,5.119053255731032e-07,0.0,5.119053254250371e-07,1.4806612374038e-16,1,1
172,1,3,1,0.7449148799164489,0.07824821324978226,9.676048564444262e-06,0.0,9.676048564385085e-06,5.917710982697444e-17,1,1
172,1,0,1,0.7574845072132267,0.09081784054656006,-0.0004513582561269103,-0.0004238630283594687,-2.7495227767185135e-05,2.564138137928218e-16,0,0
172,1,0,1,0.7631550990657776,0.09648843239911098,-0.0032668276634961746,-0.003302091771977062,3.5264108480907566e-05,1.9949319973733282e-17,0,0
172,0,1,0,0.8833629407182715,0.21669627405160485,-0.0007897230376761044,-0.0010256989163547428,0.0002359758786787148,7.643625316022806e-17,0,0
172,0,1,1,0.7424603789445153,0.0757937122778487,-1.620173035288275e-05,-1.0164309885437375e-05,-6.037420467231649e-06,2.1372335325120506e-16,0,0
172,0,3,1,0.6074177125486121,-0.05924895411805453,-2.1722199982643353e-06,-2.0989587913706716e-06,-7.326120679694997e-08,9.671379840102239e-17,0,0
172,0,2,1,0.8568560168512296,0.19018935018456296,-0.003680025744580373,-0.003689858607956836,9.832863376599369e-06,1.3617579286417936e-16,0,0
172,3,0,1,0.6572932650934191,-0.009373401573247508,-8.725653398422573e-05,-8.725653398419732e-05,0.0,2.8406096919120216e-17,0,0
172,2,0,1,0.8865453182339076,0.21987865156724096,-0.0005044567634279185,-0.0005029886724725811,-1.4680909555377284e-06,2.0036056147532122e-16,0,0
172,1,1,1,0.7483083197144578,0.08164165304779114,-1.777642047584571e-05,0.0,-1.7776420475833334e-05,1.2376845425279837e-17,0,0
172,0,0,1,0.7328269231093179,0.06616025644265122,-7.241684500208789e-05,-6.263564208516851e-05,-9.781202916795429e-06,1.239514133694053e-16,0,0
172,2,2,1,0.6065091930694202,-0.060157473597246436,-0.00035905597045932103,-0.0003434052458175148,-1.565072464177464e-05,3.1604493327952454e-17,0,0
173,0,0,1,0.6483046548204274,-0.0183620118462392,-0.0004772072042936726,-0.0005277382227926111,5.0531018498926554e-05,1.1980434005964824e-17,0,0
173,1,1,0,0.8895078872306058,0.22284122056393918,-0.0020811355908180174,-0.002055938557052655,-2.519703376543975e-05,7.762887554996212e-17,0,0
173,3,3,1,0.5667240681514899,-0.09994259851517673,-8.106788789163932e-05,-8.106788789163829e-05,0.0,1.0299920638612292e-18,0,0
173,1,3,1,0.7214628618609773,0.05479619519431067,-0.00024132100160106917,-0.00025395555582959333,1.2634554228473726e-05,5.0442506074888094e-17,0,0
173,1,0,0,0.6001122492831462,-0.06655441738352041,-0.0005880581830816634,-0.0008804463711647232,0.0002923881880831522,9.237402509576498e-17,0,0
173,1,1,1,0.8484281270644694,0.18176146039780272,1.2447141712335075e-06,0.0,1.2447141711365925e-06,9.691496872599528e-17,1,1
173,3,1,1,0.8800305171008294,0.21336385043416273,-5.544616583863515e-06,-5.54461658390238e-06,0.0,3.886441271886906e-17,0,0
173,1,3,0,0.5818720301338174,-0.08479463653284924,-0.0008339235747280571,-0.0009032133811677314,6.928980643958798e-05,8.630249292984615e-17,0,0
173,2,2,0,0.6025667502550797,-0.06409991641158697,-0.0029950103858893407,-0.0030232298175636102,2.821943167417829e-05,9.107298248878237e-17,0,0
173,3,3,1,0.6181522427867522,-0.04851442387991445,-9.837667080553336e-05,-9.837667080557525e-05,0.0,4.189086143940868e-17,0,0
173,2,1,1,0.7233699741478474,0.0567033074811808,-1.68087892416513e-05,0.0,-1.6808789241717647e-05,6.634639669253484e-17,0,0
173,2,3,0,0.7673316087497705,0.10066494208310384,-0.0025667349342968215,-0.0024883974838850265,-7.833745041187966e-05,8.456776945386935e-17,0,0
174,3,0,1,0.6876592244691353,0.02099255780246867,-2.7007231072739835e-05,-2.7007231072677246e-05,0.0,6.258895853851476e-17,0,0
174,1,0,0,0.8026299880590826,0.13596332139241596,-0.00404742346358844,-0.0036973448491620575,-0.000350078614426395,1.3010426069826053e-17,0,0
174,0,1,1,0.6413916613188088,-0.02527500534785787,-5.1551208800793e-05,-5.090882297435139e-05,-6.423858264909799e-07,4.9365080165980624e-17,0,0
174,0,0,1,0.7019960234528398,0.035329356786173216,-1.2814490084167574e-05,-2.2334661105165793e-05,9.520171020999907e-06,1.6872896309305663e-18,0,0
174,2,3,1,0.6401809959067454,-0.026485670759921254,-2.0147308823936783e-05,0.0,-2.0147308823891446e-05,4.533659146883917e-17,0,0
174,3,2,1,0.8095012865051397,0.14283461983847312,-5.330634168765336e-05,-5.330634168767641e-05,0.0,2.3052848692473038e-17,0,0
174,3,1,1,0.6270548623351042,-0.03961180433156242,-0.0034451698116618745,-0.0034451698116618164,0.0,5.811323644522304e-17,0,0
174,1,0,1,0.8229616365216118,0.15629496985494518,-0.0027724859608425634,-0.0026196231777313454,-0.00015286278311117394,4.380176776841438e-17,0,0
174,2,0,1,0.6584212150560742,-0.008245451610592425,6.498169993707226e-06,0.0,6.4981699937924965e-06,8.527080680009042e-17,1,1
174,1,2,0,0.8669232711235348,0.20025660445686821,-0.0027373194617975605,-0.0032919930280752977,0.0005546735662776925,4.466912950640278e-17,0,0
174,3,1,0,0.8416788022247327,0.17501213555806605,-0.003554845026817688,-0.004127373468652056,0.0005725284418343669,8.673617379884035e-19,0,0
174,3,0,1,0.7334168072518467,0.06675014058518003,-0.002721045467233729,-0.0027210454672337023,0.0,2.688821387764051e-17,0,0
175,3,2,1,0.649823375546798,-0.016843291119868598,-0.00011631931315042587,-0.00011631931315045581,0.0,2.993753248775599e-17,0,0
175,2,1,1,0.5970385492656004,-0.06962811740106623,-1.509187624593178e-06,0.0,-1.5091876245975308e-06,4.3529023159398494e-18,0,0
175,0,1,0,0.5507751026192622,-0.11589156404740442,-0.0016890322444920725,-0.0016516598729039752,-3.7372371588009644e-05,8.760353553682876e-17,0,0
175,2,1,1,0.6484667239008627,-0.018199942765803945,-5.024978279588588e-07,0.0,-5.024978280679329e-07,1.0907412668383076e-16,0,0
175,3,2,1,0.5983952009115358,-0.06827146575513088,-0.002305192759625929,-0.002305192759625961,0.0,3.165870343657673e-17,0,0
175,3,3,1,0.7208860367701589,0.054219370103492315,-0.005194186207858276,-0.00519418620785824,0.0,3.5561831257524545e-17,0,0
175,0,1,1,0.5711067510817914,-0.0955599155848752,-2.5146603633341424e-05,-8.813576044342921e-05,6.298915681011706e-05,2.927345865710862e-17,0,0
175,1,3,1,0.7570235980341732,0.09035693136750655,-0.0023802336448405237,-0.002324574797616129,-5.5658847224336356e-05,5.854691731421724e-17,0,0
175,1,1,0,0.688272269987099,0.021605603320432376,-0.0021730551818790467,-0.002683220271081839,0.0005101650892028586,6.635317295611287e-17,0,0
175,1,3,1,0.5682578081889679,-0.09840885847769876,-1.0402508392848286e-05,-9.847544532082013e-06,-5.549638608120074e-07,4.573469695404869e-17,0,0
175,3,3,0,0.7619657969362954,0.09529913026962877,-0.0035406513278105622,-0.004118014811238687,0.0005773634834281301,5.204170427930421e-18,0,0
175,0,0,1,0.5841336467149979,-0.08253301995166873,-1.6003523970464784e-06,0.0,-1.6003523969314513e-06,1.1502707423713399e-16,0,0
176,2,0,1,0.7070897902145725,0.04042312354790589,1.1483049080940333e-05,0.0,1.1483049080798416e-05,1.41916982180669e-16,1,1
176,3,1,0,0.7022395383571833,0.035572871690516705,-0.002974080111417088,-0.0039319008094299696,0.0009578206980128101,7.155734338404329e-17,0,0
176,1,1,1,0.620645029731245,-0.046021636935421606,-0.000712670121123915,-0.0007105816148189413,-2.0885063048799355e-06,9.389190813724468e-17,0,0
176,0,2,1,0.7668551116988191,0.10018844503215252,-0.0015452230427071,-0.0013503123397535363,-0.00019491070295370343,1.3964523981613297e-16,0,0
176,0,2,0,0.870095288641773,0.20342862197510636,-0.005804590151874456,-0.005477334876675285,-0.0003272552751991975,2.688821387764051e-17,0,0
176,3,1,1,0.7363369766241725,0.0696703099575059,0.0,0.0,0.0,0.0,0,0
176,0,1,1,0.7798820073320256,0.11321534066535899,-6.394207193605173e-05,-6.63416116236198e-05,2.39953968748197e-06,8.609920502250512e-17,0,0
176,2,1,1,0.5966349807909306,-0.07003168587573605,-3.116463707353301e-05,-3.0405995293475608e-05,-7.586417802036568e-07,1.4625887306829455e-16,0,0
176,3,0,1,0.6138461407655492,-0.05282052590111741,-0.00018261406002262337,-0.00018261406002265663,0.0,3.325790164099285e-17,0,0
176,3,3,1,0.5899353297636694,-0.07673133690299727,-0.003263699205128978,-0.003263699205129,0.0,2.168404344971009e-17,0,0
176,3,0,1,0.7831755489537435,0.1165088822870769,-0.004000133508602899,-0.004000133508602865,0.0,3.382710778154774e-17,0,0
176,3,1,1,0.7225711868197124,0.05590452015304581,-0.00010262648848530231,-0.00010262648848533312,0.0,3.0804894225744395e-17,0,0
177,2,0,1,0.6740492714159305,0.007382604749263888,-0.004214976593798825,-0.00420578089676921,-9.195697029431443e-06,1.8301332671555315e-16,0,0
177,2,0,0,0.6537176229534014,-0.012949043713265218,-0.005773300101444168,-0.006125603160846667,0.0003523030594024785,2.0816681711721685e-17,0,0
177,2,1,0,0.8418346389759879,0.17516797230932124,-0.0008732061234600907,-0.0012306300423275155,0.0003574239188674568,3.198396408832238e-17,0,0
177,3,2,0,0.831027718407807,0.16436105174114035,-0.0026986381201301035,-0.003027706866332897,0.0003290687462027933,4.336808689942018e-19,0,0
177,1,0,1,0.725659052288546,0.05899238562187936,-7.048555452027205e-06,-2.9877727580450597e-06,-4.060782693857353e-06,1.2479251708602881e-16,0,0
177,0,0,1,0.823117473272867,0.15645080660620037,-1.4391012729375596e-05,-1.5014591097632786e-05,6.235783681401255e-07,1.1706334144233332e-16,0,0
177,0,2,1,0.8179041497567445,0.1512374830900779,-0.0008905778495609806,-0.0008919801182485945,1.4022686875445682e-06,6.928051882182373e-17,0,0
177,1,1,0,0.712773827955307,0.04610716128864034,-0.006706241474969843,-0.007532771319497181,0.0008265298445274203,8.239936510889834e-17,0,0
177,3,1,1,0.5634076277174539,-0.10325903894921273,-0.0014297563179788142,-0.0014297563179788155,0.0,1.3010426069826053e-18,0,0
177,1,2,1,0.7147751369198727,0.04810847025320608,-4.53162641000926e-06,-4.934202850145019e-06,4.0257644014457216e-07,8.81253078323374e-18,0,0
177,3,3,0,0.5954233562330304,-0.07124331043363619,-0.0002464311608449399,-0.0004891751896400001,0.00024274402879506386,3.63207727782644e-18,0,0
177,3,0,1,0.5644886172643138,-0.10217804940235287,-1.847509635966027e-05,-1.8475096359626104e-05,0.0,3.416592096044946e-17,0,0
178,3,1,1,0.7300218303757771,0.06335516370911043,-0.00023077351256539647,-0.00023077351256538018,0.0,1.6290137641594704e-17,0,0
178,0,2,0,0.6812865011117623,0.014619834445095625,-0.0048187346886919835,-0.005050344760943805,0.00023161007225204973,2.2811613709095013e-16,0,0
178,0,1,1,0.5730245061388762,-0.0936421605277904,-1.2986506475354265e-05,-1.9211809345863575e-05,6.2253028706897524e-06,1.804417346876891e-16,0,0
178,1,0,1,0.7204104286200391,0.05374376195337249,-1.9298607932816125e-06,0.0,-1.929860793165681e-06,1.1593170542480158e-16,0,0
178,2,2,1,0.730669324712518,0.06400265804585137,-0.0005484650135448299,-0.0005337555621883635,-1.4709451356252659e-05,2.1380466841414147e-16,0,0
178,2,3,1,0.6110603632896814,-0.055606303376985244,-0.0002665072364010368,-0.00027566516054505655,9.157924144105697e-06,8.592302216947623e-17,0,0
178,1,3,1,0.8100704122707412,0.14340374560407454,-1.710457154213696e-05,-1.7506213193012206e-05,4.016416510373554e-07,1.6210855357731702e-16,0,0
178,0,0,0,0.8614998246686301,0.19483315800196344,0.00012338497432068385,-6.700534022557624e-05,0.00019039031454632673,6.662422349923425e-17,1,1
178,1,2,1,0.5740087817595361,-0.09265788490713056,-0.004365755627472878,-0.00395437318913484,-0.0004113824383379579,7.979727989493313e-17,0,0
178,0,0,1,0.8899266710830682,0.2232600044164016,-7.770146532137812e-06,-6.700070035531988e-06,-1.0700764964313676e-06,1.744565998823902e-16,0,0
178,0,3,0,0.8037773369703856,0.13711067030371893,-0.008144969393935941,-0.00906711178537286,0.0009221423914369366,1.734723475976807e-17,0,0
178,2,1,1,0.785603094993998,0.11893642832733142,1.7307547634515252e-06,0.0,1.7307547636360063e-06,1.8448102305490804e-16,1,1
179,0,2,1,0.6934025987850974,0.026735932118430727,-0.00017040958104574955,-0.00018129172657075542,1.088214552507654e-05,7.066287659174275e-17,0,0
179,3,1,0,0.766857523498325,0.1001908568316584,-0.0011092552778194098,-0.0012772343717773792,0.00016797909395799342,2.4069288229178198e-17,0,0
179,3,2,1,0.5614701731739263,-0.1051964934927403,-0.0011027136623390499,-0.0011027136623390564,0.0,6.5052130349130266e-18,0,0
179,3,0,1,0.6941060302299694,0.027439363563302788,-0.0011586557934070152,-0.0011586557934070167,0.0,1.5178830414797062e-18,0,0
179,3,2,0,0.7718793415282572,0.10521267486159058,-0.00281411153798089,-0.003513221079693842,0.0006991095417128999,5.204170427930421e-17,0,0
179,3,0,1,0.7398636130126808,0.07319694634601415,-0.00016832347647111057,-0.00016832347647110905,0.0,1.5178830414797062e-18,0,0
179,2,3,1,0.8907754531341547,0.2241087864674881,-0.00021035144676145867,-0.00019882354659967225,-1.1527900161846592e-05,6.01732205729455e-17,0,0
179,1,3,1,0.761714642113474,0.09504797544680732,-2.5622226460020325e-05,-3.0910646178026594e-05,5.288419718055783e-06,4.951415796469738e-17,0,0
179,3,2,1,0.782227755997383,0.1155610893307164,0.0,0.0,0.0,0.0,0,0
179,0,1,1,0.6166693457091854,-0.04999732095748122,-4.728448574653488e-05,-6.289258523985994e-05,1.5608099493346884e-05,2.1819568721270777e-17,0,0
179,3,1,1,0.7691107400155419,0.10244407334887529,-0.0032627332144967713,-0.003262733214496767,0.0,4.336808689942018e-18,0,0
179,1,1,1,0.591927965588851,-0.07473870107781566,-0.0011075495658040002,-0.0011848563734703824,7.73068076663621e-05,2.0166160408230382e-17,0,0
180,3,2,1,0.7042521012724033,0.03758543460573671,0.0,0.0,0.0,0.0,0,0
180,3,3,1,0.8232593769843829,0.15659271031771627,-5.349374655083672e-05,-5.349374655084601e-05,0.0,9.290257365485166e-18,0,0
180,2,0,1,0.6701647624769632,0.0034980958102965864,-0.0015299109593471805,-0.0016947248023766494,0.0001648138430296164,1.474514954580286e-16,0,0
180,0,3,0,0.8117205444517827,0.14505387778511603,-0.007323668764431579,-0.006784607191597294,-0.0005390615728342636,2.0816681711721685e-17,0,0
180,1,3,1,0.6599899635906308,-0.00667670307603585,-0.003955439003739514,-0.0038982852965050484,-5.7153707234489606e-05,2.42861286636753e-17,0,0
180,2,0,0,0.636067324209974,-0.030599342456692602,-0.00686499697319648,-0.007251477681512605,0.0003864807083162628,1.3791051634015616e-16,0,0
180,3,1,1,0.7172789969056098,0.05061233023894318,-0.0019584209075907966,-0.0019584209075908183,0.0,2.168404344971009e-17,0,0
180,3,1,1,0.6658508222703475,-0.0008158443963190987,0.0,0.0,0.0,0.0,0,0
180,0,2,1,0.661184526842829,-0.005482139823837606,-0.000729314516259183,-0.0009663070017542836,0.00023699248549503228,6.830473686658678e-17,0,0
180,1,2,1,0.6691661510893997,0.002499484422733067,1.916358753739633e-06,0.0,1.9163587536001213e-06,1.3951183212694042e-16,1,1
180,2,1,1,0.5900380696030423,-0.07662859706362435,-1.386774604927865e-06,0.0,-1.3867746048437445e-06,8.412053605771908e-17,0,0
180,1,1,1,0.8621324272272486,0.19546576056058196,-0.00016023406088483405,-0.00015531031647475577,-4.923744410142618e-06,6.434739893701469e-17,0,0
181,2,1,1,0.6642143340814427,-0.0024523325852239264,4.19184791350391e-06,0.0,4.191847913521932e-06,1.8022320018729748e-17,1,1
181,2,0,0,0.7179538418929917,0.05128717522632509,-0.006597323677764333,-0.006323051892656345,-0.00027427178510790927,7.806255641895632e-17,0,0
181,0,0,1,0.577220905427174,-0.08944576123949266,-0.00257693639096801,-0.002626440704163857,4.9504313195752826e-05,9.410874857174178e-17,0,0
181,2,1,0,0.6996235023950281,0.0329568357283615,-0.0036309240421953937,-0.0032982230707861897,-0.0003327009714091826,2.1250362580715887e-17,0,0
181,2,2,1,0.6635655602588238,-0.0031011064078427797,-3.127730927560135e-05,-3.1437729814574494e-05,1.604205389196472e-07,5.349860094858161e-17,0,0
181,1,2,1,0.866456035656495,0.19978936898982835,-0.002245570616584147,-0.002378706340317877,0.00013313572373366698,6.288372600415926e-17,0,0
181,3,0,1,0.6823578393045715,0.01569117263790487,-0.0013044041459575606,-0.001304404145957608,0.0,4.7488055154865094e-17,0,0
181,3,2,1,0.5873843670793307,-0.0792822995873359,-0.00010739698874451253,-0.00010739698874453571,0.0,2.3174821436877657e-17,0,0
181,3,1,1,0.5965605545780995,-0.0701061120885671,-0.00014605236868248106,-0.00014605236868245685,0.0,2.4204813500738886e-17,0,0
181,2,0,1,0.6031527036109829,-0.06351396305568369,-0.0010300595280927083,-0.0009004554962026882,-0.00012960403189009984,7.979727989493313e-17,0,0
181,2,2,0,0.8877405184176146,0.22107385175094796,-0.0005661559854328591,-0.0006022992331053632,3.614324767239924e-05,1.0484235007934828e-16,0,0
181,3,1,0,0.637640314744236,-0.029026351922430638,-0.002108946312215254,-0.0028196335021836976,0.0007106871899684257,1.7780915628762273e-17,0,0
182,0,2,0,0.5634126355669957,-0.1032540310996709,-0.0005383098851202694,-0.0005360847144654428,-2.22517065484076e-06,1.4094628242311558e-17,0,0
182,3,1,1,0.8906366432995155,0.2239699766328489,0.0,0.0,0.0,0.0,0,0
182,2,2,1,0.5539352654372192,-0.11273140122944747,-8.839031282015242e-06,-9.157228039600309e-06,3.181967575859152e-07,8.470329472543003e-19,0,0
182,1,2,1,0.8206320372807403,0.15396537061407367,-0.001754222284053808,-0.0018035828167406978,4.9360532686813396e-05,7.654467337747661e-17,0,0
182,1,1,0,0.801381378365071,0.13471471169840432,-0.000741234108344313,-0.0011160870573320284,0.000374852948987752,3.664603343001005e-17,0,0
182,1,0,1,0.7105811714335767,0.043914504766910056,-0.0026062093738813963,-0.0027184985158558777,0.00011228914197438773,9.367506770274758e-17,0,0
182,1,0,1,0.7049105795810257,0.038243912914359024,2.1075334703524184e-05,0.0,2.107533470339235e-05,1.3183559604244832e-16,1,1
182,3,2,1,0.8956584613294477,0.22899179466278108,-0.0024287852020019596,-0.002428785202001996,0.0,3.642919299551295e-17,0,0
182,3,0,0,0.8510411018275286,0.18437443516086194,-0.0008654521608689736,-0.0008833894567881701,1.7937295919190506e-05,5.9631119486702744e-18,0,0
182,0,0,1,0.5617250236011402,-0.10494164306552645,-0.00023857551861372617,-0.00023245169095930795,-6.1238276543381214e-06,8.009543549236664e-17,0,0
182,2,0,1,0.7799061717767981,0.11323950511013148,-2.0150532500873286e-05,0.0,-2.0150532500849796e-05,2.3489917693256257e-17,0,0
182,0,1,1,0.6898864513123144,0.02321978464564778,-0.005489831309760107,-0.005461019245618591,-2.881206414140304e-05,1.1362438767648086e-16,0,0
183,2,1,1,0.6958497915872954,0.0291831249206288,1.2394131728210578e-05,0.0,1.2394131728194969e-05,1.5609123152002247e-17,1,1
183,0,1,0,0.6621207938324942,-0.004545872834172404,-0.0019457993835980125,-0.0017141024224079145,-0.0002316969611901226,2.47198095326695e-17,0,0
183,1,0,1,0.7942981447894821,0.1276314781228155,-1.3125217799503375e-05,-1.3374241327136391e-05,2.4902352759462007e-07,3.8396003499037434e-17,0,0
183,0,3,1,0.786612938655683,0.11994627198901642,2.9096693801300422e-05,-5.2088432434676467e-05,8.118512623594508e-05,3.1807781235293486e-17,1,1
183,3,2,1,0.7635884448219065,0.09692177815523983,0.0,0.0,0.0,0.0,0,0
183,3,3,1,0.6531336353982644,-0.013533031268402218,-0.0030204118673590186,-0.0030204118673589748,0.0,4.380176776841438e-17,0,0
183,3,0,1,0.7825675581424887,0.11590089147582205,-0.0013703431470938332,-0.0013703431470938159,0.0,1.734723475976807e-17,0,0
183,3,1,1,0.7261779675437552,0.05951130087708856,-0.0040495627699189685,-0.004049562769918949,0.0,1.9081958235744878e-17,0,0
183,3,2,1,0.602354234585621,-0.06431243208104565,-0.0021859848874608012,-0.00218598488746084,0.0,3.859759734048396e-17,0,0
183,3,0,1,0.7768969662899378,0.11023029962327113,-9.058163068220715e-05,-9.058163068221772e-05,0.0,1.0570971181733668e-17,0,0
183,2,3,1,0.8575412701600095,0.19087460349334284,1.6351853047880116e-05,0.0,1.635185304791737e-05,3.725250902024413e-17,1,1
183,3,0,1,0.6452299429325457,-0.021436723734120977,0.0,0.0,0.0,0.0,0,0
184,1,0,1,0.5580624768994894,-0.10860418976717723,-2.467019734564424e-05,-3.476624760722979e-05,1.0096050261609629e-05,2.407945262454525e-17,0,0
184,2,1,0,0.8055232267839656,0.13885656011729897,-0.0029244978160665736,-0.003894845372818388,0.0009703475567517583,5.594483210025203e-17,0,0
184,1,2,1,0.8406887366880404,0.17402207002137382,-1.4981578898565218e-06,0.0,-1.4981578898834672e-06,2.6945388601580175e-17,0,0
184,3,0,1,0.8760486299232693,0.20938196325660263,-9.979498343609672e-05,-9.979498343611524e-05,0.0,1.8526304622346057e-17,0,0
184,2,2,1,0.6197495476272306,-0.04691711903943607,-4.17965324178704e-06,0.0,-4.179653241847513e-06,6.047307023627352e-17,0,0
184,1,0,1,0.6094906515347517,-0.05717601513191495,-0.002315935550224024,-0.002229316366005815,-8.661918421822767e-05,1.8214596497756474e-17,0,0
184,0,0,0,0.7267516048803813,0.060084938213714634,-0.011546059096817385,-0.013368586650604721,0.0018225275537875018,1.6479873021779667e-16,0,0
184,0,3,1,0.7188598002001783,0.052193133533511626,-0.004026103347652299,-0.004070393276153786,4.428992850150948e-05,2.2551405187698492e-17,0,0
184,2,0,0,0.8238535662819291,0.15718689961526244,-0.005661704378791987,-0.006581092430827302,0.0009193880520352482,6.591949208711867e-17,0,0
184,1,0,0,0.6728636151814982,0.006196948514831546,-0.0004905248086080616,-0.0007582177043372739,0.000267692895729202,1.0299920638612292e-17,0,0
184,3,2,0,0.8685820898899301,0.2019154232232635,-0.0032794080218988553,-0.003857090342916642,0.0005776823210177981,1.1275702593849246e-17,0,0
184,3,0,1,0.6633862450517217,-0.003280421614944906,-0.0029595200755220263,-0.002959520075522,0.0,2.6454533008646308e-17,0,0
185,0,0,1,0.8189813089950433,0.15231464232837666,-4.687518563245563e-05,-5.270899858159772e-05,5.833812948970146e-06,1.7194091202904493e-16,0,0
185,1,3,1,0.749131308973099,0.08246464230643236,-0.001703325387411303,-0.0016979860390153527,-5.339348395841227e-06,1.0907073855204175e-16,0,0
185,3,3,0,0.820357638858342,0.15369097219167538,-0.00027833361623513797,-0.0004080732707478204,0.00012973965451273353,5.1120132432691534e-17,0,0
185,2,1,1,0.655430391187647,-0.01123627547901962,-0.00017234761125972664,-0.00016496746637309,-7.380144886676045e-06,3.938364391553595e-17,0,0
185,1,1,0,0.5770616976490854,-0.08960496901758119,-0.0036009369123793933,-0.0037529115035623926,0.00015197459118294272,5.637851296924623e-17,0,0
185,0,2,1,0.8990078368105479,0.23234117014388123,-0.001271512364871552,-0.0013756283084116723,0.00010411594354002972,9.063930161978817e-17,0,0
185,3,0,1,0.6183033262654914,-0.04836334040117518,-1.372264717508509e-05,-1.3722647175078513e-05,0.0,6.576363802482388e-18,0,0
185,3,3,1,0.7171174619153882,0.050450795248721536,-0.00010655573712914368,-0.00010655573712914859,0.0,4.9060148304969076e-18,0,0
185,3,3,1,0.8544550771253312,0.18778841045866457,-1.1667093021416886e-05,-1.166709302143412e-05,0.0,1.7233732344835995e-17,0,0
185,3,0,1,0.6239739181180424,-0.04269274854862426,-0.00438901582238177,-0.004389015822381778,0.0,7.806255641895632e-18,0,0
185,0,3,1,0.6019920660071056,-0.06467460065956099,-6.602090639629132e-06,-8.721843321838745e-06,2.1197526819613136e-06,2.482992381581256e-16,0,0
185,1,1,1,0.5831953405829136,-0.08347132608375307,-6.418823499587667e-05,-6.637229831924788e-05,2.1840633233012075e-06,6.999880276109538e-17,0,0
186,1,3,1,0.7863361880849898,0.11966952141832321,-0.004417769808216621,-0.00420027407666336,-0.00021749573155327407,1.3877787807814457e-17,0,0
186,2,2,1,0.6774976881168545,0.010831021450187883,-4.734965013908354e-05,-5.6997141751173065e-05,9.64749161215228e-06,6.276175325975464e-17,0,0
186,2,2,1,0.6341647114335012,-0.03250195523316546,-0.005087880564713432,-0.005542848180422717,0.00045496761570927016,1.5612511283791264e-17,0,0
186,0,0,0,0.7600193903921217,0.09335272372545511,-0.0045309235026089745,-0.0049266796067271145,0.0003957561041182822,1.4224732503009818e-16,0,0
186,2,1,1,0.8673444675089197,0.20067780084225306,-0.0032259374460167356,-0.003374589137947351,0.00014865169193061477,4.336808689942018e-19,0,0
186,3,3,1,0.7003429514938833,0.03367628482721663,-3.476604503338532e-05,-3.476604503336007e-05,0.0,2.5248358091756185e-17,0,0
186,2,0,1,0.6908062095848858,0.02413954291821918,4.939078099619465e-06,0.0,4.939078099904161e-06,2.846962439016429e-16,1,1
186,0,1,1,0.5951158972678511,-0.07155076939881555,-5.227816929187501e-05,-7.586289008703907e-05,2.3584720795185924e-05,2.1867002566317018e-17,0,0
186,1,1,1,0.6066344298903446,-0.06003223677632208,-0.0033028740361005227,-0.003379854258457665,7.698022235719932e-05,5.724587470723463e-17,0,0
186,3,0,1,0.8798173808794976,0.21315071421283094,-0.0002235411951866384,-0.00022354119518662503,0.0,1.3362791775883842e-17,0,0
186,0,0,1,0.7147248586906877,0.04805819202402106,-0.0041121459219805034,-0.004395217403494615,0.00028307148151406644,4.5102810375396984e-17,0,0
186,3,2,1,0.6236096984179713,-0.043056968248695315,-0.0016916968737579197,-0.0016916968737579123,0.0,7.37257477290143e-18,0,0
187,0,3,0,0.6868010208678434,0.02013435420117682,-0.014926761650614573,-0.015762300836158784,0.0008355391855442631,5.204170427930421e-17,0,0
187,3,1,0,0.8689360936682057,0.20226942700153905,-0.0024849137544203925,-0.0026158054019416624,0.00013089164752121439,5.551115123125783e-17,0,0
187,2,0,0,0.863699015605659,0.19703234893899235,-0.0012662233120679933,-0.0012185114997912217,-4.771181227664174e-05,1.2988742026376343e-16,0,0
187,1,3,1,0.8559888171628092,0.18932215049614254,-0.001753950205246102,-0.0018913809069969578,0.00013743070175076667,8.912141857830846e-17,0,0
187,1,3,1,0.8503182253102581,0.1836515586435915,-0.00030532373344210884,-0.0003284374457514325,2.311371230917398e-05,1.4967410991162389e-16,0,0
187,2,1,0,0.8929461426085201,0.2262794759418535,-0.0015840208627438401,-0.0019132208951811675,0.0003292000324371982,1.2923689896027213e-16,0,0
187,1,0,1,0.7188427074390563,0.05217604077238969,-0.0026128761254000654,-0.0030216294299303652,0.0004087533045301816,1.1839487723541708e-16,0,0
187,3,3,1,0.6529464538099585,-0.013720212856708103,-0.0013515545922141436,-0.0013515545922141315,0.0,1.214306433183765e-17,0,0
187,0,3,1,0.7128032611829237,0.04613659451625707,-9.10677178839192e-06,0.0,-9.106771788355597e-06,3.6324160910053416e-17,0,0
187,1,1,1,0.7228055714217028,0.056138904755036134,-0.004493249533055521,-0.00450106899089209,7.819457836471735e-06,9.71445146547012e-17,0,0
187,1,0,1,0.8424145328445394,0.17574786617787275,-0.00019370763466436403,-0.00018193188423408494,-1.1775750430256349e-05,2.2741140567883456e-17,0,0
187,0,1,1,0.8873459928872405,0.22067932622057385,-0.0009080253069898014,-0.000912792033270678,4.766726280792321e-06,8.42425088021237e-17,0,0
188,3,0,1,0.8767088164404754,0.21004214977380875,-0.0005758229085797151,-0.0005758229085797345,0.0,1.940721888749053e-17,0,0
188,3,0,0,0.5621179846725701,-0.1045486819940965,-0.0003884035403514119,-0.00039516018975491857,6.756649403546231e-06,3.957337929572091e-17,0,0
188,0,1,1,0.7247333102335067,0.058066643566840104,-2.244070885176752e-05,-2.1586537835130446e-05,-8.54171016678701e-07,4.1626587159865336e-17,0,0
188,1,1,1,0.832079530770909,0.16541286410424239,-2.237164172746997e-06,-3.250895100323257e-06,1.0137309275141176e-06,6.214257217531174e-17,0,0
188,3,3,0,0.7188777655639867,0.05221109889732012,-0.0023195627756046333,-0.002402417126625898,8.285435102127366e-05,8.673617379884035e-18,0,0
188,2,2,1,0.6542214108408013,-0.012445255825865309,-8.263996914159577e-05,-0.00023326788011172425,0.0001506279109702376,1.0912494866066602e-16,0,0
188,3,2,0,0.6044821276572725,-0.062184539009394135,-0.005604483007118355,-0.007272454711666091,0.0016679717045477702,3.469446951953614e-17,0,0
188,2,2,0,0.6338897623782721,-0.032776904288394526,-0.008955967676958776,-0.008846338839339489,-0.00010962883761925335,3.2959746043559335e-17,0,0
188,2,3,0,0.8220067784008587,0.15534011173419204,-0.0036916509589444146,-0.004057034102455105,0.00036538314351075465,6.418476861114186e-17,0,0
188,3,0,1,0.6879430265952701,0.02127635992860344,-2.8520478068116972e-05,-2.85204780681058e-05,0.0,1.1170670508389713e-17,0,0
188,1,2,1,0.8651773659082077,0.19851069924154108,-0.0003400319388697226,-0.00031069145001126104,-2.934048885833211e-05,1.2945373939476923e-16,0,0
188,2,1,0,0.604642635375411,-0.062024031291255666,-0.0017941452417580273,-0.0019289426934342828,0.00013479745167624258,1.3010426069826053e-17,0,0
189,1,3,1,0.7921426887023595,0.12547602203569286,-1.7980961492802816e-05,-1.932360132936275e-05,1.3426398362532918e-06,3.066428675650018e-16,0,0
189,3,0,1,0.7422535536094228,0.07558688694275617,-6.110690424898646e-05,-6.110690424902018e-05,0.0,3.371868756429919e-17,0,0
189,0,2,0,0.8376274464041058,0.17096077973743917,-0.0020497484009868727,-0.0023134972712155833,0.00026374887022840107,3.0964814046186007e-16,0,0
189,3,3,0,0.5844225027329342,-0.08224416393373246,-0.001309439887169972,-0.0013189530532724371,9.513166102414275e-06,5.095750210681871e-17,0,0
189,2,1,1,0.7219177886429051,0.05525112197623849,7.262636136928791e-07,0.0,7.262636136236197e-07,6.925934299814238e-17,1,1
189,3,2,1,0.6291400272932696,-0.037526639373397064,0.0,0.0,0.0,0.0,0,0
189,1,2,1,0.6934186734010975,0.0267520067344309,-0.007840829951674344,-0.0077192499278085445,-0.0001215800238661538,3.5388358909926865e-16,0,0
189,1,0,1,0.7500601715524822,0.08339350488581554,3.597916628628184e-05,0.0,3.5979166286002785e-05,2.7905331040703474e-16,1,1
189,1,1,1,0.5765984293950253,-0.09006823727164137,-5.916349802848053e-05,-6.140669423705626e-05,2.2431962084414352e-06,1.342919915894858e-16,0,0
189,0,1,1,0.794991631595183,0.12832496492851642,-0.010860392385404039,-0.01134729160948781,0.00048689922408345183,3.191891195797325e-16,0,0
189,3,0,0,0.7776627219230083,0.11099605525634171,-0.004251696237264735,-0.004592030990902101,0.0003403347536373543,1.214306433183765e-17,0,0
189,0,0,1,0.8635395663705514,0.19687289970388477,-2.440025979333349e-05,-2.7085675237686012e-05,2.685415444154414e-06,1.9810745383562478e-16,0,0
190,0,0,1,0.7063080637846859,0.039641397118019284,-2.504664610891716e-05,-2.665198819025128e-05,1.6053420812810629e-06,5.3058143816009373e-17,0,0
190,0,1,0,0.7686000378845725,0.10193337121790591,-0.014030282191581811,-0.014235624825957634,0.00020534263437580637,1.734723475976807e-17,0,0
190,2,1,0,0.7250252294878069,0.05835856282114027,-0.001296975699128955,-0.0020302245370731513,0.0007332488379440043,1.9212062496443139e-16,0,0
190,2,1,1,0.621785052544853,-0.044881614121813684,-1.3847784447629241e-05,-3.1209830765765234e-05,1.736204631805793e-05,7.806255641895632e-17,0,0
190,0,3,0,0.5664575742479548,-0.10020909241871179,-0.00014006353653073234,-0.00031618115036997056,0.0001761176138390804,1.578327312595773e-16,0,0
190,3,2,0,0.7617096630301582,0.09504299636349156,-0.00238593154024469,-0.002423352805244231,3.742126499947597e-05,6.461844948013606e-17,0,0
190,3,2,1,0.8275791166414459,0.16091244997477927,-3.403169017590635e-06,-3.4031690175927245e-06,0.0,2.089630280876359e-18,0,0
190,0,1,1,0.595853254361044,-0.07081341230562266,-9.92718602099707e-06,0.0,-9.927186021213341e-06,2.16271228356546e-16,0,0
190,1,3,0,0.7569297938973014,0.09026312723063479,-0.009895801319863673,-0.00982192562361556,-7.387569624820561e-05,9.367506770274758e-17,0,0
190,1,0,0,0.7751700130466302,0.10850334637996362,-0.0015827696418432846,-0.0017626165754669077,0.0001798469336235385,8.456776945386935e-17,0,0
190,1,1,0,0.8976608489052534,0.2309941822385868,-0.0008758575735234309,-0.0009855084445678436,0.0001096508710444053,7.48099499014998e-18,0,0
190,0,3,1,0.8132173973864917,0.14655073071982505,-0.00016568305434078168,-0.00016351412025306553,-2.1689340878478793e-06,1.317305639569888e-16,0,0
191,0,0,0,0.6363017088119644,-0.03036495785470228,-0.0014284387017007294,-0.0016840164570571844,0.00025557775535643495,1.9949319973733282e-17,0,0
191,0,1,1,0.6474571697757248,-0.01920949689094187,-6.683994737077814e-05,-6.574809471290627e-05,-1.0918526580251464e-06,1.532790821351382e-16,0,0
191,1,2,1,0.8556580432121778,0.18899137654551112,-3.430637232731959e-05,-4.013658965225881e-05,5.83021732485296e-06,8.626183534837795e-17,0,0
191,3,1,0,0.8658227426269611,0.1991560759602945,-0.001947395411023567,-0.0023503023737732128,0.0004029069627496135,3.230922474006803e-17,0,0
191,0,2,0,0.631088385295842,-0.03557828137082464,-0.00024246103240377348,-0.0002577191859121625,1.5258153508293574e-05,9.546400128734867e-17,0,0
191,2,1,0,0.746374288922263,0.07970762225559636,-0.002911109276249657,-0.00497676338387424,0.002065654107624569,1.3877787807814457e-17,0,0
191,2,2,1,0.8473812390229156,0.180714572356249,-0.00032658680405101004,-0.0003217808666850745,-4.805937365912134e-06,2.3418766925686896e-17,0,0
191,1,1,1,0.7765179807964055,0.10985131412973892,-0.0032477928919740218,-0.00300663589191124,-0.0002411570000630078,2.259477327459791e-16,0,0
191,1,2,0,0.8215606049451886,0.15489393827852194,-0.0004174449879287834,-0.0005682749244586302,0.00015082993652973687,1.0993810029003015e-16,0,0
191,3,2,1,0.8120832348154121,0.14541656814874548,0.0,0.0,0.0,0.0,0,0
191,2,3,0,0.723112251743002,0.05644558507633535,-0.0022161621037682933,-0.0031134009118825813,0.0008972388081142702,1.7780915628762273e-17,0,0
191,0,1,1,0.7847947849856678,0.11812811831900116,-2.6079070929496684e-05,0.0,-2.607907092947905e-05,1.7635225961834533e-17,0,0
192,2,0,1,0.7907938005148418,0.1241271338481752,-0.0001598478841324802,-0.00016775787543545635,7.90999130289278e-06,8.337514706413529e-17,0,0
192,2,0,1,0.7851232086622909,0.11845654199562428,-0.0001071565772718941,-9.114807231339356e-05,-1.6008504958504182e-05,3.645629804982509e-18,0,0
192,3,3,0,0.7881674722740817,0.12150080560741505,-0.0019274481333497184,-0.0021254132730840814,0.00019796513973434614,1.691355389077387e-17,0,0
192,1,2,1,0.6984265406263123,0.031759873959645635,-0.0024298441129666504,-0.0024720509717387667,4.220685877218074e-05,6.461844948013606e-17,0,0
192,3,2,1,0.6799054773011957,0.01323881063452903,0.0,0.0,0.0,0.0,0,0
192,2,3,1,0.6056487792766767,-0.06101788738998992,-4.9451860194726915e-05,-6.168157581148555e-05,1.2229715616647333e-05,1.1130012926921506e-16,0,0
192,2,2,1,0.8789155262822554,0.21224885961558881,3.952039630883419e-06,0.0,3.952039630860032e-06,2.3387426706638487e-17,1,1
192,2,2,1,0.8331579434995442,0.16649127683287757,-0.004156924754241398,-0.0042410748264601105,8.415007221870739e-05,5.204170427930421e-18,0,0
192,0,0,0,0.8002711706446184,0.13360450397795176,-0.004582982039762706,-0.005152554898942219,0.000569572859179456,5.637851296924623e-17,0,0
192,0,1,1,0.8160382694136441,0.14937160274697747,-0.0014395198765353445,-0.001549317187226439,0.00010979731069113212,3.7730235602495554e-17,0,0
192,0,0,1,0.7591914104784819,0.0925247438118153,-0.00944711308097812,-0.010120934556517755,0.0006738214755395776,5.724587470723463e-17,0,0
192,2,0,1,0.8365513832975532,0.16988471663088656,-0.004097487321331528,-0.004208538062326236,0.0001110507409947467,3.903127820947816e-17,0,0
193,1,2,1,0.8896571599039382,0.2229904932372716,1.3639432412948516e-06,0.0,1.3639432413868232e-06,9.197168444581919e-17,1,1
193,2,0,1,0.870129103299726,0.2034624366330594,-0.001205541525123699,-0.0011817496009802057,-2.3791924143318406e-05,1.7477339020466331e-16,0,0
193,2,3,1,0.6073822775290773,-0.05928438913758938,-0.0003500693470737115,-0.000350023979428665,-4.536764508571979e-08,3.9193908535350985e-17,0,0
193,3,3,1,0.848582672921145,0.18191600625447835,-0.003926120154761237,-0.003926120154761242,0.0,5.204170427930421e-18,0,0
193,0,3,1,0.6961412786147887,0.029474611948122065,-2.6873704966678957e-05,-3.621743091721298e-05,9.343725950570126e-06,3.61039323437673e-17,0,0
193,2,0,1,0.6813633134545207,0.014696646787854095,-2.2388322029609498e-07,0.0,-2.238832202934147e-07,2.6802769429086232e-18,0,0
193,1,3,0,0.6993770477127697,0.03271038104610302,-0.008845187933872067,-0.010312380294431458,0.0014671923605593508,3.9898639947466563e-17,0,0
193,0,1,0,0.8084454872083024,0.14177882054163582,-0.0010111250504847291,-0.001068831972373665,5.77069218889855e-05,4.96564594998361e-17,0,0
193,3,2,0,0.8807601886407379,0.21409352197407128,-0.00019712965197477006,-0.0003460657206336468,0.0001489360686589548,7.808966147326846e-17,0,0
193,1,1,1,0.8342661212860295,0.16759945461936288,-1.5774411201985306e-05,0.0,-1.5774411201862994e-05,1.2231155758352097e-16,0,0
193,2,2,0,0.6558183414758691,-0.010848325190797481,-0.0043951542499878204,-0.004371434465069669,-2.3719784918079207e-05,7.19910242530375e-17,0,0
193,0,1,1,0.8883005082580029,0.22163384159133626,-0.0016305959901321554,-0.0016366041232889169,6.008133156734786e-06,2.667137344314341e-17,0,0
194,0,3,1,0.6827756547212545,0.016108988054587825,-5.382756321237192e-05,-5.299949228579001e-05,-8.280709265005147e-07,8.139647809934925e-17,0,0
194,3,0,1,0.6624834841961236,-0.0041831824705430565,0.0,0.0,0.0,0.0,0,0
194,1,3,0,0.8156127962320141,0.14894612956534747,-0.004327903382775056,-0.0041653375449307055,-0.00016256583784429545,5.4643789493269423e-17,0,0
194,2,3,1,0.7229054584337644,0.056238791767097784,-0.0011666242815572825,-0.0011874627576468656,2.0838476089563504e-05,1.973247953923618e-17,0,0
194,0,0,1,0.7879842684925498,0.12131760182588314,-1.5830144417527947e-06,0.0,-1.583014441727893e-06,2.4901709858092362e-17,0,0
194,1,0,1,0.8541846638438721,0.18751799717720552,-2.488549882384561e-06,-9.771149082718552e-07,-1.5114349742360775e-06,1.2337204283348335e-16,0,0
194,0,3,1,0.8120180719792884,0.1453514053126218,-0.006009833517544749,-0.005998722051692542,-1.1111465852115329e-05,9.194034422677078e-17,0,0
194,3,3,1,0.8876611993386553,0.22099453267198865,0.0,0.0,0.0,0.0,0,0
194,0,3,0,0.855522438244783,0.1888557715781164,-0.0033837459905929346,-0.003469013807238122,8.526781664514618e-05,4.119968255444917e-17,0,0
194,3,1,0,0.8587770845877885,0.19211041792112182,-0.002354938263940287,-0.0023488275907727835,-6.110673167475868e-06,2.7755575615628914e-17,0,0
194,3,0,0,0.6364812438810434,-0.030185422785623195,-0.004819005471936033,-0.005637798640948148,0.0008187931690121176,2.6020852139652106e-18,0,0
194,3,3,1,0.7503235841287123,0.08365691746204562,-0.0001689343801304921,-0.0001689343801305318,0.0,3.968179951296946e-17,0,0
195,0,3,1,0.5549637677858034,-0.11170289888086327,-1.7519900247564557e-05,-1.297713049897025e-05,-4.542769748558627e-06,3.568041587014015e-17,0,0
195,0,2,1,0.6950460489711366,0.028379382304470013,-6.0115466144816665e-05,-6.638937926438115e-05,6.27391311972962e-06,1.651375433966984e-16,0,0
195,2,1,1,0.6122528011007824,-0.054413865565884234,-0.0004476021117503781,-0.0005036227038916091,5.6020592141210694e-05,2.0274580625478933e-17,0,0
195,0,2,1,0.7007166408236876,0.034049974157020935,-5.18462260391539e-05,-5.3495198061143795e-05,1.6489720220785089e-06,8.861319880995588e-17,0,0
195,1,0,1,0.6965942061032622,0.02992753943659554,-5.054098958068298e-06,-7.5952785005146355e-06,2.541179542675022e-06,2.28685343231505e-16,0,0
195,3,3,1,0.5554296967120445,-0.11123696995462218,0.0,0.0,0.0,0.0,0,0
195,1,1,1,0.635989843969231,-0.030676822697435657,-9.105062221770321e-05,-9.393041173583231e-05,2.8797895182665814e-06,1.3749038799831803e-16,0,0
195,0,1,0,0.7272235646907295,0.06055689802406283,-0.005149431101929225,-0.004569103579748113,-0.0005803275221810112,1.0061396160665481e-16,0,0
195,2,3,1,0.7820394776254054,0.11537281095873875,2.3823987289894877e-05,-9.56988355335353e-06,3.339387084331519e-05,6.678007756152904e-17,1,1
195,3,3,0,0.596509456878181,-0.07015720978848561,-0.0045048718340565674,-0.004593333693400075,8.8461859343584e-05,7.632783294297951e-17,0,0
195,0,0,1,0.714025162291719,0.047358495625052344,-0.004162556608847234,-0.004820557961333061,0.0006580013524860363,2.0903417885520525e-16,0,0
195,1,1,0,0.8601648021280218,0.1934981354613552,-0.0021664076591644266,-0.0018180997435195219,-0.0003483079156447229,1.8171228410857054e-16,0,0
196,0,0,0,0.8394318422394413,0.1727651755727747,-0.0017787504435801127,-0.0019970602200609267,0.0002183097764807125,1.0148132334464322e-16,0,0
196,2,3,1,0.823002208227525,0.15633554156085838,-1.3965839798624202e-05,-1.6766413925848358e-05,2.8005741271928743e-06,3.128262080799582e-17,0,0
196,2,3,0,0.7512423851297336,0.084575718463067,-0.0008932567955804993,-0.0016351461888558015,0.0007418893932753344,3.220080452281948e-17,0,0
196,3,1,1,0.7910976438180306,0.12443097715136398,0.0,0.0,0.0,0.0,0,0
196,2,2,1,0.8939747491022514,0.22730808243558476,-0.0022228336517962077,-0.002209347079212959,-1.3486572583222538e-05,2.6020852139652106e-17,0,0
196,0,0,1,0.8079031003424673,0.14123643367580063,-4.2991453068852437e-05,-4.604441836970852e-05,3.0529653008511696e-06,4.912791094074942e-18,0,0
196,2,2,1,0.8996453409548024,0.2329786742881358,-3.8666310304691365e-06,-2.3267494770417175e-06,-1.5398815533988902e-06,2.852891669647209e-17,0,0
196,1,0,1,0.7520488296523804,0.08538216298571377,-5.039518008564947e-06,-4.445656001973961e-06,-5.93862006590638e-07,3.4813054132151744e-19,0,0
196,1,1,1,0.8127433121350462,0.14607664546837962,-7.335743848646548e-05,-8.54789910247526e-05,1.2121552538328982e-05,4.185020385794047e-17,0,0
196,0,1,1,0.7377477199392738,0.07108105327260716,-4.887447323298488e-05,-0.00010172461557254556,5.28501423395578e-05,2.879912020664621e-18,0,0
196,0,3,1,0.8077115948562771,0.14104492818961045,-5.500580493644769e-06,-4.731268153926323e-06,-7.693123396658061e-07,5.263970954006575e-17,0,0
196,0,1,1,0.789175894574536,0.12250922790786933,-3.5822135440954916e-05,0.0,-3.5822135441035086e-05,8.016997439172502e-17,0,0
197,2,0,1,0.6729465185485191,0.006279851881852427,-2.318561756375903e-05,-2.2915335261827028e-05,-2.702823019699759e-07,3.797418109130479e-17,0,0
197,2,2,1,0.8338386334091981,0.16717196674253143,-0.00012992176787451903,-0.00014162369108379125,1.1701923209261331e-05,1.089623183347932e-17,0,0
197,2,3,1,0.8434720892443955,0.1768054225777289,-0.0006420761644910788,-0.0005786584063668117,-6.34177581243565e-05,8.933825901280557e-17,0,0
197,3,0,1,0.8020073295691998,0.13534066290253322,0.0,0.0,0.0,0.0,0,0
197,1,2,1,0.6114480011424628,-0.05521866552420385,-0.0003237787428643779,-0.0003191557552628135,-4.622987601890799e-06,3.263990640267611e-16,0,0
197,2,3,1,0.8378014973918446,0.171134830725178,-4.8132260432875995e-06,0.0,-4.813226043235656e-06,5.1943448457422714e-17,0,0
197,1,0,1,0.7302499160706648,0.06358324940399818,-1.8831132833074804e-05,-2.8745712657205946e-05,9.914579824259104e-06,1.2796296140760166e-16,0,0
197,3,1,1,0.5801687571988834,-0.08649790946778324,0.0,0.0,0.0,0.0,0,0
197,3,2,0,0.8036949415350554,0.13702827486838876,-0.0026939422224983023,-0.0035765869309861277,0.0008826447084878507,2.5153490401663703e-17,0,0
197,1,3,1,0.7166894870499824,0.050022820383315736,-2.857938830702622e-06,0.0,-2.8579388307442813e-06,4.1659197928334626e-17,0,0
197,3,3,1,0.6168623083310347,-0.049804358335631904,-1.9781192218348842e-05,-1.978119221835954e-05,0.0,1.0696332057927305e-17,0,0
197,3,0,1,0.6407731193329145,-0.025893547333752154,-0.0015587314781019268,-0.0015587314781019225,0.0,4.336808689942018e-18,0,0
198,1,1,1,0.5756257269241908,-0.09104093974247585,-0.00010782473352016764,-0.0002959172949792964,0.00018809256145926932,1.4056681166274565e-16,0,0
198,2,3,1,0.5802140311641186,-0.086452635502548,-0.00015990950248095936,-0.00014044237165488965,-1.9467130826022e-05,4.7704895589362195e-17,0,0
198,0,0,1,0.6684034882738263,0.001736821607159711,-0.003384208585030579,-0.0033762862977006346,-7.92228732982035e-06,1.244664094013359e-16,0,0
198,3,0,1,0.6483960974375709,-0.018270569229095757,-0.00017265984295294912,-0.0001726598429529515,0.0,2.3852447794681098e-18,0,0
198,3,2,1,0.8238533658147449,0.15718669914807826,-0.0016494639417961587,-0.0016494639417961494,0.0,9.324138683375338e-18,0,0
198,2,2,1,0.7420970152230228,0.07543034855635622,-5.41299470059875e-05,-6.055524715720259e-05,6.425300151314851e-06,9.976015239582248e-17,0,0
198,2,1,1,0.8118555293562486,0.14518886268958198,-7.116843774640502e-05,-8.081903004235326e-05,9.650592295984273e-06,3.6036169707986954e-17,0,0
198,3,0,0,0.6280644489750417,-0.038602217691624974,-0.0038743778424937814,-0.004091236322424235,0.00021685847993044635,6.938893903907228e-18,0,0
198,2,2,1,0.7935251898582851,0.1268585231916185,2.0127281055382085e-05,0.0,2.0127281055513978e-05,1.3189319428286161e-16,1,1
198,2,0,1,0.5723103386983999,-0.09435632796826676,-0.0013221685783345039,-0.001383099341449197,6.093076311465254e-05,4.0766001685454967e-17,0,0
198,0,1,1,0.7746357759052506,0.10796910923858394,-0.0037667057990359853,-0.00377674801300714,1.0042213971015393e-05,1.3921155894713877e-16,0,0
198,2,2,0,0.6123915468837116,-0.05427511978295507,-0.0015096187927057247,-0.0017394673450448696,0.0002298485523391148,3.0140820395097023e-17,0,0
199,0,0,0,0.7244859814002379,0.05781931473357127,-0.020332688280534472,-0.021998094428584115,0.0016654061480496217,2.0816681711721685e-17,0,0
199,0,1,0,0.666288428606067,-0.00037823806059966714,9.010593745861772e-06,-1.2487711958348258e-05,2.1498305704384312e-05,1.7428211109525582e-16,1,1
199,0,2,0,0.7887792644646903,0.12211259779802364,-0.0008306812209796233,-0.0012955941604409112,0.0004649129394612958,7.914675859144182e-18,0,0
199,3,3,1,0.6091421060867473,-0.05752456057991928,0.0,0.0,0.0,0.0,0,0
199,2,0,1,0.6038446259577397,-0.06282204070892694,-1.2646517866254925e-07,0.0,-1.2646517865201894e-07,1.0530313600265462e-17,0,0
199,3,0,0,0.6251291087188593,-0.041537557947807335,-0.0011958364265186594,-0.0020023709902071566,0.0008065345636884991,1.951563910473908e-18,0,0
199,2,3,1,0.8300812951475571,0.1634146284808905,-3.094442027085087e-05,-2.169435262708314e-05,-9.250067643717977e-06,4.9751327189928585e-17,0,0
199,1,1,1,0.8198223990550784,0.15315573238841174,-0.0010835386211974218,-0.0009920848859358304,-9.145373526167662e-05,8.521829075736065e-17,0,0
199,1,1,1,0.768394224419816,0.10172755775314934,-1.5870526214323277e-06,0.0,-1.5870526213205727e-06,1.1175498596189062e-16,0,0
199,2,1,0,0.5885347955251427,-0.07813187114152398,-0.001741705323140108,-0.002159060320452232,0.0004173549973120287,9.519295074422729e-17,0,0
199,3,0,1,0.7548345770581706,0.08816791039150396,-0.00032322655136574063,-0.00032322655136567433,0.0,6.62989628474886e-17,0,0
199,2,0,1,0.7845152178510361,0.11784855118436943,1.2141609124438624e-05,0.0,1.2141609124476906e-05,3.828250108410536e-17,1,1
200,2,0,0,0.8735860365148602,0.2069193698481936,-0.001131042130292803,-0.0010818216593445863,-4.922047094812086e-05,9.606031248221569e-17,0,0
200,0,3,0,0.8716880418177899,0.2050213751511233,-0.0004516052311729357,-0.00047429787275229154,2.2692641579368146e-05,1.2305694657710475e-17,0,0
200,3,1,1,0.8242505706786762,0.1575839040120096,-6.557598401979448e-05,-6.557598401977092e-05,0.0,2.3554292197247584e-17,0,0
200,0,2,1,0.669723849573574,0.003057182906907374,-0.0035739809464648276,-0.00408311720163907,0.0005091362551744039,1.6176296413483726e-16,0,0
200,2,0,1,0.8939176849773893,0.2272510183107227,-0.0007891809148066198,-0.0007872765415810042,-1.904373225493155e-06,1.22514845490862e-16,0,0
200,2,0,1,0.5953458595311609,-0.0713208071355057,-6.0403855840496234e-06,-5.541635564514999e-06,-4.987500194496429e-07,8.49819685650767e-17,0,0
200,0,0,1,0.6273597065888717,-0.039306960077794884,-6.357999002976067e-05,-5.960164032782737e-05,-3.978349701875384e-06,5.7909948537882e-17,0,0
200,1,2,1,0.614142584955353,-0.05252408171131362,-4.5516123939604025e-05,-3.4026192400504677e-05,-1.1489931539000908e-05,9.843878099810577e-17,0,0
200,2,1,1,0.7799793154071037,0.11331264874043712,-0.0029557029812424807,-0.003010531921617051,5.4828940374595824e-05,2.5587171270657905e-17,0,0
200,1,0,1,0.8024511064641298,0.13578443979746313,-0.0011438429136827466,-0.0012166613484851018,7.281843480251275e-05,1.5742615544489524e-16,0,0
200,3,3,1,0.8281913991617484,0.1615247324950818,-0.0025500076033938557,-0.0025500076033938258,0.0,2.992397996059992e-17,0,0
200,0,0,1,0.6330302984414228,-0.03363636822524385,-0.0041644073699455,-0.004436863350429078,0.00027245598048364355,6.505213034913027e-17,0,0
201,0,1,1,0.5847750457084679,-0.08189162095819869,-5.1239892371435225e-05,-5.0736526347798554e-05,-5.033660237162969e-07,7.962787330548227e-17,0,0
201,1,3,0,0.6982741187439008,0.031607452077234144,-0.0027797451110610494,-0.0030701241124966184,0.0002903790014356164,4.7271214720367993e-17,0,0
201,3,0,1,0.7105205279100968,0.04385386124343016,-0.006327060707414178,-0.006327060707414024,0.0,1.5439038936193583e-16,0,0
201,0,3,1,0.746466524281182,0.07979985761451536,-0.0002581084746239304,-0.0002447280475208427,-1.338042710296213e-05,1.2555061157382141e-16,0,0
201,3,1,0,0.7555631520588797,0.08889648539221306,-0.004500619574767328,-0.005828863607887489,0.0013282440331202799,1.196959198423997e-16,0,0
201,1,3,1,0.7186057672064299,0.05193910053976325,-4.4013309209667284e-05,-5.386624525330711e-05,9.852936043570735e-06,6.909078344163877e-17,0,0
201,2,2,1,0.577793271019541,-0.0888733956471256,-1.942830404777496e-06,-6.406518845423893e-07,-1.302178520211283e-06,2.382364867447445e-17,0,0
201,2,0,1,0.6344347691709257,-0.03223189749574096,-8.55937906397708e-05,-8.585932935841453e-05,2.6553871871053135e-07,6.680040635226314e-17,0,0
201,3,0,1,0.6590923532748345,-0.0075743133918321215,0.0,0.0,0.0,0.0,0,0
201,2,0,1,0.5886771863882144,-0.0779894802784522,-0.0023577272554612394,-0.0023563358064690246,-1.391448992212151e-06,2.6020852139652106e-18,0,0
201,3,1,1,0.6065653923332145,-0.06010127433345214,0.0,0.0,0.0,0.0,0,0
201,2,3,1,0.6307597035380919,-0.035906963128574776,-0.00011665698477847375,-0.0001102484073541019,-6.408577424247093e-06,1.2475101247161335e-16,0,0
202,1,1,0,0.6889000905884664,0.022233423921799722,-0.005100917778503022,-0.00611370644027722,0.001012788661774293,9.540979117872439e-17,0,0
202,1,1,1,0.7606599136862577,0.09399324701959111,-0.0004604804126225326,-0.0004270787383978796,-3.340167422447681e-05,1.7618285302889447e-16,0,0
202,0,2,1,0.8614032157024842,0.1947365490358176,-0.0039019611636307294,-0.0039579194020870935,5.5958238456515976e-05,1.5178830414797062e-16,0,0
202,1,3,0,0.7507865643130585,0.08411989764639183,-0.001389153812183186,-0.0016832698383957504,0.0002941160262125629,1.734723475976807e-18,0,0
202,3,3,1,0.8861404506340951,0.21947378396742845,0.0,0.0,0.0,0.0,0,0
202,2,3,1,0.5962096125693549,-0.07045705409731173,-2.6395619453500885e-06,0.0,-2.6395619453493816e-06,7.068489944837136e-19,0,0
202,1,0,1,0.7674292918451664,0.10076262517849977,-0.00043717552735139664,-0.00043732792726137087,1.5239990990264278e-07,7.161155349266757e-17,0,0
202,0,1,1,0.7370924961257477,0.07042582945908105,-2.2147786058079877e-05,-2.2783983036226428e-05,6.361969781560787e-07,9.52742659071637e-18,0,0
202,2,2,1,0.7123350138455479,0.04566834717888124,-4.556564085672621e-05,-4.339255010335668e-05,-2.173090753316e-06,5.352570600289375e-17,0,0
202,0,3,1,0.7951282617159021,0.1284615950492355,-0.0006991315728792635,-0.0006921339383159113,-6.997634563079779e-06,2.723515857283587e-16,0,0
202,0,3,1,0.6338940514796167,-0.03277261518704988,1.836760320894637e-06,0.0,1.8367603210226652e-06,1.2802818294454024e-16,1,1
202,1,2,0,0.6282957284544353,-0.038370938212231365,-0.0027686311969353783,-0.0029565761723501804,0.00018794497541487938,7.719519468096792e-17,0,0
203,0,3,1,0.7947171060472534,0.1280504393805868,-0.0004306672532742306,-0.00043325299861399897,2.5857453398100827e-06,4.174178364069192e-17,0,0
203,3,0,1,0.6107870816161827,-0.05587958505048396,-0.0001516562398976573,-0.0001516562398976887,0.0,3.1387652893455353e-17,0,0
203,1,0,0,0.69874187322537,0.03207520655870333,-0.004109687033643894,-0.003657515139543532,-0.0004521718941003773,1.5612511283791264e-17,0,0
203,3,3,1,0.8377846804768276,0.171118013810161,-0.0003563459557340831,-0.00035634595573405005,0.0,3.3068166260807885e-17,0,0
203,3,3,1,0.883542263259539,0.21687559659287237,0.0,0.0,0.0,0.0,0,0
203,3,1,1,0.713755586734916,0.047088920068249385,-5.535179598448181e-06,-5.535179598404253e-06,0.0,4.392797567755527e-17,0,0
203,0,1,1,0.7304238229828011,0.06375715631613443,-0.00034343982620044233,-0.00033453644214357644,-8.903384056957582e-06,9.16692936836494e-17,0,0
203,2,2,1,0.7638020452959002,0.0971353786292336,5.47704872361221e-06,0.0,5.477048723715288e-06,1.0307798045021757e-16,1,1
203,1,0,1,0.7705016963231615,0.10383502965649483,3.970659158319956e-05,0.0,3.9706591583244836e-05,4.527899322842588e-17,1,1
203,2,1,1,0.8300769992824824,0.16341033261581572,-0.005289372819040128,-0.005042054266287419,-0.00024731855275270445,4.336808689942018e-18,0,0
203,1,2,1,0.6877162865567292,0.0210496198900626,-0.000423096009323054,-0.0004742019967039057,5.110598738077029e-05,8.142358315366138e-17,0,0
203,0,0,1,0.7945117452634759,0.12784507859680927,-9.992621751764297e-05,-8.608142407828954e-05,-1.3844793439405901e-05,5.2475385148298415e-17,0,0
204,3,3,0,0.8704964400200399,0.20382977335337327,-0.001738662417644532,-0.0017744753430527203,3.581292540829794e-05,1.0972125985553305e-16,0,0
204,1,3,1,0.741324464893277,0.07465779822661034,2.4576411998822323e-06,0.0,2.4576411998317847e-06,5.044758827257162e-17,1,1
204,1,3,0,0.6695646417954855,0.0028979751288188416,-0.006987495224163809,-0.008089446977976405,0.0011019517538125598,3.642919299551295e-17,0,0
204,0,0,0,0.7182465511998737,0.051579884533207054,-9.457554531178136e-05,-0.00012190037145752069,2.732482614588173e-05,1.42409955355971e-16,0,0
204,2,0,1,0.6345065311259839,-0.032160135540682755,-0.00684140636659597,-0.006472896350635969,-0.00036851001595995765,4.336808689942018e-17,0,0
204,2,3,1,0.8810264607265188,0.21435979405985217,-0.0025042993118309376,-0.002390028713119548,-0.00011427059871134348,4.597017211338539e-17,0,0
204,0,3,1,0.79201969727688,0.1253530306102134,-2.7485214876277198e-06,0.0,-2.748521487597669e-06,3.005061138621444e-17,0,0
204,3,2,1,0.7069258439952801,0.040259177328613505,-0.002078382418533309,-0.002078382418533309,0.0,0.0,0,0
204,3,0,1,0.5647388994029581,-0.10192776726370856,-1.3094470715513395e-06,-1.3094470715639398e-06,0.0,1.2600250365118158e-17,0,0
204,3,3,1,0.6977496564965112,0.031082989829844587,0.0,0.0,0.0,0.0,0,0
204,2,1,1,0.7569973669846071,0.09033070031794044,-4.7359416720071934e-05,-4.334045764871583e-05,-4.018959071271309e-06,8.479816241552252e-17,0,0
204,0,3,0,0.8930550457544288,0.22638837908776221,-0.0006266773825326921,-0.0007243584578182552,9.768107528544541e-05,1.1774435593192578e-16,0,0
205,0,2,0,0.6321019045966915,-0.03456476206997516,-0.0018847911679759077,-0.001832231603939179,-5.255956403715112e-05,4.2240516640035253e-16,0,0
205,0,2,1,0.6424503190658173,-0.02421634760084934,-0.0017800910524363722,-0.0017428440552553456,-3.724699718122217e-05,1.95590071916385e-16,0,0
205,3,0,1,0.6495853918254342,-0.017081274841232452,-1.2329992202797513e-06,-1.2329992203093972e-06,0.0,2.96459413956637e-17,0,0
205,0,1,0,0.7778547776345757,0.11118811096790904,-0.0028536648443073798,-0.003105687793602131,0.00025202294929446695,2.8406096919120216e-16,0,0
205,1,2,1,0.7476826873835369,0.08101602071687031,-3.0430471451459162e-05,-3.0596722104077505e-05,1.6625065233441475e-07,2.839288320514305e-16,0,0
205,1,1,1,0.670949434307625,0.004282767640958363,-5.797922232719799e-05,-4.585385891110209e-05,-1.2125363416329734e-05,2.3383530355081117e-16,0,0
205,1,3,1,0.7346557917503305,0.06798912508366384,1.3172298451991082e-06,0.0,1.3172298451319432e-06,6.716505403605612e-17,1,1
205,3,0,1,0.6038278090427229,-0.0628388576239437,0.0,0.0,0.0,0.0,0,0
205,1,3,0,0.8836535514759956,0.21698688480932893,-0.0017767930377259322,-0.0018413946749731987,6.46016372469157e-05,3.5084782301630923e-16,0,0
205,1,0,1,0.7905583957304616,0.12389172906379498,-0.0006628359251361626,-0.0006549992674138301,-7.836657722228021e-06,1.0451708942760263e-16,0,0
205,2,3,1,0.6734039352795584,0.006737268612891811,-8.499561663011246e-05,-8.707855840344091e-05,2.08294177313837e-06,1.9008774589102106e-16,0,0
205,0,3,0,0.820218920619278,0.1535522539526114,-0.0013746034646925365,-0.0018998936047250978,0.000525290140032508,5.334274688628682e-17,0,0
206,2,2,1,0.651262993796557,-0.015403672870109575,7.076182784171436e-08,-3.8043300481947916e-06,3.875091875924355e-06,1.12150973864732e-16,1,1
206,1,1,1,0.7610703274633434,0.09440366079667672,-5.8832490122395775e-05,-5.9487777029471455e-05,6.552869070677522e-07,7.928228386300251e-18,0,0
206,2,1,1,0.5958719551786482,-0.07079471148801841,-0.0001420002873791515,-0.00013497953819648005,-7.020749182638179e-06,3.325790164099285e-17,0,0
206,0,1,1,0.5699401569948392,-0.09672650967182739,-2.34495660859646e-05,-2.37347558895805e-05,2.8518980365830866e-07,4.2412633734917327e-17,0,0
206,3,2,1,0.5949503979983158,-0.07171626866835079,0.0,0.0,0.0,0.0,0,0
206,0,0,1,0.7318231410537435,0.06515647438707683,-2.188714996465002e-06,0.0,-2.188714996538212e-06,7.320990466413643e-17,0,0
206,0,2,1,0.617235997660839,-0.0494306690058276,-1.2611717632615704e-05,-6.513231788654532e-06,-6.098485844051829e-06,9.065624227873326e-17,0,0
206,3,0,1,0.5525862550136136,-0.11408041165305305,-3.6703503611956734e-05,-3.670350361195671e-05,0.0,2.710505431213761e-20,0,0
206,1,0,1,0.8593370744281768,0.19267040776151012,-0.0036644231184433385,-0.003425391535408001,-0.00023903158303540328,6.591949208711867e-17,0,0
206,1,3,0,0.8388436387616311,0.17217697209496452,-0.006344436642796991,-0.00550673715757299,-0.0008376994852239668,3.469446951953614e-17,0,0
206,3,1,1,0.720834673654948,0.05416800698828139,-0.0018837328204542314,-0.0018837328204542524,0.0,2.1033522146218786e-17,0,0
206,2,3,1,0.5906586316625259,-0.07600803500414077,3.1502351549583807e-06,0.0,3.1502351548678346e-06,9.05461279955902e-17,1,1
207,3,0,1,0.6953681831120906,0.028701516445423958,-0.000644142902284428,-0.0006441429022844798,0.0,5.171644362755856e-17,0,0
207,1,1,1,0.5680502610090307,-0.09861640565763596,-1.7016724688678764e-05,-3.476786079613392e-05,1.7751136107513918e-05,5.876375774871434e-17,0,0
207,0,3,1,0.5868469864332226,-0.07981968023344399,-3.957441372492987e-05,-3.997629526390936e-05,4.0188153888554835e-07,9.394611824586896e-17,0,0
207,2,2,1,0.8703122868715581,0.20364562020489152,-5.8942238640224964e-05,-5.595776388405628e-05,-2.9844747560679747e-06,1.0070882929674729e-16,0,0
207,1,3,1,0.5628369374929082,-0.10382972917375843,1.207305733408326e-05,-7.85884243127457e-06,1.9931899765382788e-05,2.4958672823795214e-17,1,1
207,2,0,1,0.8060190038071058,0.13935233714043915,-1.048617656296269e-05,0.0,-1.0486176562872601e-05,9.008873020407288e-17,0,0
207,2,3,1,0.815378516590078,0.14871184992341135,-7.188286600845473e-06,0.0,-7.188286600788625e-06,5.684776922202511e-17,0,0
207,0,1,1,0.7946600419223915,0.12799337525572485,-0.00618921258047922,-0.005667751394081313,-0.0005214611863978807,2.6020852139652106e-17,0,0
207,3,1,1,0.7664308443354515,0.09976417766878487,-0.0024445363960220456,-0.0024445363960220205,0.0,2.5153490401663703e-17,0,0
207,1,2,1,0.6011480961463294,-0.06551857052033727,1.0562841286643199e-05,0.0,1.0562841286767694e-05,1.2449520852154256e-16,1,1
207,3,0,1,0.6439400084768283,-0.022726658189838322,-0.004583482092522573,-0.004583482092522581,0.0,7.806255641895632e-18,0,0
207,3,0,0,0.6236083600142991,-0.04305830665236754,0.0001149092190851908,-0.00039164877179036564,0.0005065579908755853,2.883977778811442e-17,1,1
208,2,1,1,0.8785443303241731,0.2118776636575065,-2.9769475057395134e-05,-2.9897842470458835e-05,1.2836741314669988e-07,8.299906443555438e-17,0,0
208,2,3,1,0.7435016639282698,0.07683499726160314,-4.6435118055299096e-05,-7.565418535431153e-05,2.921906729910236e-05,8.992101768051652e-17,0,0
208,0,0,1,0.6704569108016922,0.0037902441350256,-8.589667412017832e-05,-9.583933559412346e-05,9.942661474054881e-06,1.0974836490984519e-16,0,0
208,3,3,1,0.7140940292072702,0.047427362540603535,-0.0002262526345466198,-0.0002262526345466249,0.0,5.095750210681871e-18,0,0
208,2,3,1,0.794929838563532,0.12826317189686542,3.0917597143131914e-05,0.0,3.0917597143303625e-05,1.7171051906739176e-16,1,1
208,3,1,1,0.6774004780751188,0.010733811408452198,-0.004031152532253612,-0.004031152532253634,0.0,2.168404344971009e-17,0,0
208,3,0,1,0.8850410449167343,0.21837437825006767,-2.0470136639250125e-05,-2.047013663924909e-05,0.0,1.0333801956502464e-18,0,0
208,2,0,0,0.8109168411956441,0.14425017452897748,-0.0013829825825303343,-0.0024162343914405646,0.0010332518089104308,2.0057740190981832e-16,0,0
208,3,0,1,0.833612870281472,0.1669462036148054,-0.0022462344579399773,-0.0022462344579399366,0.0,4.0766001685454967e-17,0,0
208,0,3,0,0.8150483935058696,0.14838172683920292,-0.007065493574213211,-0.007724769707197078,0.000659276132983946,7.892991815694472e-17,0,0
208,3,2,1,0.70664760507798,0.03998093841131334,-0.0046494443068854086,-0.0046494443068853825,0.0,2.6020852139652106e-17,0,0
208,3,3,0,0.693762380744741,0.027095714078074318,-0.0016355173920619692,-0.0026062011115655856,0.0009706837195036153,1.0842021724855044e-18,0,0
209,2,1,1,0.6499947136268007,-0.016671953039865905,-5.036490878418398e-05,-4.868924457591597e-05,-1.6756642083085837e-06,4.0576266305270003e-17,0,0
209,1,1,1,0.7236246919081604,0.05695802524149374,-0.00018919977822728917,-0.00018906300163594719,-1.36776591258308e-07,8.36733026615688e-17,0,0
209,2,3,1,0.7142879966912531,0.04762133002458646,-0.0025733540907478814,-0.0026839039520563,0.0001105498613084399,2.1250362580715887e-17,0,0
209,2,0,0,0.5513945728660083,-0.11527209380065828,-0.0014657880220975694,-0.001573921626410625,0.00010813360431303779,1.7780915628762273e-17,0,0
209,0,3,1,0.8659074134463229,0.1992407467796563,-8.551820998237147e-06,-8.439986272120922e-06,-1.1183472610731205e-07,8.912480671009748e-18,0,0
209,0,0,0,0.8794876067385747,0.2128209400719081,-0.005557963711267877,-0.005761401958996437,0.00020343824772843522,1.249000902703301e-16,0,0
209,2,1,1,0.7873323288367439,0.12066566217007724,-0.002636165949796321,-0.002634580830807855,-1.5851189883445532e-06,1.214306433183765e-16,0,0
209,2,2,1,0.786683555014125,0.12001688834745838,-0.00014367089192651727,-0.00016551120131553143,2.1840309389119756e-05,1.0560129160008813e-16,0,0
209,3,1,0,0.8643576283739781,0.19769096170731149,-9.136174953316978e-05,-0.00016928324485286346,7.792149531973068e-05,3.699839913606784e-17,0,0
209,2,0,1,0.6867706330578707,0.020103966391204042,-7.717652266286956e-05,-9.34139760927951e-05,1.6237453430037607e-05,1.1206584705353295e-16,0,0
209,2,3,1,0.6628598220559908,-0.003806844610675819,1.365746363224396e-07,0.0,1.3657463631929227e-07,3.1473362039805648e-18,1,1
209,0,2,0,0.7468517496825317,0.08018508301586502,-0.006045301104053935,-0.006323959139793666,0.0002786580357398064,7.546047120499111e-17,0,0
210,2,1,1,0.7762209501178519,0.10955428345118523,-0.005681195543679518,-0.005778511765820394,9.731622214084686e-05,2.949029909160572e-17,0,0
210,2,0,1,0.60578549977061,-0.060881166896056604,-0.00011307804617360917,-0.00012142954167469165,8.351495501138669e-06,5.618877758906127e-17,0,0
210,2,1,0,0.8077496920148259,0.1410830253481593,-0.0026236229598616267,-0.0031643447679143696,0.000540721808052807,6.418476861114186e-17,0,0
210,2,1,1,0.5874551602726465,-0.07921150639402008,1.2312297996142085e-06,0.0,1.2312297996340706e-06,1.986207558016609e-17,1,1
210,3,1,1,0.7653929310304562,0.09872626436378962,-0.00012107831943192204,-0.00012107831943194385,0.0,2.1806016194114708e-17,0,0
210,3,0,1,0.6052397103410307,-0.061426956325635884,-3.383858915828597e-05,-3.38385891583322e-05,0.0,4.6227670129350695e-17,0,0
210,1,2,0,0.8541547691342781,0.1874881024676115,-0.00272337446810772,-0.0029524933498491276,0.00022911888174151788,1.1015494072452725e-16,0,0
210,3,3,1,0.7619994912324473,0.09533282456578063,-0.0003721174518769299,-0.00037211745187691554,0.0,1.4365678785432934e-17,0,0
210,0,3,1,0.6553156797088021,-0.011350986957864517,-5.4497077905169e-05,-2.6472586609469153e-05,-2.802449129555945e-05,1.403974050732948e-16,0,0
210,0,0,0,0.8438958730417994,0.17722920637513273,-0.001088265337479799,-0.0011315228593744584,4.325752189473022e-05,7.090682208055199e-17,0,0
210,2,0,1,0.6114560916231611,-0.05521057504350557,-5.206299986459939e-06,-6.302090912804379e-06,1.0957909263729258e-06,2.848571801616212e-17,0,0
210,0,3,1,0.6038875050735398,-0.0627791615931268,7.5212029326254815e-06,0.0,7.5212029325909886e-06,3.449287567808962e-17,1,1
211,2,1,1,0.8675747035810666,0.20090803691439996,-0.004866041012083544,-0.004859549527089081,-6.491484994553676e-06,9.107298248878237e-17,0,0
211,1,2,0,0.7232040621277886,0.05653739546112202,-0.0015466002296914416,-0.0014520012771371536,-9.459895255431446e-05,2.6454533008646308e-17,0,0
211,0,1,0,0.638216058942074,-0.028450607724592625,-0.0019233485342036172,-0.002046373085901432,0.00012302455169785857,4.380176776841438e-17,0,0
211,2,2,1,0.5740246961647703,-0.09264197050189638,-0.0011404857914234512,-0.001124780777536267,-1.5705013887247715e-05,6.353424730765056e-17,0,0
211,1,1,1,0.5653040579555799,-0.10136260871108671,1.0647039693223448e-06,0.0,1.0647039693205207e-06,1.8240854519121358e-18,1,1
211,2,0,0,0.6824781966238465,0.015811529957179826,-0.005094538369138646,-0.005295836379635995,0.0002012980104972741,7.546047120499111e-17,0,0
211,0,2,0,0.8263330749646605,0.15966640829799383,-0.0017515522797695304,-0.001957602561448514,0.00020605028167912875,1.450662506785605e-16,0,0
211,2,2,0,0.8522648731484694,0.1855982064818028,-0.0024327486468662674,-0.00282988999024428,0.0003971413433780431,3.0357660829594124e-17,0,0
211,0,3,0,0.7025093420065263,0.03584267533985963,-0.0017455078961826631,-0.0017643772860048757,1.8869389822322603e-05,1.0993810029003015e-16,0,0
211,3,3,1,0.6847551676874877,0.018088501020821046,-0.0039939567935193265,-0.003993956793519324,0.0,2.6020852139652106e-18,0,0
211,1,2,1,0.6877948938142031,0.021128227147536482,-0.00015062448397706873,-0.00015305402934518905,2.4295453681513657e-06,3.1035287187397564e-17,0,0
211,1,1,0,0.7838084242618197,0.1171417575951531,-0.0023876714468614724,-0.0027327636349323953,0.00034509218807084576,7.719519468096792e-17,0,0
212,1,0,1,0.8992517017990471,0.2325850351323805,-6.348261887945128e-06,-7.025739363298872e-06,6.774774755696767e-07,2.1593241517764428e-16,0,0
212,3,2,1,0.7843258361761286,0.11765916950946198,-7.976917957130958e-05,-7.976917957127942e-05,0.0,3.015437292225309e-17,0,0
212,2,0,1,0.5540406884402131,-0.11262597822645348,-0.0010138331854976368,-0.000983729086054148,-3.0104099443363315e-05,1.2555061157382141e-16,0,0
212,0,0,0,0.6167661169233654,-0.04990054974330127,-0.0019778166120997254,-0.002096056664914645,0.00011824005281508602,1.6653345369377348e-16,0,0
212,1,0,0,0.6982494614432215,0.0315827947765549,-0.006571824124440906,-0.0068002975321923825,0.000228473407751699,2.220446049250313e-16,0,0
212,0,2,1,0.7373778353299428,0.0707111686632762,-3.2280754013847e-05,-6.03821275510988e-05,2.8101373537461854e-05,2.1005739465548845e-16,0,0
212,2,3,1,0.6528548240901099,-0.013811842576556765,-0.002753899789664338,-0.002493595046877209,-0.00026030474278714315,1.431146867680866e-17,0,0
212,1,3,1,0.8753408907971674,0.20867422413050074,-1.5473030463453163e-05,-1.5896561089451836e-05,4.2353062609276136e-07,9.408841978100768e-17,0,0
212,1,2,1,0.63737342748497,-0.029293239181696684,-0.006324460230853757,-0.006459107797106073,0.00013464756625231213,4.336808689942018e-18,0,0
212,2,2,1,0.7805589834648555,0.1138923167981889,-1.689580293229298e-06,-2.5181653341639116e-06,8.285850408857131e-07,4.890048259441164e-17,0,0
212,2,2,1,0.5541308087888479,-0.11253585787781872,-0.0006854528886079958,-0.0006980471095001282,1.2594220892198997e-05,6.657001339060997e-17,0,0
212,0,2,0,0.611552793407243,-0.05511387325942363,-0.001936462867585531,-0.002424152840185235,0.00048768997259979803,9.410874857174178e-17,0,0
213,0,1,1,0.8073120902425871,0.14064542357592047,-7.167710386279946e-06,-2.5699906037180293e-06,-4.597719782666486e-06,1.045696054703324e-16,0,0
213,0,3,0,0.6067671182231902,-0.05989954844347645,-0.0011947289381279425,-0.0017066729765262772,0.0005119440383983089,2.5804011705155006e-17,0,0
213,3,2,1,0.7410530526985073,0.07438638603184067,-0.00010791261478226843,-0.00010791261478230526,0.0,3.6822216283038944e-17,0,0
213,2,1,1,0.7887910269174704,0.12212436025080375,-0.002322721800357863,-0.00240477094335728,8.204914299934758e-05,6.938893903907228e-17,0,0
213,1,1,1,0.6083020412615273,-0.058364625405139314,-0.00016533398133067312,-0.0001538750696047662,-1.145891172607029e-05,1.6336216233925338e-16,0,0
213,1,1,1,0.6597302158967895,-0.006936450769877145,-0.0018104620148368111,-0.0016817960607099223,-0.0001286659541269881,9.93129189996722e-17,0,0
213,2,0,1,0.6006740108948839,-0.0659926557717827,-0.0006879777866129477,-0.0007274979966482587,3.95202100352686e-05,4.2392304944183223e-17,0,0
213,3,1,1,0.7534930227099669,0.08682635604330025,-5.995530646984992e-05,-5.995530646986223e-05,0.0,1.2305694657710475e-17,0,0
213,0,2,1,0.6277475405083381,-0.03891912615832849,-9.489654148886473e-05,-9.129915115279873e-05,-3.5973903361488073e-06,8.28059409235804e-17,0,0
213,2,3,0,0.7732292889322223,0.10656262226555568,-0.002441389147018691,-0.0036079314330203834,0.0011665422860016156,7.676151381197371e-17,0,0
213,1,2,0,0.8102662335057431,0.1435995668390765,-0.0023562654209632883,-0.00222619027990097,-0.0001300751410624066,8.803721640582296e-17,0,0
213,3,2,1,0.695295469915796,0.02862880324912942,-0.0018635312680228555,-0.0018635312680229145,0.0,5.898059818321144e-17,0,0
214,3,1,0,0.6237308871871166,-0.042935779479550074,-0.0016270145947447356,-0.0014617058389597161,-0.00016530875578496396,5.551115123125783e-17,0,0
214,0,2,1,0.5960335452566002,-0.07063312141006639,-0.0004731113092669159,-0.0004538896869177724,-1.9221622349107356e-05,3.615814245239157e-17,0,0
214,1,1,0,0.7097241237782231,0.04305745711155651,-0.002659177199068219,-0.0031202104796997985,0.000461033280631389,1.9081958235744878e-16,0,0
214,0,1,1,0.6009949612200715,-0.06567170544659517,-0.0028186224517637304,-0.0026439891015161646,-0.0001746333502474427,1.231653667943533e-16,0,0
214,3,1,1,0.6440625356496458,-0.022604131017020856,-0.0002627599537241565,-0.00026275995372414593,0.0,1.0570971181733668e-17,0,0
214,0,0,1,0.8285041254429389,0.1618374587762723,-2.5268095554586978e-05,-2.659927825995593e-05,1.3311827053759017e-06,6.94905829927428e-18,0,0
214,1,1,1,0.7814839468760146,0.114817280209348,-0.00015546500461932622,-0.00015418245258187218,-1.2825520375214714e-06,6.743737512859838e-17,0,0
214,1,3,0,0.7659222088907665,0.09925554222409982,-0.0035695213614315713,-0.003285123315950266,-0.0002843980454813633,5.811323644522304e-17,0,0
214,0,0,0,0.6331724769396644,-0.033494189727002244,-0.00047112750728722785,-0.0004473782626483827,-2.374924463877373e-05,7.139471305817047e-17,0,0
214,1,3,1,0.5555130405364356,-0.11115362613023105,-2.7514557491836733e-05,-2.8655387732180912e-05,1.140830240360467e-06,1.6286749509805687e-17,0,0
214,2,3,1,0.6685298529263889,0.0018631862597222604,-0.002214669857549534,-0.0022043154405074947,-1.0354417041961411e-05,7.762887554996212e-17,0,0
214,0,1,1,0.6066655530726225,-0.06000111359404414,-0.0004828915631633346,-0.00042690967768770473,-5.598188547575929e-05,1.2945373939476923e-16,0,0
215,0,0,1,0.7778350718733471,0.11116840520668048,1.0797849127441861e-05,0.0,1.0797849127419055e-05,2.2805515071874782e-17,1,1
215,3,0,1,0.8748820358363172,0.20821536916965055,0.0,0.0,0.0,0.0,0,0
215,1,0,1,0.8528306640691196,0.18616399740245293,-0.0025413114080956034,-0.0024596567197413127,-8.165468835428648e-05,4.336808689942018e-18,0,0
215,0,2,1,0.8716273894933116,0.20496072282664501,-1.8903108319756612e-06,-3.1107364123570147e-06,1.2204255803055128e-06,7.584078899830829e-17,0,0
215,3,0,1,0.6622196509647695,-0.004447015701897095,-3.8927625542417577e-05,-3.892762554239661e-05,0.0,2.0965759510438442e-17,0,0
215,2,3,1,0.7609423867801537,0.09427572011348706,9.579142362658999e-07,0.0,9.579142363120098e-07,4.610993254968235e-17,1,1
215,3,2,1,0.8877471442655072,0.22108047759884053,-3.5932925103177027e-06,-3.593292510320703e-06,0.0,3.0001906991747318e-18,0,0
215,2,0,0,0.8226869721949769,0.15602030552831025,-0.006757429468378484,-0.00660225376904416,-0.00015517569933438507,6.071532165918825e-17,0,0
215,1,1,1,0.854368921952408,0.18770225528574136,-0.00013960449022720756,-0.00013211526151642262,-7.489228710854783e-06,6.984972496237862e-17,0,0
215,0,1,0,0.770620439392659,0.10395377272599238,-0.010324556656088169,-0.010788797916799108,0.0004642412607108642,7.45931094670027e-17,0,0
215,3,2,1,0.8934177361180582,0.22675106945139156,-3.214040626908776e-05,-3.214040626904787e-05,0.0,3.989186368388853e-17,0,0
215,3,3,1,0.7714019653553613,0.10473529868869469,-2.3691821702309657e-05,-2.3691821702327377e-05,0.0,1.7719929256559963e-17,0,0
216,0,3,1,0.6952303070796725,0.028563640413005853,-0.00011643675511557872,-0.00012021723155243053,3.780476436937683e-06,8.586881206085195e-17,0,0
216,2,0,1,0.607753097814916,-0.058913568851750586,3.744763765178849e-05,-7.892556482979706e-05,0.00011637320248147114,1.1441043425153286e-16,1,1
216,3,3,1,0.669552324390866,0.002885657724199353,-9.723035154785009e-06,-9.723035154814942e-06,0.0,2.9932450290072465e-17,0,0
216,2,2,0,0.8884902044871101,0.2218235378204435,-0.00042501591044363796,-0.0006703417955985534,0.00024532588515478846,1.2696007439805257e-16,0,0
216,1,1,0,0.6768057709040134,0.010139104237346763,-0.000573742436557334,-0.0010638184479248131,0.0004900760113675358,5.670377362099188e-17,0,0
216,3,2,0,0.6199735489254756,-0.046693117741191004,-0.0044256013296566366,-0.004634505181442363,0.00020890385178568238,4.336808689942018e-17,0,0
216,3,0,1,0.6313205153754262,-0.03534615129124041,-0.005137083681645116,-0.005137083681645097,0.0,1.9081958235744878e-17,0,0
216,2,2,1,0.604359658016907,-0.06230700864975958,-1.6154534259238407e-05,-1.6749354127690485e-05,5.948198684914491e-07,3.937009138837988e-17,0,0
216,1,2,1,0.8252988470777168,0.1586321804110502,-2.995595000321316e-05,-3.17435600338679e-05,1.7876100306149904e-06,3.974617401696079e-17,0,0
216,0,3,0,0.8442280668053376,0.17756140013867094,-0.0040677100575677305,-0.004151736727402546,8.40266698348709e-05,5.551115123125783e-17,0,0
216,0,2,0,0.6138370281466835,-0.052829638519983124,-0.00727353444827189,-0.008045925909406792,0.0007723914611349185,1.6479873021779667e-17,0,0
216,3,0,1,0.585562932592715,-0.08110373407395166,-6.084299052294684e-05,-6.0842990522918845e-05,0.0,2.799274484086012e-17,0,0
217,2,3,1,0.7056840201969454,0.0390173535302788,-0.00019745915884861187,-0.0001828911725257906,-1.456798632279323e-05,2.802662615875029e-17,0,0
217,2,2,0,0.8705875133212161,0.20392084665454946,-0.0023810024073651626,-0.0013804965955983943,-0.0010005058117666969,7.112366251504909e-17,0,0
217,1,1,1,0.8416260884822407,0.1749594218155741,-0.000497315267904086,-0.00048748868826883467,-9.826579635207928e-06,4.336808689942018e-17,0,0
217,3,1,0,0.7321818264741875,0.06551515980752087,-0.005398752166926313,-0.005563732060934915,0.00016497989400861057,7.806255641895632e-18,0,0
217,2,1,1,0.7803742320114687,0.11370756534480209,-0.00017761724292619796,-0.00017227159728947658,-5.345645636736122e-06,1.474514954580286e-17,0,0
217,3,2,1,0.8806749026478908,0.2140082359812242,-0.000704531575946854,-0.000704531575946839,0.0,1.496198998029996e-17,0,0
217,0,2,1,0.6243611833952277,-0.042305483271438904,-0.0001457011159896049,-0.00013702615518207796,-8.674960807614712e-06,8.779327091701372e-17,0,0
217,2,2,1,0.8990143597356544,0.23234769306898773,-0.0034664498658248943,-0.003192588241620914,-0.0002738616242039968,1.6479873021779667e-17,0,0
217,2,1,0,0.6031210154535065,-0.06354565121316014,-0.0016175224378518482,-0.001832422076693078,0.00021489963884128782,5.789639601072594e-17,0,0
217,1,2,1,0.7810217263482097,0.11435505968154303,-0.0026303674535367305,-0.0026261527505755723,-4.214702961007557e-06,1.5048726154098802e-16,0,0
217,3,2,1,0.7433372874379478,0.07667062077128117,-0.0002896924059197503,-0.00028969240591972896,0.0,2.1358782797964437e-17,0,0
217,3,1,1,0.6868872947727533,0.020220628106086713,0.0,0.0,0.0,0.0,0,0
218,0,2,1,0.8393408264707172,0.17267415980405054,-0.00020778196575332863,-0.00022560018510168412,1.781821934860876e-05,2.5326962749261384e-16,0,0
218,2,1,1,0.559559982004473,-0.10710668466219364,-4.8268223808767274e-05,-4.611996503462858e-05,-2.1482587740634982e-06,7.519619692544777e-17,0,0
218,1,3,1,0.5981572722779023,-0.06850939438876436,-1.8153516557539717e-05,-2.4912401219273833e-05,6.7588846617745955e-06,4.048139861517752e-17,0,0
218,1,3,1,0.8967290977241307,0.23006243105746405,-5.392499162260034e-05,-5.833526401331493e-05,4.410272390987054e-06,2.7246000594560726e-16,0,0
218,0,3,1,0.7116366670959715,0.04497000042930488,-0.0001298613940956539,-0.00012710813665990243,-2.753257435495784e-06,2.556819773263941e-16,0,0
218,3,2,1,0.6740470197456998,0.007380353079033175,-6.240817163183365e-05,-6.240817163182053e-05,0.0,1.3118846287074604e-17,0,0
218,2,3,1,0.6019241249891754,-0.06474254167749127,-0.0004354665647774425,-0.00045275470152204064,1.7288136744647687e-05,4.954803928258755e-17,0,0
218,3,1,1,0.635645740743644,-0.031020925923022635,-0.0033843836181243203,-0.003384383618124317,0.0,3.469446951953614e-18,0,0
218,3,1,0,0.6153140922811149,-0.05135257438555174,-0.0026963292807004047,-0.003309117101524052,0.000612787820823638,9.540979117872439e-18,0,0
218,2,0,1,0.8721495048078125,0.20548283814114587,-0.0005513124666984837,-0.0005556917587201674,4.379292021693992e-06,1.0299920638612292e-17,0,0
218,3,0,1,0.7690204919709407,0.10235382530427406,-3.3785783059792074e-05,-3.3785783059745047e-05,0.0,4.7027269231558755e-17,0,0
218,1,0,0,0.7810490769988506,0.11438241033218399,-0.002177361316199833,-0.002305338903645258,0.0001279775874457216,2.962040335230398e-16,0,0
219,3,1,1,0.8870598823733302,0.2203932157066636,-0.0023825159419298414,-0.002382515941929768,0.0,7.32920668600201e-17,0,0
219,1,0,0,0.6429809499981304,-0.02368571666853625,-0.0033088733009031257,-0.0040351173152108274,0.0007262440143079918,2.90132501357121e-16,0,0
219,3,1,0,0.7612348404506303,0.09456817378396365,-0.005248370409652536,-0.005113557206252369,-0.00013481320340014505,2.2551405187698492e-17,0,0
219,3,2,1,0.7766050729496883,0.10993840628302165,-5.77167721727001e-06,-5.771677217273646e-06,0.0,3.635465409615457e-18,0,0
219,3,3,0,0.6466476970577258,-0.020018969608940784,-0.0005264255013203156,-0.0006812121524084962,0.00015478665108815598,2.461138931542095e-17,0,0
219,0,1,0,0.7837934461850192,0.1171267795183526,-0.004240658085503224,-0.004564594797278167,0.0003239367117750619,1.1882855810441129e-16,0,0
219,2,3,1,0.6292139224310438,-0.03745274423562284,5.13077866304279e-07,0.0,5.1307786636557e-07,6.129098642596595e-17,1,1
219,0,3,1,0.568170954314566,-0.09849571235210064,-0.00011493759903813405,-0.0001026239207956645,-1.231367824239958e-05,6.997169770678324e-17,0,0
219,2,1,1,0.7717648611571093,0.10509819449044266,-0.0019216849715909534,-0.0019817669818564306,6.00820102654572e-05,1.9949319973733282e-17,0,0
219,1,3,0,0.5576409336080871,-0.10902573305857954,-0.0017422233097528217,-0.0017793293956166183,3.710608586372979e-05,6.678685382510707e-17,0,0
219,0,1,1,0.794141860654145,0.12747519398747842,-3.4722716541368825e-05,-3.0182423981274714e-05,-4.540292560007954e-06,8.616019139470743e-17,0,0
219,1,0,1,0.6689831903132105,0.0023165236465438888,4.0433909795689615e-05,-3.217990200558755e-05,7.261381180143684e-05,1.5967587495280267e-16,1,1
220,1,3,1,0.7023035285417698,0.035636861875103176,-0.0027980007527437234,-0.002676994865102712,-0.00012100588764112006,1.0842021724855044e-16,0,0
220,1,1,0,0.7566918101759376,0.09002514350927093,-0.0014551962032172128,-0.0018213209369431344,0.00036612473372577475,1.468009741545373e-16,0,0
220,0,3,1,0.6264907758744646,-0.040175890792202074,-0.0024304314325638288,-0.0030986044248999902,0.0006681729923360756,8.586881206085195e-17,0,0
220,3,3,1,0.6702896814840589,0.003623014817392245,-0.003757519353016159,-0.0037575193530162373,0.0,7.849623728795052e-17,0,0
220,2,2,1,0.6090507020962077,-0.05761596457045892,-0.00014055233409038248,-0.00014132458687996603,7.722527895821191e-07,1.4365678785432934e-18,0,0
220,1,1,1,0.7131874439104431,0.04652077724377646,-6.361850689695636e-05,-7.112098496637076e-05,7.502478069402723e-06,1.168227840853131e-17,0,0
220,3,1,1,0.6098768248362181,-0.05678984183044855,-5.8601102766564495e-05,-5.860110276653975e-05,0.0,2.474691458698164e-17,0,0
220,3,0,1,0.6229037204694244,-0.04376294619724219,-0.005340877278772194,-0.005340877278772163,0.0,3.0357660829594124e-17,0,0
220,2,3,0,0.8724440997285872,0.20577743306192053,-0.0016024079605398978,-0.001768970448173375,0.00016656248763339453,8.283304597789254e-17,0,0
220,3,0,0,0.8612766841569163,0.19461001749024964,-0.003979510936524822,-0.004875601436538962,0.0008960905000140881,5.2909066017292616e-17,0,0
220,3,2,1,0.6138396888188645,-0.052826977847802103,-0.003629631452372273,-0.0036296314523723006,0.0,2.7755575615628914e-17,0,0
220,0,2,1,0.63384707965512,-0.032819587011546636,-0.00017937041055304803,-0.00018452347305760654,5.153062504388628e-06,1.698673753741664e-16,0,0
221,3,1,0,0.8851816615637349,0.21851499489706827,-0.0008351306190113039,-0.000987923092580943,0.00015279247356965017,1.1058862159352145e-17,0,0
221,3,3,1,0.7767281611046587,0.11006149443799207,0.0,0.0,0.0,0.0,0,0
221,2,2,0,0.7814875511293038,0.11482088446263716,-0.0036878608259486856,-0.0033994842976182403,-0.0002883765283305175,7.19910242530375e-17,0,0
221,1,0,1,0.8649176182143664,0.19825095154769978,-4.2527049382012905e-06,0.0,-4.2527049381691125e-06,3.2177934633243616e-17,0,0
221,1,3,0,0.7749175759672461,0.10825090930057946,-0.0037953502674652473,-0.00384913800545249,5.3787737987084574e-05,1.5785983631388945e-16,0,0
221,3,2,0,0.582477502148244,-0.08418916451842262,-0.0011925550640634608,-0.0014917635357786366,0.00029920847171515123,2.47198095326695e-17,0,0
221,1,0,1,0.8134894435791042,0.1468227769124376,-0.0027413028430834374,-0.002746608799069062,5.305955985738581e-06,1.1405806854547507e-16,0,0
221,0,2,1,0.8852612212848061,0.21859455461813948,-6.171564279189301e-05,-5.818688698502651e-05,-3.528755806716602e-06,1.49890950346121e-16,0,0
221,1,2,0,0.6524267401086229,-0.014239926558043736,-0.0035107356536320244,-0.004344660945851909,0.0008339252922200342,1.496198998029996e-16,0,0
221,1,2,1,0.6113469799424864,-0.055319686724180195,-3.1499561396641784e-05,-9.29695601493038e-06,-2.2202605381590264e-05,1.2113926398452102e-16,0,0
221,0,3,1,0.7233782372259019,0.05671157055923526,-0.0018246050802535607,-0.0016947154067450563,-0.00012988967350847558,2.883977778811442e-17,0,0
221,0,0,1,0.894325252935366,0.2276585862686994,-5.029699170233659e-05,0.0,-5.0296991702424025e-05,8.74341289473779e-17,0,0
222,3,1,1,0.6893581501183469,0.02269148345168026,-0.002920560863034105,-0.0029205608630340947,0.0,1.0408340855860843e-17,0,0
222,3,0,1,0.749962512252378,0.08329584558571135,-0.004429578577651527,-0.004429578577651538,0.0,1.0408340855860843e-17,0,0
222,1,1,0,0.5980981701514912,-0.06856849651517538,-0.0014941279063591106,-0.0017208274838584276,0.00022669957749932963,1.2576745200831851e-17,0,0
222,1,3,1,0.7882164951386434,0.12154982847197682,-0.002992637768406803,-0.0030510242893695074,5.838652096280537e-05,1.0104764247564901e-16,0,0
222,1,0,1,0.5554623553425685,-0.11120431132409814,-0.0006493557111442172,-0.0006183611450642721,-3.09945660799405e-05,4.553649124439119e-18,0,0
222,0,3,1,0.6372265440382126,-0.02944012262845408,-3.482512297442453e-05,-2.4052067705580447e-05,-1.0773055268724967e-05,1.1911316117468873e-16,0,0
222,0,1,1,0.7836281908987156,0.11696152423204897,-5.817144424080656e-05,-5.61091411028369e-05,-2.062303137834754e-06,1.349018553115089e-16,0,0
222,2,2,1,0.6952544715244451,0.028587804857778454,-0.00041047191433657426,-0.0004143477180200373,3.8758036836221086e-06,1.5910666881224778e-16,0,0
222,0,0,0,0.6351351147250122,-0.03153155194165447,-0.0072627815902874815,-0.0075024000202019185,0.00023961842991451215,7.546047120499111e-17,0,0
222,1,1,1,0.5626890018379058,-0.10397766482876081,-0.0005921433297457201,-0.0005730188344045238,-1.912449534110788e-05,8.847089727481716e-17,0,0
222,3,0,0,0.5727092956944158,-0.09395737097225088,-0.00162025105523117,-0.0019073577072895376,0.0002871066520583236,4.401860820291148e-17,0,0
222,2,1,1,0.5709437519477084,-0.09572291471895822,-9.634794453267093e-05,-8.302588651711328e-05,-1.3322058015546874e-05,1.0760706561918632e-17,0,0
223,2,3,1,0.8145933551631387,0.14792668849647206,-5.6573668826720436e-05,-5.8294334418284136e-05,1.7206655916482238e-06,8.452711187240114e-17,0,0
223,3,3,1,0.8924989976204232,0.22583233095375654,-0.0009762526628989132,-0.0009762526628988839,0.0,2.927345865710862e-17,0,0
223,1,2,1,0.6972599465393601,0.030593279872693446,-1.95694808160507e-05,0.0,-1.9569480815791958e-05,2.587414603318766e-16,0,0
223,2,0,1,0.8346534580305809,0.16798679136391426,5.586104898092081e-06,0.0,5.586104897878259e-06,2.1382245610603381e-16,1,1
223,3,2,1,0.8376948846242611,0.17102821795759449,-0.0003561886955067983,-0.0003561886955066789,0.0,1.1942486929927831e-16,0,0
223,0,3,1,0.5704551890540066,-0.09621147761266002,-1.6547476505479608e-05,-1.607524929426791e-05,-4.7222721115462976e-07,5.706630372241672e-17,0,0
223,1,3,0,0.8650453140994174,0.1983786474327508,-0.0006337216870880846,-0.0010053117936296584,0.0003715901065417481,1.7433970933566911e-16,0,0
223,1,1,1,0.8249641059141057,0.1582974392474391,-4.826195001417233e-07,-1.5631047582284615e-06,1.0804852580773862e-06,9.35209077063473e-18,0,0
223,2,1,1,0.7527068814385466,0.08604021477187995,-0.0002702716631780566,-0.00022815218013043758,-4.211948304773795e-05,1.1893697832165984e-16,0,0
223,1,0,1,0.7024732700554825,0.035806603388815916,-3.662376214297325e-06,-4.390488569454292e-06,7.28112355353424e-07,1.9645701013789978e-16,0,0
223,2,2,1,0.8294401345144585,0.1627734678477919,8.138699155724183e-07,0.0,8.138699156652602e-07,9.284190492000457e-17,1,1
223,2,2,1,0.6921025193045155,0.025435852637848866,-0.0028589956041848996,-0.0031943190435554237,0.0003353234393706404,1.1622647289044608e-16,0,0
224,0,1,1,0.7024062683811426,0.03573960171447599,-0.006669016447521603,-0.006560671679970423,-0.00010834476755128842,1.0928757898653885e-16,0,0
224,3,0,1,0.7625255704188081,0.09585890375214146,-0.006118739959890762,-0.00611873995989081,0.0,4.7704895589362195e-17,0,0
224,0,3,1,0.6834271550605603,0.016760488393893658,-8.504934760789062e-06,-6.8732573989227405e-06,-1.6316773619176756e-06,5.135391352613372e-17,0,0
224,1,1,1,0.8215817160139749,0.15491504934730826,-0.0027379237984463956,-0.0028086413192957706,7.071752084932945e-05,4.5536491244391186e-17,0,0
224,2,2,0,0.882357644320549,0.21569097765388234,-0.0005391774153509776,-0.0007351147823258834,0.00019593736697489248,1.3227266504323154e-17,0,0
224,2,0,1,0.8937046107704996,0.22703794410383293,-4.456380604589416e-06,-4.648251660966864e-06,1.9187105624852892e-07,1.2891926160505177e-16,0,0
224,0,2,1,0.6361313143945605,-0.03053535227210613,-0.0002915814780299897,-0.00028862820048601416,-2.953277544060245e-06,8.473039977974217e-17,0,0
224,2,2,1,0.7134912872136318,0.04682462054696512,4.1614890444741093e-07,0.0,4.161489043143911e-07,1.3301985398182824e-16,1,1
224,1,1,1,0.6980098906084918,0.031343223941825205,4.2809990313807944e-07,0.0,4.2809990307062264e-07,6.745680394682602e-17,1,1
224,1,3,1,0.7126651644736215,0.04599849780695486,-0.0018604706664715476,-0.001844906305563959,-1.5564360907651463e-05,6.288372600415926e-17,0,0
224,1,3,0,0.8616629241992866,0.19499625753261995,-0.001228016336060067,-0.0013525683039675785,0.00012455196790740557,1.0581813203458523e-16,0,0
224,0,1,1,0.6967356765285916,0.030069009861924956,5.8731716754967245e-06,0.0,5.873171675517253e-06,2.0528690509655223e-17,1,1
225,2,3,0,0.5586694309857371,-0.10799723568092956,-0.0005681004540732393,-0.0005741264166344677,6.025962561168896e-06,5.952269926945419e-17,0,0
225,0,3,1,0.7206320341724511,0.05396536750578451,-7.416935097648292e-06,0.0,-7.4169350976325894e-06,1.570229677620022e-17,0,0
225,2,2,0,0.5716963266189434,-0.0949703400477232,-0.003159808581591317,-0.0033639599526250684,0.0002041513710337035,4.8138576458356397e-17,0,0
225,1,2,0,0.8800801954767854,0.21341352881011877,-0.001024685604724962,-0.0011782796618457633,0.00015359405712077413,2.710505431213761e-17,0,0
225,0,0,1,0.5834859244486983,-0.08318074221796834,5.774341861275456e-06,0.0,5.774341861019889e-06,2.555667808455675e-16,1,1
225,2,3,1,0.79953888463777,0.13287221797110338,-0.00035816816087691494,-0.0004330759023511288,7.490774147415941e-05,5.44811591673966e-17,0,0
225,1,3,1,0.555433661887756,-0.11123300477891063,-0.002342994999517789,-0.0023653792543495552,2.2384254831834516e-05,6.808789643208968e-17,0,0
225,3,2,1,0.8283288027109412,0.1616621360442746,0.0,0.0,0.0,0.0,0,0
225,0,1,1,0.7258453576885735,0.05917869102190687,-0.0027511128033400056,-0.0027844481424566326,3.333533911662866e-05,1.734723475976807e-18,0,0
225,2,0,0,0.8612834700525933,0.19461680338592668,-0.0004508585839235191,-0.0003153048559003266,-0.00013555372802307074,1.2175590397012215e-16,0,0
225,3,3,1,0.8158888326994815,0.1492221660328149,-0.00015621682165734008,-0.00015621682165733875,0.0,1.328147661294743e-18,0,0
225,0,3,1,0.7149614423199002,0.04829477565323359,-0.0002861422602659647,-0.000336366502447209,5.022424218105887e-05,1.8545278160364553e-16,0,0
226,3,3,0,0.8592020685805943,0.1925354019139277,-0.0013028935623588533,-0.0014307101904305634,0.00012781662807173147,2.1467203015212988e-17,0,0
226,3,1,1,0.763380043619168,0.09671337695250137,-0.0029633147710062535,-0.002963314771006246,0.0,7.37257477290143e-18,0,0
226,3,0,1,0.8853958143818648,0.21872914771519814,-0.0014205328697354802,-0.0014205328697354908,0.0,1.0625181290357943e-17,0,0
226,2,1,1,0.6343192325984871,-0.032347434068179526,-1.131497472495191e-06,0.0,-1.1314974724095667e-06,8.562423129733227e-17,0,0
226,2,1,1,0.6800768153811985,0.013410148714531833,-0.001451705956675875,-0.0013870554713162264,-6.465048535964546e-05,3.0357660829594124e-18,0,0
226,2,3,1,0.8379175858194748,0.1712509191528082,8.436570662628817e-07,0.0,8.436570662785734e-07,1.569170886435954e-17,1,1
226,3,3,1,0.6389075368384151,-0.027759129828251572,-0.00011555617554587228,-0.00011555617554586261,0.0,9.662951862277058e-18,0,0
226,0,1,1,0.7696216446509636,0.10295497798429698,-4.305430722628678e-05,-4.410819882626149e-05,1.0538915998765881e-06,9.812029660993815e-17,0,0
226,2,3,1,0.889345760454737,0.22267909378807038,-6.938949058843402e-06,-4.650316433000647e-06,-2.2886326257745774e-06,6.817768192449863e-17,0,0
226,2,1,0,0.8489431724881156,0.18227650582144894,-0.0034907832854036425,-0.003659944685348227,0.0001691613999445722,1.214306433183765e-17,0,0
226,3,1,1,0.626042428409225,-0.04062423825744166,-5.599932760319559e-05,-5.599932760320447e-05,0.0,8.876905287225068e-18,0,0
226,0,3,0,0.6861607457129659,0.019494079046299295,-0.004414869080831385,-0.004891848902717367,0.00047697982188603816,5.637851296924623e-17,0,0
227,0,3,1,0.8541224672701495,0.18745580060348288,-0.006538106718246617,-0.006357537038277879,-0.00018056967996878397,4.597017211338539e-17,0,0
227,3,0,0,0.8157066424181002,0.14903997575143357,-0.0026298458782099132,-0.003230590178082935,0.0006007442998730426,2.0816681711721685e-17,0,0
227,1,2,1,0.5759723558733176,-0.090694310793349,-5.4376181498394516e-05,-5.771014610008521e-05,3.3339646015519703e-06,1.387236679695203e-16,0,0
227,3,1,0,0.653823658359196,-0.01284300830747065,-0.0016220873033061523,-0.0017802699343316972,0.0001581826310254493,9.562663161322149e-17,0,0
227,2,1,0,0.6366878821134306,-0.029978784553235993,-0.0026388374426427053,-0.0031319258616943945,0.0004930884190517531,6.375108774214766e-17,0,0
227,0,2,1,0.5785785682100287,-0.0880880984566379,-0.0001755170036398246,-0.00015820971597462974,-1.7307287665266078e-05,7.123208273229764e-17,0,0
227,0,1,0,0.6107560839296217,-0.05591058273704497,-0.0009096530953549564,-0.0009788728549178043,6.921975956282704e-05,2.0816681711721685e-17,0,0
227,1,1,1,0.7601485434128318,0.09348187674616515,-3.2114390997595166e-06,-6.635962264016813e-06,3.4245231640813005e-06,1.7599565874755127e-16,0,0
227,3,3,0,0.823610334883819,0.15694366821715233,-0.006039851431023702,-0.007463838129252348,0.0014239866982285508,9.540979117872439e-17,0,0
227,1,2,1,0.8826393792714551,0.21597271260478845,-0.0005187204797140188,-0.0005060944956201673,-1.2625984093936246e-05,8.478460988836645e-17,0,0
227,3,3,1,0.6547439777769019,-0.011922688889764776,-9.023430451948755e-06,-9.023430452002338e-06,0.0,5.358330424330704e-17,0,0
227,1,1,1,0.5908191352246375,-0.07584753144202916,-0.00015013660062779266,-0.00014146934497045682,-8.667255657526079e-06,1.902503762168939e-16,0,0
228,1,3,1,0.6548024837986572,-0.011864182868009387,-0.0014980319493839156,-0.0014651242013906227,-3.290774799336863e-05,7.567731163948821e-17,0,0
228,1,2,1,0.6040230829860138,-0.06264358368065281,-5.84015799776072e-07,0.0,-5.84015799705205e-07,7.086701153203104e-17,0,0
228,2,3,1,0.799390511866517,0.13272384519985037,-0.0003653428379962742,-0.000390360832706338,2.5017994710054198e-05,9.595189226496714e-18,0,0
228,3,2,1,0.862359254623847,0.19569258795718036,0.0,0.0,0.0,0.0,0,0
228,3,2,1,0.5637874291776185,-0.10287923748904815,0.0,0.0,0.0,0.0,0,0
228,1,1,0,0.6577625907975628,-0.0089040758691038,-0.002957043583177499,-0.0029560766122924275,-9.669708851373332e-07,6.591949208711867e-17,0,0
228,2,0,1,0.6345355330231915,-0.032131133643475085,-0.002361053197700691,-0.0023959988118787945,3.4945614178173073e-05,6.938893903907228e-17,0,0
228,1,3,1,0.7921400990086003,0.12547343234193364,-3.676993097667669e-06,0.0,-3.6769930976716895e-06,4.0204418841425366e-18,0,0
228,3,3,0,0.7415560307310792,0.0748893640644126,-0.0032001631324856117,-0.0031628716441881957,-3.7291488297357334e-05,5.854691731421724e-17,0,0
228,2,0,1,0.6859637076584538,0.019297040991787195,-0.00040099926644426853,-0.00044571045054643836,4.471118410219103e-05,2.1196152472091612e-17,0,0
228,1,0,0,0.6707894864307692,0.004122819764102559,-0.005310679020423925,-0.005434466281105501,0.00012378726068152401,5.117434254131581e-17,0,0
228,1,2,1,0.6497806657687251,-0.016886000897941567,-1.5158335338050222e-06,-1.4901065584876439e-06,-2.5726975576233064e-08,2.588547509885719e-16,0,0
229,1,3,0,0.824166877422055,0.15750021075538834,-0.002147054124459147,-0.0023800243887484346,0.00023297026428929112,3.469446951953614e-18,0,0
229,1,2,1,0.5526960785972644,-0.11397058806940219,-0.0010548189578928335,-0.0008926862409509277,-0.00016213271694193212,2.6237692574149207e-17,0,0
229,0,0,0,0.6096608542859696,-0.05700581238069702,-0.004650055134170494,-0.004584221275638535,-6.583385853200054e-05,4.0766001685454967e-17,0,0
229,2,3,1,0.6277008477895756,-0.03896581887709105,1.786906616946249e-05,0.0,1.7869066169575263e-05,1.1277396659743755e-16,1,1
229,3,2,1,0.7854423802894173,0.11877571362275063,-8.578929522129464e-05,-8.578929522133069e-05,0.0,3.604972223514302e-17,0,0
229,3,3,1,0.76674489280366,0.10007822613699335,-0.00028933431321764846,-0.0002893343132176392,0.0,9.269928574751063e-18,0,0
229,3,3,1,0.8181730674389222,0.15150640077225552,-0.00014275708718380908,-0.00014275708718380835,0.0,7.318364664277155e-19,0,0
229,1,2,1,0.5664618684017244,-0.10020479826494222,-2.1881052297834103e-07,0.0,-2.188105230067815e-07,2.844048116282282e-17,0,0
229,3,0,1,0.836413286588251,0.16974661992158435,-0.0002530573232375488,-0.00025305732323753716,0.0,1.1655173354219173e-17,0,0
229,2,1,1,0.6156648213545943,-0.0510018453120723,-0.002441508875079268,-0.002636064461109507,0.00019455558603028683,4.7704895589362195e-17,0,0
229,3,2,1,0.8311999630721286,0.164533296405462,0.0,0.0,0.0,0.0,0,0
229,1,0,1,0.6934271336052165,0.02676046693854983,1.788496981425247e-05,0.0,1.788496981419986e-05,5.26109104198591e-17,1,1
230,0,0,0,0.7092364144998687,0.04256974783320211,-8.823304588206904e-05,-8.801927228994255e-05,-2.1377359210502753e-07,2.1467203015212988e-17,0,0
230,1,3,0,0.806804761827645,0.14013809516097842,-0.003246843893739859,-0.004162936447607587,0.0009160925538677686,4.0766001685454967e-17,0,0
230,1,3,1,0.7035645848846912,0.03689791821802457,-0.0002572354228874696,-0.00026395954047927735,6.7241175918469115e-06,3.913969842672671e-17,0,0
230,0,1,1,0.7250035132688945,0.05833684660222782,-0.004672632425076428,-0.0046899705216439545,1.733809656773918e-05,2.1337098754514727e-16,0,0
230,1,2,0,0.7514137232097363,0.08474705654306969,-0.004290532411368619,-0.004418234318636739,0.00012770190726818094,6.158268339717665e-17,0,0
230,0,2,0,0.8790230910244917,0.2123564243578251,-0.0032829278958431685,-0.003839009251273552,0.0005560813554302374,1.46150452851046e-16,0,0
230,3,0,0,0.8087027565247153,0.14203608985804872,-0.0019256662237301936,-0.0019552254091642777,2.955918543405636e-05,2.7755575615628914e-17,0,0
230,3,2,1,0.678320115985889,0.011653449319222409,0.0,0.0,0.0,0.0,0,0
230,1,2,1,0.6105111614359802,-0.056155505230686464,-0.00020697914513767568,-0.00021582391448706197,8.8447693493413e-06,4.4994390158148434e-17,0,0
230,3,3,1,0.8008109518445123,0.1341442851778457,0.0,0.0,0.0,0.0,0,0
230,2,0,1,0.74296541225467,0.07629874558800342,-0.00028755639714583836,-0.000299764973678473,1.2208576532617607e-05,1.7076184216646695e-17,0,0
230,3,1,1,0.6494698552529956,-0.01719681141367102,-0.00014188183188501569,-0.00014188183188498804,0.0,2.7647155398380363e-17,0,0
231,1,2,0,0.6515843347067909,-0.015082331959875739,-0.0031081580819942722,-0.0028813796434618622,-0.0002267784385322616,1.48318857196017e-16,0,0
231,1,2,1,0.8983441578453277,0.2316774911786611,-0.0013137375749219249,-0.0012046092553742555,-0.00010912831954743889,2.3050138187041824e-16,0,0
231,0,1,0,0.7557210765210263,0.08905440985435964,-0.0009704754610410093,-0.0015839180889256849,0.0006134426278846327,4.2825985813177425e-17,0,0
231,0,1,1,0.7760527249835555,0.10938605831688886,-0.018313331418249146,-0.019250948582355078,0.0009376171641059115,2.0816681711721685e-17,0,0
231,0,2,1,0.6564437635607189,-0.010222903105947756,8.575043051739506e-07,0.0,8.575043051299593e-07,4.399129139036253e-17,1,1
231,0,2,0,0.6975235237268553,0.030856857060188703,-0.0002227944259135528,-0.0002281090655903694,5.3146396768704215e-06,5.3830637863905295e-17,0,0
231,3,3,1,0.6903351504915243,0.023668483824857645,-0.004757104794738565,-0.004757104794738535,0.0,2.949029909160572e-17,0,0
231,3,0,0,0.8732269552124727,0.2065602885458061,-0.0013622146750537634,-0.001654902061816541,0.00029268738676273005,4.7704895589362195e-17,0,0
231,1,3,1,0.7305708042999196,0.06390413763325298,-0.0037796202170889415,-0.003994458931456122,0.00021483871436733316,1.5308934675495323e-16,0,0
231,2,0,1,0.6850376703625167,0.018371003695850097,1.1700731048724933e-05,0.0,1.170073104887587e-05,1.509378830689273e-16,1,1
231,0,1,1,0.8274808996188177,0.16081423295215103,-0.0005638843352361311,-0.0005208925539307834,-4.2991781305164496e-05,1.8323016715005025e-16,0,0
231,3,1,1,0.8191202994131298,0.15245363274646317,-0.004255013707827104,-0.0042550137078270584,0.0,4.597017211338539e-17,0,0
232,3,2,1,0.8703140812158385,0.2036474145491719,-0.0004511067536779878,-0.0004511067536779683,0.0,1.951563910473908e-17,0,0
232,2,3,1,0.5620529036531349,-0.10461376301353176,-3.3767016351049506e-05,-2.8775649400881033e-05,-4.99136694998816e-06,1.8031637381149546e-16,0,0
232,3,2,1,0.8646434893632875,0.19797682269662087,0.0,0.0,0.0,0.0,0,0
232,1,1,1,0.8581702281274298,0.1915035614607632,1.3044975866294273e-05,0.0,1.3044975866549995e-05,2.557226349078623e-16,1,1
232,1,0,0,0.6730737211702098,0.006407054503543175,-0.0022653175019833327,-0.0031946779025004176,0.0009293604005171454,6.071532165918825e-17,0,0
232,1,3,1,0.5938673477139946,-0.072799318952672,-1.944562932676419e-05,0.0,-1.9445629326822823e-05,5.863162060894267e-17,0,0
232,2,0,1,0.5802931228024637,-0.08637354386420293,-0.00262965514149216,-0.0024841404783041,-0.00014551466318810213,4.2500725161431774e-17,0,0
232,2,0,1,0.8788649482486921,0.21219828158202547,-9.063538403308868e-05,-8.222757780775886e-05,-8.407806225162004e-06,1.6782094377360002e-16,0,0
232,1,0,1,0.569833544227256,-0.09683312243941067,-0.0023867576966060122,-0.0023334480622004402,-5.330963440550558e-05,6.635317295611287e-17,0,0
232,1,0,1,0.707171159437199,0.04050449277053236,-0.0005217015547255288,-0.0005124748070583697,-9.226747667001374e-06,1.5764299587939234e-16,0,0
232,2,1,1,0.6375040451384858,-0.029162621528180832,-0.0017922628863394907,-0.0017372329047283476,-5.502998161107672e-05,6.635317295611287e-17,0,0
232,2,1,0,0.778406606912242,0.11173994024557532,-0.00250679692626099,-0.0028745669164160965,0.000367769990155193,8.673617379884035e-17,0,0
233,0,2,1,0.8229922301771567,0.1563255635104901,-3.7877680156506166e-05,-3.882960234897869e-05,9.519221923964172e-07,7.610421624490438e-17,0,0
233,3,3,1,0.8420588732562165,0.1753922065895499,-2.8185074963327228e-05,-2.8185074963339422e-05,0.0,1.2193886308672908e-17,0,0
233,1,2,1,0.6446860189071592,-0.021980647759507477,-0.00012111650605928226,-0.00013380622354401738,1.2689717484563005e-05,1.7211709488207383e-16,0,0
233,0,2,1,0.868749812959868,0.20208314629320134,-0.0010440802433584473,-0.0009745624094394202,-6.951783391906659e-05,3.946495907847236e-17,0,0
233,2,3,1,0.7155492771336691,0.048882610467002485,-4.621837624574354e-05,0.0,-4.6218376245840165e-05,9.662274235919255e-17,0,0
233,0,1,1,0.6472533359651578,-0.019413330701508857,-6.336016988850446e-08,-3.459882010216244e-08,-2.8761349973724966e-08,1.8738294469731147e-16,0,0
233,3,1,1,0.8053653221240653,0.13869865545739868,-0.0020445717816619524,-0.0020445717816619494,0.0,3.0357660829594124e-18,0,0
233,2,3,0,0.6952176286711399,0.028550962004473268,-0.004416267737982427,-0.006328838810273727,0.0019125710722914,9.8879238130678e-17,0,0
233,2,0,0,0.6055576450204379,-0.06110902164622878,-0.00011161929351399813,-0.0003951135757530455,0.0002834942822389054,1.419762744869768e-16,0,0
233,2,3,1,0.5543150668973837,-0.11235159976928288,-0.002075998164023485,-0.0021663289172199974,9.033075319653438e-05,2.168404344971009e-17,0,0
233,0,1,1,0.8360191258103631,0.16935245914369645,-1.497347397183546e-07,-1.854948910711329e-07,3.5760151377342374e-08,2.4564061349493117e-17,0,0
233,0,1,0,0.8714282941239486,0.204761627457282,-1.859952230826023e-05,-1.9729352065341175e-05,1.1298297569537158e-06,1.2722773680938493e-16,0,0
234,3,2,1,0.5810415314233494,-0.08562513524331727,-2.8670948946984964e-05,-2.8670948946994868e-05,0.0,9.90350921929728e-18,0,0
234,3,1,1,0.7662766730101492,0.0996100063434826,-0.0007522619972879507,-0.0007522619972879929,0.0,4.217546450968612e-17,0,0
234,0,3,1,0.8685154201273144,0.2018487534606478,-8.635753651953237e-06,0.0,-8.635753652124641e-06,1.714038931404857e-16,0,0
234,0,1,1,0.7590514799018977,0.09238481323523107,-0.0020647659845552946,-0.0022017819584935075,0.00013701597393798765,2.255140518769849e-16,0,0
234,3,2,0,0.6125702733203234,-0.0540963933463432,-0.005776407473123024,-0.006093804934182582,0.00031739746105946526,9.280770596475918e-17,0,0
234,1,2,0,0.6960122950132965,0.029345628346629904,-0.007517067608442174,-0.0075404557573553535,2.338814891297488e-05,2.0469737016526324e-16,0,0
234,1,2,1,0.7220145353283767,0.05534786866171004,-3.224274724988874e-05,0.0,-3.224274725005845e-05,1.6971152131187162e-16,0,0
234,3,0,0,0.5521574166724825,-0.1145092499941841,-0.0007268334045043012,-0.0007839995714347393,5.716616693055205e-05,1.1394964832822652e-16,0,0
234,2,2,1,0.6427139651944661,-0.02395270147220052,-0.0036159175072517646,-0.003494130366108267,-0.00012178714114375163,2.5413698923060224e-16,0,0
234,1,0,0,0.8762256185701642,0.2095589519034976,-0.0012353584199810141,-0.0016575107896755782,0.00042215236969429885,2.651958513899544e-16,0,0
234,1,3,1,0.7547452224778816,0.08807855581121493,-0.003489565757545443,-0.003406135475396218,-8.343028214951513e-05,2.896988204881268e-16,0,0
234,1,0,1,0.7272278588444991,0.06056119217783251,-0.0036490294792066447,-0.00417936543009608,0.0005303359508892544,1.8127860323957634e-16,0,0
235,3,2,1,0.7638649321775569,0.09719826551089028,-0.00024442565498850044,-0.0002444256549885463,0.0,4.586175189613684e-17,0,0
235,2,2,1,0.5727347617090528,-0.09393190495761383,-0.00016865565433898944,-0.00018056483641415498,1.1909182075060225e-05,1.0533024105696676e-16,0,0
235,0,1,1,0.8206109823590636,0.15394431569239697,-0.004736179510506422,-0.004656462255783231,-7.971725472343441e-05,2.42861286636753e-16,0,0
235,2,0,1,0.8466502825372504,0.17998361587058376,2.485417786024513e-06,0.0,2.485417785864444e-06,1.6006889824032866e-16,1,1
235,1,1,1,0.791203347638064,0.12453668097139736,-7.453180465188947e-05,-7.819203372558665e-05,3.660229073448389e-06,2.4879729353111113e-16,0,0
235,1,2,1,0.5555989854632875,-0.11106768120337918,-0.0020898683039615173,-0.0021913841225459844,0.00010151581858428648,1.8041124150158794e-16,0,0
235,0,2,1,0.7101561729354217,0.04348950626875503,-3.04766185066363e-07,-3.0602899366353517e-07,1.2628084882259985e-09,1.0894617176923616e-16,0,0
235,3,1,1,0.810703504507128,0.1440368378404614,-0.002924077924049917,-0.002924077924049895,0.0,2.211772431870429e-17,0,0
235,1,2,0,0.6089887151166306,-0.05767795155003608,-0.0017014070146604832,-0.003041539326026251,0.001340132311365555,2.1272046624165597e-16,0,0
235,0,0,1,0.6045726591266163,-0.062094007540050344,1.4676829962700921e-05,0.0,1.4676829962376796e-05,3.2412562759633057e-16,1,1
235,3,1,1,0.8621316791423903,0.19546501247572368,0.0,0.0,0.0,0.0,0,0
235,1,2,1,0.7443647753084928,0.07769810864182614,-0.00044100127287383106,-0.00045480083415567405,1.3799561281574468e-05,2.6850266801603517e-16,0,0
236,1,0,1,0.8476104529568951,0.18094378629022845,-4.524445325337911e-05,-4.7316405672689653e-05,2.071952419055256e-06,2.5528217777529005e-16,0,0
236,0,0,1,0.6226686057920262,-0.04399806087464042,-0.0002953994998110554,-0.0002927627877430095,-2.6367120682057966e-06,1.599198204416119e-16,0,0
236,1,3,0,0.8295119051075336,0.16284523844086696,-0.002044188200865049,-0.002131859272061512,8.767107119609773e-05,3.651592916931179e-16,0,0
236,2,3,1,0.8095749564025494,0.14290828973588277,-0.003298190682583635,-0.0033477830744044514,4.959239182064946e-05,1.6696713456276768e-16,0,0
236,2,1,0,0.6751974481915118,0.00853078152484521,-0.003911352470870044,-0.004761361659538556,0.0008500091886683683,1.43982048506075e-16,0,0
236,2,1,1,0.6341176880253754,-0.03254897864129125,-1.5170727452051835e-06,0.0,-1.517072745294366e-06,8.918240495051077e-17,0,0
236,2,2,1,0.6214579403799628,-0.045208726286703804,-0.0004910226721593913,-0.00048584736541932894,-5.175306739981287e-06,8.109832250191573e-17,0,0
236,1,2,0,0.7070210692489103,0.040354402582243654,-0.0051253598811283885,-0.005739911801355324,0.0006145519202268525,8.326672684688674e-17,0,0
236,3,1,1,0.6396014456030916,-0.027065221063575007,-0.0021721627455306702,-0.0021721627455307717,0.0,1.0148132334464322e-16,0,0
236,3,2,1,0.8021614756323774,0.13549480896571076,-0.00015337531785430958,-0.00015337531785435785,0.0,4.8274101729917085e-17,0,0
236,2,3,0,0.8449841247161347,0.17831745804946808,-0.002341861330646511,-0.002575407413192387,0.00023354608254565174,2.246466901389965e-16,0,0
236,3,1,0,0.7487319920325494,0.08206532536588274,-0.0010630303067530322,-0.001071217080661701,8.186773908611762e-06,5.702903427273753e-17,0,0
237,0,1,0,0.5581821562974207,-0.10848451036924589,-0.000985986779344361,-0.001251547770766207,0.00026556099142194007,9.410874857174178e-17,0,0
237,1,2,1,0.8381428528316652,0.1714761861649986,2.2987798429130457e-05,0.0,2.298779842904478e-05,8.567568854887797e-17,1,1
237,3,1,0,0.8088252836975328,0.14215861703086619,-0.005162948067606976,-0.005376613854099698,0.00021366578649274035,1.9081958235744878e-17,0,0
237,3,0,1,0.8674680908134831,0.20080142414681645,-0.001072757141486802,-0.0010727571414867988,0.0,3.2526065174565133e-18,0,0
237,0,3,0,0.622475439361873,-0.044191227304793634,-0.0005782173356180254,-0.0006355804884775388,5.736315285952958e-05,1.6154612370034016e-17,0,0
237,0,0,0,0.6187865184314518,-0.0478801482352148,-0.0021774106723099207,-0.002388885375174031,0.00021147470286421845,1.0798653637955624e-16,0,0
237,1,1,1,0.6624039586196663,-0.004262708047000352,-0.0001893163372254092,-0.0001943239995721398,5.00766234672314e-06,7.48099499014998e-18,0,0
237,2,3,1,0.6023568844195355,-0.06430978224713113,2.390573283106434e-06,0.0,2.390573283099401e-06,7.033338077526083e-18,1,1
237,0,2,1,0.8603330180538662,0.19366635138719956,-3.328956934822713e-05,-3.469906460848777e-05,1.4094952602408299e-06,1.980701843859456e-17,0,0
237,2,3,0,0.8805970614032348,0.21393039473656816,-0.001804071908086402,-0.0026662806039100735,0.0008622086958236691,2.168404344971009e-18,0,0
237,2,2,1,0.7446261973107761,0.07795953064410943,-4.2669543500850615e-05,-5.764799017085866e-05,1.49784466701125e-05,1.0444932679182228e-16,0,0
237,0,1,1,0.5922795945644099,-0.0743870721022567,-0.0016099236253508398,-0.0015648877901912348,-4.5035835159555524e-05,4.9439619065339e-17,0,0
238,3,3,0,0.871786498260169,0.20511983159350233,-0.004785168335357581,-0.004557178681793973,-0.0002279896535635491,5.898059818321144e-17,0,0
238,2,1,0,0.6890788170250782,0.022412150358411598,-0.0017797892493356393,-0.001989133702718852,0.00020934445338321645,3.686287386450715e-18,0,0
238,1,1,1,0.8689382459197516,0.20227157925308492,-0.0014827698850691795,-0.0014891715687238242,6.4016836545865325e-06,5.811323644522304e-17,0,0
238,2,0,1,0.7676080182817784,0.10094135161511175,7.509178899800517e-07,0.0,7.509178899290942e-07,5.095750210681871e-17,1,1
238,3,1,0,0.8074932151957166,0.14082654852904997,-0.0022927158174436135,-0.0023760082892138107,8.329247177016299e-05,3.426078865054194e-17,0,0
238,3,1,1,0.887348236245417,0.2206815695787504,-2.592121751132659e-06,-2.592121751152797e-06,0.0,2.013820832097099e-17,0,0
238,2,2,1,0.8833294759814929,0.2166628093148263,-0.0002086336734107297,-0.00021689181883074378,8.25814541993044e-06,8.364619760725667e-17,0,0
238,2,2,1,0.8319013013462306,0.165234634679564,-0.004464965111533603,-0.004364713015723971,-0.0001002520958096552,2.2551405187698492e-17,0,0
238,2,3,1,0.8227251138474618,0.1560584471807952,-0.00017339701580970646,-0.0001758469140535114,2.4498982437552634e-06,4.968356455414824e-17,0,0
238,0,3,1,0.7035496068078908,0.036882940141224174,-1.6696147401074057e-05,-1.5550698870741228e-05,-1.1454485304481185e-06,1.152879603848883e-16,0,0
238,2,0,1,0.8190361929170407,0.15236952625037403,-0.0023829118503894686,-0.0022521859251709185,-0.0001307259252187162,1.6609977282477928e-16,0,0
238,0,0,0,0.6077559802233605,-0.058910686443306104,-6.354612522113667e-05,-6.613212183369439e-05,2.585996612393255e-06,1.6445991703889495e-16,0,0
239,3,0,1,0.5789007023509827,-0.08776596431568395,-0.002083391635492815,-0.0020833916354928168,0.0,1.734723475976807e-18,0,0
239,1,2,0,0.6535469724921387,-0.013119694174527963,-0.004604946602688842,-0.004788766139155193,0.00018381953646637962,2.862293735361732e-17,0,0
239,0,3,0,0.861459265919742,0.19479259925307535,-0.0013315947020401953,-0.0017017104103938822,0.0003701157083537512,6.418476861114186e-17,0,0
239,0,3,1,0.8260500976061564,0.1593834309394898,-0.005547463539898934,-0.005862654432231034,0.0003151908923321882,8.760353553682876e-17,0,0
239,1,3,1,0.6132742588206368,-0.05339240784602983,4.698188617363597e-05,0.0,4.6981886173774264e-05,1.3829676336410412e-16,1,1
239,0,0,0,0.7046994850283255,0.03803281836165884,-0.006690389708502331,-0.006282513982491464,-0.0004078757260109108,4.336808689942018e-17,0,0
239,2,0,1,0.7409796976812603,0.07431303101459363,-0.00017471430752330486,-0.00019153039890593474,1.681609138267588e-05,4.5997277167697526e-17,0,0
239,1,0,0,0.8556894361287564,0.18902276946208973,-0.0007429828642940839,-0.0010045215193953741,0.00026153865510137133,8.109832250191573e-17,0,0
239,2,3,0,0.5635349756371079,-0.10313169102955877,-0.0025666968655760347,-0.002716419611160975,0.00014972274558508472,1.444157293750692e-16,0,0
239,3,3,1,0.8910468121154809,0.22438014544881424,0.0,0.0,0.0,0.0,0,0
239,3,1,1,0.6261965430169825,-0.040470123649684164,0.0,0.0,0.0,0.0,0,0
239,2,2,1,0.8650087914231719,0.19834212475650526,-1.942006205585267e-05,-1.6813351799859975e-05,-2.606710255948285e-06,4.4411631490437475e-17,0,0
240,1,3,1,0.8712367207559842,0.2045700540893176,-0.00013424035806791634,-0.00013271618412508555,-1.524173942805709e-06,2.5099280293039428e-17,0,0
240,2,3,1,0.6420579281849922,-0.02460873848167444,-0.0001598646083935673,-0.00014582051499736106,-1.4044093396181828e-05,2.4421653935235987e-17,0,0
240,0,0,0,0.8072575382323139,0.1405908715656473,-0.0073073649087812,-0.007725644343262949,0.00041827943448158984,1.5872719805187785e-16,0,0
240,3,3,1,0.7338153095296154,0.06714864286294875,-5.441675031592208e-05,-5.4416750315947925e-05,0.0,2.5844669286623212e-17,0,0
240,0,1,0,0.6834338052741796,0.016767138607513,-0.0006268248533645715,-0.0008664366468635301,0.0002396117934988513,1.0733601507606494e-16,0,0
240,1,1,1,0.6922958922321666,0.025629225565499958,-0.005448441079940969,-0.0053781649779026395,-7.027610203831023e-05,1.9081958235744878e-17,0,0
240,0,3,1,0.6822935819933875,0.01562691532672089,-0.012977029351528335,-0.01297934025430593,2.3109027776079545e-06,1.3877787807814457e-17,0,0
240,1,2,1,0.8860835001073041,0.21941683344063745,-6.075115196624292e-06,-2.8174945628186037e-06,-3.2576206336985923e-06,1.0709630475199197e-16,0,0
240,2,0,0,0.8306381215179894,0.1639714548513228,-0.002139867409438889,-0.003115350424365815,0.0009754830149270269,1.0148132334464322e-16,0,0
240,1,3,1,0.825479137973273,0.15881247130660636,4.39291367837491e-07,0.0,4.3929136784007467e-07,2.5836622473624296e-18,1,1
240,1,1,1,0.6979664840847176,0.03129981741805099,-0.0005170585699330044,-0.0005328533712198044,1.579480128681226e-05,1.22514845490862e-17,0,0
240,2,0,1,0.5523979445342901,-0.11426872213237649,-0.0010672602843173062,-0.0009600815405108349,-0.00010717874380636564,1.0581813203458523e-16,0,0
241,2,0,1,0.8109293325014714,0.14426266583480474,-6.337972635606093e-06,0.0,-6.33797263556168e-06,4.441247852338473e-17,0,0
241,1,2,1,0.8827011102071733,0.21603444354050672,2.2944365637989073e-06,0.0,2.2944365638354834e-06,3.657615321186157e-17,1,1
241,3,0,1,0.8026525283122092,0.1359858616455426,-0.002107714270405403,-0.0021077142704053983,0.0,4.7704895589362195e-18,0,0
241,0,3,1,0.5917573151275882,-0.0749093515390784,-0.00027742462651908495,-0.0002560276060510357,-2.139702046808945e-05,4.0223900599212215e-17,0,0
241,2,2,1,0.6702160742530171,0.0035494075863504726,-0.0003418298300590372,-0.00032241125762025265,-1.941857243878366e-05,9.215718466126788e-19,0,0
241,2,1,1,0.5533958302469449,-0.11327083641972169,3.831214427651997e-06,0.0,3.831214427706473e-06,5.447607696971307e-17,1,1
241,1,0,1,0.8860945500051822,0.2194278833385156,-0.0009043592526040145,-0.0008469700822844934,-5.7389170319384954e-05,1.3617579286417936e-16,0,0
241,0,2,1,0.7993978819692037,0.13273121530253706,-7.917339137963886e-06,0.0,-7.917339138020706e-06,5.682066416771298e-17,0,0
241,0,0,1,0.7570337389845014,0.0903670723178348,-0.00015034760876087017,-0.00015208758844865224,1.7399796879025672e-06,1.2048196641745168e-16,0,0
241,0,1,1,0.8575954347633746,0.190928768096708,7.925490479232522e-06,0.0,7.925490479380378e-06,1.4785637720681616e-16,1,1
241,1,1,1,0.7242115659462781,0.05754489927961148,-0.002188554007393262,-0.00237987330851069,0.00019131930111741032,1.7780915628762273e-17,0,0
241,0,3,1,0.7529915253638736,0.08632485869720696,-0.011160873912001379,-0.011427620850932192,0.00026674693893085564,4.163336342344337e-17,0,0
242,1,1,0,0.7453974387364922,0.0787307720698256,-0.0056490705916121264,-0.005342907151364363,-0.00030616344024788126,1.1796119636642288e-16,0,0
242,1,2,0,0.6176932793617466,-0.04897338730492007,-0.0015831862814973396,-0.0019053959265177927,0.0003222096450202784,1.7455654977016621e-16,0,0
242,0,1,0,0.5944074876360613,-0.0722591790306053,-0.007319675149712324,-0.007796879416320993,0.0004772042666086574,1.214306433183765e-17,0,0
242,0,1,1,0.7755411306106349,0.10887446394396827,1.005382311713987e-05,0.0,1.005382311692758e-05,2.1229017350445079e-16,1,1
242,3,1,1,0.5985824533967726,-0.068084213269894,-0.002301763171489779,-0.0023017631714898853,0.0,1.0625181290357943e-16,0,0
242,1,3,1,0.847960443479931,0.18129377681326442,-3.5795650358161346e-05,0.0,-3.5795650358205046e-05,4.3700123814743863e-17,0,0
242,1,1,1,0.8712224806591922,0.20455581399252554,1.6623884062538785e-05,0.0,1.6623884062408806e-05,1.299788998220669e-16,1,1
242,2,1,1,0.8724966947390923,0.20583002807242567,-0.0025378796888245736,-0.002452857131963039,-8.502255686178123e-05,2.467644144577008e-16,0,0
242,3,2,1,0.6082159092319701,-0.05845075743469652,-0.0013862749831596854,-0.0013862749831596976,0.0,1.214306433183765e-17,0,0
242,2,2,1,0.5778877332755104,-0.08877893339115628,3.839532444505078e-05,-9.028300673841148e-06,4.742362511865564e-05,2.362883109660596e-16,1,1
242,1,0,1,0.7345336392718679,0.06786697260520125,-0.0025934806394162235,-0.003382557681042559,0.0007890770416260291,3.0661237437890065e-16,0,0
242,3,0,0,0.8238384011024233,0.15717173443575672,-0.0015715752375937697,-0.0016780810242121567,0.00010650578661824234,1.446325698095663e-16,0,0
243,3,1,1,0.5629907196999973,-0.10367594696666937,-7.55615558891698e-05,-7.556155588912919e-05,0.0,4.060337135958214e-17,0,0
243,1,1,0,0.8136355418627234,0.14696887519605673,-0.0018794539096744778,-0.001988380347450504,0.0001089264377762689,2.42861286636753e-16,0,0
243,2,2,1,0.7092008016675713,0.04253413500090464,-5.004369291355948e-05,-4.522127292453942e-05,-4.822419988843376e-06,1.7668429653366902e-16,0,0
243,2,3,1,0.8316916375261945,0.16502497085952783,-0.00012720382838976585,-0.00011712830033662034,-1.007552805305538e-05,9.012430558785756e-17,0,0
243,1,0,1,0.7252421442710892,0.05857547760442261,-1.3518004914891968e-06,0.0,-1.3518004913795928e-06,1.0960394579233833e-16,0,0
243,2,0,1,0.7225093231356026,0.055842656468935936,-6.40526403550834e-05,-7.425708568530929e-05,1.0204445330252813e-05,2.6928871459108716e-17,0,0
243,3,2,1,0.8090355842046058,0.14236891753793912,-0.001441683681928707,-0.0014416836819286882,0.0,1.8865117801247777e-17,0,0
243,1,2,1,0.6858499960708083,0.01918332940414169,-0.0013958564271240315,-0.0010761351965730907,-0.0003197212305509405,2.168404344971009e-19,0,0
243,2,0,0,0.7121609086664769,0.045494241999810225,-0.009022308688239555,-0.01016306906219141,0.0011407603739517756,7.979727989493313e-17,0,0
243,3,0,1,0.577837499051317,-0.08882916761534965,0.0,0.0,0.0,0.0,0,0
243,3,1,1,0.6865625451054803,0.019895878438813686,-0.004013572770400375,-0.004013572770400395,0.0,1.9949319973733282e-17,0,0
243,3,0,1,0.7904998839228646,0.123833217256198,-0.003983595018063446,-0.003983595018063454,0.0,7.806255641895632e-18,0,0
244,1,0,1,0.8204466058687416,0.153779939202075,-0.0002576800046671379,-0.0002629298458024783,5.249841135322979e-06,1.7401444868392346e-17,0,0
244,3,1,0,0.8327618485392914,0.16609518187262473,-0.0012421128058974218,-0.0015665070110261574,0.0003243942051287914,5.572799166575493e-17,0,0
244,0,0,1,0.6317942699375083,-0.03487239672915832,-6.2693825131354686e-09,0.0,-6.269382397815659e-09,1.1531980932001344e-16,0,0
244,1,2,1,0.8251483640226416,0.15848169735597495,-8.364453030856867e-05,-8.884557202522369e-05,5.2010417167995804e-06,1.4455125464662988e-16,0,0
244,2,1,1,0.8809542540765727,0.21428758740990606,-0.0023674936967733595,-0.002216902375887106,-0.00015059132088637438,1.205632815803881e-16,0,0
244,1,3,0,0.6291679416967482,-0.03749872496991846,-0.003869618203732883,-0.003834133731011786,-3.548447272121386e-05,1.1666015375944028e-16,0,0
244,3,3,1,0.7783735669051236,0.11170690023845697,0.0,0.0,0.0,0.0,0,0
244,1,2,0,0.7910509257556524,0.12438425908898576,-0.0015707406411195057,-0.0023591994604280683,0.0007884588193086413,7.892991815694472e-17,0,0
244,0,3,1,0.6773603472340295,0.010693680567362862,-0.0013802299135344254,-0.0014311233016471492,5.089338811275935e-05,3.5561831257524545e-17,0,0
244,0,1,0,0.7858138476931057,0.11914718102643906,-0.00043741247016171325,-0.0003766498177227922,-6.076265243879742e-05,1.235990476633475e-16,0,0
244,2,3,1,0.6549833477369937,-0.011683318929672892,-0.0006297127895258936,-0.0003396958329932129,-0.00029001695653279653,1.1579279202145187e-16,0,0
244,1,3,1,0.875927764835285,0.20926109816861838,-0.00010730799585678685,-9.875870519756197e-05,-8.549290659175004e-06,4.9873299934333204e-17,0,0
245,3,2,0,0.5615919763831404,-0.10507469028352623,-0.0019365938541186511,-0.0020056340729954184,6.904021887669783e-05,6.938893903907228e-17,0,0
245,1,3,1,0.7243668541019705,0.05770018743530392,-0.002446925239275699,-0.002490063892710281,4.3138653434624585e-05,4.2500725161431774e-17,0,0
245,0,0,1,0.8038589297220714,0.13719226305540477,-7.141003217969732e-05,-7.84982352549285e-05,7.088203075288134e-06,5.696127163695719e-17,0,0
245,2,3,1,0.7994482755892557,0.13278160892258906,-0.000271919734095627,-0.00022494560845422518,-4.697412564132704e-05,7.475573979287553e-17,0,0
245,3,1,0,0.8823448494617699,0.2156781827951033,-0.00030824351352765067,-0.0001777322822621223,-0.00013051123126553804,9.64939933512099e-18,0,0
245,0,1,1,0.6704841784947748,0.003817511828108189,-6.938360824215728e-07,0.0,-6.93836082427982e-07,6.40918067451807e-18,0,0
245,1,1,1,0.8136697344746604,0.14700306780799377,-0.00010382141229298147,-0.00010171680662006709,-2.1046056728190385e-06,9.535558107010011e-17,0,0
245,3,3,1,0.6782408308070714,0.011574164140404797,-8.358592827295563e-05,-8.358592827297771e-05,0.0,2.2077066737236084e-17,0,0
245,1,1,1,0.8650979091099226,0.19843124244325594,-0.0019827808518736445,-0.0019341219253838917,-4.865892648981722e-05,6.461844948013606e-17,0,0
245,3,2,1,0.6333517994809318,-0.03331486718573484,0.0,0.0,0.0,0.0,0,0
245,1,3,1,0.6729386794667083,0.0062720128000416375,-3.7261633856144893e-05,-3.486150990933918e-05,-2.400123946714588e-06,9.112041633382861e-17,0,0
245,1,2,1,0.6679168614367761,0.0012501947701094585,-0.00013082610220988,-0.00013151824171964786,6.921395097726844e-07,4.824699667560495e-18,0,0
246,3,3,1,0.8824339938774785,0.21576732721081182,-0.0009484475398960357,-0.0009484475398960362,0.0,5.421010862427522e-19,0,0
246,3,0,1,0.610042875634982,-0.05662379103168458,-0.006362100309513119,-0.006362100309513147,0.0,2.7755575615628914e-17,0,0
246,2,2,1,0.5747743822342657,-0.09189228443240094,6.796697814281938e-06,0.0,6.7966978143367875e-06,5.484961849945222e-17,1,1
246,1,3,1,0.8526514875592318,0.18598482089256518,-1.733149640914533e-05,-1.5548977549945746e-05,-1.7825188592421737e-06,4.258881658794622e-17,0,0
246,1,2,1,0.5884487722042131,-0.07821789446245353,5.345328181127762e-05,0.0,5.3453281811142826e-05,1.3479343509426034e-16,1,1
246,2,3,1,0.6937816579462452,0.027114991279578615,2.0328007157510708e-05,0.0,2.032800715750692e-05,3.787931340121231e-18,1,1
246,2,1,1,0.651417514961543,-0.015249151705123642,-0.0009072636541485046,-0.0008267910694133532,-8.04725847351034e-05,4.8030156241107846e-17,0,0
246,1,0,1,0.8765622985611117,0.20989563189444504,-3.0158556177439788e-05,-3.240585233652547e-05,2.247296159044e-06,4.168079726848961e-17,0,0
246,2,0,1,0.8824102393310541,0.21574357266438748,-8.61740881219486e-06,-4.078815465967019e-06,-4.538593346295698e-06,6.785750347043651e-17,0,0
246,1,3,1,0.6833220793710375,0.016655412704370876,-6.7547394205780265e-06,-1.1325230799256586e-05,4.570491378738225e-06,5.966584783754017e-17,0,0
246,2,3,1,0.5564440427363022,-0.11022262393036442,8.860403144128615e-06,-1.9394995371450816e-06,1.0799902681235479e-05,3.821812658011403e-17,1,1
246,0,3,1,0.8347546618512727,0.16808799518460604,-0.0032807643053573976,-0.003590186824889313,0.0003094225195319602,4.466912950640278e-17,0,0
247,1,1,1,0.6724922236456751,0.005825556979008439,-0.006204449211749619,-0.005724857820952988,-0.0004795913907965941,3.642919299551295e-17,0,0
247,2,2,1,0.5683554818314397,-0.09831118483522694,-0.0009149049621361982,-0.0009504066683608649,3.5501706224711704e-05,4.4994390158148434e-17,0,0
247,0,1,1,0.8182542142733592,0.15158754760669257,-0.0009700491497345864,-0.0010382738407520588,6.822469101739919e-05,7.318364664277155e-17,0,0
247,0,0,0,0.5699383364920361,-0.09672833017463056,-0.0005345933008406578,-0.0007300191663845663,0.00019542586554377182,1.367178939504221e-16,0,0
247,2,2,0,0.7092580436051958,0.04259137693852921,-0.002915155588937679,-0.0036047833515387446,0.0006896277626011247,5.898059818321144e-17,0,0
247,0,3,1,0.6912889490698672,0.024622282403200524,-3.079716930792786e-05,0.0,-3.07971693077956e-05,1.322658887796535e-16,0,0
247,1,0,0,0.6989991475127171,0.03233248084605045,-0.0031125444608065544,-0.005348618233577478,0.0022360737727707587,1.6479873021779667e-16,0,0
247,3,2,1,0.5742034226013821,-0.0924632440652845,-0.0015168072276539601,-0.0015168072276539484,0.0,1.1709383462843448e-17,0,0
247,1,2,1,0.606217269659093,-0.06044939700757368,-6.6970741454674965e-06,0.0,-6.697074145451491e-06,1.600553457131726e-17,0,0
247,3,2,1,0.8727752480476105,0.2061085813809439,-1.56700212787797e-05,-1.5670021278797298e-05,0.0,1.7597956512155344e-17,0,0
247,2,0,1,0.8703207470756771,0.20365408040901045,-2.6673420890854782e-05,-2.9029767571107076e-05,2.3563466803122906e-06,5.99970377199166e-17,0,0
247,1,3,0,0.808181461903309,0.14151479523664234,-0.0024380102848734486,-0.0024945436858867923,5.65334010133224e-05,2.1250362580715887e-17,0,0
248,0,0,1,0.5808304463235733,-0.08583622034309335,-2.204534498961852e-05,-2.6330745012932687e-05,4.285400023338041e-06,2.38727765854152e-17,0,0
248,3,0,1,0.5528742548084992,-0.11379241185816746,0.0,0.0,0.0,0.0,0,0
248,3,3,0,0.866709196617992,0.20004252995132532,-0.00037935431576241463,-0.000562247880023807,0.00018289356426142553,3.3176586478056436e-17,0,0
248,3,2,1,0.7882871114970854,0.12162044483041878,-5.579836634039825e-05,-5.579836634042368e-05,0.0,2.542454094478508e-17,0,0
248,2,0,1,0.5569117972177714,-0.10975486944889523,-2.3462824723319287e-05,-2.0434934745923823e-05,-3.0278899774383906e-06,4.292762976684794e-17,0,0
248,2,3,1,0.8795174261507386,0.21285075948407195,-2.5425143253210436e-05,-6.506579026035602e-06,-1.89185642270202e-05,1.5463433485074507e-16,0,0
248,2,2,0,0.588927525733348,-0.07773914093331868,-0.003767440815248102,-0.0039035266987831854,0.00013608588353515577,7.24247051220317e-17,0,0
248,3,1,1,0.7889358853197042,0.12226921865303753,-8.79747353082494e-05,-8.797473530821812e-05,0.0,3.12792326762068e-17,0,0
248,3,2,1,0.7939577033496363,0.1272910366829697,-0.0031845637271713523,-0.003184563727171355,0.0,2.6020852139652106e-18,0,0
248,1,1,1,0.8350619086146034,0.16839524194793676,-5.8004241751064e-05,-4.835658790968485e-05,-9.64765384127755e-06,1.015965198254698e-16,0,0
248,2,3,1,0.5809456007045102,-0.08572106596215645,-0.001909802907413105,-0.0018819338724270337,-2.786903498597517e-05,9.627715291671279e-17,0,0
248,1,2,1,0.8202151292632835,0.15354846259661692,-0.0029007474175707926,-0.002834069442864857,-6.667797470584659e-05,8.890457814381136e-17,0,0
249,3,3,1,0.8145988982437642,0.14793223157709756,-0.00042656022047299347,-0.0004265602204729635,0.0,2.99781900692242e-17,0,0
249,3,1,1,0.7722347552590619,0.1055680885923953,-7.715753929460334e-05,-7.715753929460433e-05,0.0,9.893344823930228e-19,0,0
249,0,0,1,0.7816763450116098,0.11500967834494313,-5.02107853871947e-05,-5.1248803384247374e-05,1.0380179970484073e-06,4.262269790583639e-18,0,0
249,3,1,1,0.7779053471116129,0.11123868044494623,-0.0001517811309775241,-0.0001517811309775147,0.0,9.405453846311751e-18,0,0
249,0,2,1,0.8911402852370265,0.22447361857035986,-6.70922954986164e-05,-7.599328567218033e-05,8.900990173611643e-06,4.7704895589362195e-17,0,0
249,3,2,0,0.8467764139633571,0.1801097472966905,-0.0008807901842454169,-0.0009077769097636601,2.6986725518243277e-05,0.0,0,0
249,3,0,1,0.6355459138717376,-0.031120752794928985,-6.249596287472015e-05,-6.24959628746893e-05,0.0,3.08455518072126e-17,0,0
249,3,2,1,0.6264818822211777,-0.0401847844454889,-0.002106015354096602,-0.0021060153540966254,0.0,2.3418766925686896e-17,0,0
249,3,1,1,0.8236629298943241,0.15699626322765747,-0.00353603304344674,-0.0035360330434467163,0.0,2.3852447794681098e-17,0,0
249,3,2,1,0.6321524740737287,-0.034514192592937976,-3.0243661623685636e-05,-3.0243661623657857e-05,0.0,2.7779292538152034e-17,0,0
249,3,3,1,0.8660270728790265,0.19936040621235984,-4.8190620602184264e-05,-4.8190620602175096e-05,0.0,9.168284621080547e-18,0,0
249,2,1,1,0.626915396011182,-0.03975127065548467,1.0045411286130346e-07,0.0,1.004541128842883e-07,2.298484782867628e-17,1,1
