game,repeat,method,bound,true_loss,covered,ratio_L
0,0,I2_O,0.2533189915075376,0.24977955816733002,1,1.01417022820513
0,0,I2_B,0.35564412943125284,0.24977955816733002,1,1.423832006272519
0,0,PDIS,0.5258833723884332,0.24977955816733002,1,2.105389953633188
0,0,DR,0.759763865148141,0.24977955816733002,1,3.041737565406241
0,0,robust_sim_lemma,0.9904280757916342,0.24977955816733002,1,3.9652086946528096
0,1,I2_O,0.2533189915075376,0.24977955816733002,1,1.01417022820513
0,1,I2_B,0.36820842746952165,0.24977955816733002,1,1.474133552685904
0,1,PDIS,0.5964494772977477,0.24977955816733002,1,2.387903484472415
0,1,DR,0.833840473425658,0.24977955816733002,1,3.338305502434508
0,1,robust_sim_lemma,0.9904280757916342,0.24977955816733002,1,3.9652086946528096
0,2,I2_O,0.2533189915075376,0.24977955816733002,1,1.01417022820513
0,2,I2_B,0.31081793310287237,0.24977955816733002,1,1.244368976322122
0,2,PDIS,0.48867494144703716,0.24977955816733002,1,1.9564248773299076
0,2,DR,0.7506066991987871,0.24977955816733002,1,3.005076575145303
0,2,robust_sim_lemma,0.9904280757916342,0.24977955816733002,1,3.9652086946528096
0,3,I2_O,0.2533189915075376,0.24977955816733002,1,1.01417022820513
0,3,I2_B,0.27840477760411947,0.24977955816733002,1,1.1146019299850514
0,3,PDIS,0.5375870605615453,0.24977955816733002,1,2.1522460224763864
0,3,DR,0.7744687856045792,0.24977955816733002,1,3.1006091582792945
0,3,robust_sim_lemma,0.9904280757916342,0.24977955816733002,1,3.9652086946528096
0,4,I2_O,0.2533189915075376,0.24977955816733002,1,1.01417022820513
0,4,I2_B,0.3364616236870844,0.24977955816733002,1,1.347034265557012
0,4,PDIS,0.48592107169203336,0.24977955816733002,1,1.945399676648117
0,4,DR,0.7263651553843954,0.24977955816733002,1,2.9080248228231533
0,4,robust_sim_lemma,0.9904280757916342,0.24977955816733002,1,3.9652086946528096
0,5,I2_O,0.2533189915075376,0.24977955816733002,1,1.01417022820513
0,5,I2_B,0.3793162732113196,0.24977955816733002,1,1.5186041483715476
0,5,PDIS,0.45576432352787,0.24977955816733002,1,1.8246662251782373
0,5,DR,0.7103744963456039,0.24977955816733002,1,2.8440057367293297
0,5,robust_sim_lemma,0.9904280757916342,0.24977955816733002,1,3.9652086946528096
0,6,I2_O,0.2533189915075376,0.24977955816733002,1,1.01417022820513
0,6,I2_B,0.40307337132912313,0.24977955816733002,1,1.6137164077258073
0,6,PDIS,0.5074100281747022,0.24977955816733002,1,2.0314313625087874
0,6,DR,0.7524311758316781,0.24977955816733002,1,3.0123809224116584
0,6,robust_sim_lemma,0.9904280757916342,0.24977955816733002,1,3.9652086946528096
0,7,I2_O,0.2533189915075376,0.24977955816733002,1,1.01417022820513
0,7,I2_B,0.3342919712146815,0.24977955816733002,1,1.3383479963990317
0,7,PDIS,0.5883543927077642,0.24977955816733002,1,2.355494568989586
0,7,DR,0.8403125568525439,0.24977955816733002,1,3.364216683775257
0,7,robust_sim_lemma,0.9904280757916342,0.24977955816733002,1,3.9652086946528096
0,8,I2_O,0.2533189915075376,0.24977955816733002,1,1.01417022820513
0,8,I2_B,0.34398600362727866,0.24977955816733002,1,1.3771583477493332
0,8,PDIS,0.5535019247027994,0.24977955816733002,1,2.215961661410268
0,8,DR,0.7976185555798464,0.24977955816733002,1,3.193289961084458
0,8,robust_sim_lemma,0.9904280757916342,0.24977955816733002,1,3.9652086946528096
0,9,I2_O,0.2533189915075376,0.24977955816733002,1,1.01417022820513
0,9,I2_B,0.38437645675026977,0.24977955816733002,1,1.5388627458968112
0,9,PDIS,0.4855729572026738,0.24977955816733002,1,1.944005989783132
0,9,DR,0.7404683140564629,0.24977955816733002,1,2.964487244230031
0,9,robust_sim_lemma,0.9904280757916342,0.24977955816733002,1,3.9652086946528096
0,10,I2_O,0.2533189915075376,0.24977955816733002,1,1.01417022820513
0,10,I2_B,0.363543961276777,0.24977955816733002,1,1.4554592214997633
0,10,PDIS,0.44112015194671705,0.24977955816733002,1,1.7660378422609184
0,10,DR,0.6963670301702257,0.24977955816733002,1,2.7879264231211502
0,10,robust_sim_lemma,0.9904280757916342,0.24977955816733002,1,3.9652086946528096
0,11,I2_O,0.2533189915075376,0.24977955816733002,1,1.01417022820513
0,11,I2_B,0.3519359598761585,0.24977955816733002,1,1.408986237538273
0,11,PDIS,0.528371886148974,0.24977955816733002,1,2.1153527935821392
0,11,DR,0.7703613503111216,0.24977955816733002,1,3.084164917110824
0,11,robust_sim_lemma,0.9904280757916342,0.24977955816733002,1,3.9652086946528096
0,12,I2_O,0.2533189915075376,0.24977955816733002,1,1.01417022820513
0,12,I2_B,0.38368355624601846,0.24977955816733002,1,1.5360886978148336
0,12,PDIS,0.4743836368686204,0.24977955816733002,1,1.899209208108318
0,12,DR,0.7230562099781562,0.24977955816733002,1,2.894777360018281
0,12,robust_sim_lemma,0.9904280757916342,0.24977955816733002,1,3.9652086946528096
0,13,I2_O,0.2533189915075376,0.24977955816733002,1,1.01417022820513
0,13,I2_B,0.3727030260688058,0.24977955816733002,1,1.4921278138346614
0,13,PDIS,0.4942301904190839,0.24977955816733002,1,1.9786654842586988
0,13,DR,0.7397751238670963,0.24977955816733002,1,2.961712036384951
0,13,robust_sim_lemma,0.9904280757916342,0.24977955816733002,1,3.9652086946528096
0,14,I2_O,0.2533189915075376,0.24977955816733002,1,1.01417022820513
0,14,I2_B,0.34973691571643956,0.24977955816733002,1,1.400182297873019
0,14,PDIS,0.4849084415037831,0.24977955816733002,1,1.941345581126129
0,14,DR,0.7223809469385526,0.24977955816733002,1,2.8920739240583564
0,14,robust_sim_lemma,0.9904280757916342,0.24977955816733002,1,3.9652086946528096
0,15,I2_O,0.2533189915075376,0.24977955816733002,1,1.01417022820513
0,15,I2_B,0.31132598892441454,0.24977955816733002,1,1.2464029931378688
0,15,PDIS,0.46203261102381565,0.24977955816733002,1,1.8497615033584736
0,15,DR,0.7152644487983814,0.24977955816733002,1,2.863582808963166
0,15,robust_sim_lemma,0.9904280757916342,0.24977955816733002,1,3.9652086946528096
0,16,I2_O,0.2533189915075376,0.24977955816733002,1,1.01417022820513
0,16,I2_B,0.3410163891114394,0.24977955816733002,1,1.365269406405903
0,16,PDIS,0.5362754012783099,0.24977955816733002,1,2.146994754947293
0,16,DR,0.7804487688365093,0.24977955816733002,1,3.12455020163691
0,16,robust_sim_lemma,0.9904280757916342,0.24977955816733002,1,3.9652086946528096
0,17,I2_O,0.2533189915075376,0.24977955816733002,1,1.01417022820513
0,17,I2_B,0.33069210724786496,0.24977955816733002,1,1.3239358323563482
0,17,PDIS,0.5415017834561818,0.24977955816733002,1,2.167918733739708
0,17,DR,0.7894601503847362,0.24977955816733002,1,3.1606275396478534
0,17,robust_sim_lemma,0.9904280757916342,0.24977955816733002,1,3.9652086946528096
0,18,I2_O,0.2533189915075376,0.24977955816733002,1,1.01417022820513
0,18,I2_B,0.38529170488184594,0.24977955816733002,1,1.5425269694157073
0,18,PDIS,0.5243356333152408,0.24977955816733002,1,2.099193533539613
0,18,DR,0.7737893803907471,0.24977955816733002,1,3.0978891389998267
0,18,robust_sim_lemma,0.9904280757916342,0.24977955816733002,1,3.9652086946528096
0,19,I2_O,0.2533189915075376,0.24977955816733002,1,1.01417022820513
0,19,I2_B,0.4078430479777751,0.24977955816733002,1,1.6328119521476478
0,19,PDIS,0.5367045439976906,0.24977955816733002,1,2.148712840776772
0,19,DR,0.7842943044023344,0.24977955816733002,1,3.1399459193411143
0,19,robust_sim_lemma,0.9904280757916342,0.24977955816733002,1,3.9652086946528096
0,20,I2_O,0.2533189915075376,0.24977955816733002,1,1.01417022820513
0,20,I2_B,0.3611486097257364,0.24977955816733002,1,1.4458693592683796
0,20,PDIS,0.4657735840602307,0.24977955816733002,1,1.8647386018202659
0,20,DR,0.7124765248588502,0.24977955816733002,1,2.852421271325792
0,20,robust_sim_lemma,0.9904280757916342,0.24977955816733002,1,3.9652086946528096
0,21,I2_O,0.2533189915075376,0.24977955816733002,1,1.01417022820513
0,21,I2_B,0.333855296729264,0.24977955816733002,1,1.3365997569169001
0,21,PDIS,0.45308339341383996,0.24977955816733002,1,1.8139330405505583
0,21,DR,0.706938633004328,0.24977955816733002,1,2.8302501541408853
0,21,robust_sim_lemma,0.9904280757916342,0.24977955816733002,1,3.9652086946528096
0,22,I2_O,0.2533189915075376,0.24977955816733002,1,1.01417022820513
0,22,I2_B,0.3597573968067022,0.24977955816733002,1,1.4402995963572682
0,22,PDIS,0.503310087989817,0.24977955816733002,1,2.015017128233705
0,22,DR,0.7547785930775509,0.24977955816733002,1,3.0217788782055437
0,22,robust_sim_lemma,0.9904280757916342,0.24977955816733002,1,3.9652086946528096
0,23,I2_O,0.2533189915075376,0.24977955816733002,1,1.01417022820513
0,23,I2_B,0.4071731005826296,0.24977955816733002,1,1.630129797530749
0,23,PDIS,0.5137490576000244,0.24977955816733002,1,2.0568098581384247
0,23,DR,0.7648644643872812,0.24977955816733002,1,3.062157968407047
0,23,robust_sim_lemma,0.9904280757916342,0.24977955816733002,1,3.9652086946528096
0,24,I2_O,0.2533189915075376,0.24977955816733002,1,1.01417022820513
0,24,I2_B,0.39099232572950166,0.24977955816733002,1,1.5653495770361308
0,24,PDIS,0.491637245052737,0.24977955816733002,1,1.9682845492239356
0,24,DR,0.7446520367148993,0.24977955816733002,1,2.9812369041667086
0,24,robust_sim_lemma,0.9904280757916342,0.24977955816733002,1,3.9652086946528096
0,25,I2_O,0.2533189915075376,0.24977955816733002,1,1.01417022820513
0,25,I2_B,0.3983752714075772,0.24977955816733002,1,1.5949074228912734
0,25,PDIS,0.519065759847752,0.24977955816733002,1,2.0780954360565578
0,25,DR,0.7677014647311843,0.24977955816733002,1,3.0735159849105536
0,25,robust_sim_lemma,0.9904280757916342,0.24977955816733002,1,3.9652086946528096
0,26,I2_O,0.2533189915075376,0.24977955816733002,1,1.01417022820513
0,26,I2_B,0.3709742434349128,0.24977955816733002,1,1.4852065803815424
0,26,PDIS,0.45541673852624365,0.24977955816733002,1,1.8232746581333732
0,26,DR,0.7034305263536734,0.24977955816733002,1,2.8162053432828866
0,26,robust_sim_lemma,0.9904280757916342,0.24977955816733002,1,3.9652086946528096
0,27,I2_O,0.2533189915075376,0.24977955816733002,1,1.01417022820513
0,27,I2_B,0.32381268354895326,0.24977955816733002,1,1.2963938519421498
0,27,PDIS,0.5349694860680029,0.24977955816733002,1,2.1417664839875368
0,27,DR,0.7901886433285797,0.24977955816733002,1,3.163544083135994
0,27,robust_sim_lemma,0.9904280757916342,0.24977955816733002,1,3.9652086946528096
0,28,I2_O,0.2533189915075376,0.24977955816733002,1,1.01417022820513
0,28,I2_B,0.35481020046117673,0.24977955816733002,1,1.4204933464710732
0,28,PDIS,0.5261373459441495,0.24977955816733002,1,2.106406744428959
0,28,DR,0.7759404851770725,0.24977955816733002,1,3.1065011519367873
0,28,robust_sim_lemma,0.9904280757916342,0.24977955816733002,1,3.9652086946528096
0,29,I2_O,0.2533189915075376,0.24977955816733002,1,1.01417022820513
0,29,I2_B,0.37770295714133956,0.24977955816733002,1,1.5121451887920798
0,29,PDIS,0.49914529020033116,0.24977955816733002,1,1.9983432345810634
0,29,DR,0.7548602616748731,0.24977955816733002,1,3.022105840899855
0,29,robust_sim_lemma,0.9904280757916342,0.24977955816733002,1,3.9652086946528096
0,30,I2_O,0.2533189915075376,0.24977955816733002,1,1.01417022820513
0,30,I2_B,0.38399484843533743,0.24977955816733002,1,1.5373349654902309
0,30,PDIS,0.47134714618835083,0.24977955816733002,1,1.8870525260221267
0,30,DR,0.7142336497793339,0.24977955816733002,1,2.8594559739787075
0,30,robust_sim_lemma,0.9904280757916342,0.24977955816733002,1,3.9652086946528096
0,31,I2_O,0.2533189915075376,0.24977955816733002,1,1.01417022820513
0,31,I2_B,0.316665974864277,0.24977955816733002,1,1.2677817880202151
0,31,PDIS,0.5527156443001456,0.24977955816733002,1,2.2128137640866328
0,31,DR,0.7996961076929984,0.24977955816733002,1,3.2016075036743934
0,31,robust_sim_lemma,0.9904280757916342,0.24977955816733002,1,3.9652086946528096
0,32,I2_O,0.2533189915075376,0.24977955816733002,1,1.01417022820513
0,32,I2_B,0.3497310765556802,0.24977955816733002,1,1.4001589206166807
0,32,PDIS,0.5089247977513985,0.24977955816733002,1,2.0374957882280516
0,32,DR,0.7535937948814418,0.24977955816733002,1,3.0170355028676976
0,32,robust_sim_lemma,0.9904280757916342,0.24977955816733002,1,3.9652086946528096
0,33,I2_O,0.2533189915075376,0.24977955816733002,1,1.01417022820513
0,33,I2_B,0.32308906297741874,0.24977955816733002,1,1.293496815143607
0,33,PDIS,0.5182113009602535,0.24977955816733002,1,2.074674584111075
0,33,DR,0.7630487423933999,0.24977955816733002,1,3.054888670602201
0,33,robust_sim_lemma,0.9904280757916342,0.24977955816733002,1,3.9652086946528096
0,34,I2_O,0.2533189915075376,0.24977955816733002,1,1.01417022820513
0,34,I2_B,0.2840297939654885,0.24977955816733002,1,1.1371218527627223
0,34,PDIS,0.5920664747382708,0.24977955816733002,1,2.3703560014372314
0,34,DR,0.833334353500644,0.24977955816733002,1,3.336279236038941
0,34,robust_sim_lemma,0.9904280757916342,0.24977955816733002,1,3.9652086946528096
0,35,I2_O,0.2533189915075376,0.24977955816733002,1,1.01417022820513
0,35,I2_B,0.36457856827718144,0.24977955816733002,1,1.4596013018525171
0,35,PDIS,0.4301350368107334,0.24977955816733002,1,1.7220586022599227
0,35,DR,0.6867124194358175,0.24977955816733002,1,2.7492738976493083
0,35,robust_sim_lemma,0.9904280757916342,0.24977955816733002,1,3.9652086946528096
0,36,I2_O,0.2533189915075376,0.24977955816733002,1,1.01417022820513
0,36,I2_B,0.3582946405102157,0.24977955816733002,1,1.4344434073751955
0,36,PDIS,0.5361087069669138,0.24977955816733002,1,2.146327389240431
0,36,DR,0.7761840466979385,0.24977955816733002,1,3.107476257836778
0,36,robust_sim_lemma,0.9904280757916342,0.24977955816733002,1,3.9652086946528096
0,37,I2_O,0.2533189915075376,0.24977955816733002,1,1.01417022820513
0,37,I2_B,0.3446166211870288,0.24977955816733002,1,1.379683044183169
0,37,PDIS,0.5769564139327138,0.24977955816733002,1,2.309862416948486
0,37,DR,0.8056597642857176,0.24977955816733002,1,3.2254831828391555
0,37,robust_sim_lemma,0.9904280757916342,0.24977955816733002,1,3.9652086946528096
0,38,I2_O,0.2533189915075376,0.24977955816733002,1,1.01417022820513
0,38,I2_B,0.3138517291377404,0.24977955816733002,1,1.256514870314118
0,38,PDIS,0.44462539179035765,0.24977955816733002,1,1.78007117577051
0,38,DR,0.7118974270341728,0.24977955816733002,1,2.850102835706295
0,38,robust_sim_lemma,0.9904280757916342,0.24977955816733002,1,3.9652086946528096
0,39,I2_O,0.2533189915075376,0.24977955816733002,1,1.01417022820513
0,39,I2_B,0.3431115538661725,0.24977955816733002,1,1.373657461737995
0,39,PDIS,0.5075207230312236,0.24977955816733002,1,2.0318745327078767
0,39,DR,0.7558113200490716,0.24977955816733002,1,3.025913431805918
0,39,robust_sim_lemma,0.9904280757916342,0.24977955816733002,1,3.9652086946528096
0,40,I2_O,0.2533189915075376,0.24977955816733002,1,1.01417022820513
0,40,I2_B,0.36441894767858557,0.24977955816733002,1,1.4589622559683502
0,40,PDIS,0.4580869264359969,0.24977955816733002,1,1.8339648360220075
0,40,DR,0.7208472183952014,0.24977955816733002,1,2.8859335955438676
0,40,robust_sim_lemma,0.9904280757916342,0.24977955816733002,1,3.9652086946528096
0,41,I2_O,0.2533189915075376,0.24977955816733002,1,1.01417022820513
0,41,I2_B,0.3757160324587899,0.24977955816733002,1,1.504190475855889
0,41,PDIS,0.5486531609880266,0.24977955816733002,1,2.1965494895321975
0,41,DR,0.7836729164059729,0.24977955816733002,1,3.1374581737428726
0,41,robust_sim_lemma,0.9904280757916342,0.24977955816733002,1,3.9652086946528096
0,42,I2_O,0.2533189915075376,0.24977955816733002,1,1.01417022820513
0,42,I2_B,0.3952482701600445,0.24977955816733002,1,1.5823883790172428
0,42,PDIS,0.46822266899795284,0.24977955816733002,1,1.8745435872870166
0,42,DR,0.7207399030079354,0.24977955816733002,1,2.8855039551519424
0,42,robust_sim_lemma,0.9904280757916342,0.24977955816733002,1,3.9652086946528096
0,43,I2_O,0.2533189915075376,0.24977955816733002,1,1.01417022820513
0,43,I2_B,0.34988725920392033,0.24977955816733002,1,1.4007842025628336
0,43,PDIS,0.4538862039783046,0.24977955816733002,1,1.8171471168759188
0,43,DR,0.7224953493115546,0.24977955816733002,1,2.892531937411576
0,43,robust_sim_lemma,0.9904280757916342,0.24977955816733002,1,3.9652086946528096
0,44,I2_O,0.2533189915075376,0.24977955816733002,1,1.01417022820513
0,44,I2_B,0.4162775902136791,0.24977955816733002,1,1.6665798965614722
0,44,PDIS,0.5395359385069093,0.24977955816733002,1,2.160048414151923
0,44,DR,0.7934391889031643,0.24977955816733002,1,3.1765577404522065
0,44,robust_sim_lemma,0.9904280757916342,0.24977955816733002,1,3.9652086946528096
0,45,I2_O,0.2533189915075376,0.24977955816733002,1,1.01417022820513
0,45,I2_B,0.37667183647644814,0.24977955816733002,1,1.5080170660887775
0,45,PDIS,0.4762186648446626,0.24977955816733002,1,1.906555797995441
0,45,DR,0.7252834868028598,0.24977955816733002,1,2.9036943300099223
0,45,robust_sim_lemma,0.9904280757916342,0.24977955816733002,1,3.9652086946528096
0,46,I2_O,0.2533189915075376,0.24977955816733002,1,1.01417022820513
0,46,I2_B,0.3757218390757671,0.24977955816733002,1,1.5042137228222134
0,46,PDIS,0.4014029416718604,0.24977955816733002,1,1.6070287921758444
0,46,DR,0.659278721477292,0.24977955816733002,1,2.6394422598651333
0,46,robust_sim_lemma,0.9904280757916342,0.24977955816733002,1,3.9652086946528096
0,47,I2_O,0.2533189915075376,0.24977955816733002,1,1.01417022820513
0,47,I2_B,0.3430279195953223,0.24977955816733002,1,1.3733226294103866
0,47,PDIS,0.5286759492755889,0.24977955816733002,1,2.1165701194868123
0,47,DR,0.7675452887014654,0.24977955816733002,1,3.07289072946185
0,47,robust_sim_lemma,0.9904280757916342,0.24977955816733002,1,3.9652086946528096
0,48,I2_O,0.2533189915075376,0.24977955816733002,1,1.01417022820513
0,48,I2_B,0.3734666794246941,0.24977955816733002,1,1.4951851230936388
0,48,PDIS,0.45455071704940575,0.24977955816733002,1,1.8198075150124868
0,48,DR,0.7058688859728818,0.24977955816733002,1,2.825967389613255
0,48,robust_sim_lemma,0.9904280757916342,0.24977955816733002,1,3.9652086946528096
0,49,I2_O,0.2533189915075376,0.24977955816733002,1,1.01417022820513
0,49,I2_B,0.3444293543654812,0.24977955816733002,1,1.378933315810993
0,49,PDIS,0.5146234590804925,0.24977955816733002,1,2.0603105508567703
0,49,DR,0.7535589724882431,0.24977955816733002,1,3.016896090365513
0,49,robust_sim_lemma,0.9904280757916342,0.24977955816733002,1,3.9652086946528096
1,0,I2_O,0.38241086059457885,0.37859862157451374,1,1.0100693420494
1,0,I2_B,0.45999251602702984,0.37859862157451374,1,1.2149872974022347
1,0,PDIS,0.6578999036267437,0.37859862157451374,1,1.7377239803216225
1,0,DR,1.0420202670429939,0.37859862157451374,1,2.7523086658621367
1,0,robust_sim_lemma,1.705166478153715,0.37859862157451374,1,4.503889821527291
1,1,I2_O,0.38241086059457885,0.37859862157451374,1,1.0100693420494
1,1,I2_B,0.48967137251580944,0.37859862157451374,1,1.2933786459109835
1,1,PDIS,0.4629387574775987,0.37859862157451374,1,1.2227692630055855
1,1,DR,0.858106815341253,0.37859862157451374,1,2.266534441600879
1,1,robust_sim_lemma,1.705166478153715,0.37859862157451374,1,4.503889821527291
1,2,I2_O,0.38241086059457885,0.37859862157451374,1,1.0100693420494
1,2,I2_B,0.468965920225544,0.37859862157451374,1,1.2386889267457215
1,2,PDIS,0.49770420695421835,0.37859862157451374,1,1.3145959298118124
1,2,DR,0.8700520577074178,0.37859862157451374,1,2.298085645660965
1,2,robust_sim_lemma,1.705166478153715,0.37859862157451374,1,4.503889821527291
1,3,I2_O,0.38241086059457885,0.37859862157451374,1,1.0100693420494
1,3,I2_B,0.45733022580408855,0.37859862157451374,1,1.2079553377720877
1,3,PDIS,0.5869499059232823,0.37859862157451374,1,1.550322353214807
1,3,DR,0.9648424910336919,0.37859862157451374,1,2.5484574851886954
1,3,robust_sim_lemma,1.705166478153715,0.37859862157451374,1,4.503889821527291
1,4,I2_O,0.38241086059457885,0.37859862157451374,1,1.0100693420494
1,4,I2_B,0.4646273087344335,0.37859862157451374,1,1.227229266715616
1,4,PDIS,0.6485332628155813,0.37859862157451374,1,1.7129836873638498
1,4,DR,1.0154724079605337,0.37859862157451374,1,2.682187282503547
1,4,robust_sim_lemma,1.705166478153715,0.37859862157451374,1,4.503889821527291
1,5,I2_O,0.38241086059457885,0.37859862157451374,1,1.0100693420494
1,5,I2_B,0.42500966881811936,0.37859862157451374,1,1.1225864136815702
1,5,PDIS,0.4950722256375415,0.37859862157451374,1,1.3076440256930626
1,5,DR,0.8694314236367924,0.37859862157451374,1,2.296446352659727
1,5,robust_sim_lemma,1.705166478153715,0.37859862157451374,1,4.503889821527291
1,6,I2_O,0.38241086059457885,0.37859862157451374,1,1.0100693420494
1,6,I2_B,0.4268341705087207,0.37859862157451374,1,1.127405505951409
1,6,PDIS,0.6138039039728942,0.37859862157451374,1,1.6212523474602472
1,6,DR,0.9897090590937205,0.37859862157451374,1,2.6141380414374575
1,6,robust_sim_lemma,1.705166478153715,0.37859862157451374,1,4.503889821527291
1,7,I2_O,0.38241086059457885,0.37859862157451374,1,1.0100693420494
1,7,I2_B,0.5189157148054893,0.37859862157451374,1,1.3706223035029172
1,7,PDIS,0.66103235283442,0.37859862157451374,1,1.745997780143315
1,7,DR,1.0263006700883603,0.37859862157451374,1,2.710788184648394
1,7,robust_sim_lemma,1.705166478153715,0.37859862157451374,1,4.503889821527291
1,8,I2_O,0.38241086059457885,0.37859862157451374,1,1.0100693420494
1,8,I2_B,0.489322361197007,0.37859862157451374,1,1.2924567954368562
1,8,PDIS,0.569485552375534,0.37859862157451374,1,1.5041934120287095
1,8,DR,0.9542403760687641,0.37859862157451374,1,2.520453910001771
1,8,robust_sim_lemma,1.705166478153715,0.37859862157451374,1,4.503889821527291
1,9,I2_O,0.38241086059457885,0.37859862157451374,1,1.0100693420494
1,9,I2_B,0.49267766220335335,0.37859862157451374,1,1.301319218105994
1,9,PDIS,0.4249457582854106,0.37859862157451374,1,1.122417605532077
1,9,DR,0.8136248950314506,0.37859862157451374,1,2.149043468905809
1,9,robust_sim_lemma,1.705166478153715,0.37859862157451374,1,4.503889821527291
1,10,I2_O,0.38241086059457885,0.37859862157451374,1,1.0100693420494
1,10,I2_B,0.5087463828361143,0.37859862157451374,1,1.3437618465707635
1,10,PDIS,0.659025367470019,0.37859862157451374,1,1.7406966901497638
1,10,DR,1.0225459326419708,0.37859862157451374,1,2.700870722638695
1,10,robust_sim_lemma,1.705166478153715,0.37859862157451374,1,4.503889821527291
1,11,I2_O,0.38241086059457885,0.37859862157451374,1,1.0100693420494
1,11,I2_B,0.45105808857986174,0.37859862157451374,1,1.1913886181201716
1,11,PDIS,0.6607183716792959,0.37859862157451374,1,1.7451684555308316
1,11,DR,1.0412105062748616,0.37859862157451374,1,2.7501698287877576
1,11,robust_sim_lemma,1.705166478153715,0.37859862157451374,1,4.503889821527291
1,12,I2_O,0.38241086059457885,0.37859862157451374,1,1.0100693420494
1,12,I2_B,0.46856150499143356,0.37859862157451374,1,1.2376207368182766
1,12,PDIS,0.5552675568445178,0.37859862157451374,1,1.466639140246402
1,12,DR,0.9209334812616841,0.37859862157451374,1,2.4324797523871355
1,12,robust_sim_lemma,1.705166478153715,0.37859862157451374,1,4.503889821527291
1,13,I2_O,0.38241086059457885,0.37859862157451374,1,1.0100693420494
1,13,I2_B,0.5444421668360611,0.37859862157451374,1,1.4380458242870462
1,13,PDIS,0.5932113990179468,0.37859862157451374,1,1.5668609583175521
1,13,DR,0.9543787820853975,0.37859862157451374,1,2.5208194845409966
1,13,robust_sim_lemma,1.705166478153715,0.37859862157451374,1,4.503889821527291
1,14,I2_O,0.38241086059457885,0.37859862157451374,1,1.0100693420494
1,14,I2_B,0.5328057920474409,0.37859862157451374,1,1.4073104382462127
1,14,PDIS,0.5975886357426408,0.37859862157451374,1,1.5784226399382877
1,14,DR,0.9683688494401452,0.37859862157451374,1,2.5577717251396703
1,14,robust_sim_lemma,1.705166478153715,0.37859862157451374,1,4.503889821527291
1,15,I2_O,0.38241086059457885,0.37859862157451374,1,1.0100693420494
1,15,I2_B,0.4782735563634792,0.37859862157451374,1,1.2632733694973266
1,15,PDIS,0.6338841858881423,0.37859862157451374,1,1.6742907917940866
1,15,DR,1.009288944991531,0.37859862157451374,1,2.665854779909409
1,15,robust_sim_lemma,1.705166478153715,0.37859862157451374,1,4.503889821527291
1,16,I2_O,0.38241086059457885,0.37859862157451374,1,1.0100693420494
1,16,I2_B,0.5002121717231932,0.37859862157451374,1,1.3212202665791908
1,16,PDIS,0.6314269919263595,0.37859862157451374,1,1.667800556960257
1,16,DR,1.0098295875136496,0.37859862157451374,1,2.6672827896572264
1,16,robust_sim_lemma,1.705166478153715,0.37859862157451374,1,4.503889821527291
1,17,I2_O,0.38241086059457885,0.37859862157451374,1,1.0100693420494
1,17,I2_B,0.5328168560893425,0.37859862157451374,1,1.4073396619181202
1,17,PDIS,0.5297698058267808,0.37859862157451374,1,1.3992914280130688
1,17,DR,0.8926451070964472,0.37859862157451374,1,2.357761112241032
1,17,robust_sim_lemma,1.705166478153715,0.37859862157451374,1,4.503889821527291
1,18,I2_O,0.38241086059457885,0.37859862157451374,1,1.0100693420494
1,18,I2_B,0.5210442987847124,0.37859862157451374,1,1.3762445743140754
1,18,PDIS,0.6366550286586286,0.37859862157451374,1,1.6816094734072495
1,18,DR,1.0128322563368477,0.37859862157451374,1,2.675213797991886
1,18,robust_sim_lemma,1.705166478153715,0.37859862157451374,1,4.503889821527291
1,19,I2_O,0.38241086059457885,0.37859862157451374,1,1.0100693420494
1,19,I2_B,0.49573088192073,0.37859862157451374,1,1.3093837475136263
1,19,PDIS,0.6437258876184941,0.37859862157451374,1,1.700285872519479
1,19,DR,1.0017559069779254,0.37859862157451374,1,2.645957618154627
1,19,robust_sim_lemma,1.705166478153715,0.37859862157451374,1,4.503889821527291
1,20,I2_O,0.38241086059457885,0.37859862157451374,1,1.0100693420494
1,20,I2_B,0.44042701100041404,0.37859862157451374,1,1.1633085434087655
1,20,PDIS,0.5518948361863889,0.37859862157451374,1,1.4577307067077314
1,20,DR,0.9273967775315572,0.37859862157451374,1,2.449551384193384
1,20,robust_sim_lemma,1.705166478153715,0.37859862157451374,1,4.503889821527291
1,21,I2_O,0.38241086059457885,0.37859862157451374,1,1.0100693420494
1,21,I2_B,0.44342377383800574,0.37859862157451374,1,1.171223952147257
1,21,PDIS,0.5297907016939316,0.37859862157451374,1,1.3993466206787577
1,21,DR,0.9022070567095626,0.37859862157451374,1,2.3830172781862466
1,21,robust_sim_lemma,1.705166478153715,0.37859862157451374,1,4.503889821527291
1,22,I2_O,0.38241086059457885,0.37859862157451374,1,1.0100693420494
1,22,I2_B,0.42595736847067683,0.37859862157451374,1,1.1250895914496672
1,22,PDIS,0.6107265121073273,0.37859862157451374,1,1.6131239716812529
1,22,DR,0.9964720509250431,0.37859862157451374,1,2.6320012650360978
1,22,robust_sim_lemma,1.705166478153715,0.37859862157451374,1,4.503889821527291
1,23,I2_O,0.38241086059457885,0.37859862157451374,1,1.0100693420494
1,23,I2_B,0.5085225417059666,0.37859862157451374,1,1.34317061058259
1,23,PDIS,0.6232941431616594,0.37859862157451374,1,1.6463191032484676
1,23,DR,1.0010404937104687,0.37859862157451374,1,2.644067982993037
1,23,robust_sim_lemma,1.705166478153715,0.37859862157451374,1,4.503889821527291
1,24,I2_O,0.38241086059457885,0.37859862157451374,1,1.0100693420494
1,24,I2_B,0.4513769690732211,0.37859862157451374,1,1.1922308834512847
1,24,PDIS,0.5239872891777595,0.37859862157451374,1,1.384017952835127
1,24,DR,0.9135969981258447,0.37859862157451374,1,2.413101754904397
1,24,robust_sim_lemma,1.705166478153715,0.37859862157451374,1,4.503889821527291
1,25,I2_O,0.38241086059457885,0.37859862157451374,1,1.0100693420494
1,25,I2_B,0.43702052054026286,0.37859862157451374,1,1.1543109130265305
1,25,PDIS,0.7118476647771472,0.37859862157451374,1,1.8802172649671023
1,25,DR,1.0784425243070448,0.37859862157451374,1,2.8485114917271077
1,25,robust_sim_lemma,1.705166478153715,0.37859862157451374,1,4.503889821527291
1,26,I2_O,0.38241086059457885,0.37859862157451374,1,1.0100693420494
1,26,I2_B,0.4868686366711203,0.37859862157451374,1,1.285975724492429
1,26,PDIS,0.6213989722488367,0.37859862157451374,1,1.6413133509693358
1,26,DR,0.9968880250140271,0.37859862157451374,1,2.6330999855947046
1,26,robust_sim_lemma,1.705166478153715,0.37859862157451374,1,4.503889821527291
1,27,I2_O,0.38241086059457885,0.37859862157451374,1,1.0100693420494
1,27,I2_B,0.49347212959576564,0.37859862157451374,1,1.3034176604857055
1,27,PDIS,0.597003279998527,0.37859862157451374,1,1.5768765282760757
1,27,DR,0.9674550239001407,0.37859862157451374,1,2.5553580197325982
1,27,robust_sim_lemma,1.705166478153715,0.37859862157451374,1,4.503889821527291
1,28,I2_O,0.38241086059457885,0.37859862157451374,1,1.0100693420494
1,28,I2_B,0.4927358852727736,0.37859862157451374,1,1.3014730038466238
1,28,PDIS,0.5748659971015466,0.37859862157451374,1,1.5184048867129978
1,28,DR,0.9511663769741605,0.37859862157451374,1,2.512334495615582
1,28,robust_sim_lemma,1.705166478153715,0.37859862157451374,1,4.503889821527291
1,29,I2_O,0.38241086059457885,0.37859862157451374,1,1.0100693420494
1,29,I2_B,0.48821193223598275,0.37859862157451374,1,1.2895237975394886
1,29,PDIS,0.5157877977752623,0.37859862157451374,1,1.3623604746108346
1,29,DR,0.877759087536981,0.37859862157451374,1,2.318442375427997
1,29,robust_sim_lemma,1.705166478153715,0.37859862157451374,1,4.503889821527291
1,30,I2_O,0.38241086059457885,0.37859862157451374,1,1.0100693420494
1,30,I2_B,0.5173773365775783,0.37859862157451374,1,1.3665589547735606
1,30,PDIS,0.5769187461121397,0.37859862157451374,1,1.523826853127075
1,30,DR,0.9531480042879275,0.37859862157451374,1,2.5175686068902765
1,30,robust_sim_lemma,1.705166478153715,0.37859862157451374,1,4.503889821527291
1,31,I2_O,0.38241086059457885,0.37859862157451374,1,1.0100693420494
1,31,I2_B,0.45289497206521695,0.37859862157451374,1,1.196240414668495
1,31,PDIS,0.500035845624899,0.37859862157451374,1,1.3207545329810046
1,31,DR,0.877304416189888,0.37859862157451374,1,2.3172414430389616
1,31,robust_sim_lemma,1.705166478153715,0.37859862157451374,1,4.503889821527291
1,32,I2_O,0.38241086059457885,0.37859862157451374,1,1.0100693420494
1,32,I2_B,0.46906439563908625,0.37859862157451374,1,1.2389490317961116
1,32,PDIS,0.6918365833154465,0.37859862157451374,1,1.8273616011549132
1,32,DR,1.0724170823892112,0.37859862157451374,1,2.832596373249457
1,32,robust_sim_lemma,1.705166478153715,0.37859862157451374,1,4.503889821527291
1,33,I2_O,0.38241086059457885,0.37859862157451374,1,1.0100693420494
1,33,I2_B,0.43771579813819095,0.37859862157451374,1,1.156147363447392
1,33,PDIS,0.7125029405984327,0.37859862157451374,1,1.8819480579070247
1,33,DR,1.0881250386028363,0.37859862157451374,1,2.8740861075445765
1,33,robust_sim_lemma,1.705166478153715,0.37859862157451374,1,4.503889821527291
1,34,I2_O,0.38241086059457885,0.37859862157451374,1,1.0100693420494
1,34,I2_B,0.5057008942062032,0.37859862157451374,1,1.3357177374368066
1,34,PDIS,0.6576556626031156,0.37859862157451374,1,1.7370788616927897
1,34,DR,1.0281633876262872,0.37859862157451374,1,2.7157082171888725
1,34,robust_sim_lemma,1.705166478153715,0.37859862157451374,1,4.503889821527291
1,35,I2_O,0.38241086059457885,0.37859862157451374,1,1.0100693420494
1,35,I2_B,0.45640939195195335,0.37859862157451374,1,1.2055231211720756
1,35,PDIS,0.6618404010094969,0.37859862157451374,1,1.7481320937119076
1,35,DR,1.0545242980207457,0.37859862157451374,1,2.785335809293748
1,35,robust_sim_lemma,1.705166478153715,0.37859862157451374,1,4.503889821527291
1,36,I2_O,0.38241086059457885,0.37859862157451374,1,1.0100693420494
1,36,I2_B,0.4904783315649807,0.37859862157451374,1,1.2955100827498587
1,36,PDIS,0.5180137957727204,0.37859862157451374,1,1.3682400469880416
1,36,DR,0.888646189062158,0.37859862157451374,1,2.3471986912325815
1,36,robust_sim_lemma,1.705166478153715,0.37859862157451374,1,4.503889821527291
1,37,I2_O,0.38241086059457885,0.37859862157451374,1,1.0100693420494
1,37,I2_B,0.44658050370606556,0.37859862157451374,1,1.1795618849557064
1,37,PDIS,0.6012012836165725,0.37859862157451374,1,1.5879647979601725
1,37,DR,0.9709748796414628,0.37859862157451374,1,2.5646550840660174
1,37,robust_sim_lemma,1.705166478153715,0.37859862157451374,1,4.503889821527291
1,38,I2_O,0.38241086059457885,0.37859862157451374,1,1.0100693420494
1,38,I2_B,0.5097488485470816,0.37859862157451374,1,1.346409679008183
1,38,PDIS,0.6020021693816218,0.37859862157451374,1,1.5900801933140132
1,38,DR,0.9758951667026512,0.37859862157451374,1,2.5776511352421307
1,38,robust_sim_lemma,1.705166478153715,0.37859862157451374,1,4.503889821527291
1,39,I2_O,0.38241086059457885,0.37859862157451374,1,1.0100693420494
1,39,I2_B,0.5032459497501762,0.37859862157451374,1,1.3292334442668594
1,39,PDIS,0.568188006616337,0.37859862157451374,1,1.5007661788449203
1,39,DR,0.9419761233794546,0.37859862157451374,1,2.4880600976886016
1,39,robust_sim_lemma,1.705166478153715,0.37859862157451374,1,4.503889821527291
1,40,I2_O,0.38241086059457885,0.37859862157451374,1,1.0100693420494
1,40,I2_B,0.4698879962250338,0.37859862157451374,1,1.2411244242540196
1,40,PDIS,0.4933463231428008,0.37859862157451374,1,1.3030853654222907
1,40,DR,0.8706622984180425,0.37859862157451374,1,2.299697486475617
1,40,robust_sim_lemma,1.705166478153715,0.37859862157451374,1,4.503889821527291
1,41,I2_O,0.38241086059457885,0.37859862157451374,1,1.0100693420494
1,41,I2_B,0.4824921897910314,0.37859862157451374,1,1.2744161291038136
1,41,PDIS,0.7473682620659261,0.37859862157451374,1,1.9740385185708689
1,41,DR,1.10794979342216,0.37859862157451374,1,2.9264496231244186
1,41,robust_sim_lemma,1.705166478153715,0.37859862157451374,1,4.503889821527291
1,42,I2_O,0.38241086059457885,0.37859862157451374,1,1.0100693420494
1,42,I2_B,0.5247321181904776,0.37859862157451374,1,1.385985284384356
1,42,PDIS,0.7191583766986676,0.37859862157451374,1,1.8995271924336012
1,42,DR,1.0801044023501878,0.37859862157451374,1,2.8529010429521797
1,42,robust_sim_lemma,1.705166478153715,0.37859862157451374,1,4.503889821527291
1,43,I2_O,0.38241086059457885,0.37859862157451374,1,1.0100693420494
1,43,I2_B,0.5471741942762226,0.37859862157451374,1,1.4452619822033101
1,43,PDIS,0.612546627995747,0.37859862157451374,1,1.6179314796453608
1,43,DR,0.9796764077028581,0.37859862157451374,1,2.587638601610818
1,43,robust_sim_lemma,1.705166478153715,0.37859862157451374,1,4.503889821527291
1,44,I2_O,0.38241086059457885,0.37859862157451374,1,1.0100693420494
1,44,I2_B,0.529129011159977,0.37859862157451374,1,1.3975988844318512
1,44,PDIS,0.8192291387390953,0.37859862157451374,1,2.1638460682505656
1,44,DR,1.170128442604367,0.37859862157451374,1,3.0906833145298935
1,44,robust_sim_lemma,1.705166478153715,0.37859862157451374,1,4.503889821527291
1,45,I2_O,0.38241086059457885,0.37859862157451374,1,1.0100693420494
1,45,I2_B,0.5217236054997225,0.37859862157451374,1,1.3780388405271562
1,45,PDIS,0.5704873879348114,0.37859862157451374,1,1.5068395800340522
1,45,DR,0.9469324751112205,0.37859862157451374,1,2.501151407189818
1,45,robust_sim_lemma,1.705166478153715,0.37859862157451374,1,4.503889821527291
1,46,I2_O,0.38241086059457885,0.37859862157451374,1,1.0100693420494
1,46,I2_B,0.46618381479317456,0.37859862157451374,1,1.2313404968417794
1,46,PDIS,0.481127096435193,0.37859862157451374,1,1.2708104811218923
1,46,DR,0.858717602727527,0.37859862157451374,1,2.2681477263606964
1,46,robust_sim_lemma,1.705166478153715,0.37859862157451374,1,4.503889821527291
1,47,I2_O,0.38241086059457885,0.37859862157451374,1,1.0100693420494
1,47,I2_B,0.47385543349843534,0.37859862157451374,1,1.251603694508364
1,47,PDIS,0.5153716381910223,0.37859862157451374,1,1.3612612640999529
1,47,DR,0.8980527152932676,0.37859862157451374,1,2.372044334336061
1,47,robust_sim_lemma,1.705166478153715,0.37859862157451374,1,4.503889821527291
1,48,I2_O,0.38241086059457885,0.37859862157451374,1,1.0100693420494
1,48,I2_B,0.44150364277633397,0.37859862157451374,1,1.1661522721350943
1,48,PDIS,0.7521157467835233,0.37859862157451374,1,1.9865781435115342
1,48,DR,1.1171481168906916,0.37859862157451374,1,2.950745336168163
1,48,robust_sim_lemma,1.705166478153715,0.37859862157451374,1,4.503889821527291
1,49,I2_O,0.38241086059457885,0.37859862157451374,1,1.0100693420494
1,49,I2_B,0.48576973166395787,0.37859862157451374,1,1.283073165041493
1,49,PDIS,0.617941922627971,0.37859862157451374,1,1.632182177679564
1,49,DR,0.9973271740874243,0.37859862157451374,1,2.6342599186963382
1,49,robust_sim_lemma,1.705166478153715,0.37859862157451374,1,4.503889821527291
2,0,I2_O,0.3072566566992839,0.3035861563041043,1,1.0120904735573741
2,0,I2_B,0.43388180365393103,0.3035861563041043,1,1.429188369246023
2,0,PDIS,0.49661172997262903,0.3035861563041043,1,1.635818101913612
2,0,DR,0.79111234464004,0.3035861563041043,1,2.6058907107990046
2,0,robust_sim_lemma,1.5971297130222257,0.3035861563041043,1,5.260877941424872
2,1,I2_O,0.3072566566992839,0.3035861563041043,1,1.0120904735573741
2,1,I2_B,0.40493743609773913,0.3035861563041043,1,1.3338468427793215
2,1,PDIS,0.6039787369891173,0.3035861563041043,1,1.9894804965484254
2,1,DR,0.8809798812773181,0.3035861563041043,1,2.9019105877635427
2,1,robust_sim_lemma,1.5971297130222257,0.3035861563041043,1,5.260877941424872
2,2,I2_O,0.3072566566992839,0.3035861563041043,1,1.0120904735573741
2,2,I2_B,0.3940838045556779,0.3035861563041043,1,1.2980954380572
2,2,PDIS,0.4427083437615539,0.3035861563041043,1,1.4582626202430982
2,2,DR,0.7305549431256554,0.3035861563041043,1,2.4064171832455155
2,2,robust_sim_lemma,1.5971297130222257,0.3035861563041043,1,5.260877941424872
2,3,I2_O,0.3072566566992839,0.3035861563041043,1,1.0120904735573741
2,3,I2_B,0.3885883566283408,0.3035861563041043,1,1.2799936642667238
2,3,PDIS,0.5579610262272928,0.3035861563041043,1,1.8379000973561506
2,3,DR,0.8417917776744844,0.3035861563041043,1,2.772826626624094
2,3,robust_sim_lemma,1.5971297130222257,0.3035861563041043,1,5.260877941424872
2,4,I2_O,0.3072566566992839,0.3035861563041043,1,1.0120904735573741
2,4,I2_B,0.4111166575226112,0.3035861563041043,1,1.3542009376435231
2,4,PDIS,0.6093661246611445,0.3035861563041043,1,2.007226324413615
2,4,DR,0.9072860639322363,0.3035861563041043,1,2.9885620443884857
2,4,robust_sim_lemma,1.5971297130222257,0.3035861563041043,1,5.260877941424872
2,5,I2_O,0.3072566566992839,0.3035861563041043,1,1.0120904735573741
2,5,I2_B,0.4111877180657403,0.3035861563041043,1,1.3544350080767542
2,5,PDIS,0.6084820828698255,0.3035861563041043,1,2.0043143280232614
2,5,DR,0.8904730141382208,0.3035861563041043,1,2.9331805671870885
2,5,robust_sim_lemma,1.5971297130222257,0.3035861563041043,1,5.260877941424872
2,6,I2_O,0.3072566566992839,0.3035861563041043,1,1.0120904735573741
2,6,I2_B,0.4143487887833559,0.3035861563041043,1,1.3648474417532397
2,6,PDIS,0.5576694901186622,0.3035861563041043,1,1.8369397897051698
2,6,DR,0.8469755724470373,0.3035861563041043,1,2.7899018280616725
2,6,robust_sim_lemma,1.5971297130222257,0.3035861563041043,1,5.260877941424872
2,7,I2_O,0.3072566566992839,0.3035861563041043,1,1.0120904735573741
2,7,I2_B,0.44096036471782085,0.3035861563041043,1,1.4525048509659575
2,7,PDIS,0.4828862326323472,0.3035861563041043,1,1.5906068923269243
2,7,DR,0.7823753944831661,0.3035861563041043,1,2.57711156532268
2,7,robust_sim_lemma,1.5971297130222257,0.3035861563041043,1,5.260877941424872
2,8,I2_O,0.3072566566992839,0.3035861563041043,1,1.0120904735573741
2,8,I2_B,0.4031740702576978,0.3035861563041043,1,1.328038390043832
2,8,PDIS,0.5259601782506053,0.3035861563041043,1,1.7324906532422626
2,8,DR,0.8214781239800483,0.3035861563041043,1,2.7059143077564056
2,8,robust_sim_lemma,1.5971297130222257,0.3035861563041043,1,5.260877941424872
2,9,I2_O,0.3072566566992839,0.3035861563041043,1,1.0120904735573741
2,9,I2_B,0.3685798174130981,0.3035861563041043,1,1.2140863796302004
2,9,PDIS,0.5883703013085663,0.3035861563041043,1,1.9380669674515454
2,9,DR,0.8824855868184661,0.3035861563041043,1,2.906870318337159
2,9,robust_sim_lemma,1.5971297130222257,0.3035861563041043,1,5.260877941424872
2,10,I2_O,0.3072566566992839,0.3035861563041043,1,1.0120904735573741
2,10,I2_B,0.4712209230351032,0.3035861563041043,1,1.5521818543105044
2,10,PDIS,0.5604750896168244,0.3035861563041043,1,1.8461813161710598
2,10,DR,0.84817837072443,0.3035861563041043,1,2.7938637948787233
2,10,robust_sim_lemma,1.5971297130222257,0.3035861563041043,1,5.260877941424872
2,11,I2_O,0.3072566566992839,0.3035861563041043,1,1.0120904735573741
2,11,I2_B,0.4066107860007869,0.3035861563041043,1,1.3393587868133292
2,11,PDIS,0.5923402521892157,0.3035861563041043,1,1.9511438182835468
2,11,DR,0.8869830309680394,0.3035861563041043,1,2.921684709758447
2,11,robust_sim_lemma,1.5971297130222257,0.3035861563041043,1,5.260877941424872
2,12,I2_O,0.3072566566992839,0.3035861563041043,1,1.0120904735573741
2,12,I2_B,0.4255501527822224,0.3035861563041043,1,1.4017442625280514
2,12,PDIS,0.5881447439286477,0.3035861563041043,1,1.93732399095135
2,12,DR,0.8765819641504015,0.3035861563041043,1,2.8874240341589337
2,12,robust_sim_lemma,1.5971297130222257,0.3035861563041043,1,5.260877941424872
2,13,I2_O,0.3072566566992839,0.3035861563041043,1,1.0120904735573741
2,13,I2_B,0.3439298944715985,0.3035861563041043,1,1.1328905726751308
2,13,PDIS,0.6078804281243845,0.3035861563041043,1,2.002332502656895
2,13,DR,0.8953114388667619,0.3035861563041043,1,2.949118134260122
2,13,robust_sim_lemma,1.5971297130222257,0.3035861563041043,1,5.260877941424872
2,14,I2_O,0.3072566566992839,0.3035861563041043,1,1.0120904735573741
2,14,I2_B,0.3973976530422442,0.3035861563041043,1,1.3090111152636628
2,14,PDIS,0.5091357722883733,0.3035861563041043,1,1.6770717693015242
2,14,DR,0.8130580904635475,0.3035861563041043,1,2.6781790723326058
2,14,robust_sim_lemma,1.5971297130222257,0.3035861563041043,1,5.260877941424872
2,15,I2_O,0.3072566566992839,0.3035861563041043,1,1.0120904735573741
2,15,I2_B,0.3953123218163174,0.3035861563041043,1,1.3021421221207807
2,15,PDIS,0.5138010046932088,0.3035861563041043,1,1.6924388481618735
2,15,DR,0.7988582727318597,0.3035861563041043,1,2.6314054713734643
2,15,robust_sim_lemma,1.5971297130222257,0.3035861563041043,1,5.260877941424872
2,16,I2_O,0.3072566566992839,0.3035861563041043,1,1.0120904735573741
2,16,I2_B,0.38845391689257747,0.3035861563041043,1,1.279550825444954
2,16,PDIS,0.5087284634582713,0.3035861563041043,1,1.6757301111868703
2,16,DR,0.8006001581291321,0.3035861563041043,1,2.637143168436065
2,16,robust_sim_lemma,1.5971297130222257,0.3035861563041043,1,5.260877941424872
2,17,I2_O,0.3072566566992839,0.3035861563041043,1,1.0120904735573741
2,17,I2_B,0.4762153031139521,0.3035861563041043,1,1.568633131732542
2,17,PDIS,0.598124037775455,0.3035861563041043,1,1.9701953641664414
2,17,DR,0.8767787282432694,0.3035861563041043,1,2.8880721667854785
2,17,robust_sim_lemma,1.5971297130222257,0.3035861563041043,1,5.260877941424872
2,18,I2_O,0.3072566566992839,0.3035861563041043,1,1.0120904735573741
2,18,I2_B,0.38415824990209346,0.3035861563041043,1,1.2654010794789983
2,18,PDIS,0.3864467921868119,0.3035861563041043,1,1.2729394412823802
2,18,DR,0.6966456973185723,0.3035861563041043,1,2.2947215571343036
2,18,robust_sim_lemma,1.5971297130222257,0.3035861563041043,1,5.260877941424872
2,19,I2_O,0.3072566566992839,0.3035861563041043,1,1.0120904735573741
2,19,I2_B,0.4328571301299415,0.3035861563041043,1,1.4258131378571346
2,19,PDIS,0.5833314609054224,0.3035861563041043,1,1.9214692395956796
2,19,DR,0.8903228364465575,0.3035861563041043,1,2.9326858882020796
2,19,robust_sim_lemma,1.5971297130222257,0.3035861563041043,1,5.260877941424872
2,20,I2_O,0.3072566566992839,0.3035861563041043,1,1.0120904735573741
2,20,I2_B,0.41192528272350026,0.3035861563041043,1,1.3568645149644831
2,20,PDIS,0.6198690345320749,0.3035861563041043,1,2.04182246673708
2,20,DR,0.9256935615748118,0.3035861563041043,1,3.0491955655828336
2,20,robust_sim_lemma,1.5971297130222257,0.3035861563041043,1,5.260877941424872
2,21,I2_O,0.3072566566992839,0.3035861563041043,1,1.0120904735573741
2,21,I2_B,0.3799728768716376,0.3035861563041043,1,1.2516146371675005
2,21,PDIS,0.5396770305083741,0.3035861563041043,1,1.77767338629162
2,21,DR,0.8350208815602728,0.3035861563041043,1,2.750523580277576
2,21,robust_sim_lemma,1.5971297130222257,0.3035861563041043,1,5.260877941424872
2,22,I2_O,0.3072566566992839,0.3035861563041043,1,1.0120904735573741
2,22,I2_B,0.3793211211659548,0.3035861563041043,1,1.2494677813503008
2,22,PDIS,0.47159667495239066,0.3035861563041043,1,1.5534195652847527
2,22,DR,0.7672336809150962,0.3035861563041043,1,2.5272353991878114
2,22,robust_sim_lemma,1.5971297130222257,0.3035861563041043,1,5.260877941424872
2,23,I2_O,0.3072566566992839,0.3035861563041043,1,1.0120904735573741
2,23,I2_B,0.38080273874474213,0.3035861563041043,1,1.2543481671914232
2,23,PDIS,0.4426737668808539,0.3035861563041043,1,1.4581487254557965
2,23,DR,0.7553027971952287,0.3035861563041043,1,2.487935571207789
2,23,robust_sim_lemma,1.5971297130222257,0.3035861563041043,1,5.260877941424872
2,24,I2_O,0.3072566566992839,0.3035861563041043,1,1.0120904735573741
2,24,I2_B,0.3847187543372499,0.3035861563041043,1,1.2672473574581395
2,24,PDIS,0.4897258430929131,0.3035861563041043,1,1.61313628083341
2,24,DR,0.7686590788803142,0.3035861563041043,1,2.5319305999919943
2,24,robust_sim_lemma,1.5971297130222257,0.3035861563041043,1,5.260877941424872
2,25,I2_O,0.3072566566992839,0.3035861563041043,1,1.0120904735573741
2,25,I2_B,0.41632129087950326,0.3035861563041043,1,1.371344780499383
2,25,PDIS,0.5622726051720538,0.3035861563041043,1,1.8521022566286638
2,25,DR,0.8525489032386052,0.3035861563041043,1,2.8082601447234676
2,25,robust_sim_lemma,1.5971297130222257,0.3035861563041043,1,5.260877941424872
2,26,I2_O,0.3072566566992839,0.3035861563041043,1,1.0120904735573741
2,26,I2_B,0.3865921118623105,0.3035861563041043,1,1.2734181181669515
2,26,PDIS,0.590854578300413,0.3035861563041043,1,1.9462500711282433
2,26,DR,0.8840558579886307,0.3035861563041043,1,2.912042725370738
2,26,robust_sim_lemma,1.5971297130222257,0.3035861563041043,1,5.260877941424872
2,27,I2_O,0.3072566566992839,0.3035861563041043,1,1.0120904735573741
2,27,I2_B,0.4062066139820585,0.3035861563041043,1,1.3380274612230953
2,27,PDIS,0.4864026203862476,0.3035861563041043,1,1.6021897253411477
2,27,DR,0.7851420577693621,0.3035861563041043,1,2.5862248375478623
2,27,robust_sim_lemma,1.5971297130222257,0.3035861563041043,1,5.260877941424872
2,28,I2_O,0.3072566566992839,0.3035861563041043,1,1.0120904735573741
2,28,I2_B,0.4275315685041419,0.3035861563041043,1,1.4082709623816991
2,28,PDIS,0.4520344171048357,0.3035861563041043,1,1.4889823126586503
2,28,DR,0.7426661658754411,0.3035861563041043,1,2.446311040387189
2,28,robust_sim_lemma,1.5971297130222257,0.3035861563041043,1,5.260877941424872
2,29,I2_O,0.3072566566992839,0.3035861563041043,1,1.0120904735573741
2,29,I2_B,0.35015198465282626,0.3035861563041043,1,1.1533858754154676
2,29,PDIS,0.5363020919885039,0.3035861563041043,1,1.7665564810909442
2,29,DR,0.8384552713017052,0.3035861563041043,1,2.761836315295678
2,29,robust_sim_lemma,1.5971297130222257,0.3035861563041043,1,5.260877941424872
2,30,I2_O,0.3072566566992839,0.3035861563041043,1,1.0120904735573741
2,30,I2_B,0.43788812736821314,0.3035861563041043,1,1.4423850306585708
2,30,PDIS,0.46455141747220974,0.3035861563041043,1,1.530212784165512
2,30,DR,0.7701721195404615,0.3035861563041043,1,2.5369144921383535
2,30,robust_sim_lemma,1.5971297130222257,0.3035861563041043,1,5.260877941424872
2,31,I2_O,0.3072566566992839,0.3035861563041043,1,1.0120904735573741
2,31,I2_B,0.4228536023373374,0.3035861563041043,1,1.3928619390462655
2,31,PDIS,0.42914406668340443,0.3035861563041043,1,1.4135824634030016
2,31,DR,0.7288418690919273,0.3035861563041043,1,2.400774389599773
2,31,robust_sim_lemma,1.5971297130222257,0.3035861563041043,1,5.260877941424872
2,32,I2_O,0.3072566566992839,0.3035861563041043,1,1.0120904735573741
2,32,I2_B,0.43038122943541507,0.3035861563041043,1,1.417657625350674
2,32,PDIS,0.6021324033612449,0.3035861563041043,1,1.9833987514176528
2,32,DR,0.9052089902340342,0.3035861563041043,1,2.9817202511938006
2,32,robust_sim_lemma,1.5971297130222257,0.3035861563041043,1,5.260877941424872
2,33,I2_O,0.3072566566992839,0.3035861563041043,1,1.0120904735573741
2,33,I2_B,0.4624393685898877,0.3035861563041043,1,1.5232557841888519
2,33,PDIS,0.5414266789856897,0.3035861563041043,1,1.7834366546126004
2,33,DR,0.8335835385714362,0.3035861563041043,1,2.7457890330691823
2,33,robust_sim_lemma,1.5971297130222257,0.3035861563041043,1,5.260877941424872
2,34,I2_O,0.3072566566992839,0.3035861563041043,1,1.0120904735573741
2,34,I2_B,0.38992372589458624,0.3035861563041043,1,1.2843923143320046
2,34,PDIS,0.5443936563975024,0.3035861563041043,1,1.7932097531225357
2,34,DR,0.8347755717498634,0.3035861563041043,1,2.749715540104085
2,34,robust_sim_lemma,1.5971297130222257,0.3035861563041043,1,5.260877941424872
2,35,I2_O,0.3072566566992839,0.3035861563041043,1,1.0120904735573741
2,35,I2_B,0.40594431312412804,0.3035861563041043,1,1.3371634532553944
2,35,PDIS,0.49534232943895773,0.3035861563041043,1,1.6316367500722595
2,35,DR,0.7842608541002222,0.3035861563041043,1,2.583322189812314
2,35,robust_sim_lemma,1.5971297130222257,0.3035861563041043,1,5.260877941424872
2,36,I2_O,0.3072566566992839,0.3035861563041043,1,1.0120904735573741
2,36,I2_B,0.36443365749746115,0.3035861563041043,1,1.2004291036657333
2,36,PDIS,0.41781141269945754,0.3035861563041043,1,1.3762531789523795
2,36,DR,0.713627324966743,0.3035861563041043,1,2.3506583226802267
2,36,robust_sim_lemma,1.5971297130222257,0.3035861563041043,1,5.260877941424872
2,37,I2_O,0.3072566566992839,0.3035861563041043,1,1.0120904735573741
2,37,I2_B,0.40394514966334755,0.3035861563041043,1,1.3305782930981642
2,37,PDIS,0.613345605734608,0.3035861563041043,1,2.020334567298963
2,37,DR,0.8771513449846297,0.3035861563041043,1,2.889299550622398
2,37,robust_sim_lemma,1.5971297130222257,0.3035861563041043,1,5.260877941424872
2,38,I2_O,0.3072566566992839,0.3035861563041043,1,1.0120904735573741
2,38,I2_B,0.4438601640738124,0.3035861563041043,1,1.4620566677921727
2,38,PDIS,0.5133594267075908,0.3035861563041043,1,1.6909843088937009
2,38,DR,0.8184778503624192,0.3035861563041043,1,2.696031532948243
2,38,robust_sim_lemma,1.5971297130222257,0.3035861563041043,1,5.260877941424872
2,39,I2_O,0.3072566566992839,0.3035861563041043,1,1.0120904735573741
2,39,I2_B,0.4344818025867249,0.3035861563041043,1,1.4311647404353365
2,39,PDIS,0.5557492937183798,0.3035861563041043,1,1.830614743716054
2,39,DR,0.8373249371814654,0.3035861563041043,1,2.7581130423572784
2,39,robust_sim_lemma,1.5971297130222257,0.3035861563041043,1,5.260877941424872
2,40,I2_O,0.3072566566992839,0.3035861563041043,1,1.0120904735573741
2,40,I2_B,0.430440518537535,0.3035861563041043,1,1.4178529211534925
2,40,PDIS,0.6623683204320491,0.3035861563041043,1,2.1818133227674266
2,40,DR,0.9596241408252538,0.3035861563041043,1,3.1609614631570744
2,40,robust_sim_lemma,1.5971297130222257,0.3035861563041043,1,5.260877941424872
2,41,I2_O,0.3072566566992839,0.3035861563041043,1,1.0120904735573741
2,41,I2_B,0.3928859707270083,0.3035861563041043,1,1.294149823924948
2,41,PDIS,0.7007133984057766,0.3035861563041043,1,2.3081203930256535
2,41,DR,0.9807609605505915,0.3035861563041043,1,3.2305852562267585
2,41,robust_sim_lemma,1.5971297130222257,0.3035861563041043,1,5.260877941424872
2,42,I2_O,0.3072566566992839,0.3035861563041043,1,1.0120904735573741
2,42,I2_B,0.4612802744085216,0.3035861563041043,1,1.5194377768215954
2,42,PDIS,0.36829199600579077,0.3035861563041043,1,1.2131383080487708
2,42,DR,0.6605964721148351,0.3035861563041043,1,2.1759769291097424
2,42,robust_sim_lemma,1.5971297130222257,0.3035861563041043,1,5.260877941424872
2,43,I2_O,0.3072566566992839,0.3035861563041043,1,1.0120904735573741
2,43,I2_B,0.40466494262054387,0.3035861563041043,1,1.332949260753472
2,43,PDIS,0.5566591532253738,0.3035861563041043,1,1.8336117825733946
2,43,DR,0.8363162377206658,0.3035861563041043,1,2.7547904288590885
2,43,robust_sim_lemma,1.5971297130222257,0.3035861563041043,1,5.260877941424872
2,44,I2_O,0.3072566566992839,0.3035861563041043,1,1.0120904735573741
2,44,I2_B,0.4060837727541911,0.3035861563041043,1,1.3376228273973543
2,44,PDIS,0.5681909925981906,0.3035861563041043,1,1.8715971752975122
2,44,DR,0.8509686546672247,0.3035861563041043,1,2.80305487255092
2,44,robust_sim_lemma,1.5971297130222257,0.3035861563041043,1,5.260877941424872
2,45,I2_O,0.3072566566992839,0.3035861563041043,1,1.0120904735573741
2,45,I2_B,0.4399283386070409,0.3035861563041043,1,1.4491054004661588
2,45,PDIS,0.5949527437941694,0.3035861563041043,1,1.959749255490429
2,45,DR,0.8937972433903368,0.3035861563041043,1,2.94413043819763
2,45,robust_sim_lemma,1.5971297130222257,0.3035861563041043,1,5.260877941424872
2,46,I2_O,0.3072566566992839,0.3035861563041043,1,1.0120904735573741
2,46,I2_B,0.3605320748809028,0.3035861563041043,1,1.1875774550133156
2,46,PDIS,0.7392597721598823,0.3035861563041043,1,2.435090523098032
2,46,DR,1.0215477777928954,0.3035861563041043,1,3.364935312694575
2,46,robust_sim_lemma,1.5971297130222257,0.3035861563041043,1,5.260877941424872
2,47,I2_O,0.3072566566992839,0.3035861563041043,1,1.0120904735573741
2,47,I2_B,0.41400061651667475,0.3035861563041043,1,1.36370057698536
2,47,PDIS,0.5281652314037156,0.3035861563041043,1,1.7397540053659395
2,47,DR,0.8331544263286247,0.3035861563041043,1,2.744375555432272
2,47,robust_sim_lemma,1.5971297130222257,0.3035861563041043,1,5.260877941424872
2,48,I2_O,0.3072566566992839,0.3035861563041043,1,1.0120904735573741
2,48,I2_B,0.4297658634612438,0.3035861563041043,1,1.4156306357749213
2,48,PDIS,0.43846441394491087,0.3035861563041043,1,1.444283294346591
2,48,DR,0.7249889291728379,0.3035861563041043,1,2.3880829679420943
2,48,robust_sim_lemma,1.5971297130222257,0.3035861563041043,1,5.260877941424872
2,49,I2_O,0.3072566566992839,0.3035861563041043,1,1.0120904735573741
2,49,I2_B,0.3674032359739388,0.3035861563041043,1,1.2102107699730171
2,49,PDIS,0.4585076454868412,0.3035861563041043,1,1.5103048540446324
2,49,DR,0.7551388606184773,0.3035861563041043,1,2.4873955710353592
2,49,robust_sim_lemma,1.5971297130222257,0.3035861563041043,1,5.260877941424872
3,0,I2_O,0.36709941702578985,0.3640601434723735,1,1.0083482732397677
3,0,I2_B,0.39682812805719436,0.3640601434723735,1,1.0900070638666532
3,0,PDIS,0.5598274049834202,0.3640601434723735,1,1.5377332977014069
3,0,DR,0.9323179912554858,0.3640601434723735,1,2.560890028672513
3,0,robust_sim_lemma,1.1262691249142114,0.3640601434723735,1,3.0936347883950055
3,1,I2_O,0.36709941702578985,0.3640601434723735,1,1.0083482732397677
3,1,I2_B,0.5188851834260364,0.3640601434723735,1,1.4252732487466366
3,1,PDIS,0.5340572965435408,0.3640601434723735,1,1.4669479923008037
3,1,DR,0.8939852692672756,0.3640601434723735,1,2.455597750252261
3,1,robust_sim_lemma,1.1262691249142114,0.3640601434723735,1,3.0936347883950055
3,2,I2_O,0.36709941702578985,0.3640601434723735,1,1.0083482732397677
3,2,I2_B,0.4345744667556517,0.3640601434723735,1,1.1936886653142496
3,2,PDIS,0.6144729205381656,0.3640601434723735,1,1.687833539473388
3,2,DR,0.9806345546150299,0.3640601434723735,1,2.693605911544791
3,2,robust_sim_lemma,1.1262691249142114,0.3640601434723735,1,3.0936347883950055
3,3,I2_O,0.36709941702578985,0.3640601434723735,1,1.0083482732397677
3,3,I2_B,0.45367592404126683,0.3640601434723735,1,1.2461565270895791
3,3,PDIS,0.5576145983721001,0.3640601434723735,1,1.5316551629453896
3,3,DR,0.9107899885077082,0.3640601434723735,1,2.5017569345017385
3,3,robust_sim_lemma,1.1262691249142114,0.3640601434723735,1,3.0936347883950055
3,4,I2_O,0.36709941702578985,0.3640601434723735,1,1.0083482732397677
3,4,I2_B,0.43067093502137305,0.3640601434723735,1,1.1829664486578282
3,4,PDIS,0.5862480751138592,0.3640601434723735,1,1.61030556523512
3,4,DR,0.9409106981463904,0.3640601434723735,1,2.584492466470148
3,4,robust_sim_lemma,1.1262691249142114,0.3640601434723735,1,3.0936347883950055
3,5,I2_O,0.36709941702578985,0.3640601434723735,1,1.0083482732397677
3,5,I2_B,0.5107383235903737,0.3640601434723735,1,1.4028954631479205
3,5,PDIS,0.5888395559624227,0.3640601434723735,1,1.6174238419677667
3,5,DR,0.9485239768710929,0.3640601434723735,1,2.605404612062598
3,5,robust_sim_lemma,1.1262691249142114,0.3640601434723735,1,3.0936347883950055
3,6,I2_O,0.36709941702578985,0.3640601434723735,1,1.0083482732397677
3,6,I2_B,0.5057428932275885,0.3640601434723735,1,1.3891740205446754
3,6,PDIS,0.5978539026645502,0.3640601434723735,1,1.642184439533184
3,6,DR,0.9601214520990349,0.3640601434723735,1,2.63726054420976
3,6,robust_sim_lemma,1.1262691249142114,0.3640601434723735,1,3.0936347883950055
3,7,I2_O,0.36709941702578985,0.3640601434723735,1,1.0083482732397677
3,7,I2_B,0.44264960809247433,0.3640601434723735,1,1.2158694546195623
3,7,PDIS,0.6434408276070356,0.3640601434723735,1,1.7674025546162615
3,7,DR,1.001146237443091,0.3640601434723735,1,2.749947379282573
3,7,robust_sim_lemma,1.1262691249142114,0.3640601434723735,1,3.0936347883950055
3,8,I2_O,0.36709941702578985,0.3640601434723735,1,1.0083482732397677
3,8,I2_B,0.46838808864753384,0.3640601434723735,1,1.286567884581074
3,8,PDIS,0.6356955631138674,0.3640601434723735,1,1.7461278706607632
3,8,DR,0.9874739324779187,0.3640601434723735,1,2.7123923071047535
3,8,robust_sim_lemma,1.1262691249142114,0.3640601434723735,1,3.0936347883950055
3,9,I2_O,0.36709941702578985,0.3640601434723735,1,1.0083482732397677
3,9,I2_B,0.45654617351140525,0.3640601434723735,1,1.2540405251640792
3,9,PDIS,0.6205460818648831,0.3640601434723735,1,1.7045152922980513
3,9,DR,0.9806841788416605,0.3640601434723735,1,2.6937422193156917
3,9,robust_sim_lemma,1.1262691249142114,0.3640601434723735,1,3.0936347883950055
3,10,I2_O,0.36709941702578985,0.3640601434723735,1,1.0083482732397677
3,10,I2_B,0.472731220312739,0.3640601434723735,1,1.2984975938422438
3,10,PDIS,0.6286707584238969,0.3640601434723735,1,1.7268321448969688
3,10,DR,1.0044942195001683,0.3640601434723735,1,2.75914361269924
3,10,robust_sim_lemma,1.1262691249142114,0.3640601434723735,1,3.0936347883950055
3,11,I2_O,0.36709941702578985,0.3640601434723735,1,1.0083482732397677
3,11,I2_B,0.47990323180850913,0.3640601434723735,1,1.3181976670976243
3,11,PDIS,0.5515643169689997,0.3640601434723735,1,1.5150362566696478
3,11,DR,0.9023120051771654,0.3640601434723735,1,2.4784696192529982
3,11,robust_sim_lemma,1.1262691249142114,0.3640601434723735,1,3.0936347883950055
3,12,I2_O,0.36709941702578985,0.3640601434723735,1,1.0083482732397677
3,12,I2_B,0.5584638850451118,0.3640601434723735,1,1.533987982640815
3,12,PDIS,0.6770259409062176,0.3640601434723735,1,1.8596541067330359
3,12,DR,1.0328298098541058,0.3640601434723735,1,2.8369757809879057
3,12,robust_sim_lemma,1.1262691249142114,0.3640601434723735,1,3.0936347883950055
3,13,I2_O,0.36709941702578985,0.3640601434723735,1,1.0083482732397677
3,13,I2_B,0.4970812693199032,0.3640601434723735,1,1.365382281561464
3,13,PDIS,0.5221466847998835,0.3640601434723735,1,1.4342319371181216
3,13,DR,0.8983776859963475,0.3640601434723735,1,2.467662835672426
3,13,robust_sim_lemma,1.1262691249142114,0.3640601434723735,1,3.0936347883950055
3,14,I2_O,0.36709941702578985,0.3640601434723735,1,1.0083482732397677
3,14,I2_B,0.4797762727061639,0.3640601434723735,1,1.3178489359755237
3,14,PDIS,0.5186525827580482,0.3640601434723735,1,1.4246343414887048
3,14,DR,0.8915756099629901,0.3640601434723735,1,2.448978900736622
3,14,robust_sim_lemma,1.1262691249142114,0.3640601434723735,1,3.0936347883950055
3,15,I2_O,0.36709941702578985,0.3640601434723735,1,1.0083482732397677
3,15,I2_B,0.5066451688146306,0.3640601434723735,1,1.3916523901306355
3,15,PDIS,0.5748136377794635,0.3640601434723735,1,1.5788974653938819
3,15,DR,0.9427169865253744,0.3640601434723735,1,2.5894539773945673
3,15,robust_sim_lemma,1.1262691249142114,0.3640601434723735,1,3.0936347883950055
3,16,I2_O,0.36709941702578985,0.3640601434723735,1,1.0083482732397677
3,16,I2_B,0.47111766769696495,0.3640601434723735,1,1.2940654892993402
3,16,PDIS,0.5893441346060257,0.3640601434723735,1,1.6188098180287287
3,16,DR,0.9542059956174367,0.3640601434723735,1,2.6210119748794916
3,16,robust_sim_lemma,1.1262691249142114,0.3640601434723735,1,3.0936347883950055
3,17,I2_O,0.36709941702578985,0.3640601434723735,1,1.0083482732397677
3,17,I2_B,0.4528936974275689,0.3640601434723735,1,1.2440079078910118
3,17,PDIS,0.6266099750785237,0.3640601434723735,1,1.7211715874799507
3,17,DR,0.9741233107469303,0.3640601434723735,1,2.675720834079304
3,17,robust_sim_lemma,1.1262691249142114,0.3640601434723735,1,3.0936347883950055
3,18,I2_O,0.36709941702578985,0.3640601434723735,1,1.0083482732397677
3,18,I2_B,0.5077389947435182,0.3640601434723735,1,1.394656909984017
3,18,PDIS,0.5875728920735159,0.3640601434723735,1,1.6139445709966975
3,18,DR,0.9374684227956636,0.3640601434723735,1,2.575037228338627
3,18,robust_sim_lemma,1.1262691249142114,0.3640601434723735,1,3.0936347883950055
3,19,I2_O,0.36709941702578985,0.3640601434723735,1,1.0083482732397677
3,19,I2_B,0.5187894353668839,0.3640601434723735,1,1.4250102480835065
3,19,PDIS,0.6607554483603557,0.3640601434723735,1,1.814962335778173
3,19,DR,1.0145762093959936,0.3640601434723735,1,2.786836811409937
3,19,robust_sim_lemma,1.1262691249142114,0.3640601434723735,1,3.0936347883950055
3,20,I2_O,0.36709941702578985,0.3640601434723735,1,1.0083482732397677
3,20,I2_B,0.4955030904740047,0.3640601434723735,1,1.3610473416505855
3,20,PDIS,0.7333545519178164,0.3640601434723735,1,2.01437747324699
3,20,DR,1.0787596383895284,0.3640601434723735,1,2.96313578328134
3,20,robust_sim_lemma,1.1262691249142114,0.3640601434723735,1,3.0936347883950055
3,21,I2_O,0.36709941702578985,0.3640601434723735,1,1.0083482732397677
3,21,I2_B,0.4967448140275102,0.3640601434723735,1,1.3644581065359203
3,21,PDIS,0.5990584197935476,0.3640601434723735,1,1.6454930058527728
3,21,DR,0.972145963293056,0.3640601434723735,1,2.670289458276904
3,21,robust_sim_lemma,1.1262691249142114,0.3640601434723735,1,3.0936347883950055
3,22,I2_O,0.36709941702578985,0.3640601434723735,1,1.0083482732397677
3,22,I2_B,0.4336081330341345,0.3640601434723735,1,1.191034340915263
3,22,PDIS,0.5941590979682709,0.3640601434723735,1,1.6320355540742086
3,22,DR,0.9544536676273963,0.3640601434723735,1,2.621692280082905
3,22,robust_sim_lemma,1.1262691249142114,0.3640601434723735,1,3.0936347883950055
3,23,I2_O,0.36709941702578985,0.3640601434723735,1,1.0083482732397677
3,23,I2_B,0.4061994556541742,0.3640601434723735,1,1.1157482161597798
3,23,PDIS,0.5300984617210862,0.3640601434723735,1,1.4560738691828605
3,23,DR,0.8809296571309491,0.3640601434723735,1,2.4197366092556023
3,23,robust_sim_lemma,1.1262691249142114,0.3640601434723735,1,3.0936347883950055
3,24,I2_O,0.36709941702578985,0.3640601434723735,1,1.0083482732397677
3,24,I2_B,0.44304747935210986,0.3640601434723735,1,1.2169623269560963
3,24,PDIS,0.5884764790155173,0.3640601434723735,1,1.616426542611011
3,24,DR,0.9530923342346489,0.3640601434723735,1,2.6179529710232448
3,24,robust_sim_lemma,1.1262691249142114,0.3640601434723735,1,3.0936347883950055
3,25,I2_O,0.36709941702578985,0.3640601434723735,1,1.0083482732397677
3,25,I2_B,0.5224532816491217,0.3640601434723735,1,1.4350740970049853
3,25,PDIS,0.6592635176307027,0.3640601434723735,1,1.81086430209774
3,25,DR,1.0255828256447754,0.3640601434723735,1,2.8170697727657226
3,25,robust_sim_lemma,1.1262691249142114,0.3640601434723735,1,3.0936347883950055
3,26,I2_O,0.36709941702578985,0.3640601434723735,1,1.0083482732397677
3,26,I2_B,0.4360800431866251,0.3640601434723735,1,1.197824180991998
3,26,PDIS,0.6558292872959195,0.3640601434723735,1,1.801431162007128
3,26,DR,1.0100424165108037,0.3640601434723735,1,2.7743833941202913
3,26,robust_sim_lemma,1.1262691249142114,0.3640601434723735,1,3.0936347883950055
3,27,I2_O,0.36709941702578985,0.3640601434723735,1,1.0083482732397677
3,27,I2_B,0.5134181220509355,0.3640601434723735,1,1.410256330599661
3,27,PDIS,0.6792587419314489,0.3640601434723735,1,1.8657871621231015
3,27,DR,1.0379236076195955,0.3640601434723735,1,2.8509674190642564
3,27,robust_sim_lemma,1.1262691249142114,0.3640601434723735,1,3.0936347883950055
3,28,I2_O,0.36709941702578985,0.3640601434723735,1,1.0083482732397677
3,28,I2_B,0.44642897604303694,0.3640601434723735,1,1.2262506183320063
3,28,PDIS,0.49210088082262854,0.3640601434723735,1,1.3517021559377904
3,28,DR,0.8562651879623304,0.3640601434723735,1,2.3519882725841637
3,28,robust_sim_lemma,1.1262691249142114,0.3640601434723735,1,3.0936347883950055
3,29,I2_O,0.36709941702578985,0.3640601434723735,1,1.0083482732397677
3,29,I2_B,0.3829791099607914,0.3640601434723735,1,1.0519665962551419
3,29,PDIS,0.5671998498926671,0.3640601434723735,1,1.5579839212355548
3,29,DR,0.92581844454516,0.3640601434723735,1,2.5430370809470806
3,29,robust_sim_lemma,1.1262691249142114,0.3640601434723735,1,3.0936347883950055
3,30,I2_O,0.36709941702578985,0.3640601434723735,1,1.0083482732397677
3,30,I2_B,0.485745329659549,0.3640601434723735,1,1.3342447350224964
3,30,PDIS,0.6277886571507689,0.3640601434723735,1,1.7244091900941867
3,30,DR,0.993671662644388,0.3640601434723735,1,2.7294162254808656
3,30,robust_sim_lemma,1.1262691249142114,0.3640601434723735,1,3.0936347883950055
3,31,I2_O,0.36709941702578985,0.3640601434723735,1,1.0083482732397677
3,31,I2_B,0.4637983978002541,0.3640601434723735,1,1.2739609268308967
3,31,PDIS,0.5924627637089099,0.3640601434723735,1,1.6273760650041293
3,31,DR,0.9565426006591642,0.3640601434723735,1,2.627430159027422
3,31,robust_sim_lemma,1.1262691249142114,0.3640601434723735,1,3.0936347883950055
3,32,I2_O,0.36709941702578985,0.3640601434723735,1,1.0083482732397677
3,32,I2_B,0.5181631495290768,0.3640601434723735,1,1.4232899668359258
3,32,PDIS,0.6713020111662902,0.3640601434723735,1,1.8439316228452556
3,32,DR,1.0173990492055915,0.3640601434723735,1,2.794590584681227
3,32,robust_sim_lemma,1.1262691249142114,0.3640601434723735,1,3.0936347883950055
3,33,I2_O,0.36709941702578985,0.3640601434723735,1,1.0083482732397677
3,33,I2_B,0.5417799106944654,0.3640601434723735,1,1.488160460321244
3,33,PDIS,0.5809623417226251,0.3640601434723735,1,1.5957867185939598
3,33,DR,0.942674390483355,0.3640601434723735,1,2.5893369746333943
3,33,robust_sim_lemma,1.1262691249142114,0.3640601434723735,1,3.0936347883950055
3,34,I2_O,0.36709941702578985,0.3640601434723735,1,1.0083482732397677
3,34,I2_B,0.45032639889876275,0.3640601434723735,1,1.2369560551275658
3,34,PDIS,0.6638960949144888,0.3640601434723735,1,1.8235890602643465
3,34,DR,1.035859346681362,0.3640601434723735,1,2.8452973093990104
3,34,robust_sim_lemma,1.1262691249142114,0.3640601434723735,1,3.0936347883950055
3,35,I2_O,0.36709941702578985,0.3640601434723735,1,1.0083482732397677
3,35,I2_B,0.43033442927443805,0.3640601434723735,1,1.1820421350438042
3,35,PDIS,0.7026129068689773,0.3640601434723735,1,1.9299363565797603
3,35,DR,1.0652310256122994,0.3640601434723735,1,2.925975404646661
3,35,robust_sim_lemma,1.1262691249142114,0.3640601434723735,1,3.0936347883950055
3,36,I2_O,0.36709941702578985,0.3640601434723735,1,1.0083482732397677
3,36,I2_B,0.4673373260708148,0.3640601434723735,1,1.2836816510958675
3,36,PDIS,0.5888255810302356,0.3640601434723735,1,1.61738545563947
3,36,DR,0.965509508372439,0.3640601434723735,1,2.652060451230653
3,36,robust_sim_lemma,1.1262691249142114,0.3640601434723735,1,3.0936347883950055
3,37,I2_O,0.36709941702578985,0.3640601434723735,1,1.0083482732397677
3,37,I2_B,0.5009232657553173,0.3640601434723735,1,1.3759354731269275
3,37,PDIS,0.6638930148458375,0.3640601434723735,1,1.8235805999351773
3,37,DR,1.0118025820904062,0.3640601434723735,1,2.7792182149903106
3,37,robust_sim_lemma,1.1262691249142114,0.3640601434723735,1,3.0936347883950055
3,38,I2_O,0.36709941702578985,0.3640601434723735,1,1.0083482732397677
3,38,I2_B,0.4901504018261584,0.3640601434723735,1,1.3463445823845126
3,38,PDIS,0.6361800211797861,0.3640601434723735,1,1.747458579541164
3,38,DR,0.9948944577146042,0.3640601434723735,1,2.732774997629207
3,38,robust_sim_lemma,1.1262691249142114,0.3640601434723735,1,3.0936347883950055
3,39,I2_O,0.36709941702578985,0.3640601434723735,1,1.0083482732397677
3,39,I2_B,0.4624352372407906,0.3640601434723735,1,1.2702165989117187
3,39,PDIS,0.6156535996297003,0.3640601434723735,1,1.6910766274980027
3,39,DR,0.9690220004420496,0.3640601434723735,1,2.6617085605680515
3,39,robust_sim_lemma,1.1262691249142114,0.3640601434723735,1,3.0936347883950055
3,40,I2_O,0.36709941702578985,0.3640601434723735,1,1.0083482732397677
3,40,I2_B,0.5028556140569664,0.3640601434723735,1,1.3812432453076957
3,40,PDIS,0.613716420823833,0.3640601434723735,1,1.6857555868935832
3,40,DR,0.969531964787749,0.3640601434723735,1,2.6631093300695836
3,40,robust_sim_lemma,1.1262691249142114,0.3640601434723735,1,3.0936347883950055
3,41,I2_O,0.36709941702578985,0.3640601434723735,1,1.0083482732397677
3,41,I2_B,0.45050677046833265,0.3640601434723735,1,1.2374514995556474
3,41,PDIS,0.5706254781518518,0.3640601434723735,1,1.5673934331544135
3,41,DR,0.9377101402317736,0.3640601434723735,1,2.575701177525167
3,41,robust_sim_lemma,1.1262691249142114,0.3640601434723735,1,3.0936347883950055
3,42,I2_O,0.36709941702578985,0.3640601434723735,1,1.0083482732397677
3,42,I2_B,0.5077479790142436,0.3640601434723735,1,1.3946815879689225
3,42,PDIS,0.5932606836147001,0.3640601434723735,1,1.629567790520083
3,42,DR,0.9606187809714493,0.3640601434723735,1,2.6386266066072275
3,42,robust_sim_lemma,1.1262691249142114,0.3640601434723735,1,3.0936347883950055
3,43,I2_O,0.36709941702578985,0.3640601434723735,1,1.0083482732397677
3,43,I2_B,0.47368984966733463,0.3640601434723735,1,1.3011307558946792
3,43,PDIS,0.5802430540238597,0.3640601434723735,1,1.5938109799374156
3,43,DR,0.9475732988189993,0.3640601434723735,1,2.602793290639093
3,43,robust_sim_lemma,1.1262691249142114,0.3640601434723735,1,3.0936347883950055
3,44,I2_O,0.36709941702578985,0.3640601434723735,1,1.0083482732397677
3,44,I2_B,0.5247207554925558,0.3640601434723735,1,1.4413023916537955
3,44,PDIS,0.6326649556750141,0.3640601434723735,1,1.737803401494906
3,44,DR,0.9967764612417562,0.3640601434723735,1,2.7379444828389903
3,44,robust_sim_lemma,1.1262691249142114,0.3640601434723735,1,3.0936347883950055
3,45,I2_O,0.36709941702578985,0.3640601434723735,1,1.0083482732397677
3,45,I2_B,0.5236873762057508,0.3640601434723735,1,1.4384639065701257
3,45,PDIS,0.6338171746210193,0.3640601434723735,1,1.7409683152232132
3,45,DR,0.9888141206712351,0.3640601434723735,1,2.7160735345539706
3,45,robust_sim_lemma,1.1262691249142114,0.3640601434723735,1,3.0936347883950055
3,46,I2_O,0.36709941702578985,0.3640601434723735,1,1.0083482732397677
3,46,I2_B,0.4906284526341451,0.3640601434723735,1,1.3476576918159024
3,46,PDIS,0.683874819484869,0.3640601434723735,1,1.878466598848562
3,46,DR,1.0335583647127977,0.3640601434723735,1,2.838976974669101
3,46,robust_sim_lemma,1.1262691249142114,0.3640601434723735,1,3.0936347883950055
3,47,I2_O,0.36709941702578985,0.3640601434723735,1,1.0083482732397677
3,47,I2_B,0.4026916314713369,0.3640601434723735,1,1.1061129285686142
3,47,PDIS,0.6956337482230908,0.3640601434723735,1,1.9107660113194418
3,47,DR,1.0423481509325805,0.3640601434723735,1,2.863120749749632
3,47,robust_sim_lemma,1.1262691249142114,0.3640601434723735,1,3.0936347883950055
3,48,I2_O,0.36709941702578985,0.3640601434723735,1,1.0083482732397677
3,48,I2_B,0.44153870438350806,0.3640601434723735,1,1.2128180255387226
3,48,PDIS,0.6855341077401038,0.3640601434723735,1,1.8830243299954235
3,48,DR,1.0413715293778283,0.3640601434723735,1,2.860438166741678
3,48,robust_sim_lemma,1.1262691249142114,0.3640601434723735,1,3.0936347883950055
3,49,I2_O,0.36709941702578985,0.3640601434723735,1,1.0083482732397677
3,49,I2_B,0.5056417452891827,0.3640601434723735,1,1.3888961874991765
3,49,PDIS,0.6654829985698594,0.3640601434723735,1,1.8279479654722468
3,49,DR,1.0308100566008125,0.3640601434723735,1,2.8314279249824965
3,49,robust_sim_lemma,1.1262691249142114,0.3640601434723735,1,3.0936347883950055
4,0,I2_O,0.4092110130893096,0.39937367427978426,1,1.024631916030183
4,0,I2_B,0.4671154945936404,0.39937367427978426,1,1.169620144432452
4,0,PDIS,0.5984952407771816,0.39937367427978426,1,1.4985846071514
4,0,DR,1.025202038541555,0.39937367427978426,1,2.5670245801513243
4,0,robust_sim_lemma,1.432229657464511,0.39937367427978426,1,3.586189450387137
4,1,I2_O,0.4092110130893096,0.39937367427978426,1,1.024631916030183
4,1,I2_B,0.46008160865626063,0.39937367427978426,1,1.152007852009662
4,1,PDIS,0.6566330963057873,0.39937367427978426,1,1.644157185598012
4,1,DR,1.0532566182260412,0.39937367427978426,1,2.637271022246134
4,1,robust_sim_lemma,1.432229657464511,0.39937367427978426,1,3.586189450387137
4,2,I2_O,0.4092110130893096,0.39937367427978426,1,1.024631916030183
4,2,I2_B,0.5307070309814566,0.39937367427978426,1,1.3288483071362027
4,2,PDIS,0.6341711410937602,0.39937367427978426,1,1.5879142315461854
4,2,DR,1.023957173798606,0.39937367427978426,1,2.5639075375841247
4,2,robust_sim_lemma,1.432229657464511,0.39937367427978426,1,3.586189450387137
4,3,I2_O,0.4092110130893096,0.39937367427978426,1,1.024631916030183
4,3,I2_B,0.5793485805799692,0.39937367427978426,1,1.450642888830229
4,3,PDIS,0.7323440067881789,0.39937367427978426,1,1.833731299662806
4,3,DR,1.1353479823051433,0.39937367427978426,1,2.8428212859863335
4,3,robust_sim_lemma,1.432229657464511,0.39937367427978426,1,3.586189450387137
4,4,I2_O,0.4092110130893096,0.39937367427978426,1,1.024631916030183
4,4,I2_B,0.5403982213750924,0.39937367427978426,1,1.353114279126251
4,4,PDIS,0.6140785762287037,0.39937367427978426,1,1.53760404297081
4,4,DR,1.0265243098490506,0.39937367427978426,1,2.570335442615858
4,4,robust_sim_lemma,1.432229657464511,0.39937367427978426,1,3.586189450387137
4,5,I2_O,0.4092110130893096,0.39937367427978426,1,1.024631916030183
4,5,I2_B,0.5322298312106997,0.39937367427978426,1,1.3326612781137948
4,5,PDIS,0.6155440369012394,0.39937367427978426,1,1.5412734402468784
4,5,DR,1.0131802908651286,0.39937367427978426,1,2.5369230775970912
4,5,robust_sim_lemma,1.432229657464511,0.39937367427978426,1,3.586189450387137
4,6,I2_O,0.4092110130893096,0.39937367427978426,1,1.024631916030183
4,6,I2_B,0.5049721295916948,0.39937367427978426,1,1.2644101554824385
4,6,PDIS,0.7285594868991164,0.39937367427978426,1,1.8242551620683904
4,6,DR,1.1262529515453394,0.39937367427978426,1,2.8200480504289183
4,6,robust_sim_lemma,1.432229657464511,0.39937367427978426,1,3.586189450387137
4,7,I2_O,0.4092110130893096,0.39937367427978426,1,1.024631916030183
4,7,I2_B,0.5178132247545768,0.39937367427978426,1,1.2965632391478534
4,7,PDIS,0.5662872856770985,0.39937367427978426,1,1.417938442483271
4,7,DR,0.9735402645081176,0.39937367427978426,1,2.4376675960521537
4,7,robust_sim_lemma,1.432229657464511,0.39937367427978426,1,3.586189450387137
4,8,I2_O,0.4092110130893096,0.39937367427978426,1,1.024631916030183
4,8,I2_B,0.5770589997061328,0.39937367427978426,1,1.4449099599436035
4,8,PDIS,0.7025647203295861,0.39937367427978426,1,1.759166328618343
4,8,DR,1.0973270679431097,0.39937367427978426,1,2.7476199324404367
4,8,robust_sim_lemma,1.432229657464511,0.39937367427978426,1,3.586189450387137
4,9,I2_O,0.4092110130893096,0.39937367427978426,1,1.024631916030183
4,9,I2_B,0.5267771563006536,0.39937367427978426,1,1.3190082126735672
4,9,PDIS,0.7333625103222429,0.39937367427978426,1,1.8362815517191056
4,9,DR,1.1358420300956569,0.39937367427978426,1,2.8440583424633394
4,9,robust_sim_lemma,1.432229657464511,0.39937367427978426,1,3.586189450387137
4,10,I2_O,0.4092110130893096,0.39937367427978426,1,1.024631916030183
4,10,I2_B,0.4912009407957366,0.39937367427978426,1,1.2299281911396645
4,10,PDIS,0.6688085926691426,0.39937367427978426,1,1.67464366266817
4,10,DR,1.066318370941227,0.39937367427978426,1,2.669976614918813
4,10,robust_sim_lemma,1.432229657464511,0.39937367427978426,1,3.586189450387137
4,11,I2_O,0.4092110130893096,0.39937367427978426,1,1.024631916030183
4,11,I2_B,0.5265915980678593,0.39937367427978426,1,1.318543589578094
4,11,PDIS,0.6154167443118809,0.39937367427978426,1,1.5409547097006349
4,11,DR,1.0315781923222307,0.39937367427978426,1,2.5829899634284628
4,11,robust_sim_lemma,1.432229657464511,0.39937367427978426,1,3.586189450387137
4,12,I2_O,0.4092110130893096,0.39937367427978426,1,1.024631916030183
4,12,I2_B,0.48068236854614305,0.39937367427978426,1,1.2035905206145294
4,12,PDIS,0.5738771011420362,0.39937367427978426,1,1.4369427383438453
4,12,DR,0.9923872609501815,0.39937367427978426,1,2.48485898010132
4,12,robust_sim_lemma,1.432229657464511,0.39937367427978426,1,3.586189450387137
4,13,I2_O,0.4092110130893096,0.39937367427978426,1,1.024631916030183
4,13,I2_B,0.5488771667036108,0.39937367427978426,1,1.374344885634827
4,13,PDIS,0.7520849559382975,0.39937367427978426,1,1.8831610703799637
4,13,DR,1.1400979663110435,0.39937367427978426,1,2.854714869143676
4,13,robust_sim_lemma,1.432229657464511,0.39937367427978426,1,3.586189450387137
4,14,I2_O,0.4092110130893096,0.39937367427978426,1,1.024631916030183
4,14,I2_B,0.5686259772218945,0.39937367427978426,1,1.4237943405942657
4,14,PDIS,0.5503012767559065,0.39937367427978426,1,1.3779107442379608
4,14,DR,0.9636497568236503,0.39937367427978426,1,2.4129025493767475
4,14,robust_sim_lemma,1.432229657464511,0.39937367427978426,1,3.586189450387137
4,15,I2_O,0.4092110130893096,0.39937367427978426,1,1.024631916030183
4,15,I2_B,0.5303563730019403,0.39937367427978426,1,1.3279702873715082
4,15,PDIS,0.6665011356894924,0.39937367427978426,1,1.6688659734306122
4,15,DR,1.066612149636632,0.39937367427978426,1,2.6707122134680534
4,15,robust_sim_lemma,1.432229657464511,0.39937367427978426,1,3.586189450387137
4,16,I2_O,0.4092110130893096,0.39937367427978426,1,1.024631916030183
4,16,I2_B,0.48852506501635795,0.39937367427978426,1,1.2232280104524818
4,16,PDIS,0.6670056713938114,0.39937367427978426,1,1.6701292908118313
4,16,DR,1.0631614862420786,0.39937367427978426,1,2.6620720260526554
4,16,robust_sim_lemma,1.432229657464511,0.39937367427978426,1,3.586189450387137
4,17,I2_O,0.4092110130893096,0.39937367427978426,1,1.024631916030183
4,17,I2_B,0.5230254809126684,0.39937367427978426,1,1.3096143151044526
4,17,PDIS,0.5533653350611273,0.39937367427978426,1,1.3855829031771958
4,17,DR,0.9509608044264689,0.39937367427978426,1,2.381130419127892
4,17,robust_sim_lemma,1.432229657464511,0.39937367427978426,1,3.586189450387137
4,18,I2_O,0.4092110130893096,0.39937367427978426,1,1.024631916030183
4,18,I2_B,0.5449603748127663,0.39937367427978426,1,1.3645375494404524
4,18,PDIS,0.7014957988431091,0.39937367427978426,1,1.7564898340086155
4,18,DR,1.102665378724513,0.39937367427978426,1,2.7609866391745004
4,18,robust_sim_lemma,1.432229657464511,0.39937367427978426,1,3.586189450387137
4,19,I2_O,0.4092110130893096,0.39937367427978426,1,1.024631916030183
4,19,I2_B,0.553939190880218,0.39937367427978426,1,1.3870197926269716
4,19,PDIS,0.6400372868791094,0.39937367427978426,1,1.6026025952595124
4,19,DR,1.0431987596751284,0.39937367427978426,1,2.6120869422762896
4,19,robust_sim_lemma,1.432229657464511,0.39937367427978426,1,3.586189450387137
4,20,I2_O,0.4092110130893096,0.39937367427978426,1,1.024631916030183
4,20,I2_B,0.4909243545324516,0.39937367427978426,1,1.2292356410766594
4,20,PDIS,0.5605188195601764,0.39937367427978426,1,1.4034946609112262
4,20,DR,0.9730087655228773,0.39937367427978426,1,2.436336764754375
4,20,robust_sim_lemma,1.432229657464511,0.39937367427978426,1,3.586189450387137
4,21,I2_O,0.4092110130893096,0.39937367427978426,1,1.024631916030183
4,21,I2_B,0.574625567153765,0.39937367427978426,1,1.4388168378649984
4,21,PDIS,0.48361841516562765,0.39937367427978426,1,1.2109421484472336
4,21,DR,0.9066087974078033,0.39937367427978426,1,2.2700765117849797
4,21,robust_sim_lemma,1.432229657464511,0.39937367427978426,1,3.586189450387137
4,22,I2_O,0.4092110130893096,0.39937367427978426,1,1.024631916030183
4,22,I2_B,0.5158687011894079,0.39937367427978426,1,1.291694306390391
4,22,PDIS,0.7208109685622187,0.39937367427978426,1,1.8048534868055652
4,22,DR,1.1333316937609368,0.39937367427978426,1,2.8377726594141324
4,22,robust_sim_lemma,1.432229657464511,0.39937367427978426,1,3.586189450387137
4,23,I2_O,0.4092110130893096,0.39937367427978426,1,1.024631916030183
4,23,I2_B,0.5528545434899828,0.39937367427978426,1,1.3843039216016935
4,23,PDIS,0.6111327063026947,0.39937367427978426,1,1.5302278183578044
4,23,DR,1.01017796032857,0.39937367427978426,1,2.529405480094019
4,23,robust_sim_lemma,1.432229657464511,0.39937367427978426,1,3.586189450387137
4,24,I2_O,0.4092110130893096,0.39937367427978426,1,1.024631916030183
4,24,I2_B,0.5140333736122151,0.39937367427978426,1,1.2870987917248276
4,24,PDIS,0.7589874083186602,0.39937367427978426,1,1.9004442636019765
4,24,DR,1.1519683732173585,0.39937367427978426,1,2.8844374264146873
4,24,robust_sim_lemma,1.432229657464511,0.39937367427978426,1,3.586189450387137
4,25,I2_O,0.4092110130893096,0.39937367427978426,1,1.024631916030183
4,25,I2_B,0.5531468518986276,0.39937367427978426,1,1.3850358386695172
4,25,PDIS,0.6343286735272163,0.39937367427978426,1,1.5883086802632678
4,25,DR,1.0542402790151613,0.39937367427978426,1,2.6397340308330017
4,25,robust_sim_lemma,1.432229657464511,0.39937367427978426,1,3.586189450387137
4,26,I2_O,0.4092110130893096,0.39937367427978426,1,1.024631916030183
4,26,I2_B,0.5583486979534706,0.39937367427978426,1,1.3980608485533657
4,26,PDIS,0.6823603316181065,0.39937367427978426,1,1.7085761420019732
4,26,DR,1.0831880879148663,0.39937367427978426,1,2.7122170480271333
4,26,robust_sim_lemma,1.432229657464511,0.39937367427978426,1,3.586189450387137
4,27,I2_O,0.4092110130893096,0.39937367427978426,1,1.024631916030183
4,27,I2_B,0.4568564585425306,0.39937367427978426,1,1.1439323319605597
4,27,PDIS,0.6208549016310406,0.39937367427978426,1,1.554571424244894
4,27,DR,1.035555821685124,0.39937367427978426,1,2.5929496318269027
4,27,robust_sim_lemma,1.432229657464511,0.39937367427978426,1,3.586189450387137
4,28,I2_O,0.4092110130893096,0.39937367427978426,1,1.024631916030183
4,28,I2_B,0.5322832115200329,0.39937367427978426,1,1.3327949381739614
4,28,PDIS,0.5794941042248044,0.39937367427978426,1,1.4510072684932043
4,28,DR,0.9789169304660891,0.39937367427978426,1,2.451130341105812
4,28,robust_sim_lemma,1.432229657464511,0.39937367427978426,1,3.586189450387137
4,29,I2_O,0.4092110130893096,0.39937367427978426,1,1.024631916030183
4,29,I2_B,0.5755924241830823,0.39937367427978426,1,1.4412377711702817
4,29,PDIS,0.683864947326769,0.39937367427978426,1,1.712343580382522
4,29,DR,1.0824704430311796,0.39937367427978426,1,2.7104201221657056
4,29,robust_sim_lemma,1.432229657464511,0.39937367427978426,1,3.586189450387137
4,30,I2_O,0.4092110130893096,0.39937367427978426,1,1.024631916030183
4,30,I2_B,0.4721105285843121,0.39937367427978426,1,1.182127313313024
4,30,PDIS,0.7155120818216664,0.39937367427978426,1,1.7915854947424725
4,30,DR,1.1134464518261806,0.39937367427978426,1,2.787981591010296
4,30,robust_sim_lemma,1.432229657464511,0.39937367427978426,1,3.586189450387137
4,31,I2_O,0.4092110130893096,0.39937367427978426,1,1.024631916030183
4,31,I2_B,0.4595497574266121,0.39937367427978426,1,1.1506761387198272
4,31,PDIS,0.5931422771769018,0.39937367427978426,1,1.4851812109212073
4,31,DR,1.0001829552812511,0.39937367427978426,1,2.5043787803113067
4,31,robust_sim_lemma,1.432229657464511,0.39937367427978426,1,3.586189450387137
4,32,I2_O,0.4092110130893096,0.39937367427978426,1,1.024631916030183
4,32,I2_B,0.5656687406200791,0.39937367427978426,1,1.4163896547267047
4,32,PDIS,0.7807199353271869,0.39937367427978426,1,1.954860787294276
4,32,DR,1.1790420662878267,0.39937367427978426,1,2.9522278062370226
4,32,robust_sim_lemma,1.432229657464511,0.39937367427978426,1,3.586189450387137
4,33,I2_O,0.4092110130893096,0.39937367427978426,1,1.024631916030183
4,33,I2_B,0.49179529644097164,0.39937367427978426,1,1.2314164105279526
4,33,PDIS,0.6756437756011927,0.39937367427978426,1,1.6917584185277703
4,33,DR,1.081063856853544,0.39937367427978426,1,2.706898141954636
4,33,robust_sim_lemma,1.432229657464511,0.39937367427978426,1,3.586189450387137
4,34,I2_O,0.4092110130893096,0.39937367427978426,1,1.024631916030183
4,34,I2_B,0.5187148553778629,0.39937367427978426,1,1.2988208507065322
4,34,PDIS,0.6103650327473141,0.39937367427978426,1,1.5283056246709898
4,34,DR,1.0317296137375545,0.39937367427978426,1,2.5833691106408994
4,34,robust_sim_lemma,1.432229657464511,0.39937367427978426,1,3.586189450387137
4,35,I2_O,0.4092110130893096,0.39937367427978426,1,1.024631916030183
4,35,I2_B,0.556869820577826,0.39937367427978426,1,1.394357856916995
4,35,PDIS,0.6597989067081952,0.39937367427978426,1,1.6520841237170982
4,35,DR,1.0631146159405613,0.39937367427978426,1,2.661954666535652
4,35,robust_sim_lemma,1.432229657464511,0.39937367427978426,1,3.586189450387137
4,36,I2_O,0.4092110130893096,0.39937367427978426,1,1.024631916030183
4,36,I2_B,0.5214878753940961,0.39937367427978426,1,1.3057642728568128
4,36,PDIS,0.7606444727155363,0.39937367427978426,1,1.9045934214047895
4,36,DR,1.1594905210490243,0.39937367427978426,1,2.903272287889297
4,36,robust_sim_lemma,1.432229657464511,0.39937367427978426,1,3.586189450387137
4,37,I2_O,0.4092110130893096,0.39937367427978426,1,1.024631916030183
4,37,I2_B,0.5573120910286729,0.39937367427978426,1,1.3954652670427237
4,37,PDIS,0.5692865002490902,0.39937367427978426,1,1.4254482378582427
4,37,DR,0.98693201909951,0.39937367427978426,1,2.4711994872453893
4,37,robust_sim_lemma,1.432229657464511,0.39937367427978426,1,3.586189450387137
4,38,I2_O,0.4092110130893096,0.39937367427978426,1,1.024631916030183
4,38,I2_B,0.4959954013590099,0.39937367427978426,1,1.2419331400685578
4,38,PDIS,0.7340918608384254,0.39937367427978426,1,1.838107787555751
4,38,DR,1.1420979752518337,0.39937367427978426,1,2.8597227328803054
4,38,robust_sim_lemma,1.432229657464511,0.39937367427978426,1,3.586189450387137
4,39,I2_O,0.4092110130893096,0.39937367427978426,1,1.024631916030183
4,39,I2_B,0.5167575177773898,0.39937367427978426,1,1.293919832621144
4,39,PDIS,0.538504059415352,0.39937367427978426,1,1.3483714478338371
4,39,DR,0.9423037608033972,0.39937367427978426,1,2.359453868617437
4,39,robust_sim_lemma,1.432229657464511,0.39937367427978426,1,3.586189450387137
4,40,I2_O,0.4092110130893096,0.39937367427978426,1,1.024631916030183
4,40,I2_B,0.5594845409064961,0.39937367427978426,1,1.400904909206772
4,40,PDIS,0.7546647953308382,0.39937367427978426,1,1.8896207835726098
4,40,DR,1.1545958614954728,0.39937367427978426,1,2.8910164486370524
4,40,robust_sim_lemma,1.432229657464511,0.39937367427978426,1,3.586189450387137
4,41,I2_O,0.4092110130893096,0.39937367427978426,1,1.024631916030183
4,41,I2_B,0.5138671388432183,0.39937367427978426,1,1.2866825530498658
4,41,PDIS,0.7438283421735467,0.39937367427978426,1,1.8624871644705656
4,41,DR,1.1509715377294674,0.39937367427978426,1,2.881941429427182
4,41,robust_sim_lemma,1.432229657464511,0.39937367427978426,1,3.586189450387137
4,42,I2_O,0.4092110130893096,0.39937367427978426,1,1.024631916030183
4,42,I2_B,0.49167087550396865,0.39937367427978426,1,1.231104870371413
4,42,PDIS,0.6147791486085393,0.39937367427978426,1,1.5393582206368743
4,42,DR,1.0211656559126068,0.39937367427978426,1,2.5569177982352973
4,42,robust_sim_lemma,1.432229657464511,0.39937367427978426,1,3.586189450387137
4,43,I2_O,0.4092110130893096,0.39937367427978426,1,1.024631916030183
4,43,I2_B,0.489135881879156,0.39937367427978426,1,1.2247574474237581
4,43,PDIS,0.6032535736110921,0.39937367427978426,1,1.510499095111808
4,43,DR,1.0129660178559972,0.39937367427978426,1,2.5363865549794755
4,43,robust_sim_lemma,1.432229657464511,0.39937367427978426,1,3.586189450387137
4,44,I2_O,0.4092110130893096,0.39937367427978426,1,1.024631916030183
4,44,I2_B,0.4789495995192257,0.39937367427978426,1,1.199251804423378
4,44,PDIS,0.6454322035521188,0.39937367427978426,1,1.616111038655884
4,44,DR,1.0572416561022395,0.39937367427978426,1,2.647249240974208
4,44,robust_sim_lemma,1.432229657464511,0.39937367427978426,1,3.586189450387137
4,45,I2_O,0.4092110130893096,0.39937367427978426,1,1.024631916030183
4,45,I2_B,0.49243005966270065,0.39937367427978426,1,1.2330058072824426
4,45,PDIS,0.6165806083737705,0.39937367427978426,1,1.543868932987857
4,45,DR,1.0259762532735248,0.39937367427978426,1,2.5689631524254386
4,45,robust_sim_lemma,1.432229657464511,0.39937367427978426,1,3.586189450387137
4,46,I2_O,0.4092110130893096,0.39937367427978426,1,1.024631916030183
4,46,I2_B,0.5354550950482948,0.39937367427978426,1,1.3407370829184342
4,46,PDIS,0.5391383958513624,0.39937367427978426,1,1.3499597759507425
4,46,DR,0.9568513459521669,0.39937367427978426,1,2.3958798678398554
4,46,robust_sim_lemma,1.432229657464511,0.39937367427978426,1,3.586189450387137
4,47,I2_O,0.4092110130893096,0.39937367427978426,1,1.024631916030183
4,47,I2_B,0.5342450152272527,0.39937367427978426,1,1.3377071390363684
4,47,PDIS,0.7036736573127708,0.39937367427978426,1,1.7619430188575895
4,47,DR,1.10159024226538,0.39937367427978426,1,2.7582945827662457
4,47,robust_sim_lemma,1.432229657464511,0.39937367427978426,1,3.586189450387137
4,48,I2_O,0.4092110130893096,0.39937367427978426,1,1.024631916030183
4,48,I2_B,0.5483353450374215,0.39937367427978426,1,1.3729882071628012
4,48,PDIS,0.627657046152924,0.39937367427978426,1,1.5716034545462154
4,48,DR,1.0328541443575778,0.39937367427978426,1,2.5861848461098216
4,48,robust_sim_lemma,1.432229657464511,0.39937367427978426,1,3.586189450387137
4,49,I2_O,0.4092110130893096,0.39937367427978426,1,1.024631916030183
4,49,I2_B,0.473659893427167,0.39937367427978426,1,1.1860067999758566
4,49,PDIS,0.6195087869312382,0.39937367427978426,1,1.5512008598174065
4,49,DR,1.0251405511366585,0.39937367427978426,1,2.5668706205669642
4,49,robust_sim_lemma,1.432229657464511,0.39937367427978426,1,3.586189450387137
5,0,I2_O,0.45175672658204763,0.43905238827242254,1,1.0289358141510492
5,0,I2_B,0.6040369650430517,0.43905238827242254,1,1.375774238285796
5,0,PDIS,0.5978508033661897,0.43905238827242254,1,1.3616844352415551
5,0,DR,1.0458963773961676,0.43905238827242254,1,2.382167607632307
5,0,robust_sim_lemma,1.6015345916674366,0.43905238827242254,1,3.6477072769587555
5,1,I2_O,0.45175672658204763,0.43905238827242254,1,1.0289358141510492
5,1,I2_B,0.552572816300601,0.43905238827242254,1,1.2585578192043485
5,1,PDIS,0.6582226903281411,0.43905238827242254,1,1.4991894086218434
5,1,DR,1.0811612749342219,0.43905238827242254,1,2.4624880852792095
5,1,robust_sim_lemma,1.6015345916674366,0.43905238827242254,1,3.6477072769587555
5,2,I2_O,0.45175672658204763,0.43905238827242254,1,1.0289358141510492
5,2,I2_B,0.5387357834719132,0.43905238827242254,1,1.22704214317504
5,2,PDIS,0.691952431083973,0.43905238827242254,1,1.5760133632495614
5,2,DR,1.129250275988798,0.43905238827242254,1,2.572017158207832
5,2,robust_sim_lemma,1.6015345916674366,0.43905238827242254,1,3.6477072769587555
5,3,I2_O,0.45175672658204763,0.43905238827242254,1,1.0289358141510492
5,3,I2_B,0.5982008165343837,0.43905238827242254,1,1.3624816366178447
5,3,PDIS,0.7263874747411675,0.43905238827242254,1,1.6544437387058688
5,3,DR,1.1655894894581733,0.43905238827242254,1,2.654784532762751
5,3,robust_sim_lemma,1.6015345916674366,0.43905238827242254,1,3.6477072769587555
5,4,I2_O,0.45175672658204763,0.43905238827242254,1,1.0289358141510492
5,4,I2_B,0.5926256367166473,0.43905238827242254,1,1.3497834257285393
5,4,PDIS,0.6747737552923637,0.43905238827242254,1,1.5368866525187448
5,4,DR,1.1129306489433484,0.43905238827242254,1,2.5348470448424
5,4,robust_sim_lemma,1.6015345916674366,0.43905238827242254,1,3.6477072769587555
5,5,I2_O,0.45175672658204763,0.43905238827242254,1,1.0289358141510492
5,5,I2_B,0.6340822452437067,0.43905238827242254,1,1.444206345713515
5,5,PDIS,0.6817776504130467,0.43905238827242254,1,1.552838951851956
5,5,DR,1.1180011280316027,0.43905238827242254,1,2.5463957329345104
5,5,robust_sim_lemma,1.6015345916674366,0.43905238827242254,1,3.6477072769587555
5,6,I2_O,0.45175672658204763,0.43905238827242254,1,1.0289358141510492
5,6,I2_B,0.5989071103860224,0.43905238827242254,1,1.364090314467014
5,6,PDIS,0.8140508820873728,0.43905238827242254,1,1.8541087665881724
5,6,DR,1.2354602586542347,0.43905238827242254,1,2.813924469276906
5,6,robust_sim_lemma,1.6015345916674366,0.43905238827242254,1,3.6477072769587555
5,7,I2_O,0.45175672658204763,0.43905238827242254,1,1.0289358141510492
5,7,I2_B,0.5907289750259702,0.43905238827242254,1,1.3454635273716713
5,7,PDIS,0.608040811582497,0.43905238827242254,1,1.3848935293918063
5,7,DR,1.0459560333626783,0.43905238827242254,1,2.3823034820019817
5,7,robust_sim_lemma,1.6015345916674366,0.43905238827242254,1,3.6477072769587555
5,8,I2_O,0.45175672658204763,0.43905238827242254,1,1.0289358141510492
5,8,I2_B,0.5314328294624797,0.43905238827242254,1,1.2104086975897215
5,8,PDIS,0.8198861459910208,0.43905238827242254,1,1.867399353450958
5,8,DR,1.2509733038346216,0.43905238827242254,1,2.8492574855518598
5,8,robust_sim_lemma,1.6015345916674366,0.43905238827242254,1,3.6477072769587555
5,9,I2_O,0.45175672658204763,0.43905238827242254,1,1.0289358141510492
5,9,I2_B,0.5303790672214186,0.43905238827242254,1,1.2080086144351636
5,9,PDIS,0.6257696727084808,0.43905238827242254,1,1.4252733601353382
5,9,DR,1.0703343287655196,0.43905238827242254,1,2.4378282805317535
5,9,robust_sim_lemma,1.6015345916674366,0.43905238827242254,1,3.6477072769587555
5,10,I2_O,0.45175672658204763,0.43905238827242254,1,1.0289358141510492
5,10,I2_B,0.6007768155787049,0.43905238827242254,1,1.3683488158272716
5,10,PDIS,0.6733398058448209,0.43905238827242254,1,1.5336206426168626
5,10,DR,1.1156402115407316,0.43905238827242254,1,2.5410184327445244
5,10,robust_sim_lemma,1.6015345916674366,0.43905238827242254,1,3.6477072769587555
5,11,I2_O,0.45175672658204763,0.43905238827242254,1,1.0289358141510492
5,11,I2_B,0.5385261692864991,0.43905238827242254,1,1.2265647190885003
5,11,PDIS,0.6856956356075744,0.43905238827242254,1,1.5617626823660848
5,11,DR,1.1460901838937971,0.43905238827242254,1,2.610372280181455
5,11,robust_sim_lemma,1.6015345916674366,0.43905238827242254,1,3.6477072769587555
5,12,I2_O,0.45175672658204763,0.43905238827242254,1,1.0289358141510492
5,12,I2_B,0.6416315953858024,0.43905238827242254,1,1.461400991144783
5,12,PDIS,0.7144164103123253,0.43905238827242254,1,1.627178052995911
5,12,DR,1.1402419666837265,0.43905238827242254,1,2.5970521904466466
5,12,robust_sim_lemma,1.6015345916674366,0.43905238827242254,1,3.6477072769587555
5,13,I2_O,0.45175672658204763,0.43905238827242254,1,1.0289358141510492
5,13,I2_B,0.5535195946950744,0.43905238827242254,1,1.2607142324701976
5,13,PDIS,0.7350731534635625,0.43905238827242254,1,1.6742265230714688
5,13,DR,1.1517375669144618,0.43905238827242254,1,2.623234943434207
5,13,robust_sim_lemma,1.6015345916674366,0.43905238827242254,1,3.6477072769587555
5,14,I2_O,0.45175672658204763,0.43905238827242254,1,1.0289358141510492
5,14,I2_B,0.5795089771101322,0.43905238827242254,1,1.3199084951806692
5,14,PDIS,0.711281522643285,0.43905238827242254,1,1.6200379308766
5,14,DR,1.1569196850345076,0.43905238827242254,1,2.6350379042162593
5,14,robust_sim_lemma,1.6015345916674366,0.43905238827242254,1,3.6477072769587555
5,15,I2_O,0.45175672658204763,0.43905238827242254,1,1.0289358141510492
5,15,I2_B,0.5518527654912139,0.43905238827242254,1,1.2569178080607573
5,15,PDIS,0.603178652000614,0.43905238827242254,1,1.3738193165831378
5,15,DR,1.0366830826274294,0.43905238827242254,1,2.3611831077984933
5,15,robust_sim_lemma,1.6015345916674366,0.43905238827242254,1,3.6477072769587555
5,16,I2_O,0.45175672658204763,0.43905238827242254,1,1.0289358141510492
5,16,I2_B,0.508047653794365,0.43905238827242254,1,1.1571458608696428
5,16,PDIS,0.836178362274611,0.43905238827242254,1,1.9045070351736255
5,16,DR,1.2685583321084577,0.43905238827242254,1,2.889309717913081
5,16,robust_sim_lemma,1.6015345916674366,0.43905238827242254,1,3.6477072769587555
5,17,I2_O,0.45175672658204763,0.43905238827242254,1,1.0289358141510492
5,17,I2_B,0.6016442843411924,0.43905238827242254,1,1.3703245908957113
5,17,PDIS,0.7213215289532874,0.43905238827242254,1,1.6429053758061394
5,17,DR,1.1646645775484519,0.43905238827242254,1,2.652677923313795
5,17,robust_sim_lemma,1.6015345916674366,0.43905238827242254,1,3.6477072769587555
5,18,I2_O,0.45175672658204763,0.43905238827242254,1,1.0289358141510492
5,18,I2_B,0.5371028154168873,0.43905238827242254,1,1.223322842019542
5,18,PDIS,0.7374639875202197,0.43905238827242254,1,1.6796719644823779
5,18,DR,1.162315015437346,0.43905238827242254,1,2.647326484228471
5,18,robust_sim_lemma,1.6015345916674366,0.43905238827242254,1,3.6477072769587555
5,19,I2_O,0.45175672658204763,0.43905238827242254,1,1.0289358141510492
5,19,I2_B,0.5461206949778735,0.43905238827242254,1,1.2438622578201701
5,19,PDIS,0.7793951255019701,0.43905238827242254,1,1.7751756881877436
5,19,DR,1.2162163902168768,0.43905238827242254,1,2.770094008604369
5,19,robust_sim_lemma,1.6015345916674366,0.43905238827242254,1,3.6477072769587555
5,20,I2_O,0.45175672658204763,0.43905238827242254,1,1.0289358141510492
5,20,I2_B,0.6067917342756513,0.43905238827242254,1,1.382048590290665
5,20,PDIS,0.7107763172831411,0.43905238827242254,1,1.618887258716196
5,20,DR,1.139762879730199,0.43905238827242254,1,2.595961006418671
5,20,robust_sim_lemma,1.6015345916674366,0.43905238827242254,1,3.6477072769587555
5,21,I2_O,0.45175672658204763,0.43905238827242254,1,1.0289358141510492
5,21,I2_B,0.6046936201432039,0.43905238827242254,1,1.3772698573000464
5,21,PDIS,0.61479814812323,0.43905238827242254,1,1.4002842588838418
5,21,DR,1.0443480443355666,0.43905238827242254,1,2.3786410738929202
5,21,robust_sim_lemma,1.6015345916674366,0.43905238827242254,1,3.6477072769587555
5,22,I2_O,0.45175672658204763,0.43905238827242254,1,1.0289358141510492
5,22,I2_B,0.5430873237743394,0.43905238827242254,1,1.2369533529045866
5,22,PDIS,0.7307736865483089,0.43905238827242254,1,1.6644339173822682
5,22,DR,1.1625637910519648,0.43905238827242254,1,2.647893103659919
5,22,robust_sim_lemma,1.6015345916674366,0.43905238827242254,1,3.6477072769587555
5,23,I2_O,0.45175672658204763,0.43905238827242254,1,1.0289358141510492
5,23,I2_B,0.6256329878655764,0.43905238827242254,1,1.4249620422913738
5,23,PDIS,0.7342632718719034,0.43905238827242254,1,1.672381910416369
5,23,DR,1.1701234351912841,0.43905238827242254,1,2.6651111950340827
5,23,robust_sim_lemma,1.6015345916674366,0.43905238827242254,1,3.6477072769587555
5,24,I2_O,0.45175672658204763,0.43905238827242254,1,1.0289358141510492
5,24,I2_B,0.5489530815266298,0.43905238827242254,1,1.2503133935488724
5,24,PDIS,0.7166745135384426,0.43905238827242254,1,1.632321182350024
5,24,DR,1.1597285879082602,0.43905238827242254,1,2.641435552762951
5,24,robust_sim_lemma,1.6015345916674366,0.43905238827242254,1,3.6477072769587555
5,25,I2_O,0.45175672658204763,0.43905238827242254,1,1.0289358141510492
5,25,I2_B,0.5676037788517313,0.43905238827242254,1,1.2927928284028496
5,25,PDIS,0.6601915353982241,0.43905238827242254,1,1.5036737141914587
5,25,DR,1.0843953770277652,0.43905238827242254,1,2.4698541813987838
5,25,robust_sim_lemma,1.6015345916674366,0.43905238827242254,1,3.6477072769587555
5,26,I2_O,0.45175672658204763,0.43905238827242254,1,1.0289358141510492
5,26,I2_B,0.5976935359055502,0.43905238827242254,1,1.361326237757974
5,26,PDIS,0.7267281982563757,0.43905238827242254,1,1.6552197816663659
5,26,DR,1.1507960686773133,0.43905238827242254,1,2.6210905564264215
5,26,robust_sim_lemma,1.6015345916674366,0.43905238827242254,1,3.6477072769587555
5,27,I2_O,0.45175672658204763,0.43905238827242254,1,1.0289358141510492
5,27,I2_B,0.5499327849166908,0.43905238827242254,1,1.2525447978555793
5,27,PDIS,0.7974996539874212,0.43905238827242254,1,1.8164111511280285
5,27,DR,1.229877183517475,0.43905238827242254,1,2.801208275752193
5,27,robust_sim_lemma,1.6015345916674366,0.43905238827242254,1,3.6477072769587555
5,28,I2_O,0.45175672658204763,0.43905238827242254,1,1.0289358141510492
5,28,I2_B,0.5524039864921984,0.43905238827242254,1,1.2581732869414288
5,28,PDIS,0.6754225893052656,0.43905238827242254,1,1.5383644579702875
5,28,DR,1.1176775213515082,0.43905238827242254,1,2.545658675834405
5,28,robust_sim_lemma,1.6015345916674366,0.43905238827242254,1,3.6477072769587555
5,29,I2_O,0.45175672658204763,0.43905238827242254,1,1.0289358141510492
5,29,I2_B,0.6259166903829035,0.43905238827242254,1,1.425608212372451
5,29,PDIS,0.8026345907642928,0.43905238827242254,1,1.8281066501482628
5,29,DR,1.2209378185888724,0.43905238827242254,1,2.780847687432022
5,29,robust_sim_lemma,1.6015345916674366,0.43905238827242254,1,3.6477072769587555
5,30,I2_O,0.45175672658204763,0.43905238827242254,1,1.0289358141510492
5,30,I2_B,0.6081997856165574,0.43905238827242254,1,1.3852556138225185
5,30,PDIS,0.7119909391743889,0.43905238827242254,1,1.6216537210420865
5,30,DR,1.1383880075992048,0.43905238827242254,1,2.5928295529344885
5,30,robust_sim_lemma,1.6015345916674366,0.43905238827242254,1,3.6477072769587555
5,31,I2_O,0.45175672658204763,0.43905238827242254,1,1.0289358141510492
5,31,I2_B,0.6100668052568368,0.43905238827242254,1,1.3895079984812735
5,31,PDIS,0.5701522070229953,0.43905238827242254,1,1.2985972112950406
5,31,DR,1.0158025702142672,0.43905238827242254,1,2.3136249735737313
5,31,robust_sim_lemma,1.6015345916674366,0.43905238827242254,1,3.6477072769587555
5,32,I2_O,0.45175672658204763,0.43905238827242254,1,1.0289358141510492
5,32,I2_B,0.5952070571665495,0.43905238827242254,1,1.3556629529076525
5,32,PDIS,0.651741858451646,0.43905238827242254,1,1.484428455146574
5,32,DR,1.0894596263089271,0.43905238827242254,1,2.481388680279632
5,32,robust_sim_lemma,1.6015345916674366,0.43905238827242254,1,3.6477072769587555
5,33,I2_O,0.45175672658204763,0.43905238827242254,1,1.0289358141510492
5,33,I2_B,0.5723024180298334,0.43905238827242254,1,1.3034946018212572
5,33,PDIS,0.6687086817664752,0.43905238827242254,1,1.523072643785634
5,33,DR,1.101099230462399,0.43905238827242254,1,2.5078994212854404
5,33,robust_sim_lemma,1.6015345916674366,0.43905238827242254,1,3.6477072769587555
5,34,I2_O,0.45175672658204763,0.43905238827242254,1,1.0289358141510492
5,34,I2_B,0.6115711178412451,0.43905238827242254,1,1.3929342697522884
5,34,PDIS,0.7087031341980293,0.43905238827242254,1,1.6141653094898878
5,34,DR,1.1536346794031234,0.43905238827242254,1,2.627555868543227
5,34,robust_sim_lemma,1.6015345916674366,0.43905238827242254,1,3.6477072769587555
5,35,I2_O,0.45175672658204763,0.43905238827242254,1,1.0289358141510492
5,35,I2_B,0.575914763388201,0.43905238827242254,1,1.3117221971034088
5,35,PDIS,0.6305562552150915,0.43905238827242254,1,1.4361754361391719
5,35,DR,1.0761710068791182,0.43905238827242254,1,2.4511220884451204
5,35,robust_sim_lemma,1.6015345916674366,0.43905238827242254,1,3.6477072769587555
5,36,I2_O,0.45175672658204763,0.43905238827242254,1,1.0289358141510492
5,36,I2_B,0.5485141396184635,0.43905238827242254,1,1.2493136451819555
5,36,PDIS,0.721178591483082,0.43905238827242254,1,1.6425798167748635
5,36,DR,1.1465868617537502,0.43905238827242254,1,2.6115035298300615
5,36,robust_sim_lemma,1.6015345916674366,0.43905238827242254,1,3.6477072769587555
5,37,I2_O,0.45175672658204763,0.43905238827242254,1,1.0289358141510492
5,37,I2_B,0.5580280324990289,0.43905238827242254,1,1.2709827970524203
5,37,PDIS,0.8320486584863808,0.43905238827242254,1,1.895101087504192
5,37,DR,1.2528779273572992,0.43905238827242254,1,2.8535955180362564
5,37,robust_sim_lemma,1.6015345916674366,0.43905238827242254,1,3.6477072769587555
5,38,I2_O,0.45175672658204763,0.43905238827242254,1,1.0289358141510492
5,38,I2_B,0.581481888248313,0.43905238827242254,1,1.324402061759236
5,38,PDIS,0.6927872813085382,0.43905238827242254,1,1.5779148452750895
5,38,DR,1.1351055891327055,0.43905238827242254,1,2.5853534098723476
5,38,robust_sim_lemma,1.6015345916674366,0.43905238827242254,1,3.6477072769587555
5,39,I2_O,0.45175672658204763,0.43905238827242254,1,1.0289358141510492
5,39,I2_B,0.5458651578790837,0.43905238827242254,1,1.2432802382124526
5,39,PDIS,0.7253166500942586,0.43905238827242254,1,1.6520047936607858
5,39,DR,1.168254587225248,0.43905238827242254,1,2.660854646121117
5,39,robust_sim_lemma,1.6015345916674366,0.43905238827242254,1,3.6477072769587555
5,40,I2_O,0.45175672658204763,0.43905238827242254,1,1.0289358141510492
5,40,I2_B,0.5762283926202652,0.43905238827242254,1,1.3124365292433573
5,40,PDIS,0.6574112166288958,0.43905238827242254,1,1.4973411697307208
5,40,DR,1.0936381845199223,0.43905238827242254,1,2.4909059003713776
5,40,robust_sim_lemma,1.6015345916674366,0.43905238827242254,1,3.6477072769587555
5,41,I2_O,0.45175672658204763,0.43905238827242254,1,1.0289358141510492
5,41,I2_B,0.6322153436183643,0.43905238827242254,1,1.439954229849419
5,41,PDIS,0.717321972249929,0.43905238827242254,1,1.6337958553703305
5,41,DR,1.1450449758018966,0.43905238827242254,1,2.6079916802352545
5,41,robust_sim_lemma,1.6015345916674366,0.43905238827242254,1,3.6477072769587555
5,42,I2_O,0.45175672658204763,0.43905238827242254,1,1.0289358141510492
5,42,I2_B,0.6008548420518335,0.43905238827242254,1,1.3685265314603323
5,42,PDIS,0.6715575985529808,0.43905238827242254,1,1.529561429321491
5,42,DR,1.1214507301441659,0.43905238827242254,1,2.5542526589066856
5,42,robust_sim_lemma,1.6015345916674366,0.43905238827242254,1,3.6477072769587555
5,43,I2_O,0.45175672658204763,0.43905238827242254,1,1.0289358141510492
5,43,I2_B,0.633216062228065,0.43905238827242254,1,1.4422334991039112
5,43,PDIS,0.8528030596473041,0.43905238827242254,1,1.9423719866390026
5,43,DR,1.2854222256524253,0.43905238827242254,1,2.9277194703581673
5,43,robust_sim_lemma,1.6015345916674366,0.43905238827242254,1,3.6477072769587555
5,44,I2_O,0.45175672658204763,0.43905238827242254,1,1.0289358141510492
5,44,I2_B,0.5319943728006353,0.43905238827242254,1,1.2116876869612752
5,44,PDIS,0.7335398891908692,0.43905238827242254,1,1.670734310493543
5,44,DR,1.160061693705912,0.43905238827242254,1,2.64219424536217
5,44,robust_sim_lemma,1.6015345916674366,0.43905238827242254,1,3.6477072769587555
5,45,I2_O,0.45175672658204763,0.43905238827242254,1,1.0289358141510492
5,45,I2_B,0.5265167027260951,0.43905238827242254,1,1.1992115674346424
5,45,PDIS,0.659265318923317,0.43905238827242254,1,1.501564133422404
5,45,DR,1.1061481019654114,0.43905238827242254,1,2.5193988952386026
5,45,robust_sim_lemma,1.6015345916674366,0.43905238827242254,1,3.6477072769587555
5,46,I2_O,0.45175672658204763,0.43905238827242254,1,1.0289358141510492
5,46,I2_B,0.524881115074279,0.43905238827242254,1,1.1954862998002909
5,46,PDIS,0.677590147311688,0.43905238827242254,1,1.5433013585869801
5,46,DR,1.0895301325906184,0.43905238827242254,1,2.4815492676800757
5,46,robust_sim_lemma,1.6015345916674366,0.43905238827242254,1,3.6477072769587555
5,47,I2_O,0.45175672658204763,0.43905238827242254,1,1.0289358141510492
5,47,I2_B,0.6227596386536557,0.43905238827242254,1,1.4184176086687104
5,47,PDIS,0.6222617693871019,0.43905238827242254,1,1.4172836454336786
5,47,DR,1.0740034206757674,0.43905238827242254,1,2.4461851236061865
5,47,robust_sim_lemma,1.6015345916674366,0.43905238827242254,1,3.6477072769587555
5,48,I2_O,0.45175672658204763,0.43905238827242254,1,1.0289358141510492
5,48,I2_B,0.5601254026514061,0.43905238827242254,1,1.2757598355298327
5,48,PDIS,0.7636723381609601,0.43905238827242254,1,1.7393649563457514
5,48,DR,1.1811380310738722,0.43905238827242254,1,2.690198396873317
5,48,robust_sim_lemma,1.6015345916674366,0.43905238827242254,1,3.6477072769587555
5,49,I2_O,0.45175672658204763,0.43905238827242254,1,1.0289358141510492
5,49,I2_B,0.5783845021954077,0.43905238827242254,1,1.317347354540599
5,49,PDIS,0.6015028520845073,0.43905238827242254,1,1.370002460187707
5,49,DR,1.0532232379441435,0.43905238827242254,1,2.3988555035273857
5,49,robust_sim_lemma,1.6015345916674366,0.43905238827242254,1,3.6477072769587555
6,0,I2_O,0.4451936430386275,0.43528169772135206,1,1.0227713349060237
6,0,I2_B,0.5325059844368186,0.43528169772135206,1,1.2233594640537935
6,0,PDIS,0.6668319185760767,0.43528169772135206,1,1.5319548744338725
6,0,DR,1.104307591607458,0.43528169772135206,1,2.5369952317967353
6,0,robust_sim_lemma,1.6623238693125364,0.43528169772135206,1,3.8189610958021074
6,1,I2_O,0.4451936430386275,0.43528169772135206,1,1.0227713349060237
6,1,I2_B,0.5915685888093651,0.43528169772135206,1,1.3590476969423626
6,1,PDIS,0.6718820616197401,0.43528169772135206,1,1.5435568854306596
6,1,DR,1.1230084990527955,0.43528169772135206,1,2.5799580017529142
6,1,robust_sim_lemma,1.6623238693125364,0.43528169772135206,1,3.8189610958021074
6,2,I2_O,0.4451936430386275,0.43528169772135206,1,1.0227713349060237
6,2,I2_B,0.5376780698640603,0.43528169772135206,1,1.2352416209519974
6,2,PDIS,0.6827484243398225,0.43528169772135206,1,1.5685208634177117
6,2,DR,1.1187506666451008,0.43528169772135206,1,2.5701762157738943
6,2,robust_sim_lemma,1.6623238693125364,0.43528169772135206,1,3.8189610958021074
6,3,I2_O,0.4451936430386275,0.43528169772135206,1,1.0227713349060237
6,3,I2_B,0.5423778498559324,0.43528169772135206,1,1.246038720890899
6,3,PDIS,0.581584641912392,0.43528169772135206,1,1.3361109482822697
6,3,DR,1.0105202354276308,0.43528169772135206,1,2.32153164426068
6,3,robust_sim_lemma,1.6623238693125364,0.43528169772135206,1,3.8189610958021074
6,4,I2_O,0.4451936430386275,0.43528169772135206,1,1.0227713349060237
6,4,I2_B,0.5903496063168366,0.43528169772135206,1,1.3562472518537918
6,4,PDIS,0.5398669543616084,0.43528169772135206,1,1.2402702828714087
6,4,DR,0.980738525040358,0.43528169772135206,1,2.2531122493190217
6,4,robust_sim_lemma,1.6623238693125364,0.43528169772135206,1,3.8189610958021074
6,5,I2_O,0.4451936430386275,0.43528169772135206,1,1.0227713349060237
6,5,I2_B,0.6180792239107741,0.43528169772135206,1,1.4199522450549733
6,5,PDIS,0.7124782213016307,0.43528169772135206,1,1.636820994384486
6,5,DR,1.1541784274233113,0.43528169772135206,1,2.6515666371117788
6,5,robust_sim_lemma,1.6623238693125364,0.43528169772135206,1,3.8189610958021074
6,6,I2_O,0.4451936430386275,0.43528169772135206,1,1.0227713349060237
6,6,I2_B,0.5084015708725196,0.43528169772135206,1,1.1679828799003986
6,6,PDIS,0.644521827710669,0.43528169772135206,1,1.4807005005831033
6,6,DR,1.082262961857937,0.43528169772135206,1,2.4863507184507294
6,6,robust_sim_lemma,1.6623238693125364,0.43528169772135206,1,3.8189610958021074
6,7,I2_O,0.4451936430386275,0.43528169772135206,1,1.0227713349060237
6,7,I2_B,0.5929786219582658,0.43528169772135206,1,1.3622870547106354
6,7,PDIS,0.7184006580658764,0.43528169772135206,1,1.6504269805659608
6,7,DR,1.149029782080698,0.43528169772135206,1,2.6397383305931132
6,7,robust_sim_lemma,1.6623238693125364,0.43528169772135206,1,3.8189610958021074
6,8,I2_O,0.4451936430386275,0.43528169772135206,1,1.0227713349060237
6,8,I2_B,0.5252587196224591,0.43528169772135206,1,1.20670986713231
6,8,PDIS,0.6315173278872566,0.43528169772135206,1,1.4508244458546609
6,8,DR,1.068910434787942,0.43528169772135206,1,2.4556751188565036
6,8,robust_sim_lemma,1.6623238693125364,0.43528169772135206,1,3.8189610958021074
6,9,I2_O,0.4451936430386275,0.43528169772135206,1,1.0227713349060237
6,9,I2_B,0.5668831135493504,0.43528169772135206,1,1.3023362032378483
6,9,PDIS,0.6166814941636618,0.43528169772135206,1,1.4167411526648515
6,9,DR,1.057564715007636,0.43528169772135206,1,2.4296098837692037
6,9,robust_sim_lemma,1.6623238693125364,0.43528169772135206,1,3.8189610958021074
6,10,I2_O,0.4451936430386275,0.43528169772135206,1,1.0227713349060237
6,10,I2_B,0.5199692108109708,0.43528169772135206,1,1.1945579461138565
6,10,PDIS,0.6918097283911084,0.43528169772135206,1,1.5893379666837593
6,10,DR,1.1425230399187316,0.43528169772135206,1,2.6247899829000483
6,10,robust_sim_lemma,1.6623238693125364,0.43528169772135206,1,3.8189610958021074
6,11,I2_O,0.4451936430386275,0.43528169772135206,1,1.0227713349060237
6,11,I2_B,0.561299178200817,0.43528169772135206,1,1.2895078776322355
6,11,PDIS,0.7232730570092172,0.43528169772135206,1,1.661620648870526
6,11,DR,1.1635776689275317,0.43528169772135206,1,2.673160105326556
6,11,robust_sim_lemma,1.6623238693125364,0.43528169772135206,1,3.8189610958021074
6,12,I2_O,0.4451936430386275,0.43528169772135206,1,1.0227713349060237
6,12,I2_B,0.5101869246654877,0.43528169772135206,1,1.1720844853717847
6,12,PDIS,0.5517878042405022,0.43528169772135206,1,1.2676568004789674
6,12,DR,1.009287091190616,0.43528169772135206,1,2.3186986645064884
6,12,robust_sim_lemma,1.6623238693125364,0.43528169772135206,1,3.8189610958021074
6,13,I2_O,0.4451936430386275,0.43528169772135206,1,1.0227713349060237
6,13,I2_B,0.5685893725898501,0.43528169772135206,1,1.3062560993635797
6,13,PDIS,0.6123232666692804,0.43528169772135206,1,1.406728722743731
6,13,DR,1.0564717532601633,0.43528169772135206,1,2.4270989540581818
6,13,robust_sim_lemma,1.6623238693125364,0.43528169772135206,1,3.8189610958021074
6,14,I2_O,0.4451936430386275,0.43528169772135206,1,1.0227713349060237
6,14,I2_B,0.5893470885422998,0.43528169772135206,1,1.3539441047658602
6,14,PDIS,0.5955517097414464,0.43528169772135206,1,1.3681983709838683
6,14,DR,1.0119882743690463,0.43528169772135206,1,2.324904262381544
6,14,robust_sim_lemma,1.6623238693125364,0.43528169772135206,1,3.8189610958021074
6,15,I2_O,0.4451936430386275,0.43528169772135206,1,1.0227713349060237
6,15,I2_B,0.5598556265366192,0.43528169772135206,1,1.2861915156722574
6,15,PDIS,0.6022411202287872,0.43528169772135206,1,1.383566374100836
6,15,DR,1.031819770215963,0.43528169772135206,1,2.3704644041259186
6,15,robust_sim_lemma,1.6623238693125364,0.43528169772135206,1,3.8189610958021074
6,16,I2_O,0.4451936430386275,0.43528169772135206,1,1.0227713349060237
6,16,I2_B,0.5779315424576499,0.43528169772135206,1,1.3277184533212694
6,16,PDIS,0.5575275265099613,0.43528169772135206,1,1.2808430251686473
6,16,DR,0.9877916704380825,0.43528169772135206,1,2.269315883504991
6,16,robust_sim_lemma,1.6623238693125364,0.43528169772135206,1,3.8189610958021074
6,17,I2_O,0.4451936430386275,0.43528169772135206,1,1.0227713349060237
6,17,I2_B,0.5448155926560445,0.43528169772135206,1,1.251639100628603
6,17,PDIS,0.6061701700902598,0.43528169772135206,1,1.3925928272736678
6,17,DR,1.0517325985275314,0.43528169772135206,1,2.4162113960527782
6,17,robust_sim_lemma,1.6623238693125364,0.43528169772135206,1,3.8189610958021074
6,18,I2_O,0.4451936430386275,0.43528169772135206,1,1.0227713349060237
6,18,I2_B,0.5830547461837934,0.43528169772135206,1,1.3394883112155087
6,18,PDIS,0.7854248889045539,0.43528169772135206,1,1.8044059582935827
6,18,DR,1.211323478583315,0.43528169772135206,1,2.7828495544941343
6,18,robust_sim_lemma,1.6623238693125364,0.43528169772135206,1,3.8189610958021074
6,19,I2_O,0.4451936430386275,0.43528169772135206,1,1.0227713349060237
6,19,I2_B,0.5278755696172021,0.43528169772135206,1,1.212721721084456
6,19,PDIS,0.6910692857804399,0.43528169772135206,1,1.5876369013402252
6,19,DR,1.1239199910830941,0.43528169772135206,1,2.58205202967798
6,19,robust_sim_lemma,1.6623238693125364,0.43528169772135206,1,3.8189610958021074
6,20,I2_O,0.4451936430386275,0.43528169772135206,1,1.0227713349060237
6,20,I2_B,0.5758992132179199,0.43528169772135206,1,1.3230494556345553
6,20,PDIS,0.6816354370967277,0.43528169772135206,1,1.5659639278770694
6,20,DR,1.126344858478474,0.43528169772135206,1,2.5876228299392223
6,20,robust_sim_lemma,1.6623238693125364,0.43528169772135206,1,3.8189610958021074
6,21,I2_O,0.4451936430386275,0.43528169772135206,1,1.0227713349060237
6,21,I2_B,0.6352417705575927,0.43528169772135206,1,1.4593808420684993
6,21,PDIS,0.7200639668902475,0.43528169772135206,1,1.65424820446092
6,21,DR,1.1497295802308023,0.43528169772135206,1,2.641346020863041
6,21,robust_sim_lemma,1.6623238693125364,0.43528169772135206,1,3.8189610958021074
6,22,I2_O,0.4451936430386275,0.43528169772135206,1,1.0227713349060237
6,22,I2_B,0.549997666289739,0.43528169772135206,1,1.2635442040612124
6,22,PDIS,0.7457280451359676,0.43528169772135206,1,1.7132079043060282
6,22,DR,1.1847420610464172,0.43528169772135206,1,2.721782393444064
6,22,robust_sim_lemma,1.6623238693125364,0.43528169772135206,1,3.8189610958021074
6,23,I2_O,0.4451936430386275,0.43528169772135206,1,1.0227713349060237
6,23,I2_B,0.5194880978290832,0.43528169772135206,1,1.1934526550244167
6,23,PDIS,0.74565498346219,0.43528169772135206,1,1.7130400551312062
6,23,DR,1.175453066006154,0.43528169772135206,1,2.700442201359513
6,23,robust_sim_lemma,1.6623238693125364,0.43528169772135206,1,3.8189610958021074
6,24,I2_O,0.4451936430386275,0.43528169772135206,1,1.0227713349060237
6,24,I2_B,0.5690388876395,0.43528169772135206,1,1.307288798537478
6,24,PDIS,0.6417801189143222,0.43528169772135206,1,1.4744018006591244
6,24,DR,1.0767804025505865,0.43528169772135206,1,2.473755290395631
6,24,robust_sim_lemma,1.6623238693125364,0.43528169772135206,1,3.8189610958021074
6,25,I2_O,0.4451936430386275,0.43528169772135206,1,1.0227713349060237
6,25,I2_B,0.5559868718093424,0.43528169772135206,1,1.2773035823005368
6,25,PDIS,0.7195996203593862,0.43528169772135206,1,1.6531814319931315
6,25,DR,1.1440339903580958,0.43528169772135206,1,2.628261184301977
6,25,robust_sim_lemma,1.6623238693125364,0.43528169772135206,1,3.8189610958021074
6,26,I2_O,0.4451936430386275,0.43528169772135206,1,1.0227713349060237
6,26,I2_B,0.5508835585111198,0.43528169772135206,1,1.2655794199363992
6,26,PDIS,0.7328690847551265,0.43528169772135206,1,1.6836662064856138
6,26,DR,1.1630491279427644,0.43528169772135206,1,2.6719458549054287
6,26,robust_sim_lemma,1.6623238693125364,0.43528169772135206,1,3.8189610958021074
6,27,I2_O,0.4451936430386275,0.43528169772135206,1,1.0227713349060237
6,27,I2_B,0.5349301083704252,0.43528169772135206,1,1.2289285563135797
6,27,PDIS,0.5923716424434127,0.43528169772135206,1,1.3608926025247736
6,27,DR,1.0528710094539036,0.43528169772135206,1,2.4188267390187965
6,27,robust_sim_lemma,1.6623238693125364,0.43528169772135206,1,3.8189610958021074
6,28,I2_O,0.4451936430386275,0.43528169772135206,1,1.0227713349060237
6,28,I2_B,0.6095853717513968,0.43528169772135206,1,1.4004387846824338
6,28,PDIS,0.5275985575211672,0.43528169772135206,1,1.2120853237870624
6,28,DR,0.9730631894394666,0.43528169772135206,1,2.2354792184769923
6,28,robust_sim_lemma,1.6623238693125364,0.43528169772135206,1,3.8189610958021074
6,29,I2_O,0.4451936430386275,0.43528169772135206,1,1.0227713349060237
6,29,I2_B,0.560102145177914,0.43528169772135206,1,1.2867578584396775
6,29,PDIS,0.656767679839446,0.43528169772135206,1,1.5088336662844928
6,29,DR,1.114884489026926,0.43528169772135206,1,2.5612942029568755
6,29,robust_sim_lemma,1.6623238693125364,0.43528169772135206,1,3.8189610958021074
6,30,I2_O,0.4451936430386275,0.43528169772135206,1,1.0227713349060237
6,30,I2_B,0.5593742130001108,0.43528169772135206,1,1.2850855340997986
6,30,PDIS,0.7035209694201909,0.43528169772135206,1,1.616242936707515
6,30,DR,1.130897856550353,0.43528169772135206,1,2.598082718548629
6,30,robust_sim_lemma,1.6623238693125364,0.43528169772135206,1,3.8189610958021074
6,31,I2_O,0.4451936430386275,0.43528169772135206,1,1.0227713349060237
6,31,I2_B,0.5476477016545035,0.43528169772135206,1,1.2581454826182081
6,31,PDIS,0.6690303039487127,0.43528169772135206,1,1.5370053633107175
6,31,DR,1.0941361688372466,0.43528169772135206,1,2.5136277830308957
6,31,robust_sim_lemma,1.6623238693125364,0.43528169772135206,1,3.8189610958021074
6,32,I2_O,0.4451936430386275,0.43528169772135206,1,1.0227713349060237
6,32,I2_B,0.6130068906132455,0.43528169772135206,1,1.408299254993407
6,32,PDIS,0.6477830867482788,0.43528169772135206,1,1.4881927959281225
6,32,DR,1.0903884165262387,0.43528169772135206,1,2.5050178361146185
6,32,robust_sim_lemma,1.6623238693125364,0.43528169772135206,1,3.8189610958021074
6,33,I2_O,0.4451936430386275,0.43528169772135206,1,1.0227713349060237
6,33,I2_B,0.5763944774335457,0.43528169772135206,1,1.3241872572426137
6,33,PDIS,0.6390755971545214,0.43528169772135206,1,1.468188532851269
6,33,DR,1.0743286104436813,0.43528169772135206,1,2.468122634302485
6,33,robust_sim_lemma,1.6623238693125364,0.43528169772135206,1,3.8189610958021074
6,34,I2_O,0.4451936430386275,0.43528169772135206,1,1.0227713349060237
6,34,I2_B,0.5134285415750941,0.43528169772135206,1,1.1795316556217077
6,34,PDIS,0.57129894009294,0.43528169772135206,1,1.3124809590745994
6,34,DR,1.013345741055561,0.43528169772135206,1,2.3280228559121725
6,34,robust_sim_lemma,1.6623238693125364,0.43528169772135206,1,3.8189610958021074
6,35,I2_O,0.4451936430386275,0.43528169772135206,1,1.0227713349060237
6,35,I2_B,0.6151413900747578,0.43528169772135206,1,1.4132029747516375
6,35,PDIS,0.7984969975465206,0.43528169772135206,1,1.834437335009851
6,35,DR,1.2233497675317087,0.43528169772135206,1,2.8104783039025056
6,35,robust_sim_lemma,1.6623238693125364,0.43528169772135206,1,3.8189610958021074
6,36,I2_O,0.4451936430386275,0.43528169772135206,1,1.0227713349060237
6,36,I2_B,0.5696654815339411,0.43528169772135206,1,1.3087283120702575
6,36,PDIS,0.7049991196640994,0.43528169772135206,1,1.6196387841590538
6,36,DR,1.155922859709618,0.43528169772135206,1,2.6555742310341484
6,36,robust_sim_lemma,1.6623238693125364,0.43528169772135206,1,3.8189610958021074
6,37,I2_O,0.4451936430386275,0.43528169772135206,1,1.0227713349060237
6,37,I2_B,0.5228150739478311,0.43528169772135206,1,1.2010959263500072
6,37,PDIS,0.634228613419757,0.43528169772135206,1,1.457053252502617
6,37,DR,1.0762478109750053,0.43528169772135206,1,2.4725317342976623
6,37,robust_sim_lemma,1.6623238693125364,0.43528169772135206,1,3.8189610958021074
6,38,I2_O,0.4451936430386275,0.43528169772135206,1,1.0227713349060237
6,38,I2_B,0.5661023651982581,0.43528169772135206,1,1.3005425409837736
6,38,PDIS,0.6268215177355754,0.43528169772135206,1,1.4400364660791196
6,38,DR,1.0495684435308843,0.43528169772135206,1,2.4112395467699432
6,38,robust_sim_lemma,1.6623238693125364,0.43528169772135206,1,3.8189610958021074
6,39,I2_O,0.4451936430386275,0.43528169772135206,1,1.0227713349060237
6,39,I2_B,0.5160193790803242,0.43528169772135206,1,1.1854837494469084
6,39,PDIS,0.732203729492054,0.43528169772135206,1,1.6821376440246707
6,39,DR,1.1752470721013863,0.43528169772135206,1,2.6999689586161444
6,39,robust_sim_lemma,1.6623238693125364,0.43528169772135206,1,3.8189610958021074
6,40,I2_O,0.4451936430386275,0.43528169772135206,1,1.0227713349060237
6,40,I2_B,0.5555489885252144,0.43528169772135206,1,1.2762976055125848
6,40,PDIS,0.7435008072042111,0.43528169772135206,1,1.70809113063184
6,40,DR,1.1700028988754538,0.43528169772135206,1,2.68792118988756
6,40,robust_sim_lemma,1.6623238693125364,0.43528169772135206,1,3.8189610958021074
6,41,I2_O,0.4451936430386275,0.43528169772135206,1,1.0227713349060237
6,41,I2_B,0.5546494182639765,0.43528169772135206,1,1.2742309662168207
6,41,PDIS,0.7102235360913096,0.43528169772135206,1,1.6316411643522928
6,41,DR,1.151470486079854,0.43528169772135206,1,2.645345513279481
6,41,robust_sim_lemma,1.6623238693125364,0.43528169772135206,1,3.8189610958021074
6,42,I2_O,0.4451936430386275,0.43528169772135206,1,1.0227713349060237
6,42,I2_B,0.5964194103075842,0.43528169772135206,1,1.3701917940261878
6,42,PDIS,0.6933153181182705,0.43528169772135206,1,1.5927968525846452
6,42,DR,1.146249639449581,0.43528169772135206,1,2.633351334205094
6,42,robust_sim_lemma,1.6623238693125364,0.43528169772135206,1,3.8189610958021074
6,43,I2_O,0.4451936430386275,0.43528169772135206,1,1.0227713349060237
6,43,I2_B,0.5518919730872425,0.43528169772135206,1,1.2678961141172058
6,43,PDIS,0.7543515352147616,0.43528169772135206,1,1.7330191900181013
6,43,DR,1.1730987787375686,0.43528169772135206,1,2.6950335492592528
6,43,robust_sim_lemma,1.6623238693125364,0.43528169772135206,1,3.8189610958021074
6,44,I2_O,0.4451936430386275,0.43528169772135206,1,1.0227713349060237
6,44,I2_B,0.5503115024533912,0.43528169772135206,1,1.2642651996033982
6,44,PDIS,0.6671315283967214,0.43528169772135206,1,1.5326431869041948
6,44,DR,1.1115233205851642,0.43528169772135206,1,2.5535723794587657
6,44,robust_sim_lemma,1.6623238693125364,0.43528169772135206,1,3.8189610958021074
6,45,I2_O,0.4451936430386275,0.43528169772135206,1,1.0227713349060237
6,45,I2_B,0.5625063633589877,0.43528169772135206,1,1.292281219963168
6,45,PDIS,0.6986209456962653,0.43528169772135206,1,1.6049858042583984
6,45,DR,1.1325440931096282,0.43528169772135206,1,2.6018647212560553
6,45,robust_sim_lemma,1.6623238693125364,0.43528169772135206,1,3.8189610958021074
6,46,I2_O,0.4451936430386275,0.43528169772135206,1,1.0227713349060237
6,46,I2_B,0.6068055117050557,0.43528169772135206,1,1.39405243749418
6,46,PDIS,0.7351223738548671,0.43528169772135206,1,1.6888428291452302
6,46,DR,1.1677137422669213,0.43528169772135206,1,2.682662166545857
6,46,robust_sim_lemma,1.6623238693125364,0.43528169772135206,1,3.8189610958021074
6,47,I2_O,0.4451936430386275,0.43528169772135206,1,1.0227713349060237
6,47,I2_B,0.5926689617102567,0.43528169772135206,1,1.3615756527618972
6,47,PDIS,0.6500068396144401,0.43528169772135206,1,1.4933015631420954
6,47,DR,1.0812205134069903,0.43528169772135206,1,2.4839558361103884
6,47,robust_sim_lemma,1.6623238693125364,0.43528169772135206,1,3.8189610958021074
6,48,I2_O,0.4451936430386275,0.43528169772135206,1,1.0227713349060237
6,48,I2_B,0.6044258238957939,0.43528169772135206,1,1.388585431135495
6,48,PDIS,0.6229331448159594,0.43528169772135206,1,1.4311034626012082
6,48,DR,1.054824497649213,0.43528169772135206,1,2.423314610219299
6,48,robust_sim_lemma,1.6623238693125364,0.43528169772135206,1,3.8189610958021074
6,49,I2_O,0.4451936430386275,0.43528169772135206,1,1.0227713349060237
6,49,I2_B,0.5502692608479297,0.43528169772135206,1,1.2641681553084447
6,49,PDIS,0.8043236247763428,0.43528169772135206,1,1.8478232119266245
6,49,DR,1.2233693052518082,0.43528169772135206,1,2.810523189134763
6,49,robust_sim_lemma,1.6623238693125364,0.43528169772135206,1,3.8189610958021074
7,0,I2_O,0.23071790977083367,0.22566628944633857,1,1.0223853564344458
7,0,I2_B,0.3065577172140855,0.22566628944633857,1,1.358455965958452
7,0,PDIS,0.4540963156653911,0.22566628944633857,1,2.0122470076478622
7,0,DR,0.6633098423006302,0.22566628944633857,1,2.9393395173378756
7,0,robust_sim_lemma,1.2783730534815934,0.22566628944633857,1,5.664882675290228
7,1,I2_O,0.23071790977083367,0.22566628944633857,1,1.0223853564344458
7,1,I2_B,0.36849538849466545,0.22566628944633857,1,1.6329217332316281
7,1,PDIS,0.4407908616611459,0.22566628944633857,1,1.9532862561909674
7,1,DR,0.6630278875239949,0.22566628944633857,1,2.938090084924523
7,1,robust_sim_lemma,1.2783730534815934,0.22566628944633857,1,5.664882675290228
7,2,I2_O,0.23071790977083367,0.22566628944633857,1,1.0223853564344458
7,2,I2_B,0.2891687460852659,0.22566628944633857,1,1.281399835104869
7,2,PDIS,0.4468179210245232,0.22566628944633857,1,1.9799940971279741
7,2,DR,0.6661823060888593,0.22566628944633857,1,2.9520683294049177
7,2,robust_sim_lemma,1.2783730534815934,0.22566628944633857,1,5.664882675290228
7,3,I2_O,0.23071790977083367,0.22566628944633857,1,1.0223853564344458
7,3,I2_B,0.32118168475107894,0.22566628944633857,1,1.4232594754807324
7,3,PDIS,0.4705671970983031,0.22566628944633857,1,2.085234787405851
7,3,DR,0.686436770049634,0.22566628944633857,1,3.041822381773431
7,3,robust_sim_lemma,1.2783730534815934,0.22566628944633857,1,5.664882675290228
7,4,I2_O,0.23071790977083367,0.22566628944633857,1,1.0223853564344458
7,4,I2_B,0.29054793956782604,0.22566628944633857,1,1.2875114855686753
7,4,PDIS,0.5033809857312407,0.22566628944633857,1,2.230643251884284
7,4,DR,0.7162211646797983,0.22566628944633857,1,3.1738066258678366
7,4,robust_sim_lemma,1.2783730534815934,0.22566628944633857,1,5.664882675290228
7,5,I2_O,0.23071790977083367,0.22566628944633857,1,1.0223853564344458
7,5,I2_B,0.34395031299701145,0.22566628944633857,1,1.524154599434754
7,5,PDIS,0.5775178910277271,0.22566628944633857,1,2.5591677536092767
7,5,DR,0.7887759382452334,0.22566628944633857,1,3.4953201923976214
7,5,robust_sim_lemma,1.2783730534815934,0.22566628944633857,1,5.664882675290228
7,6,I2_O,0.23071790977083367,0.22566628944633857,1,1.0223853564344458
7,6,I2_B,0.3436578940298237,0.22566628944633857,1,1.5228587968232734
7,6,PDIS,0.4542518496107891,0.22566628944633857,1,2.0129362286466193
7,6,DR,0.6681801394676025,0.22566628944633857,1,2.9609213724697225
7,6,robust_sim_lemma,1.2783730534815934,0.22566628944633857,1,5.664882675290228
7,7,I2_O,0.23071790977083367,0.22566628944633857,1,1.0223853564344458
7,7,I2_B,0.3539687931229145,0.22566628944633857,1,1.5685497111303597
7,7,PDIS,0.41122443832351696,0.22566628944633857,1,1.8222679130872246
7,7,DR,0.6312484289724806,0.22566628944633857,1,2.797265070122872
7,7,robust_sim_lemma,1.2783730534815934,0.22566628944633857,1,5.664882675290228
7,8,I2_O,0.23071790977083367,0.22566628944633857,1,1.0223853564344458
7,8,I2_B,0.3189749549365725,0.22566628944633857,1,1.413480745038004
7,8,PDIS,0.5336980656306959,0.22566628944633857,1,2.364987995947904
7,8,DR,0.760765203241066,0.22566628944633857,1,3.3711956052787815
7,8,robust_sim_lemma,1.2783730534815934,0.22566628944633857,1,5.664882675290228
7,9,I2_O,0.23071790977083367,0.22566628944633857,1,1.0223853564344458
7,9,I2_B,0.32804773878399207,0.22566628944633857,1,1.4536851719804562
7,9,PDIS,0.42551535950493335,0.22566628944633857,1,1.8855955869568064
7,9,DR,0.6335421291219011,0.22566628944633857,1,2.8074291941267187
7,9,robust_sim_lemma,1.2783730534815934,0.22566628944633857,1,5.664882675290228
7,10,I2_O,0.23071790977083367,0.22566628944633857,1,1.0223853564344458
7,10,I2_B,0.3183021633379422,0.22566628944633857,1,1.410499388804953
7,10,PDIS,0.44019564538086364,0.22566628944633857,1,1.9506486611751475
7,10,DR,0.6482832039428331,0.22566628944633857,1,2.872751643736266
7,10,robust_sim_lemma,1.2783730534815934,0.22566628944633857,1,5.664882675290228
7,11,I2_O,0.23071790977083367,0.22566628944633857,1,1.0223853564344458
7,11,I2_B,0.30705500696492555,0.22566628944633857,1,1.3606596169869691
7,11,PDIS,0.4329945152110005,0.22566628944633857,1,1.91873813440781
7,11,DR,0.6447947891146796,0.22566628944633857,1,2.8572933542562016
7,11,robust_sim_lemma,1.2783730534815934,0.22566628944633857,1,5.664882675290228
7,12,I2_O,0.23071790977083367,0.22566628944633857,1,1.0223853564344458
7,12,I2_B,0.34125408417766845,0.22566628944633857,1,1.5122067412679094
7,12,PDIS,0.5098437011768558,0.22566628944633857,1,2.2592816252163
7,12,DR,0.7334308080970336,0.22566628944633857,1,3.2500680978823686
7,12,robust_sim_lemma,1.2783730534815934,0.22566628944633857,1,5.664882675290228
7,13,I2_O,0.23071790977083367,0.22566628944633857,1,1.0223853564344458
7,13,I2_B,0.28096663761370555,0.22566628944633857,1,1.2450536511370118
7,13,PDIS,0.5139104135602574,0.22566628944633857,1,2.2773025373932096
7,13,DR,0.725354314296964,0.22566628944633857,1,3.2142785529756615
7,13,robust_sim_lemma,1.2783730534815934,0.22566628944633857,1,5.664882675290228
7,14,I2_O,0.23071790977083367,0.22566628944633857,1,1.0223853564344458
7,14,I2_B,0.32928611618637355,0.22566628944633857,1,1.4591728210458959
7,14,PDIS,0.4174836736838389,0.22566628944633857,1,1.8500046006344815
7,14,DR,0.6339063573357918,0.22566628944633857,1,2.809043206635119
7,14,robust_sim_lemma,1.2783730534815934,0.22566628944633857,1,5.664882675290228
7,15,I2_O,0.23071790977083367,0.22566628944633857,1,1.0223853564344458
7,15,I2_B,0.3091671400508412,0.22566628944633857,1,1.3700191588622652
7,15,PDIS,0.44865376491042286,0.22566628944633857,1,1.9881293125844068
7,15,DR,0.6697750215661508,0.22566628944633857,1,2.9679888086493187
7,15,robust_sim_lemma,1.2783730534815934,0.22566628944633857,1,5.664882675290228
7,16,I2_O,0.23071790977083367,0.22566628944633857,1,1.0223853564344458
7,16,I2_B,0.3487811038264214,0.22566628944633857,1,1.5455613892626106
7,16,PDIS,0.5452693726602572,0.22566628944633857,1,2.416264183711486
7,16,DR,0.7672360490435676,0.22566628944633857,1,3.3998700068403855
7,16,robust_sim_lemma,1.2783730534815934,0.22566628944633857,1,5.664882675290228
7,17,I2_O,0.23071790977083367,0.22566628944633857,1,1.0223853564344458
7,17,I2_B,0.3106052875737281,0.22566628944633857,1,1.3763920536637673
7,17,PDIS,0.49222078157486415,0.22566628944633857,1,2.1811887933395115
7,17,DR,0.7006633947573829,0.22566628944633857,1,3.1048651372627565
7,17,robust_sim_lemma,1.2783730534815934,0.22566628944633857,1,5.664882675290228
7,18,I2_O,0.23071790977083367,0.22566628944633857,1,1.0223853564344458
7,18,I2_B,0.35410817235614966,0.22566628944633857,1,1.5691673453972106
7,18,PDIS,0.47328448033657244,0.22566628944633857,1,2.097275944483127
7,18,DR,0.69620854721502,0.22566628944633857,1,3.085124273205069
7,18,robust_sim_lemma,1.2783730534815934,0.22566628944633857,1,5.664882675290228
7,19,I2_O,0.23071790977083367,0.22566628944633857,1,1.0223853564344458
7,19,I2_B,0.3353559307046138,0.22566628944633857,1,1.4860701238425709
7,19,PDIS,0.4755634240833132,0.22566628944633857,1,2.1073746781146854
7,19,DR,0.6982146020846615,0.22566628944633857,1,3.0940137483436163
7,19,robust_sim_lemma,1.2783730534815934,0.22566628944633857,1,5.664882675290228
7,20,I2_O,0.23071790977083367,0.22566628944633857,1,1.0223853564344458
7,20,I2_B,0.31701088347264816,0.22566628944633857,1,1.404777311890133
7,20,PDIS,0.3751465220679503,0.22566628944633857,1,1.6623950479637624
7,20,DR,0.5852010228756442,0.22566628944633857,1,2.593214185031388
7,20,robust_sim_lemma,1.2783730534815934,0.22566628944633857,1,5.664882675290228
7,21,I2_O,0.23071790977083367,0.22566628944633857,1,1.0223853564344458
7,21,I2_B,0.2705740306264212,0.22566628944633857,1,1.1990006628383072
7,21,PDIS,0.43765012771583145,0.22566628944633857,1,1.9393686526666658
7,21,DR,0.6627763539224959,0.22566628944633857,1,2.93697545853475
7,21,robust_sim_lemma,1.2783730534815934,0.22566628944633857,1,5.664882675290228
7,22,I2_O,0.23071790977083367,0.22566628944633857,1,1.0223853564344458
7,22,I2_B,0.30297761809459506,0.22566628944633857,1,1.3425913938583212
7,22,PDIS,0.45054996230549194,0.22566628944633857,1,1.9965319738756493
7,22,DR,0.6705445216834877,0.22566628944633857,1,2.9713987114718665
7,22,robust_sim_lemma,1.2783730534815934,0.22566628944633857,1,5.664882675290228
7,23,I2_O,0.23071790977083367,0.22566628944633857,1,1.0223853564344458
7,23,I2_B,0.3322025177362107,0.22566628944633857,1,1.4720963354839292
7,23,PDIS,0.44195368800011237,0.22566628944633857,1,1.9584391141646569
7,23,DR,0.6583246703588396,0.22566628944633857,1,2.91724861508561
7,23,robust_sim_lemma,1.2783730534815934,0.22566628944633857,1,5.664882675290228
7,24,I2_O,0.23071790977083367,0.22566628944633857,1,1.0223853564344458
7,24,I2_B,0.3371217860468638,0.22566628944633857,1,1.4938951975236354
7,24,PDIS,0.587522006834624,0.22566628944633857,1,2.6034992123816147
7,24,DR,0.7930491950141404,0.22566628944633857,1,3.5142563692603295
7,24,robust_sim_lemma,1.2783730534815934,0.22566628944633857,1,5.664882675290228
7,25,I2_O,0.23071790977083367,0.22566628944633857,1,1.0223853564344458
7,25,I2_B,0.34108759773331615,0.22566628944633857,1,1.5114689862192454
7,25,PDIS,0.5850500420295474,0.22566628944633857,1,2.592545140281872
7,25,DR,0.7999025838002033,0.22566628944633857,1,3.544625941972662
7,25,robust_sim_lemma,1.2783730534815934,0.22566628944633857,1,5.664882675290228
7,26,I2_O,0.23071790977083367,0.22566628944633857,1,1.0223853564344458
7,26,I2_B,0.3710048307753268,0.22566628944633857,1,1.644041880094583
7,26,PDIS,0.4850661512674407,0.22566628944633857,1,2.1494843224370253
7,26,DR,0.7111456344517145,0.22566628944633857,1,3.151315316950867
7,26,robust_sim_lemma,1.2783730534815934,0.22566628944633857,1,5.664882675290228
7,27,I2_O,0.23071790977083367,0.22566628944633857,1,1.0223853564344458
7,27,I2_B,0.2988319119262035,0.22566628944633857,1,1.3242204347817004
7,27,PDIS,0.4822292119597843,0.22566628944633857,1,2.1369129307833727
7,27,DR,0.705232977769994,0.22566628944633857,1,3.1251144311374524
7,27,robust_sim_lemma,1.2783730534815934,0.22566628944633857,1,5.664882675290228
7,28,I2_O,0.23071790977083367,0.22566628944633857,1,1.0223853564344458
7,28,I2_B,0.3184785405568311,0.22566628944633857,1,1.4112809730607214
7,28,PDIS,0.4381895552463685,0.22566628944633857,1,1.9417590297666771
7,28,DR,0.6592982975905067,0.22566628944633857,1,2.9215630708869433
7,28,robust_sim_lemma,1.2783730534815934,0.22566628944633857,1,5.664882675290228
7,29,I2_O,0.23071790977083367,0.22566628944633857,1,1.0223853564344458
7,29,I2_B,0.35433122001808054,0.22566628944633857,1,1.5701557414154113
7,29,PDIS,0.42486537825623494,0.22566628944633857,1,1.8827153107299357
7,29,DR,0.6533228878142198,0.22566628944633857,1,2.8950841059030843
7,29,robust_sim_lemma,1.2783730534815934,0.22566628944633857,1,5.664882675290228
7,30,I2_O,0.23071790977083367,0.22566628944633857,1,1.0223853564344458
7,30,I2_B,0.32153897101362583,0.22566628944633857,1,1.4248427259672072
7,30,PDIS,0.3829059881610043,0.22566628944633857,1,1.6967797410080425
7,30,DR,0.6003424890397612,0.22566628944633857,1,2.660310897620875
7,30,robust_sim_lemma,1.2783730534815934,0.22566628944633857,1,5.664882675290228
7,31,I2_O,0.23071790977083367,0.22566628944633857,1,1.0223853564344458
7,31,I2_B,0.30219757919504225,0.22566628944633857,1,1.339134790297964
7,31,PDIS,0.4485489163504416,0.22566628944633857,1,1.987664694850679
7,31,DR,0.6783425674423139,0.22566628944633857,1,3.0059543634390185
7,31,robust_sim_lemma,1.2783730534815934,0.22566628944633857,1,5.664882675290228
7,32,I2_O,0.23071790977083367,0.22566628944633857,1,1.0223853564344458
7,32,I2_B,0.294511333430119,0.22566628944633857,1,1.3050745601068217
7,32,PDIS,0.4598902559271353,0.22566628944633857,1,2.037921822774035
7,32,DR,0.6916300643491585,0.22566628944633857,1,3.064835541214595
7,32,robust_sim_lemma,1.2783730534815934,0.22566628944633857,1,5.664882675290228
7,33,I2_O,0.23071790977083367,0.22566628944633857,1,1.0223853564344458
7,33,I2_B,0.3570096586466492,0.22566628944633857,1,1.582024765517948
7,33,PDIS,0.5297542647593546,0.22566628944633857,1,2.347511744262208
7,33,DR,0.7293322807145112,0.22566628944633857,1,3.231906203198949
7,33,robust_sim_lemma,1.2783730534815934,0.22566628944633857,1,5.664882675290228
7,34,I2_O,0.23071790977083367,0.22566628944633857,1,1.0223853564344458
7,34,I2_B,0.3479366266623265,0.22566628944633857,1,1.5418192390009706
7,34,PDIS,0.4572084921169016,0.22566628944633857,1,2.0260380637207303
7,34,DR,0.6798118348742893,0.22566628944633857,1,3.0124651605792567
7,34,robust_sim_lemma,1.2783730534815934,0.22566628944633857,1,5.664882675290228
7,35,I2_O,0.23071790977083367,0.22566628944633857,1,1.0223853564344458
7,35,I2_B,0.3204180478992269,0.22566628944633857,1,1.4198755546756994
7,35,PDIS,0.5769893263833629,0.22566628944633857,1,2.5568255134560793
7,35,DR,0.7872804309474987,0.22566628944633857,1,3.4886931179621623
7,35,robust_sim_lemma,1.2783730534815934,0.22566628944633857,1,5.664882675290228
7,36,I2_O,0.23071790977083367,0.22566628944633857,1,1.0223853564344458
7,36,I2_B,0.34847816753263566,0.22566628944633857,1,1.5442189809900724
7,36,PDIS,0.4380723986886631,0.22566628944633857,1,1.9412398713314813
7,36,DR,0.6536157963888446,0.22566628944633857,1,2.896382078122788
7,36,robust_sim_lemma,1.2783730534815934,0.22566628944633857,1,5.664882675290228
7,37,I2_O,0.23071790977083367,0.22566628944633857,1,1.0223853564344458
7,37,I2_B,0.28260531564710406,0.22566628944633857,1,1.252315161207563
7,37,PDIS,0.41954224274867535,0.22566628944633857,1,1.8591267830831186
7,37,DR,0.6471163164916393,0.22566628944633857,1,2.8675807896664947
7,37,robust_sim_lemma,1.2783730534815934,0.22566628944633857,1,5.664882675290228
7,38,I2_O,0.23071790977083367,0.22566628944633857,1,1.0223853564344458
7,38,I2_B,0.2972777667980941,0.22566628944633857,1,1.317333517236672
7,38,PDIS,0.5184215508732645,0.22566628944633857,1,2.2972928395516536
7,38,DR,0.7279443682001411,0.22566628944633857,1,3.2257559158973974
7,38,robust_sim_lemma,1.2783730534815934,0.22566628944633857,1,5.664882675290228
7,39,I2_O,0.23071790977083367,0.22566628944633857,1,1.0223853564344458
7,39,I2_B,0.317178705626139,0.22566628944633857,1,1.4055209858961288
7,39,PDIS,0.4960523208179516,0.22566628944633857,1,2.1981675775987286
7,39,DR,0.7165594363975939,0.22566628944633857,1,3.175305616783252
7,39,robust_sim_lemma,1.2783730534815934,0.22566628944633857,1,5.664882675290228
7,40,I2_O,0.23071790977083367,0.22566628944633857,1,1.0223853564344458
7,40,I2_B,0.3315002607525665,0.22566628944633857,1,1.4689844086411246
7,40,PDIS,0.44917866541981477,0.22566628944633857,1,1.9904553157755778
7,40,DR,0.6759172674527961,0.22566628944633857,1,2.9952070781645177
7,40,robust_sim_lemma,1.2783730534815934,0.22566628944633857,1,5.664882675290228
7,41,I2_O,0.23071790977083367,0.22566628944633857,1,1.0223853564344458
7,41,I2_B,0.32142444126847364,0.22566628944633857,1,1.4243352077843487
7,41,PDIS,0.42458084963728837,0.22566628944633857,1,1.8814544727924456
7,41,DR,0.6420775742539396,0.22566628944633857,1,2.845252500181778
7,41,robust_sim_lemma,1.2783730534815934,0.22566628944633857,1,5.664882675290228
7,42,I2_O,0.23071790977083367,0.22566628944633857,1,1.0223853564344458
7,42,I2_B,0.27838148936627166,0.22566628944633857,1,1.2335980267556457
7,42,PDIS,0.49010014592705897,0.22566628944633857,1,2.1717915738743976
7,42,DR,0.7100259819246159,0.22566628944633857,1,3.1463537760408546
7,42,robust_sim_lemma,1.2783730534815934,0.22566628944633857,1,5.664882675290228
7,43,I2_O,0.23071790977083367,0.22566628944633857,1,1.0223853564344458
7,43,I2_B,0.3090786195440486,0.22566628944633857,1,1.3696268959903501
7,43,PDIS,0.4074870985291398,0.22566628944633857,1,1.8057065569203528
7,43,DR,0.643770621631561,0.22566628944633857,1,2.8527549383251762
7,43,robust_sim_lemma,1.2783730534815934,0.22566628944633857,1,5.664882675290228
7,44,I2_O,0.23071790977083367,0.22566628944633857,1,1.0223853564344458
7,44,I2_B,0.31156237793690383,0.22566628944633857,1,1.3806332292754369
7,44,PDIS,0.5113476149069373,0.22566628944633857,1,2.2659459512606164
7,44,DR,0.7330795859062339,0.22566628944633857,1,3.2485117192506223
7,44,robust_sim_lemma,1.2783730534815934,0.22566628944633857,1,5.664882675290228
7,45,I2_O,0.23071790977083367,0.22566628944633857,1,1.0223853564344458
7,45,I2_B,0.27903701303664835,0.22566628944633857,1,1.2365028632378026
7,45,PDIS,0.6048876237464801,0.22566628944633857,1,2.6804518531790587
7,45,DR,0.8221144520655407,0.22566628944633857,1,3.6430538831588852
7,45,robust_sim_lemma,1.2783730534815934,0.22566628944633857,1,5.664882675290228
7,46,I2_O,0.23071790977083367,0.22566628944633857,1,1.0223853564344458
7,46,I2_B,0.32602718777556755,0.22566628944633857,1,1.4447314597827599
7,46,PDIS,0.4693196394690867,0.22566628944633857,1,2.0797064577989914
7,46,DR,0.685083303116346,0.22566628944633857,1,3.035824733934187
7,46,robust_sim_lemma,1.2783730534815934,0.22566628944633857,1,5.664882675290228
7,47,I2_O,0.23071790977083367,0.22566628944633857,1,1.0223853564344458
7,47,I2_B,0.3268559989515851,0.22566628944633857,1,1.4484041890063006
7,47,PDIS,0.5113025127177871,0.22566628944633857,1,2.2657460889362047
7,47,DR,0.7265221189233714,0.22566628944633857,1,3.219453471344163
7,47,robust_sim_lemma,1.2783730534815934,0.22566628944633857,1,5.664882675290228
7,48,I2_O,0.23071790977083367,0.22566628944633857,1,1.0223853564344458
7,48,I2_B,0.3284341464364405,0.22566628944633857,1,1.455397468723565
7,48,PDIS,0.4148716938151936,0.22566628944633857,1,1.8384300766989232
7,48,DR,0.6418479532557574,0.22566628944633857,1,2.844234975593832
7,48,robust_sim_lemma,1.2783730534815934,0.22566628944633857,1,5.664882675290228
7,49,I2_O,0.23071790977083367,0.22566628944633857,1,1.0223853564344458
7,49,I2_B,0.35338552620472324,0.22566628944633857,1,1.5659650675860257
7,49,PDIS,0.5552744466496234,0.22566628944633857,1,2.46059988849891
7,49,DR,0.7705792614233521,0.22566628944633857,1,3.4146848575120874
7,49,robust_sim_lemma,1.2783730534815934,0.22566628944633857,1,5.664882675290228
