episode,t,agent,F,score
99,6,agent_1,1,17.383975982666016
180,3,agent_2,1,16.31397247314453
222,4,agent_2,1,14.212545394897461
74,1,agent_0,1,13.626731872558594
135,5,agent_1,1,10.99976921081543
177,5,agent_1,1,9.980649948120117
204,1,agent_0,1,9.189567565917969
176,0,agent_1,1,8.927143096923828
91,9,agent_0,1,8.824199676513672
74,4,agent_2,1,8.702913284301758
135,6,agent_1,1,8.675958633422852
99,8,agent_0,1,8.427152633666992
102,6,agent_1,1,8.223856925964355
93,6,agent_2,1,7.976095199584961
253,0,agent_1,1,7.508518218994141
253,1,agent_1,1,7.4924774169921875
122,5,agent_0,1,7.445634841918945
20,1,agent_2,1,7.346624374389648
298,4,agent_1,1,7.264398574829102
153,3,agent_1,1,7.260958671569824
263,4,agent_1,1,7.220485687255859
25,1,agent_2,1,7.111241340637207
289,4,agent_1,1,7.090692520141602
6,2,agent_1,1,6.990808486938477
94,4,agent_1,1,6.748932838439941
86,7,agent_0,1,6.707289695739746
8,2,agent_1,1,6.670046806335449
234,1,agent_1,1,6.659862518310547
6,2,agent_0,1,6.646093368530273
224,5,agent_0,1,6.438873291015625
103,4,agent_0,1,6.405576705932617
86,11,agent_2,1,6.363462448120117
232,3,agent_2,1,6.333412170410156
10,2,agent_1,1,6.25615119934082
225,0,agent_1,1,6.251119613647461
178,5,agent_1,1,6.2178497314453125
40,7,agent_1,1,6.150106430053711
118,3,agent_2,1,6.068624496459961
42,3,agent_2,1,6.045360565185547
20,0,agent_2,1,5.935558319091797
75,2,agent_2,1,5.912467956542969
283,1,agent_0,1,5.86060905456543
153,4,agent_1,1,5.835624694824219
47,2,agent_1,1,5.82731819152832
173,3,agent_1,1,5.761480331420898
59,6,agent_1,1,5.750144004821777
272,5,agent_0,1,5.73686408996582
183,2,agent_0,1,5.631567001342773
5,0,agent_0,1,5.609079360961914
298,6,agent_0,1,5.57728385925293
98,6,agent_0,1,5.553296089172363
64,4,agent_0,1,5.552211761474609
124,7,agent_1,1,5.512443542480469
178,0,agent_2,1,5.436997413635254
86,1,agent_0,1,5.331111907958984
99,9,agent_0,1,5.3123779296875
125,0,agent_1,1,5.248804092407227
252,2,agent_2,1,5.2425689697265625
276,2,agent_2,1,5.204334259033203
261,3,agent_1,1,5.17384147644043
222,6,agent_2,1,5.140167236328125
154,8,agent_1,1,5.090080261230469
177,3,agent_2,1,5.075944900512695
169,7,agent_0,1,5.072135925292969
47,3,agent_2,1,4.986396789550781
188,1,agent_0,1,4.929892539978027
125,1,agent_1,1,4.897714614868164
211,0,agent_0,1,4.860132217407227
206,11,agent_0,1,4.791618347167969
272,3,agent_2,1,4.725061416625977
93,8,agent_0,1,4.644525527954102
115,7,agent_1,1,4.612372398376465
284,1,agent_0,1,4.5939483642578125
175,5,agent_2,1,4.561893463134766
263,8,agent_1,1,4.558966636657715
252,1,agent_2,1,4.557216644287109
19,1,agent_1,1,4.491842269897461
27,1,agent_1,1,4.441616058349609
42,4,agent_1,1,4.392129898071289
180,1,agent_0,1,4.363836288452148
138,7,agent_1,1,4.31037712097168
245,9,agent_0,1,4.305149078369141
137,1,agent_1,1,4.290304183959961
180,6,agent_2,1,4.253296852111816
74,6,agent_1,1,4.193014144897461
98,4,agent_1,1,4.18312931060791
150,1,agent_0,1,4.159328460693359
178,7,agent_0,1,4.126824378967285
108,6,agent_1,1,4.124598503112793
220,9,agent_1,1,4.1121625900268555
120,5,agent_0,1,4.099238395690918
27,7,agent_0,1,4.076831817626953
28,9,agent_2,1,4.066629409790039
128,7,agent_0,1,4.019561767578125
213,12,agent_0,1,3.988431453704834
118,4,agent_1,1,3.977540969848633
232,5,agent_1,1,3.953554153442383
202,4,agent_1,1,3.9300403594970703
178,4,agent_2,1,3.9119606018066406
242,12,agent_1,1,3.902538776397705
264,10,agent_0,1,3.8921165466308594
53,4,agent_2,1,3.856570243835449
16,1,agent_0,1,3.8525218963623047
12,7,agent_0,1,3.851907730102539
86,6,agent_0,1,3.8321781158447266
19,8,agent_1,1,3.6674041748046875
180,4,agent_2,1,3.649235725402832
91,4,agent_1,1,3.6487388610839844
181,3,agent_1,1,3.6414079666137695
179,9,agent_0,1,3.6237382888793945
255,14,agent_0,1,3.612354278564453
66,1,agent_1,1,3.605070114135742
40,0,agent_2,1,3.5755767822265625
278,8,agent_0,1,3.560413360595703
93,4,agent_0,1,3.556547164916992
100,6,agent_1,1,3.5564050674438477
8,5,agent_2,1,3.554534912109375
209,3,agent_2,1,3.5470809936523438
210,0,agent_0,1,3.5230159759521484
61,4,agent_0,1,3.493894577026367
66,5,agent_0,1,3.441619873046875
218,9,agent_0,1,3.4296226501464844
137,2,agent_1,1,3.4267959594726562
210,12,agent_0,1,3.3960208892822266
54,5,agent_0,1,3.390491485595703
4,13,agent_0,1,3.3888816833496094
260,10,agent_2,1,3.3888416290283203
60,2,agent_2,1,3.3621788024902344
89,10,agent_2,1,3.3426618576049805
200,6,agent_0,1,3.3410940170288086
69,4,agent_1,1,3.32675838470459
23,1,agent_0,1,3.3154497146606445
14,6,agent_1,1,3.3018970489501953
138,5,agent_1,1,3.3009815216064453
102,7,agent_0,1,3.260059356689453
169,7,agent_2,1,3.245241165161133
248,5,agent_1,1,3.209716796875
149,3,agent_2,1,3.2066144943237305
55,4,agent_1,1,3.192890167236328
41,3,agent_1,1,3.191621780395508
98,2,agent_2,1,3.1773414611816406
19,3,agent_1,1,3.171680450439453
2,1,agent_2,1,3.1691417694091797
137,3,agent_1,1,3.158479690551758
12,5,agent_0,1,3.1264266967773438
238,3,agent_1,1,3.1128787994384766
64,0,agent_0,1,3.105304718017578
185,11,agent_1,1,3.103273391723633
114,6,agent_1,1,3.0834856033325195
264,9,agent_1,1,3.0793113708496094
263,3,agent_1,1,3.077117919921875
111,2,agent_1,1,3.0746917724609375
294,3,agent_1,1,3.0677852630615234
50,8,agent_0,1,3.0648422241210938
53,6,agent_2,1,3.0348901748657227
252,6,agent_0,1,3.02337646484375
79,7,agent_1,1,2.991788864135742
8,7,agent_0,1,2.990973472595215
19,10,agent_1,1,2.9865036010742188
198,14,agent_0,1,2.984738349914551
11,1,agent_1,1,2.9842300415039062
3,9,agent_1,1,2.98095703125
256,10,agent_2,1,2.974392890930176
12,8,agent_0,1,2.9664459228515625
167,7,agent_2,1,2.964138984680176
267,2,agent_2,1,2.963470458984375
276,8,agent_0,1,2.961536407470703
263,4,agent_2,1,2.9414539337158203
74,8,agent_1,1,2.9250106811523438
190,0,agent_1,1,2.9200382232666016
80,1,agent_2,1,2.916109085083008
265,12,agent_2,1,2.915454864501953
101,4,agent_2,1,2.9025983810424805
219,11,agent_0,1,2.855891227722168
111,8,agent_2,1,2.853281021118164
137,5,agent_1,1,2.826505661010742
5,4,agent_2,1,2.8248748779296875
19,6,agent_1,1,2.810007095336914
272,1,agent_2,1,2.8074874877929688
289,2,agent_1,1,2.8028697967529297
28,7,agent_0,1,2.794118881225586
209,2,agent_2,1,2.7887802124023438
65,7,agent_0,1,2.786569595336914
280,12,agent_1,1,2.7686595916748047
176,3,agent_0,1,2.7536258697509766
86,7,agent_2,1,2.7362117767333984
201,9,agent_1,1,2.727250099182129
254,9,agent_1,1,2.7129364013671875
18,6,agent_0,1,2.7064027786254883
201,10,agent_2,1,2.7007694244384766
146,3,agent_1,1,2.6902408599853516
252,8,agent_0,1,2.675626754760742
87,7,agent_2,1,2.6743927001953125
45,6,agent_2,1,2.6604251861572266
272,3,agent_0,1,2.6556549072265625
122,3,agent_0,1,2.6555519104003906
117,4,agent_2,1,2.6416168212890625
193,4,agent_2,1,2.6298446655273438
220,2,agent_0,1,2.629261016845703
4,2,agent_0,1,2.6271095275878906
225,6,agent_1,1,2.620896339416504
145,3,agent_0,1,2.614917755126953
142,13,agent_1,1,2.6114587783813477
257,9,agent_0,1,2.5869083404541016
204,9,agent_1,1,2.586165428161621
87,5,agent_2,1,2.580411911010742
27,2,agent_1,1,2.5650634765625
267,4,agent_1,1,2.551751136779785
291,7,agent_1,1,2.5474014282226562
199,2,agent_0,1,2.5470829010009766
188,10,agent_2,1,2.5407657623291016
43,6,agent_1,1,2.5355215072631836
272,6,agent_0,1,2.525217056274414
39,1,agent_1,1,2.5112953186035156
171,9,agent_2,1,2.506326675415039
196,14,agent_2,1,2.506282329559326
233,3,agent_0,1,2.5062217712402344
208,4,agent_1,1,2.501582145690918
91,3,agent_1,1,2.492706298828125
126,3,agent_0,1,2.4862403869628906
95,1,agent_2,1,2.4799842834472656
59,7,agent_0,1,2.471773147583008
147,6,agent_0,1,2.4674463272094727
169,3,agent_2,1,2.460298538208008
15,4,agent_0,1,2.4507007598876953
259,3,agent_1,1,2.441986083984375
110,4,agent_1,1,2.437366485595703
102,11,agent_0,1,2.427639961242676
242,13,agent_1,1,2.426987648010254
69,7,agent_0,1,2.4194583892822266
167,6,agent_2,1,2.4164085388183594
65,8,agent_1,1,2.4160614013671875
137,6,agent_1,1,2.411710739135742
242,11,agent_1,1,2.4095702171325684
155,1,agent_1,1,2.408079147338867
290,4,agent_0,1,2.4031600952148438
192,0,agent_1,1,2.3889007568359375
199,6,agent_2,1,2.379732131958008
27,6,agent_0,1,2.375629425048828
24,3,agent_1,1,2.3713998794555664
204,6,agent_2,1,2.3691654205322266
140,1,agent_1,1,2.3572139739990234
133,12,agent_0,1,2.3500185012817383
99,0,agent_0,1,2.3450565338134766
260,7,agent_0,1,2.3443069458007812
24,4,agent_0,1,2.3409643173217773
204,2,agent_2,1,2.338573455810547
260,6,agent_2,1,2.3382015228271484
256,7,agent_1,1,2.3358078002929688
91,8,agent_1,1,2.3311195373535156
110,9,agent_1,1,2.323946952819824
181,6,agent_1,1,2.320937156677246
94,6,agent_0,1,2.319462776184082
148,6,agent_2,1,2.3158512115478516
32,7,agent_1,1,2.3149757385253906
160,9,agent_0,1,2.31398868560791
138,6,agent_1,1,2.312727928161621
283,4,agent_1,1,2.3032150268554688
240,6,agent_0,1,2.301253318786621
68,8,agent_0,1,2.292339324951172
284,3,agent_2,1,2.2680606842041016
27,3,agent_0,1,2.2570228576660156
262,8,agent_1,1,2.251493453979492
119,2,agent_2,1,2.2490158081054688
282,7,agent_2,1,2.2483081817626953
282,1,agent_2,1,2.248300552368164
39,2,agent_1,1,2.2459049224853516
285,13,agent_2,1,2.2412610054016113
193,14,agent_2,1,2.240880012512207
230,11,agent_0,1,2.235825538635254
262,3,agent_1,1,2.228788375854492
83,12,agent_1,1,2.2279739379882812
257,0,agent_2,1,2.224336624145508
95,3,agent_2,1,2.2238693237304688
193,6,agent_2,1,2.2201366424560547
220,4,agent_2,1,2.210820198059082
41,13,agent_1,1,2.208028793334961
52,0,agent_1,1,2.2063636779785156
238,9,agent_1,1,2.206043243408203
294,4,agent_1,1,2.203868865966797
52,11,agent_2,1,2.195467948913574
211,2,agent_0,1,2.1886959075927734
179,11,agent_0,1,2.1803083419799805
213,10,agent_0,1,2.179605484008789
40,4,agent_0,1,2.1791000366210938
117,2,agent_1,1,2.169496536254883
138,8,agent_1,1,2.1628170013427734
140,5,agent_1,1,2.1513824462890625
181,4,agent_1,1,2.1495590209960938
237,4,agent_2,1,2.1477432250976562
96,3,agent_2,1,2.1467809677124023
211,1,agent_0,1,2.145538330078125
181,2,agent_1,1,2.1453123092651367
282,10,agent_1,1,2.137737274169922
243,2,agent_2,1,2.1376953125
21,0,agent_1,1,2.1373863220214844
55,7,agent_1,1,2.1272506713867188
196,12,agent_0,1,2.124018669128418
94,0,agent_2,1,2.1229724884033203
261,1,agent_1,1,2.1095809936523438
124,8,agent_2,1,2.1004505157470703
219,11,agent_2,1,2.0986642837524414
19,0,agent_1,1,2.086109161376953
282,11,agent_1,1,2.081165313720703
125,3,agent_1,1,2.0685348510742188
294,2,agent_1,1,2.0659542083740234
282,9,agent_1,1,2.0490856170654297
96,6,agent_1,1,2.04439640045166
178,16,agent_0,1,2.0428433418273926
117,11,agent_1,1,2.0397300720214844
39,3,agent_1,1,2.0338897705078125
142,0,agent_2,1,2.0330867767333984
280,13,agent_2,1,2.0222320556640625
219,1,agent_0,1,2.0189132690429688
233,14,agent_1,1,2.012357234954834
277,2,agent_0,1,2.0117130279541016
195,5,agent_0,1,1.9979362487792969
196,11,agent_2,1,1.991459846496582
204,0,agent_1,1,1.9846343994140625
145,5,agent_1,1,1.979391098022461
287,5,agent_0,1,1.9764738082885742
25,7,agent_1,1,1.965078353881836
150,0,agent_0,1,1.9600906372070312
276,5,agent_0,1,1.9522886276245117
81,9,agent_1,1,1.9509782791137695
232,2,agent_2,1,1.9486618041992188
45,8,agent_1,1,1.9473676681518555
190,3,agent_1,1,1.9472541809082031
80,11,agent_1,1,1.9446334838867188
28,2,agent_2,1,1.9440155029296875
18,8,agent_0,1,1.9381599426269531
20,7,agent_1,1,1.9308509826660156
183,3,agent_2,1,1.9234600067138672
148,3,agent_2,1,1.9227657318115234
98,1,agent_2,1,1.9210929870605469
110,8,agent_1,1,1.9175119400024414
245,4,agent_0,1,1.907339096069336
136,7,agent_1,1,1.9004287719726562
74,15,agent_2,1,1.8987579345703125
140,4,agent_1,1,1.8943939208984375
38,1,agent_2,1,1.8932123184204102
190,1,agent_1,1,1.8891353607177734
202,5,agent_1,1,1.8865032196044922
199,5,agent_1,1,1.8859901428222656
112,8,agent_0,1,1.8822927474975586
13,11,agent_0,1,1.881326675415039
204,3,agent_2,1,1.8754959106445312
75,11,agent_2,1,1.867781639099121
133,6,agent_2,1,1.861954689025879
28,10,agent_1,1,1.860870361328125
291,9,agent_0,1,1.860733985900879
222,9,agent_1,1,1.8607053756713867
230,1,agent_0,1,1.8603477478027344
299,2,agent_1,1,1.857513427734375
280,0,agent_0,1,1.855926513671875
41,1,agent_0,1,1.8557453155517578
140,3,agent_1,1,1.852334976196289
263,1,agent_2,1,1.8453445434570312
180,11,agent_0,1,1.844925880432129
25,6,agent_1,1,1.8372230529785156
41,10,agent_1,1,1.8363771438598633
62,16,agent_1,1,1.833200454711914
246,8,agent_2,1,1.825148582458496
75,10,agent_2,1,1.8223352432250977
23,4,agent_0,1,1.8210124969482422
68,7,agent_0,1,1.814610481262207
15,8,agent_0,1,1.8118820190429688
91,6,agent_0,1,1.8055381774902344
129,16,agent_0,1,1.8030009269714355
102,14,agent_0,1,1.8023509979248047
155,13,agent_0,1,1.799543857574463
270,14,agent_0,1,1.796879768371582
219,7,agent_2,1,1.795114517211914
294,13,agent_2,1,1.7931690216064453
250,7,agent_1,1,1.790639877319336
14,9,agent_2,1,1.7838897705078125
265,4,agent_1,1,1.7811393737792969
13,3,agent_2,1,1.779611587524414
44,3,agent_1,1,1.7778549194335938
211,15,agent_0,1,1.775937557220459
294,1,agent_1,1,1.7752456665039062
285,7,agent_0,1,1.768991470336914
43,3,agent_1,1,1.7650928497314453
74,15,agent_0,1,1.7638444900512695
114,7,agent_1,1,1.763443946838379
265,3,agent_1,1,1.7602081298828125
40,6,agent_0,1,1.7536201477050781
63,15,agent_2,1,1.745877742767334
289,9,agent_0,1,1.7454371452331543
282,13,agent_1,1,1.7447624206542969
224,0,agent_0,1,1.7428531646728516
163,6,agent_0,1,1.7423458099365234
288,8,agent_1,1,1.7422609329223633
0,9,agent_2,1,1.7367029190063477
275,12,agent_1,1,1.7311334609985352
89,7,agent_0,1,1.7306804656982422
241,7,agent_2,1,1.7292566299438477
117,9,agent_2,1,1.7289295196533203
258,9,agent_1,1,1.7260351181030273
282,3,agent_0,1,1.725830078125
190,5,agent_1,1,1.7223873138427734
200,5,agent_2,1,1.7146663665771484
266,8,agent_0,1,1.7132329940795898
40,5,agent_0,1,1.7100677490234375
41,9,agent_1,1,1.7087478637695312
41,12,agent_1,1,1.7060651779174805
31,5,agent_2,1,1.7008934020996094
127,14,agent_2,1,1.700364112854004
101,1,agent_1,1,1.6987800598144531
144,5,agent_0,1,1.6986217498779297
145,7,agent_0,1,1.6965723037719727
56,5,agent_2,1,1.6928768157958984
13,12,agent_0,1,1.6922760009765625
25,8,agent_1,1,1.6858711242675781
229,14,agent_0,1,1.680863857269287
174,6,agent_0,1,1.680558204650879
221,5,agent_1,1,1.679183006286621
242,10,agent_1,1,1.6787424087524414
140,2,agent_1,1,1.676687240600586
96,11,agent_1,1,1.6754074096679688
56,3,agent_2,1,1.6669025421142578
275,9,agent_2,1,1.6662015914916992
233,13,agent_1,1,1.6658267974853516
71,16,agent_1,1,1.6549501419067383
281,9,agent_2,1,1.651371955871582
41,7,agent_1,1,1.6436872482299805
179,18,agent_1,1,1.6396703720092773
201,4,agent_1,1,1.6391353607177734
59,14,agent_1,1,1.6380233764648438
280,6,agent_0,1,1.6324195861816406
144,11,agent_1,1,1.6305160522460938
129,5,agent_0,1,1.6290388107299805
69,9,agent_0,1,1.6284942626953125
26,10,agent_1,1,1.6223936080932617
211,17,agent_0,1,1.6221961975097656
155,15,agent_0,1,1.6206026077270508
224,3,agent_0,1,1.6189727783203125
122,4,agent_0,1,1.618743896484375
246,8,agent_1,1,1.6178159713745117
278,2,agent_1,1,1.6154136657714844
202,10,agent_0,1,1.614715576171875
289,7,agent_1,1,1.6146941184997559
274,4,agent_1,1,1.6114540100097656
101,14,agent_2,1,1.6102886199951172
260,13,agent_0,1,1.6078529357910156
271,10,agent_1,1,1.6070585250854492
201,6,agent_1,1,1.6050987243652344
129,5,agent_2,1,1.604766845703125
222,8,agent_1,1,1.6010732650756836
288,10,agent_1,1,1.5999507904052734
21,1,agent_1,1,1.5994625091552734
291,13,agent_0,1,1.5975723266601562
161,17,agent_2,1,1.597092628479004
20,9,agent_1,1,1.5965728759765625
169,2,agent_0,1,1.59063720703125
58,12,agent_1,1,1.5821762084960938
246,14,agent_0,1,1.580822467803955
39,6,agent_0,1,1.5805168151855469
58,9,agent_1,1,1.579768180847168
7,9,agent_1,1,1.5713624954223633
20,14,agent_1,1,1.5696678161621094
80,14,agent_0,1,1.5638093948364258
193,10,agent_1,1,1.5619258880615234
185,12,agent_1,1,1.5606331825256348
108,11,agent_1,1,1.5571136474609375
278,7,agent_0,1,1.5561180114746094
265,1,agent_2,1,1.5541706085205078
259,5,agent_0,1,1.5536212921142578
180,0,agent_0,1,1.5515117645263672
268,0,agent_2,1,1.548666000366211
254,8,agent_0,1,1.5479297637939453
187,7,agent_2,1,1.5474395751953125
44,1,agent_0,1,1.5463066101074219
232,4,agent_1,1,1.544102668762207
83,10,agent_1,1,1.5338830947875977
6,10,agent_1,1,1.5326156616210938
140,0,agent_1,1,1.5324420928955078
219,9,agent_1,1,1.5237817764282227
195,2,agent_2,1,1.5234718322753906
266,11,agent_1,1,1.5216312408447266
124,9,agent_1,1,1.5106220245361328
156,11,agent_0,1,1.5089340209960938
124,14,agent_1,1,1.502821922302246
202,13,agent_1,1,1.500650405883789
221,4,agent_1,1,1.500269889831543
226,3,agent_2,1,1.500199317932129
147,13,agent_0,1,1.4972648620605469
83,15,agent_2,1,1.4968481063842773
128,16,agent_2,1,1.4938130378723145
107,13,agent_2,1,1.4897642135620117
162,13,agent_0,1,1.4887561798095703
272,9,agent_2,1,1.4843597412109375
161,13,agent_1,1,1.4827423095703125
169,4,agent_1,1,1.4765052795410156
112,17,agent_0,1,1.4762811660766602
193,11,agent_1,1,1.4724502563476562
147,17,agent_2,1,1.4700627326965332
295,14,agent_0,1,1.4683122634887695
261,10,agent_2,1,1.466069221496582
157,2,agent_0,1,1.464700698852539
26,8,agent_1,1,1.4590940475463867
71,6,agent_1,1,1.4581851959228516
263,16,agent_2,1,1.4525957107543945
275,7,agent_1,1,1.4519119262695312
232,19,agent_0,1,1.4492626190185547
185,6,agent_0,1,1.4474620819091797
44,10,agent_1,1,1.44287109375
232,16,agent_0,1,1.439967155456543
101,15,agent_2,1,1.4386725425720215
289,13,agent_1,1,1.4386677742004395
5,6,agent_0,1,1.4383716583251953
140,6,agent_1,1,1.4381866455078125
13,9,agent_0,1,1.433248519897461
291,3,agent_1,1,1.4307279586791992
275,6,agent_1,1,1.4254961013793945
82,12,agent_1,1,1.4216928482055664
155,0,agent_1,1,1.417470932006836
111,3,agent_1,1,1.4163055419921875
146,4,agent_0,1,1.4162883758544922
265,5,agent_1,1,1.4143733978271484
285,15,agent_1,1,1.411849021911621
218,6,agent_0,1,1.4096994400024414
94,5,agent_1,1,1.4078140258789062
67,21,agent_1,1,1.4071545600891113
27,5,agent_0,1,1.4070243835449219
126,8,agent_2,1,1.406454086303711
297,11,agent_1,1,1.4033927917480469
50,14,agent_0,1,1.402078628540039
6,5,agent_2,1,1.4005794525146484
26,6,agent_1,1,1.3996763229370117
121,1,agent_0,1,1.3992652893066406
188,3,agent_0,1,1.396958351135254
257,10,agent_2,1,1.3917083740234375
72,14,agent_1,1,1.3916358947753906
148,5,agent_2,1,1.3877582550048828
38,2,agent_2,1,1.3841381072998047
275,13,agent_1,1,1.3827600479125977
81,3,agent_1,1,1.3827266693115234
205,5,agent_0,1,1.3817672729492188
14,3,agent_1,1,1.377981185913086
164,10,agent_0,1,1.3749866485595703
62,14,agent_2,1,1.3740358352661133
263,10,agent_1,1,1.373544692993164
8,11,agent_2,1,1.3711390495300293
57,3,agent_1,1,1.3673267364501953
149,4,agent_1,1,1.3636741638183594
179,9,agent_2,1,1.3633575439453125
208,5,agent_1,1,1.3620176315307617
67,20,agent_1,1,1.3606657981872559
44,14,agent_2,1,1.359389305114746
235,6,agent_1,1,1.3592529296875
158,4,agent_2,1,1.3592453002929688
209,1,agent_2,1,1.3581085205078125
0,1,agent_0,1,1.3536911010742188
241,16,agent_0,1,1.353532314300537
227,13,agent_1,1,1.3523035049438477
49,8,agent_1,1,1.3521041870117188
256,17,agent_1,1,1.3515658378601074
128,12,agent_1,1,1.3479790687561035
182,6,agent_0,1,1.3477535247802734
208,11,agent_0,1,1.3468999862670898
277,3,agent_0,1,1.3465375900268555
119,0,agent_2,1,1.3462600708007812
72,13,agent_1,1,1.3460617065429688
40,3,agent_0,1,1.3444347381591797
157,8,agent_1,1,1.3435916900634766
271,5,agent_2,1,1.3434677124023438
226,9,agent_2,1,1.3398199081420898
105,8,agent_2,1,1.3366022109985352
235,7,agent_1,1,1.3319511413574219
295,16,agent_0,1,1.3315281867980957
163,13,agent_0,1,1.3308229446411133
126,10,agent_1,1,1.329604148864746
279,8,agent_2,1,1.3294172286987305
199,1,agent_0,1,1.3262519836425781
191,8,agent_1,1,1.3217010498046875
45,9,agent_2,1,1.3215131759643555
229,15,agent_0,1,1.3208122253417969
7,6,agent_1,1,1.3193683624267578
282,15,agent_1,1,1.31787109375
3,10,agent_2,1,1.3174371719360352
284,7,agent_2,1,1.316035270690918
25,10,agent_1,1,1.3129043579101562
275,1,agent_1,1,1.3110523223876953
270,16,agent_1,1,1.3100948333740234
20,3,agent_2,1,1.3094654083251953
264,5,agent_2,1,1.3084831237792969
44,5,agent_0,1,1.3082027435302734
168,15,agent_1,1,1.3069767951965332
240,4,agent_1,1,1.3068771362304688
298,7,agent_1,1,1.3063850402832031
84,12,agent_0,1,1.3047523498535156
0,5,agent_2,1,1.3033132553100586
111,5,agent_1,1,1.3006572723388672
137,7,agent_1,1,1.29998779296875
290,10,agent_1,1,1.299856185913086
279,9,agent_2,1,1.299407958984375
290,11,agent_2,1,1.2947015762329102
112,1,agent_0,1,1.29364013671875
262,7,agent_0,1,1.292353630065918
39,3,agent_0,1,1.2911796569824219
144,8,agent_1,1,1.2911128997802734
117,14,agent_1,1,1.2879524230957031
206,10,agent_1,1,1.2878074645996094
297,2,agent_1,1,1.2876777648925781
111,4,agent_1,1,1.2857952117919922
252,7,agent_2,1,1.2848739624023438
179,10,agent_2,1,1.2827258110046387
275,8,agent_2,1,1.2825403213500977
91,5,agent_2,1,1.2815208435058594
282,0,agent_2,1,1.28021240234375
229,13,agent_0,1,1.2801284790039062
136,13,agent_2,1,1.279287338256836
32,13,agent_2,1,1.279001235961914
177,19,agent_0,1,1.278761863708496
98,14,agent_0,1,1.2774267196655273
47,9,agent_1,1,1.2773056030273438
86,20,agent_0,1,1.2738633155822754
221,6,agent_1,1,1.2725286483764648
76,11,agent_1,1,1.2700433731079102
141,5,agent_1,1,1.2681121826171875
71,5,agent_1,1,1.265655517578125
264,10,agent_2,1,1.2645044326782227
47,10,agent_1,1,1.2630434036254883
177,8,agent_0,1,1.262399673461914
202,8,agent_1,1,1.2620391845703125
160,15,agent_1,1,1.261643409729004
188,13,agent_1,1,1.2591900825500488
124,15,agent_1,1,1.2582931518554688
8,1,agent_0,1,1.2582855224609375
262,1,agent_0,1,1.2571296691894531
25,9,agent_1,1,1.2568855285644531
143,10,agent_2,1,1.2544031143188477
161,14,agent_1,1,1.254110336303711
48,19,agent_2,1,1.2537484169006348
284,12,agent_1,1,1.2530202865600586
268,8,agent_2,1,1.2527055740356445
286,9,agent_1,1,1.2514228820800781
62,12,agent_2,1,1.2513494491577148
6,0,agent_1,1,1.2500114440917969
286,11,agent_2,1,1.2498502731323242
54,7,agent_2,1,1.2473258972167969
19,3,agent_2,1,1.2451534271240234
120,11,agent_0,1,1.242197036743164
77,10,agent_0,1,1.2418718338012695
3,5,agent_1,1,1.2383880615234375
206,5,agent_1,1,1.2368621826171875
19,6,agent_2,1,1.2361297607421875
244,15,agent_0,1,1.2347016334533691
66,11,agent_2,1,1.234349250793457
105,3,agent_2,1,1.2306365966796875
14,7,agent_0,1,1.2271003723144531
28,8,agent_0,1,1.2270030975341797
109,13,agent_1,1,1.226426124572754
112,7,agent_1,1,1.2259092330932617
294,12,agent_2,1,1.2231292724609375
14,11,agent_1,1,1.222874641418457
65,4,agent_0,1,1.2207527160644531
217,6,agent_1,1,1.2206268310546875
160,13,agent_1,1,1.2200593948364258
226,2,agent_1,1,1.2181167602539062
226,6,agent_2,1,1.217656135559082
34,8,agent_2,1,1.2175884246826172
36,19,agent_2,1,1.2167305946350098
28,15,agent_0,1,1.2151355743408203
180,12,agent_2,1,1.2137527465820312
209,4,agent_1,1,1.21331787109375
19,5,agent_2,1,1.2132797241210938
179,7,agent_1,1,1.213216781616211
256,3,agent_2,1,1.2127437591552734
58,11,agent_0,1,1.2124242782592773
25,3,agent_1,1,1.2100067138671875
172,7,agent_1,1,1.2089548110961914
30,12,agent_2,1,1.208292007446289
149,13,agent_1,1,1.2040061950683594
8,4,agent_2,1,1.202341079711914
112,15,agent_0,1,1.2015361785888672
161,9,agent_2,1,1.2007169723510742
213,7,agent_1,1,1.1978635787963867
206,11,agent_2,1,1.1958112716674805
182,8,agent_2,1,1.1923332214355469
111,7,agent_1,1,1.1911487579345703
282,16,agent_1,1,1.1889543533325195
187,3,agent_1,1,1.1860723495483398
298,3,agent_2,1,1.185537338256836
223,7,agent_2,1,1.184361457824707
34,11,agent_1,1,1.1843109130859375
130,7,agent_1,1,1.1841144561767578
226,5,agent_2,1,1.1841087341308594
54,6,agent_0,1,1.1813163757324219
282,4,agent_2,1,1.1788978576660156
259,11,agent_2,1,1.1779184341430664
67,7,agent_1,1,1.1770095825195312
119,5,agent_1,1,1.1744918823242188
259,15,agent_0,1,1.172262191772461
146,0,agent_0,1,1.1715812683105469
52,4,agent_1,1,1.1701812744140625
133,14,agent_2,1,1.1690940856933594
126,16,agent_1,1,1.1690149307250977
4,0,agent_0,1,1.1679668426513672
178,8,agent_0,1,1.1677370071411133
271,9,agent_1,1,1.1663122177124023
61,10,agent_1,1,1.1647510528564453
159,3,agent_1,1,1.1646480560302734
256,16,agent_0,1,1.1645088195800781
97,3,agent_1,1,1.1638202667236328
42,8,agent_0,1,1.161600112915039
112,0,agent_2,1,1.1593093872070312
237,3,agent_0,1,1.157735824584961
252,0,agent_2,1,1.1556663513183594
45,9,agent_1,1,1.1542234420776367
38,6,agent_2,1,1.1539077758789062
277,5,agent_1,1,1.1526622772216797
147,15,agent_0,1,1.152632713317871
59,8,agent_2,1,1.1504554748535156
259,2,agent_1,1,1.1499652862548828
285,3,agent_0,1,1.1495590209960938
213,4,agent_1,1,1.1468305587768555
291,6,agent_2,1,1.1409263610839844
162,10,agent_0,1,1.1406688690185547
198,7,agent_1,1,1.1403961181640625
17,6,agent_1,1,1.1399192810058594
26,14,agent_1,1,1.1388344764709473
197,4,agent_1,1,1.1380138397216797
57,5,agent_1,1,1.137054443359375
82,10,agent_1,1,1.135335922241211
116,5,agent_0,1,1.1313247680664062
274,6,agent_1,1,1.12884521484375
242,18,agent_2,1,1.1282634735107422
222,2,agent_0,1,1.1281471252441406
260,9,agent_0,1,1.127798080444336
96,16,agent_1,1,1.1245675086975098
19,2,agent_2,1,1.1243438720703125
26,12,agent_1,1,1.124283790588379
148,5,agent_1,1,1.1241626739501953
220,8,agent_1,1,1.1241273880004883
245,7,agent_1,1,1.123861312866211
36,0,agent_2,1,1.1233577728271484
184,6,agent_0,1,1.1218414306640625
41,8,agent_0,1,1.1198625564575195
284,20,agent_0,1,1.1185340881347656
259,10,agent_1,1,1.1176681518554688
142,7,agent_2,1,1.1175765991210938
73,10,agent_0,1,1.1147260665893555
38,3,agent_2,1,1.1143712997436523
74,17,agent_2,1,1.1096811294555664
183,5,agent_1,1,1.1061553955078125
118,6,agent_1,1,1.1061077117919922
62,18,agent_1,1,1.1059093475341797
235,8,agent_1,1,1.104665756225586
161,15,agent_1,1,1.1044111251831055
216,11,agent_1,1,1.101705551147461
204,1,agent_1,1,1.1007213592529297
136,12,agent_2,1,1.1000418663024902
242,17,agent_2,1,1.0997247695922852
28,7,agent_1,1,1.0991363525390625
208,0,agent_0,1,1.0972309112548828
121,13,agent_0,1,1.0959625244140625
128,3,agent_1,1,1.0953454971313477
6,8,agent_2,1,1.0951347351074219
102,16,agent_0,1,1.0951080322265625
25,5,agent_1,1,1.0948810577392578
114,10,agent_0,1,1.094132423400879
61,5,agent_2,1,1.093027114868164
89,5,agent_2,1,1.0915813446044922
162,18,agent_2,1,1.0914936065673828
232,1,agent_0,1,1.09075927734375
183,15,agent_2,1,1.0897903442382812
220,4,agent_0,1,1.0892095565795898
231,15,agent_2,1,1.089040756225586
106,5,agent_1,1,1.0884017944335938
273,10,agent_1,1,1.0871706008911133
255,21,agent_0,1,1.0819602012634277
286,7,agent_0,1,1.0805492401123047
39,13,agent_0,1,1.0779790878295898
148,3,agent_1,1,1.0687885284423828
32,14,agent_2,1,1.0674629211425781
185,13,agent_1,1,1.0670337677001953
233,0,agent_0,1,1.0667638778686523
203,7,agent_0,1,1.0663108825683594
218,5,agent_0,1,1.0647153854370117
192,20,agent_2,1,1.063630223274231
9,15,agent_1,1,1.0629730224609375
124,13,agent_1,1,1.0619850158691406
62,8,agent_1,1,1.0613441467285156
12,14,agent_1,1,1.0595064163208008
190,2,agent_1,1,1.0568084716796875
185,6,agent_2,1,1.0567970275878906
9,5,agent_0,1,1.0558967590332031
96,5,agent_1,1,1.055715560913086
194,4,agent_1,1,1.0533103942871094
184,12,agent_1,1,1.0523853302001953
30,14,agent_2,1,1.0514740943908691
97,6,agent_0,1,1.051025390625
256,12,agent_0,1,1.050191879272461
219,9,agent_0,1,1.0473861694335938
224,2,agent_0,1,1.0462398529052734
158,3,agent_0,1,1.045705795288086
34,7,agent_1,1,1.0447206497192383
281,8,agent_2,1,1.0444831848144531
130,14,agent_0,1,1.0418777465820312
255,11,agent_2,1,1.040365219116211
231,10,agent_2,1,1.039663314819336
4,7,agent_2,1,1.0394296646118164
88,0,agent_1,1,1.038137435913086
254,13,agent_0,1,1.0379714965820312
243,14,agent_2,1,1.0376625061035156
210,13,agent_2,1,1.0370826721191406
118,12,agent_1,1,1.0364723205566406
265,2,agent_2,1,1.0329532623291016
3,7,agent_2,1,1.0317010879516602
252,10,agent_0,1,1.0315685272216797
262,13,agent_0,1,1.0315208435058594
81,7,agent_1,1,1.0292282104492188
133,10,agent_1,1,1.0290775299072266
232,14,agent_1,1,1.0290346145629883
219,0,agent_2,1,1.0278396606445312
255,6,agent_1,1,1.025665283203125
8,13,agent_1,1,1.0238251686096191
117,5,agent_1,1,1.0236530303955078
38,21,agent_2,1,1.0215026140213013
162,11,agent_0,1,1.021042823791504
9,14,agent_2,1,1.0208625793457031
275,10,agent_2,1,1.0165157318115234
297,16,agent_1,1,1.0156922340393066
256,19,agent_1,1,1.0147314071655273
106,12,agent_2,1,1.0089654922485352
277,1,agent_0,1,1.0089607238769531
177,21,agent_0,1,1.0074126720428467
253,4,agent_1,1,1.0069169998168945
40,5,agent_1,1,1.0057106018066406
243,1,agent_2,1,1.0039539337158203
282,3,agent_2,1,1.0033950805664062
256,15,agent_1,1,1.0012197494506836
153,12,agent_2,1,1.001047134399414
94,1,agent_2,1,0.9998855590820312
204,5,agent_2,1,0.9990177154541016
113,6,agent_2,1,0.9980297088623047
124,11,agent_2,1,0.9973125457763672
17,4,agent_1,1,0.9965076446533203
162,4,agent_1,1,0.9952201843261719
132,1,agent_0,1,0.9923019409179688
276,12,agent_0,1,0.9905581474304199
24,12,agent_1,1,0.9903888702392578
283,0,agent_1,1,0.9903564453125
262,0,agent_0,1,0.9872665405273438
115,20,agent_0,1,0.9852206707000732
73,11,agent_1,1,0.9830904006958008
235,7,agent_2,1,0.9824447631835938
215,5,agent_1,1,0.9819908142089844
2,3,agent_0,1,0.9818973541259766
50,13,agent_0,1,0.98101806640625
208,4,agent_0,1,0.9804182052612305
49,4,agent_1,1,0.9794445037841797
145,15,agent_0,1,0.979278564453125
2,6,agent_1,1,0.979034423828125
152,3,agent_2,1,0.9782333374023438
142,4,agent_2,1,0.9776153564453125
31,10,agent_1,1,0.9775071144104004
208,1,agent_1,1,0.9771137237548828
192,9,agent_2,1,0.9770445823669434
202,8,agent_2,1,0.9761905670166016
140,7,agent_2,1,0.9749279022216797
266,4,agent_0,1,0.9729442596435547
122,2,agent_0,1,0.9727268218994141
266,9,agent_2,1,0.9722404479980469
9,15,agent_2,1,0.9685344696044922
107,2,agent_0,1,0.9637565612792969
219,2,agent_1,1,0.9627895355224609
204,4,agent_1,1,0.9606342315673828
16,3,agent_2,1,0.95989990234375
198,16,agent_0,1,0.9588327407836914
163,8,agent_1,1,0.958740234375
55,11,agent_1,1,0.9573812484741211
171,15,agent_2,1,0.9552192687988281
129,17,agent_2,1,0.9549713134765625
174,13,agent_2,1,0.9537310600280762
15,14,agent_0,1,0.9528617858886719
243,9,agent_2,1,0.95245361328125
265,13,agent_2,1,0.9516944885253906
108,14,agent_1,1,0.9515318870544434
132,10,agent_1,1,0.9503011703491211
280,4,agent_0,1,0.9494476318359375
21,15,agent_2,1,0.9485359191894531
220,19,agent_1,1,0.9477300643920898
205,4,agent_0,1,0.9475994110107422
131,9,agent_2,1,0.9472551345825195
44,15,agent_2,1,0.9469404220581055
297,4,agent_2,1,0.9468898773193359
102,4,agent_0,1,0.9443607330322266
253,1,agent_2,1,0.9439353942871094
40,11,agent_2,1,0.9423961639404297
3,11,agent_1,1,0.9423065185546875
193,9,agent_0,1,0.9418392181396484
68,2,agent_0,1,0.941349983215332
109,6,agent_1,1,0.9412250518798828
245,6,agent_0,1,0.9402379989624023
262,10,agent_1,1,0.9388437271118164
286,14,agent_1,1,0.9388008117675781
30,9,agent_1,1,0.9380016326904297
291,15,agent_0,1,0.9375953674316406
72,11,agent_1,1,0.9371795654296875
203,5,agent_1,1,0.9328765869140625
253,17,agent_1,1,0.9328598976135254
24,2,agent_1,1,0.9317302703857422
178,13,agent_2,1,0.9316582679748535
188,19,agent_0,1,0.9312033653259277
61,11,agent_1,1,0.9295816421508789
5,3,agent_0,1,0.9292984008789062
37,0,agent_2,1,0.9290313720703125
143,13,agent_1,1,0.9288725852966309
251,8,agent_2,1,0.9285850524902344
33,15,agent_2,1,0.9279475212097168
211,19,agent_0,1,0.9254369735717773
11,12,agent_0,1,0.9239864349365234
6,7,agent_2,1,0.9235954284667969
101,16,agent_1,1,0.9228200912475586
257,11,agent_1,1,0.9210605621337891
202,11,agent_2,1,0.9204826354980469
159,4,agent_1,1,0.9177474975585938
185,10,agent_1,1,0.9173836708068848
185,8,agent_0,1,0.9161806106567383
126,8,agent_1,1,0.9161338806152344
153,20,agent_0,1,0.9159653186798096
275,5,agent_1,1,0.9146718978881836
277,7,agent_1,1,0.9137744903564453
291,0,agent_2,1,0.9134464263916016
79,13,agent_0,1,0.9129486083984375
276,6,agent_0,1,0.9116897583007812
216,9,agent_1,1,0.9102678298950195
57,14,agent_1,1,0.9091548919677734
276,11,agent_0,1,0.9081835746765137
273,19,agent_2,1,0.9078621864318848
12,10,agent_2,1,0.9068384170532227
79,8,agent_1,1,0.906463623046875
25,12,agent_1,1,0.9043664932250977
59,3,agent_1,1,0.9032402038574219
192,11,agent_2,1,0.9025435447692871
147,17,agent_0,1,0.9012856483459473
171,14,agent_2,1,0.9010391235351562
77,11,agent_0,1,0.9008674621582031
117,13,agent_0,1,0.8995695114135742
207,16,agent_0,1,0.8976669311523438
140,11,agent_2,1,0.8971290588378906
177,3,agent_1,1,0.8969974517822266
34,16,agent_2,1,0.8969688415527344
238,14,agent_1,1,0.8966798782348633
112,13,agent_1,1,0.8956618309020996
7,19,agent_1,1,0.8955764770507812
69,14,agent_1,1,0.8952140808105469
176,6,agent_1,1,0.895111083984375
68,13,agent_0,1,0.8946189880371094
34,6,agent_1,1,0.8931159973144531
57,17,agent_1,1,0.8927469253540039
277,6,agent_0,1,0.8919401168823242
126,7,agent_1,1,0.8918285369873047
11,13,agent_1,1,0.8915600776672363
9,4,agent_0,1,0.8912906646728516
55,9,agent_1,1,0.8912191390991211
196,5,agent_2,1,0.8902492523193359
114,11,agent_0,1,0.8900852203369141
179,8,agent_2,1,0.8892860412597656
239,7,agent_1,1,0.8891849517822266
268,5,agent_2,1,0.8870687484741211
177,16,agent_0,1,0.8860869407653809
38,0,agent_2,1,0.8836040496826172
68,7,agent_1,1,0.8829441070556641
232,6,agent_1,1,0.8815212249755859
116,2,agent_2,1,0.8809919357299805
225,4,agent_1,1,0.8803625106811523
161,7,agent_1,1,0.8788461685180664
101,2,agent_1,1,0.8787193298339844
48,15,agent_2,1,0.8758707046508789
225,10,agent_0,1,0.8744239807128906
39,7,agent_1,1,0.8737068176269531
49,6,agent_1,1,0.8736476898193359
280,2,agent_0,1,0.8718986511230469
175,21,agent_2,1,0.8688411712646484
281,7,agent_1,1,0.8684902191162109
285,15,agent_2,1,0.8676033020019531
222,9,agent_0,1,0.8673763275146484
281,6,agent_1,1,0.8660488128662109
270,15,agent_0,1,0.8656234741210938
132,8,agent_1,1,0.8650007247924805
140,7,agent_0,1,0.8643798828125
48,17,agent_2,1,0.8642654418945312
237,2,agent_0,1,0.8639602661132812
149,19,agent_1,1,0.8639430999755859
297,0,agent_1,1,0.8638973236083984
58,8,agent_1,1,0.8638582229614258
117,15,agent_1,1,0.8625326156616211
153,11,agent_2,1,0.8615007400512695
290,13,agent_1,1,0.8614354133605957
204,4,agent_2,1,0.8609867095947266
31,12,agent_1,1,0.8609232902526855
91,11,agent_1,1,0.8594589233398438
101,5,agent_1,1,0.8593997955322266
191,6,agent_1,1,0.8579807281494141
269,9,agent_1,1,0.8579549789428711
57,6,agent_1,1,0.8576889038085938
67,9,agent_1,1,0.8568477630615234
157,4,agent_1,1,0.8566379547119141
80,16,agent_0,1,0.8565340042114258
169,2,agent_1,1,0.8562030792236328
191,2,agent_0,1,0.8560028076171875
74,7,agent_0,1,0.855499267578125
138,6,agent_0,1,0.8549537658691406
52,9,agent_2,1,0.8546371459960938
204,10,agent_1,1,0.8537616729736328
235,9,agent_1,1,0.8535213470458984
256,6,agent_1,1,0.8521928787231445
289,8,agent_2,1,0.8519573211669922
157,16,agent_2,1,0.8516178131103516
226,4,agent_2,1,0.8512210845947266
74,12,agent_0,1,0.8496627807617188
57,8,agent_1,1,0.8495655059814453
52,2,agent_1,1,0.8492832183837891
9,12,agent_0,1,0.84820556640625
251,7,agent_2,1,0.8481884002685547
20,2,agent_1,1,0.8478546142578125
143,12,agent_1,1,0.8464498519897461
238,9,agent_0,1,0.8461542129516602
101,0,agent_0,1,0.8448257446289062
122,9,agent_2,1,0.8445396423339844
201,2,agent_1,1,0.84405517578125
211,6,agent_0,1,0.843358039855957
149,21,agent_1,1,0.8432130813598633
172,9,agent_2,1,0.8425345420837402
53,4,agent_1,1,0.8424882888793945
216,10,agent_1,1,0.841588020324707
112,2,agent_0,1,0.8392829895019531
289,8,agent_1,1,0.8375205993652344
218,4,agent_0,1,0.8375043869018555
256,18,agent_0,1,0.8368406295776367
147,12,agent_0,1,0.8327417373657227
81,2,agent_1,1,0.8324308395385742
39,14,agent_0,1,0.8308839797973633
232,15,agent_1,1,0.8304433822631836
262,4,agent_0,1,0.8302183151245117
286,10,agent_0,1,0.8296327590942383
20,17,agent_2,1,0.8293285369873047
26,17,agent_1,1,0.8281722068786621
41,0,agent_0,1,0.82763671875
207,8,agent_1,1,0.8270502090454102
42,9,agent_0,1,0.8269157409667969
183,14,agent_2,1,0.8269071578979492
208,17,agent_0,1,0.8263702392578125
243,7,agent_2,1,0.8260211944580078
156,21,agent_0,1,0.8259124755859375
226,6,agent_1,1,0.825566291809082
132,12,agent_1,1,0.8250207901000977
111,9,agent_1,1,0.8250083923339844
98,0,agent_1,1,0.8242568969726562
37,21,agent_0,1,0.8238780498504639
222,11,agent_2,1,0.8232011795043945
232,13,agent_1,1,0.8230457305908203
280,10,agent_2,1,0.8226413726806641
0,20,agent_2,1,0.8213362693786621
259,11,agent_0,1,0.8206415176391602
30,2,agent_0,1,0.8191947937011719
187,4,agent_1,1,0.8191080093383789
136,3,agent_0,1,0.8184738159179688
213,6,agent_1,1,0.818328857421875
41,15,agent_1,1,0.817601203918457
111,6,agent_1,1,0.8172893524169922
219,0,agent_0,1,0.8161449432373047
184,11,agent_1,1,0.8136501312255859
142,1,agent_2,1,0.8134803771972656
203,6,agent_1,1,0.8116703033447266
289,11,agent_1,1,0.8115859031677246
113,14,agent_1,1,0.811253547668457
202,6,agent_1,1,0.8109855651855469
270,13,agent_0,1,0.8107814788818359
226,7,agent_1,1,0.810084342956543
45,5,agent_2,1,0.808873176574707
297,11,agent_2,1,0.8081951141357422
219,12,agent_2,1,0.8079671859741211
136,14,agent_1,1,0.8078756332397461
91,6,agent_2,1,0.807861328125
3,12,agent_1,1,0.8075094223022461
17,8,agent_1,1,0.8069286346435547
73,5,agent_0,1,0.8068962097167969
247,15,agent_2,1,0.8063812255859375
127,7,agent_1,1,0.8060207366943359
9,10,agent_2,1,0.8053159713745117
273,17,agent_1,1,0.8045039176940918
25,11,agent_1,1,0.8033313751220703
76,9,agent_2,1,0.8021764755249023
121,17,agent_2,1,0.8000926971435547
13,10,agent_0,1,0.7998332977294922
268,3,agent_2,1,0.7985410690307617
238,12,agent_2,1,0.7982912063598633
210,11,agent_0,1,0.7981081008911133
148,16,agent_0,1,0.7973566055297852
12,3,agent_0,1,0.7962112426757812
243,12,agent_2,1,0.795292854309082
5,5,agent_2,1,0.794276237487793
282,5,agent_2,1,0.7935829162597656
122,0,agent_0,1,0.7928657531738281
290,14,agent_1,1,0.7920074462890625
177,1,agent_1,1,0.7916717529296875
58,11,agent_1,1,0.7912750244140625
98,13,agent_0,1,0.7879161834716797
9,11,agent_2,1,0.7876958847045898
43,11,agent_2,1,0.7868518829345703
84,10,agent_1,1,0.7858772277832031
53,2,agent_1,1,0.7857418060302734
62,17,agent_1,1,0.7854995727539062
117,6,agent_2,1,0.78338623046875
163,12,agent_0,1,0.7807779312133789
246,1,agent_0,1,0.7803020477294922
10,0,agent_0,1,0.7796955108642578
136,13,agent_1,1,0.7786760330200195
290,2,agent_0,1,0.7783317565917969
28,9,agent_1,1,0.7761917114257812
221,15,agent_2,1,0.7752752304077148
65,12,agent_0,1,0.7743473052978516
74,2,agent_0,1,0.7733955383300781
277,18,agent_2,1,0.7732362747192383
215,19,agent_2,1,0.7729358673095703
236,5,agent_1,1,0.7715167999267578
59,1,agent_1,1,0.7702770233154297
55,1,agent_1,1,0.7692852020263672
57,15,agent_1,1,0.7679853439331055
73,12,agent_1,1,0.767364501953125
166,9,agent_0,1,0.7654275894165039
174,8,agent_2,1,0.7647533416748047
47,17,agent_2,1,0.7640562057495117
155,10,agent_0,1,0.7626857757568359
205,5,agent_1,1,0.7622756958007812
50,13,agent_2,1,0.7619161605834961
197,12,agent_0,1,0.7618169784545898
282,18,agent_1,1,0.7615089416503906
225,16,agent_0,1,0.7613964080810547
273,15,agent_0,1,0.760490894317627
216,2,agent_1,1,0.7603797912597656
22,9,agent_1,1,0.7602138519287109
290,12,agent_1,1,0.7587862014770508
265,0,agent_1,1,0.7585601806640625
90,9,agent_0,1,0.7584590911865234
224,1,agent_0,1,0.7580623626708984
0,18,agent_2,1,0.7579998970031738
35,11,agent_0,1,0.7575778961181641
115,14,agent_0,1,0.7570943832397461
182,2,agent_1,1,0.7564182281494141
197,19,agent_0,1,0.7556672096252441
282,6,agent_2,1,0.7555141448974609
278,14,agent_2,1,0.7552990913391113
25,15,agent_2,1,0.7520265579223633
149,20,agent_1,1,0.7517833709716797
198,20,agent_0,1,0.7515325546264648
109,15,agent_1,1,0.7512378692626953
198,18,agent_1,1,0.7502460479736328
161,19,agent_1,1,0.7494220733642578
207,18,agent_0,1,0.7493751049041748
207,14,agent_0,1,0.7484908103942871
294,5,agent_1,1,0.7475795745849609
255,22,agent_0,1,0.7474839687347412
269,12,agent_1,1,0.7472124099731445
214,7,agent_1,1,0.7470550537109375
291,11,agent_0,1,0.7461128234863281
159,14,agent_1,1,0.7457914352416992
291,16,agent_2,1,0.7450294494628906
205,6,agent_1,1,0.7443046569824219
106,11,agent_1,1,0.7437458038330078
26,18,agent_1,1,0.7433462142944336
39,7,agent_2,1,0.7432212829589844
194,9,agent_2,1,0.7429361343383789
266,9,agent_1,1,0.741694450378418
48,1,agent_2,1,0.7414875030517578
192,18,agent_2,1,0.7406513690948486
183,2,agent_2,1,0.7389106750488281
0,16,agent_2,1,0.7381153106689453
272,0,agent_1,1,0.7377567291259766
6,3,agent_2,1,0.7365512847900391
234,11,agent_2,1,0.7363567352294922
126,21,agent_1,1,0.735600471496582
297,20,agent_1,1,0.7341568470001221
82,1,agent_0,1,0.7317237854003906
182,19,agent_1,1,0.7316951751708984
127,12,agent_1,1,0.7308273315429688
299,11,agent_0,1,0.7305684089660645
61,7,agent_1,1,0.7302970886230469
58,13,agent_1,1,0.7298574447631836
178,14,agent_2,1,0.7297873497009277
107,20,agent_1,1,0.7276368141174316
190,13,agent_1,1,0.7259140014648438
40,6,agent_1,1,0.7250003814697266
84,13,agent_0,1,0.7246809005737305
239,10,agent_1,1,0.7225408554077148
277,5,agent_0,1,0.7220649719238281
176,10,agent_1,1,0.7216958999633789
299,10,agent_0,1,0.7216877937316895
291,16,agent_0,1,0.720339298248291
35,13,agent_2,1,0.7199239730834961
193,9,agent_1,1,0.7191562652587891
132,14,agent_1,1,0.7190418243408203
155,0,agent_0,1,0.7189273834228516
47,16,agent_2,1,0.7188873291015625
1,9,agent_0,1,0.7185382843017578
14,17,agent_1,1,0.7177586555480957
67,11,agent_1,1,0.717564582824707
43,15,agent_1,1,0.7172489166259766
25,13,agent_1,1,0.7171630859375
55,19,agent_2,1,0.7158942222595215
41,2,agent_1,1,0.7156696319580078
167,12,agent_2,1,0.7149887084960938
225,14,agent_2,1,0.7147312164306641
225,14,agent_0,1,0.7139616012573242
241,12,agent_1,1,0.7136144638061523
177,17,agent_0,1,0.7135467529296875
122,11,agent_2,1,0.7134904861450195
216,8,agent_1,1,0.7134552001953125
275,14,agent_1,1,0.7112340927124023
290,3,agent_0,1,0.7105846405029297
102,18,agent_0,1,0.7089462280273438
182,20,agent_1,1,0.7086806297302246
101,3,agent_0,1,0.7086448669433594
18,5,agent_0,1,0.7081747055053711
110,7,agent_1,1,0.707707405090332
176,8,agent_1,1,0.7076187133789062
37,7,agent_1,1,0.7074146270751953
183,16,agent_2,1,0.7072467803955078
15,2,agent_0,1,0.7066802978515625
33,20,agent_1,1,0.706444263458252
158,12,agent_1,1,0.7061266899108887
217,10,agent_1,1,0.7060136795043945
188,16,agent_1,1,0.7058048248291016
99,12,agent_1,1,0.7057399749755859
257,17,agent_1,1,0.7046728134155273
151,10,agent_1,1,0.7042999267578125
44,4,agent_1,1,0.7035064697265625
134,17,agent_0,1,0.7024021148681641
194,5,agent_1,1,0.7016572952270508
159,2,agent_1,1,0.7008018493652344
188,5,agent_0,1,0.6998195648193359
111,0,agent_1,1,0.6985893249511719
30,6,agent_1,1,0.6985836029052734
131,4,agent_1,1,0.6982011795043945
155,10,agent_1,1,0.6981801986694336
32,5,agent_2,1,0.6980342864990234
62,16,agent_2,1,0.6960811614990234
174,10,agent_1,1,0.695868968963623
256,10,agent_1,1,0.6957178115844727
48,2,agent_1,1,0.6955394744873047
35,10,agent_2,1,0.6940574645996094
226,16,agent_1,1,0.6933951377868652
6,4,agent_0,1,0.693328857421875
284,8,agent_0,1,0.6919565200805664
242,5,agent_2,1,0.6919021606445312
216,12,agent_1,1,0.6903476715087891
128,20,agent_0,1,0.6889586448669434
146,19,agent_2,1,0.6887307167053223
224,18,agent_2,1,0.6884975433349609
103,19,agent_0,1,0.6883387565612793
278,22,agent_0,1,0.6879700422286987
69,15,agent_2,1,0.6877641677856445
230,9,agent_1,1,0.6872177124023438
288,3,agent_2,1,0.6869535446166992
49,7,agent_1,1,0.6853580474853516
219,18,agent_0,1,0.6850018501281738
82,7,agent_1,1,0.6845550537109375
195,4,agent_2,1,0.6843814849853516
254,10,agent_2,1,0.6820755004882812
128,4,agent_2,1,0.6817836761474609
122,4,agent_1,1,0.6814002990722656
46,6,agent_0,1,0.6798782348632812
299,16,agent_0,1,0.6796712875366211
218,10,agent_0,1,0.6795806884765625
192,13,agent_2,1,0.6795125007629395
64,0,agent_1,1,0.6791496276855469
107,17,agent_1,1,0.6790571212768555
221,3,agent_2,1,0.6781339645385742
150,7,agent_1,1,0.67803955078125
91,15,agent_1,1,0.6779718399047852
99,5,agent_1,1,0.6779413223266602
212,0,agent_1,1,0.6775226593017578
173,12,agent_2,1,0.6774659156799316
159,20,agent_0,1,0.6768865585327148
78,17,agent_1,1,0.6765289306640625
264,9,agent_0,1,0.6756591796875
151,13,agent_2,1,0.674713134765625
112,5,agent_1,1,0.6743412017822266
27,4,agent_1,1,0.6741447448730469
149,17,agent_1,1,0.6723098754882812
268,18,agent_2,1,0.6718225479125977
78,12,agent_2,1,0.6710844039916992
124,16,agent_1,1,0.6706295013427734
45,16,agent_2,1,0.6703014373779297
33,19,agent_1,1,0.6689252853393555
23,10,agent_0,1,0.6679573059082031
214,0,agent_1,1,0.6673355102539062
198,8,agent_2,1,0.6670494079589844
256,14,agent_0,1,0.6668229103088379
276,21,agent_0,1,0.6666667461395264
263,20,agent_1,1,0.6666662693023682
219,8,agent_0,1,0.6664581298828125
245,7,agent_2,1,0.665501594543457
102,15,agent_0,1,0.6654510498046875
28,11,agent_0,1,0.6650753021240234
59,15,agent_0,1,0.6643638610839844
198,18,agent_0,1,0.6641778945922852
277,19,agent_2,1,0.6632571220397949
199,0,agent_0,1,0.6630916595458984
216,5,agent_1,1,0.6627607345581055
168,5,agent_1,1,0.6617355346679688
196,18,agent_2,1,0.6616425514221191
104,5,agent_0,1,0.660736083984375
99,2,agent_2,1,0.65960693359375
231,16,agent_1,1,0.6595487594604492
265,8,agent_1,1,0.6586875915527344
14,12,agent_1,1,0.6581630706787109
31,8,agent_2,1,0.6579160690307617
201,10,agent_1,1,0.6571731567382812
171,17,agent_2,1,0.6568069458007812
72,15,agent_1,1,0.6567497253417969
126,17,agent_1,1,0.656641960144043
121,9,agent_2,1,0.655914306640625
268,12,agent_2,1,0.6558418273925781
120,5,agent_1,1,0.6557369232177734
188,18,agent_0,1,0.655005931854248
55,10,agent_1,1,0.6542482376098633
103,20,agent_0,1,0.6528663635253906
117,6,agent_0,1,0.65277099609375
12,10,agent_0,1,0.6517858505249023
248,18,agent_2,1,0.6516728401184082
111,1,agent_2,1,0.6508293151855469
54,4,agent_0,1,0.6500835418701172
202,11,agent_0,1,0.6495208740234375
150,8,agent_1,1,0.649195671081543
118,7,agent_0,1,0.6490898132324219
30,16,agent_2,1,0.6478633880615234
151,3,agent_2,1,0.6475276947021484
144,14,agent_1,1,0.6469707489013672
197,3,agent_2,1,0.6463489532470703
42,16,agent_0,1,0.6461420059204102
151,11,agent_1,1,0.6460723876953125
42,18,agent_0,1,0.6457624435424805
31,10,agent_2,1,0.6454463005065918
207,7,agent_2,1,0.6451797485351562
170,4,agent_1,1,0.6449108123779297
130,11,agent_0,1,0.6439399719238281
207,6,agent_2,1,0.6438388824462891
278,10,agent_1,1,0.6435623168945312
231,13,agent_2,1,0.6431436538696289
198,10,agent_1,1,0.6431427001953125
231,5,agent_2,1,0.6425628662109375
96,2,agent_2,1,0.6424713134765625
57,13,agent_1,1,0.6423559188842773
289,5,agent_1,1,0.6404886245727539
69,14,agent_2,1,0.6398911476135254
15,7,agent_2,1,0.6392412185668945
223,20,agent_0,1,0.6390583515167236
204,0,agent_0,1,0.6388015747070312
154,16,agent_0,1,0.6386070251464844
136,10,agent_1,1,0.6382389068603516
79,15,agent_0,1,0.6377315521240234
240,2,agent_2,1,0.6367940902709961
13,15,agent_2,1,0.6358208656311035
187,15,agent_2,1,0.6356863975524902
210,10,agent_0,1,0.63543701171875
79,11,agent_0,1,0.6344356536865234
67,13,agent_1,1,0.6318397521972656
284,14,agent_0,1,0.6315822601318359
194,15,agent_0,1,0.6315703392028809
231,17,agent_1,1,0.6305074691772461
124,12,agent_1,1,0.6301288604736328
225,12,agent_0,1,0.6293239593505859
148,18,agent_0,1,0.6289262771606445
200,14,agent_2,1,0.6283645629882812
78,16,agent_0,1,0.6283454895019531
196,10,agent_2,1,0.6282634735107422
17,4,agent_2,1,0.6280384063720703
145,16,agent_0,1,0.6278185844421387
256,13,agent_1,1,0.6274147033691406
191,13,agent_2,1,0.6264810562133789
48,18,agent_0,1,0.6264705657958984
155,4,agent_2,1,0.6264181137084961
273,9,agent_1,1,0.6257448196411133
60,13,agent_1,1,0.6243906021118164
32,18,agent_2,1,0.6243629455566406
155,5,agent_1,1,0.6226100921630859
199,18,agent_1,1,0.6222782135009766
236,4,agent_0,1,0.6218338012695312
157,3,agent_2,1,0.6214256286621094
272,20,agent_0,1,0.6201238632202148
1,6,agent_0,1,0.6191225051879883
270,7,agent_0,1,0.618438720703125
212,12,agent_1,1,0.6178646087646484
293,7,agent_1,1,0.6165695190429688
40,9,agent_1,1,0.6160163879394531
158,11,agent_1,1,0.6159591674804688
215,19,agent_0,1,0.6147651672363281
31,14,agent_2,1,0.6145787239074707
268,10,agent_2,1,0.614558219909668
42,12,agent_0,1,0.6137495040893555
10,12,agent_1,1,0.6131467819213867
195,14,agent_0,1,0.612940788269043
45,11,agent_2,1,0.611271858215332
273,6,agent_0,1,0.6107797622680664
160,3,agent_0,1,0.6105785369873047
234,2,agent_0,1,0.6102962493896484
49,14,agent_2,1,0.6101703643798828
112,0,agent_0,1,0.6094131469726562
197,18,agent_0,1,0.6089344024658203
208,12,agent_0,1,0.6085128784179688
261,13,agent_2,1,0.6081833839416504
195,17,agent_0,1,0.6080164909362793
243,0,agent_2,1,0.6079826354980469
297,1,agent_1,1,0.6072616577148438
145,6,agent_2,1,0.6057004928588867
67,14,agent_1,1,0.6053876876831055
43,4,agent_1,1,0.6050882339477539
73,9,agent_1,1,0.6041765213012695
77,8,agent_0,1,0.6034679412841797
22,3,agent_2,1,0.6017532348632812
129,12,agent_0,1,0.601506233215332
260,15,agent_2,1,0.6011748313903809
289,17,agent_1,1,0.600672721862793
255,16,agent_2,1,0.6006660461425781
174,7,agent_1,1,0.5998640060424805
285,14,agent_0,1,0.5987963676452637
42,14,agent_0,1,0.5981559753417969
67,16,agent_1,1,0.5974197387695312
13,13,agent_0,1,0.5973110198974609
260,5,agent_1,1,0.5967884063720703
270,9,agent_0,1,0.5937385559082031
143,14,agent_1,1,0.5936989784240723
109,6,agent_0,1,0.5934715270996094
100,11,agent_1,1,0.5933923721313477
260,17,agent_0,1,0.5927491188049316
184,7,agent_0,1,0.5921611785888672
149,18,agent_1,1,0.590996265411377
141,7,agent_1,1,0.5908203125
136,12,agent_1,1,0.5904312133789062
31,12,agent_2,1,0.590153694152832
185,3,agent_1,1,0.5896577835083008
235,17,agent_2,1,0.5889177322387695
250,0,agent_1,1,0.5887985229492188
236,11,agent_2,1,0.5882434844970703
130,15,agent_0,1,0.5869860649108887
179,6,agent_0,1,0.5867996215820312
0,14,agent_2,1,0.5866498947143555
226,15,agent_1,1,0.5860648155212402
147,5,agent_0,1,0.5860071182250977
248,11,agent_2,1,0.5854434967041016
262,11,agent_2,1,0.5854225158691406
195,1,agent_0,1,0.5848960876464844
85,5,agent_1,1,0.5847396850585938
132,16,agent_1,1,0.5843782424926758
161,11,agent_0,1,0.5839786529541016
20,12,agent_1,1,0.5828046798706055
218,0,agent_1,1,0.5827465057373047
276,18,agent_2,1,0.5823984146118164
103,12,agent_0,1,0.5807037353515625
72,10,agent_2,1,0.5803155899047852
178,6,agent_1,1,0.5794773101806641
48,4,agent_2,1,0.5788917541503906
250,6,agent_0,1,0.5788745880126953
45,7,agent_2,1,0.5772228240966797
43,16,agent_1,1,0.5760211944580078
192,16,agent_2,1,0.5760147571563721
81,4,agent_1,1,0.5754547119140625
241,17,agent_2,1,0.5751533508300781
256,13,agent_2,1,0.5748872756958008
291,1,agent_2,1,0.5743846893310547
7,22,agent_1,1,0.5742874145507812
198,0,agent_1,1,0.5742568969726562
267,13,agent_2,1,0.5740761756896973
9,16,agent_1,1,0.5735816955566406
35,15,agent_0,1,0.5727224349975586
132,4,agent_0,1,0.5725936889648438
183,11,agent_2,1,0.5720977783203125
200,6,agent_2,1,0.5720367431640625
98,5,agent_2,1,0.5717992782592773
223,11,agent_1,1,0.5711507797241211
270,5,agent_1,1,0.5706872940063477
142,9,agent_2,1,0.5706272125244141
241,16,agent_2,1,0.5704259872436523
259,4,agent_1,1,0.5694732666015625
287,11,agent_0,1,0.5691595077514648
197,8,agent_0,1,0.5688323974609375
206,13,agent_1,1,0.5685386657714844
129,2,agent_2,1,0.5679779052734375
179,19,agent_0,1,0.5665302276611328
219,2,agent_0,1,0.5662517547607422
0,18,agent_1,1,0.5659523010253906
243,19,agent_2,1,0.5657000541687012
112,11,agent_0,1,0.5656509399414062
245,5,agent_0,1,0.5655517578125
154,12,agent_1,1,0.5652332305908203
126,12,agent_1,1,0.5652284622192383
299,4,agent_0,1,0.5649080276489258
81,0,agent_1,1,0.5648832321166992
163,5,agent_0,1,0.5645408630371094
212,9,agent_1,1,0.5643739700317383
271,10,agent_2,1,0.5642471313476562
130,10,agent_2,1,0.5639152526855469
113,13,agent_0,1,0.563744068145752
277,14,agent_1,1,0.5628914833068848
116,4,agent_0,1,0.5624828338623047
159,16,agent_1,1,0.5624523162841797
0,17,agent_1,1,0.5621652603149414
225,18,agent_0,1,0.5619521141052246
161,3,agent_0,1,0.5608482360839844
109,16,agent_1,1,0.5605812072753906
294,8,agent_2,1,0.5604085922241211
109,7,agent_0,1,0.5593147277832031
7,21,agent_1,1,0.5589494705200195
162,16,agent_0,1,0.558556079864502
216,9,agent_2,1,0.5576572418212891
161,7,agent_2,1,0.5575933456420898
27,0,agent_1,1,0.5569419860839844
268,14,agent_2,1,0.5560755729675293
36,9,agent_1,1,0.5548496246337891
9,11,agent_1,1,0.5540189743041992
7,20,agent_1,1,0.5539212226867676
168,20,agent_0,1,0.5538673400878906
222,17,agent_1,1,0.5536108016967773
124,17,agent_1,1,0.5527467727661133
33,21,agent_1,1,0.5525908470153809
242,7,agent_1,1,0.5523748397827148
66,15,agent_2,1,0.5523319244384766
111,1,agent_1,1,0.5519847869873047
161,12,agent_1,1,0.5519514083862305
159,8,agent_1,1,0.551300048828125
18,10,agent_2,1,0.5511350631713867
141,6,agent_1,1,0.5505561828613281
214,4,agent_1,1,0.5501041412353516
245,13,agent_0,1,0.5496625900268555
44,20,agent_1,1,0.5494098663330078
79,10,agent_1,1,0.5493488311767578
268,16,agent_2,1,0.549079418182373
264,11,agent_0,1,0.5482587814331055
170,7,agent_2,1,0.5477752685546875
164,6,agent_1,1,0.547450065612793
145,11,agent_2,1,0.5468764305114746
243,17,agent_2,1,0.546290397644043
216,14,agent_2,1,0.5461416244506836
178,4,agent_1,1,0.5461063385009766
3,15,agent_2,1,0.5452861785888672
277,17,agent_2,1,0.5448760986328125
177,17,agent_1,1,0.5441365242004395
103,14,agent_2,1,0.5435819625854492
71,14,agent_1,1,0.5432186126708984
74,5,agent_0,1,0.5427417755126953
147,13,agent_2,1,0.5420608520507812
132,3,agent_0,1,0.5420074462890625
101,11,agent_1,1,0.5412912368774414
129,7,agent_2,1,0.5406570434570312
44,6,agent_2,1,0.540618896484375
217,11,agent_0,1,0.5400905609130859
11,0,agent_1,1,0.5385017395019531
264,13,agent_2,1,0.5380706787109375
136,0,agent_0,1,0.5379543304443359
278,6,agent_0,1,0.5377578735351562
108,15,agent_1,1,0.5374841690063477
145,14,agent_2,1,0.5371212959289551
142,14,agent_1,1,0.5371122360229492
164,9,agent_0,1,0.5366992950439453
277,15,agent_1,1,0.5365819931030273
6,10,agent_2,1,0.5365619659423828
288,16,agent_0,1,0.5358591079711914
159,12,agent_1,1,0.5355463027954102
291,0,agent_1,1,0.5354766845703125
55,13,agent_1,1,0.5351057052612305
204,17,agent_1,1,0.5344104766845703
163,0,agent_0,1,0.5340576171875
273,10,agent_2,1,0.5336761474609375
9,13,agent_1,1,0.533482551574707
98,15,agent_1,1,0.5327720642089844
22,6,agent_1,1,0.5327224731445312
275,15,agent_1,1,0.5324440002441406
11,21,agent_0,1,0.532210111618042
128,19,agent_0,1,0.532027006149292
50,10,agent_1,1,0.5318937301635742
246,2,agent_0,1,0.5305194854736328
267,2,agent_0,1,0.5302915573120117
104,3,agent_0,1,0.5276603698730469
195,15,agent_0,1,0.5269498825073242
278,11,agent_2,1,0.5265426635742188
4,9,agent_1,1,0.5264348983764648
67,18,agent_1,1,0.5252995491027832
24,13,agent_0,1,0.5250329971313477
236,3,agent_1,1,0.5242290496826172
74,8,agent_2,1,0.5240154266357422
33,17,agent_2,1,0.5239400863647461
42,5,agent_1,1,0.5238742828369141
0,7,agent_2,1,0.52374267578125
259,10,agent_0,1,0.5235443115234375
280,1,agent_0,1,0.52313232421875
159,10,agent_1,1,0.5226058959960938
235,10,agent_1,1,0.5216712951660156
118,0,agent_0,1,0.5215969085693359
281,14,agent_1,1,0.521021842956543
116,10,agent_0,1,0.519775390625
4,16,agent_0,1,0.5194330215454102
90,6,agent_2,1,0.5190353393554688
238,4,agent_2,1,0.5187606811523438
279,13,agent_1,1,0.5185861587524414
44,7,agent_2,1,0.5185718536376953
286,8,agent_0,1,0.5183725357055664
96,9,agent_1,1,0.5183401107788086
163,20,agent_0,1,0.5177311897277832
85,2,agent_1,1,0.5174369812011719
237,18,agent_2,1,0.5174345970153809
0,19,agent_1,1,0.5171585083007812
46,19,agent_0,1,0.5165209770202637
36,15,agent_2,1,0.5164470672607422
214,1,agent_1,1,0.5153541564941406
231,9,agent_2,1,0.5152473449707031
57,12,agent_1,1,0.5140924453735352
288,12,agent_2,1,0.5139708518981934
265,7,agent_1,1,0.5133914947509766
92,10,agent_1,1,0.5132369995117188
178,11,agent_2,1,0.5132179260253906
91,4,agent_2,1,0.5128021240234375
211,8,agent_0,1,0.5125579833984375
206,18,agent_1,1,0.5117239952087402
156,13,agent_0,1,0.5116767883300781
237,19,agent_2,1,0.5116543769836426
55,6,agent_1,1,0.5115289688110352
92,8,agent_2,1,0.5113067626953125
219,15,agent_0,1,0.5112509727478027
162,12,agent_1,1,0.5111303329467773
34,17,agent_0,1,0.5108418464660645
11,19,agent_0,1,0.5103025436401367
76,7,agent_2,1,0.5101890563964844
128,15,agent_2,1,0.5097627639770508
132,2,agent_0,1,0.5089435577392578
198,13,agent_2,1,0.5088586807250977
29,12,agent_1,1,0.5085859298706055
297,14,agent_1,1,0.508570671081543
140,15,agent_2,1,0.5079936981201172
252,6,agent_2,1,0.5077438354492188
82,4,agent_1,1,0.5076808929443359
3,8,agent_2,1,0.507415771484375
5,12,agent_2,1,0.5065860748291016
157,9,agent_1,1,0.5063695907592773
151,8,agent_2,1,0.5060853958129883
139,8,agent_1,1,0.5059356689453125
47,7,agent_1,1,0.5054302215576172
90,7,agent_0,1,0.5052852630615234
101,17,agent_1,1,0.5049858093261719
279,12,agent_1,1,0.5049524307250977
80,11,agent_0,1,0.504826545715332
36,7,agent_2,1,0.5047607421875
85,4,agent_1,1,0.5036125183105469
161,6,agent_0,1,0.5035905838012695
236,2,agent_0,1,0.5031814575195312
162,12,agent_0,1,0.5029287338256836
232,4,agent_2,1,0.5025482177734375
195,7,agent_2,1,0.502537727355957
290,17,agent_1,1,0.502509593963623
118,18,agent_2,1,0.5018844604492188
82,13,agent_1,1,0.5014200210571289
116,4,agent_1,1,0.5014066696166992
77,4,agent_1,1,0.5013427734375
179,14,agent_2,1,0.5010032653808594
121,0,agent_0,1,0.5002117156982422
225,0,agent_0,1,0.4994335174560547
81,7,agent_2,1,0.4993896484375
178,12,agent_0,1,0.499387264251709
91,7,agent_2,1,0.49913787841796875
76,13,agent_1,1,0.49901580810546875
267,6,agent_2,1,0.49841880798339844
191,7,agent_1,1,0.4973297119140625
292,14,agent_2,1,0.49713134765625
270,13,agent_1,1,0.49691200256347656
60,12,agent_1,1,0.4963197708129883
224,16,agent_2,1,0.49535179138183594
59,12,agent_2,1,0.49457550048828125
200,12,agent_2,1,0.4925088882446289
290,20,agent_1,1,0.4920358657836914
42,6,agent_1,1,0.49160003662109375
113,13,agent_1,1,0.4915618896484375
13,0,agent_1,1,0.4911842346191406
20,0,agent_0,1,0.4908580780029297
273,10,agent_0,1,0.4896831512451172
45,12,agent_1,1,0.4892463684082031
46,17,agent_0,1,0.4891357421875
270,11,agent_0,1,0.48894214630126953
82,18,agent_2,1,0.48865461349487305
209,3,agent_1,1,0.48816871643066406
37,19,agent_0,1,0.4880797863006592
276,14,agent_0,1,0.48807287216186523
284,15,agent_2,1,0.4880533218383789
234,1,agent_0,1,0.48804664611816406
297,9,agent_1,1,0.48758506774902344
130,6,agent_1,1,0.48703861236572266
53,12,agent_0,1,0.4867997169494629
45,13,agent_2,1,0.48679351806640625
185,12,agent_0,1,0.4864373207092285
13,7,agent_2,1,0.4850778579711914
273,14,agent_1,1,0.48505544662475586
259,8,agent_1,1,0.48476219177246094
145,8,agent_2,1,0.484222412109375
182,21,agent_1,1,0.483365535736084
31,16,agent_2,1,0.4832000732421875
253,11,agent_1,1,0.4831199645996094
35,15,agent_1,1,0.48310279846191406
72,17,agent_1,1,0.48233938217163086
279,19,agent_2,1,0.48229074478149414
154,3,agent_1,1,0.48209571838378906
270,8,agent_1,1,0.48160362243652344
226,19,agent_2,1,0.4808831214904785
187,9,agent_2,1,0.479952335357666
229,21,agent_0,1,0.4795656204223633
145,4,agent_2,1,0.47870826721191406
143,11,agent_2,1,0.47846317291259766
183,3,agent_1,1,0.47750091552734375
87,15,agent_1,1,0.4769582748413086
172,10,agent_2,1,0.4766836166381836
37,13,agent_0,1,0.4755363464355469
254,11,agent_0,1,0.4744882583618164
288,14,agent_0,1,0.47447967529296875
132,18,agent_1,1,0.47421741485595703
120,18,agent_0,1,0.4737706184387207
105,9,agent_1,1,0.47367095947265625
28,16,agent_1,1,0.47295188903808594
95,16,agent_2,1,0.4728217124938965
236,7,agent_2,1,0.47249507904052734
197,14,agent_0,1,0.47185325622558594
140,13,agent_2,1,0.4716339111328125
103,10,agent_0,1,0.47087860107421875
91,12,agent_1,1,0.4707775115966797
59,12,agent_0,1,0.4707040786743164
246,12,agent_1,1,0.4704551696777344
253,13,agent_1,1,0.4695749282836914
33,18,agent_1,1,0.46918582916259766
233,20,agent_2,1,0.4689767360687256
251,5,agent_2,1,0.4688854217529297
211,13,agent_1,1,0.46884918212890625
78,7,agent_2,1,0.46871376037597656
267,1,agent_0,1,0.46844482421875
3,1,agent_2,1,0.46811485290527344
266,0,agent_0,1,0.46794795989990234
170,5,agent_0,1,0.4677925109863281
48,21,agent_2,1,0.46697998046875
116,12,agent_0,1,0.4667086601257324
235,20,agent_2,1,0.46669435501098633
158,9,agent_1,1,0.4661998748779297
212,14,agent_0,1,0.4661083221435547
183,6,agent_0,1,0.4659271240234375
34,12,agent_0,1,0.4658231735229492
91,0,agent_1,1,0.46546363830566406
239,16,agent_1,1,0.4652118682861328
266,2,agent_0,1,0.46503734588623047
140,7,agent_1,1,0.4648914337158203
53,11,agent_0,1,0.4646482467651367
155,8,agent_2,1,0.46399974822998047
141,21,agent_0,1,0.46396636962890625
24,11,agent_0,1,0.46340274810791016
64,7,agent_1,1,0.4623908996582031
202,4,agent_0,1,0.4623603820800781
172,6,agent_2,1,0.46219348907470703
194,19,agent_2,1,0.4616708755493164
234,0,agent_0,1,0.4616374969482422
89,5,agent_0,1,0.4613018035888672
279,7,agent_2,1,0.4609823226928711
268,4,agent_2,1,0.46079254150390625
226,2,agent_2,1,0.45979976654052734
166,19,agent_1,1,0.4593334197998047
55,5,agent_1,1,0.4587993621826172
90,17,agent_2,1,0.45873069763183594
129,13,agent_0,1,0.45850372314453125
60,9,agent_1,1,0.45844078063964844
111,8,agent_1,1,0.4573631286621094
105,13,agent_2,1,0.457244873046875
65,17,agent_2,1,0.45706653594970703
236,5,agent_0,1,0.4559001922607422
195,8,agent_2,1,0.4558248519897461
112,17,agent_2,1,0.45558881759643555
55,3,agent_1,1,0.4552621841430664
6,11,agent_1,1,0.45506858825683594
164,3,agent_1,1,0.4549083709716797
260,18,agent_0,1,0.4547743797302246
101,18,agent_1,1,0.4542837142944336
44,13,agent_2,1,0.4524717330932617
144,6,agent_0,1,0.4513740539550781
248,3,agent_1,1,0.4507904052734375
16,12,agent_1,1,0.45044755935668945
285,17,agent_1,1,0.45020246505737305
170,1,agent_1,1,0.4500160217285156
93,15,agent_1,1,0.44994544982910156
263,3,agent_0,1,0.4498748779296875
159,20,agent_1,1,0.4488234519958496
29,13,agent_1,1,0.44876670837402344
46,11,agent_1,1,0.4479713439941406
197,7,agent_1,1,0.4479217529296875
198,11,agent_2,1,0.4473762512207031
141,10,agent_1,1,0.4463062286376953
55,14,agent_1,1,0.44614219665527344
42,20,agent_0,1,0.446136474609375
182,18,agent_2,1,0.44598817825317383
203,15,agent_1,1,0.44594287872314453
13,17,agent_0,1,0.4458885192871094
280,11,agent_1,1,0.44564342498779297
227,9,agent_1,1,0.4453096389770508
239,1,agent_2,1,0.4452362060546875
195,7,agent_1,1,0.44523143768310547
233,1,agent_1,1,0.44493865966796875
179,7,agent_0,1,0.4447135925292969
31,4,agent_2,1,0.44455623626708984
113,16,agent_0,1,0.4443659782409668
253,15,agent_1,1,0.44414806365966797
112,4,agent_1,1,0.4436931610107422
35,14,agent_2,1,0.4433927536010742
129,10,agent_2,1,0.44330310821533203
198,19,agent_2,1,0.44304370880126953
60,10,agent_1,1,0.4426889419555664
256,10,agent_0,1,0.442626953125
140,9,agent_0,1,0.44255638122558594
120,10,agent_0,1,0.4422883987426758
283,11,agent_0,1,0.44196033477783203
260,13,agent_1,1,0.4416332244873047
227,10,agent_1,1,0.44159507751464844
69,10,agent_1,1,0.4414396286010742
109,8,agent_0,1,0.4411449432373047
72,2,agent_2,1,0.44086265563964844
36,22,agent_1,1,0.43988871574401855
49,11,agent_1,1,0.4395627975463867
82,14,agent_1,1,0.43902158737182617
129,20,agent_0,1,0.43859076499938965
148,17,agent_0,1,0.4385690689086914
286,11,agent_0,1,0.4380664825439453
236,9,agent_0,1,0.43758678436279297
59,8,agent_0,1,0.4372749328613281
84,5,agent_0,1,0.43725013732910156
258,8,agent_1,1,0.43685245513916016
24,13,agent_1,1,0.43658447265625
266,7,agent_2,1,0.4363737106323242
263,1,agent_0,1,0.4354400634765625
21,16,agent_2,1,0.43524169921875
67,15,agent_1,1,0.43456172943115234
282,8,agent_1,1,0.4344596862792969
185,14,agent_2,1,0.43398189544677734
163,3,agent_0,1,0.4336700439453125
9,20,agent_1,1,0.4336543083190918
149,14,agent_2,1,0.43358802795410156
149,19,agent_2,1,0.43326520919799805
25,14,agent_1,1,0.43301963806152344
212,11,agent_0,1,0.43181705474853516
270,6,agent_0,1,0.43163108825683594
8,9,agent_2,1,0.4313192367553711
233,21,agent_2,1,0.4308156967163086
116,18,agent_2,1,0.43071746826171875
252,9,agent_0,1,0.4303245544433594
14,15,agent_2,1,0.42993736267089844
24,16,agent_1,1,0.42978334426879883
197,11,agent_0,1,0.42966461181640625
272,19,agent_0,1,0.4295353889465332
166,18,agent_1,1,0.42946624755859375
256,0,agent_2,1,0.42940330505371094
94,0,agent_1,1,0.4293975830078125
198,6,agent_2,1,0.4293785095214844
233,12,agent_1,1,0.42905330657958984
120,22,agent_0,1,0.4287593364715576
126,21,agent_2,1,0.4283571243286133
207,8,agent_2,1,0.4278097152709961
183,13,agent_2,1,0.4277782440185547
162,15,agent_1,1,0.4264717102050781
35,17,agent_0,1,0.42595720291137695
264,12,agent_2,1,0.4259033203125
64,12,agent_2,1,0.4256706237792969
204,12,agent_2,1,0.42562103271484375
85,3,agent_1,1,0.4246673583984375
57,14,agent_0,1,0.42443084716796875
48,0,agent_1,1,0.4239044189453125
237,17,agent_0,1,0.42383575439453125
144,15,agent_0,1,0.42376708984375
285,14,agent_1,1,0.42299938201904297
40,4,agent_1,1,0.4226570129394531
236,10,agent_1,1,0.4226102828979492
216,13,agent_1,1,0.42226600646972656
270,20,agent_1,1,0.4222121238708496
141,18,agent_1,1,0.42208194732666016
194,10,agent_0,1,0.4220304489135742
226,17,agent_1,1,0.4212675094604492
82,16,agent_1,1,0.4203948974609375
35,17,agent_2,1,0.4200630187988281
194,11,agent_0,1,0.4200115203857422
27,19,agent_1,1,0.41992783546447754
192,6,agent_2,1,0.4197244644165039
39,15,agent_1,1,0.41945362091064453
107,15,agent_2,1,0.41937732696533203
272,22,agent_0,1,0.4193127155303955
103,22,agent_0,1,0.4192664623260498
75,3,agent_2,1,0.4192657470703125
111,20,agent_2,1,0.4189186096191406
275,11,agent_2,1,0.4187335968017578
103,17,agent_0,1,0.41864681243896484
258,7,agent_1,1,0.4183969497680664
198,21,agent_0,1,0.4181857109069824
166,0,agent_0,1,0.4177837371826172
292,9,agent_2,1,0.4176673889160156
44,19,agent_1,1,0.41687965393066406
141,22,agent_0,1,0.4168570041656494
297,22,agent_1,1,0.41673779487609863
140,10,agent_0,1,0.4161853790283203
87,14,agent_1,1,0.41605091094970703
178,9,agent_2,1,0.41589927673339844
206,19,agent_1,1,0.4157719612121582
262,5,agent_1,1,0.41567420959472656
22,4,agent_2,1,0.4148273468017578
26,20,agent_1,1,0.41479992866516113
221,12,agent_2,1,0.4146299362182617
69,2,agent_2,1,0.4138946533203125
225,4,agent_0,1,0.4136943817138672
101,19,agent_1,1,0.4128589630126953
226,20,agent_2,1,0.41230106353759766
103,14,agent_0,1,0.4115009307861328
22,6,agent_2,1,0.4112434387207031
79,9,agent_1,1,0.4111614227294922
215,6,agent_0,1,0.4109783172607422
197,3,agent_1,1,0.4108619689941406
31,18,agent_2,1,0.4106788635253906
78,16,agent_1,1,0.4102621078491211
230,4,agent_0,1,0.41020774841308594
68,11,agent_2,1,0.40998268127441406
295,11,agent_2,1,0.40995121002197266
77,6,agent_2,1,0.4091224670410156
208,16,agent_0,1,0.4088625907897949
250,5,agent_1,1,0.40884971618652344
134,19,agent_2,1,0.40866971015930176
161,6,agent_2,1,0.4076871871948242
48,16,agent_0,1,0.4075641632080078
141,18,agent_0,1,0.40740203857421875
182,1,agent_1,1,0.40702056884765625
287,12,agent_0,1,0.40618228912353516
37,10,agent_1,1,0.4051656723022461
64,14,agent_2,1,0.4050273895263672
164,12,agent_0,1,0.4048957824707031
192,22,agent_2,1,0.40459829568862915
141,19,agent_0,1,0.4042820930480957
86,3,agent_2,1,0.40421104431152344
256,8,agent_2,1,0.4038429260253906
276,17,agent_1,1,0.40378594398498535
48,12,agent_2,1,0.4032478332519531
72,0,agent_2,1,0.4032154083251953
245,8,agent_2,1,0.4030427932739258
39,4,agent_1,1,0.4029712677001953
29,14,agent_1,1,0.40265846252441406
158,13,agent_0,1,0.40249109268188477
218,14,agent_0,1,0.40224218368530273
40,10,agent_1,1,0.4020252227783203
36,14,agent_1,1,0.4018230438232422
168,3,agent_1,1,0.4010009765625
243,0,agent_0,1,0.40074920654296875
272,17,agent_0,1,0.4006538391113281
50,14,agent_2,1,0.40045738220214844
142,12,agent_1,1,0.4000663757324219
36,23,agent_1,1,0.3998030424118042
297,7,agent_1,1,0.39826297760009766
257,16,agent_1,1,0.39749670028686523
154,11,agent_0,1,0.39713382720947266
270,6,agent_1,1,0.3970012664794922
106,12,agent_1,1,0.39603424072265625
280,20,agent_0,1,0.3959629535675049
27,12,agent_2,1,0.39592742919921875
208,10,agent_0,1,0.3958139419555664
93,11,agent_1,1,0.39577484130859375
141,13,agent_2,1,0.3957533836364746
123,9,agent_2,1,0.39433765411376953
284,22,agent_0,1,0.3941643238067627
192,15,agent_2,1,0.3940770626068115
47,15,agent_2,1,0.3936586380004883
212,3,agent_0,1,0.39331626892089844
65,13,agent_0,1,0.39281654357910156
267,14,agent_2,1,0.3915586471557617
297,2,agent_2,1,0.39125823974609375
281,11,agent_2,1,0.39105701446533203
280,3,agent_0,1,0.3909282684326172
92,18,agent_0,1,0.39060211181640625
53,8,agent_2,1,0.39029693603515625
237,15,agent_2,1,0.3900489807128906
276,12,agent_2,1,0.38883018493652344
147,15,agent_2,1,0.3887214660644531
195,10,agent_2,1,0.3884572982788086
67,19,agent_1,1,0.3880958557128906
254,7,agent_2,1,0.38798999786376953
69,13,agent_0,1,0.3879580497741699
3,9,agent_2,1,0.38793182373046875
170,0,agent_1,1,0.38779258728027344
11,10,agent_1,1,0.38759803771972656
78,10,agent_0,1,0.3874197006225586
259,12,agent_0,1,0.3872251510620117
59,16,agent_1,1,0.3869810104370117
55,20,agent_2,1,0.38654375076293945
280,17,agent_2,1,0.3863391876220703
97,5,agent_0,1,0.3862457275390625
80,10,agent_1,1,0.38609790802001953
59,11,agent_2,1,0.38597583770751953
38,1,agent_0,1,0.385650634765625
212,5,agent_1,1,0.38555908203125
204,16,agent_2,1,0.38535594940185547
61,1,agent_2,1,0.38525390625
34,5,agent_1,1,0.3850841522216797
103,7,agent_0,1,0.3848743438720703
86,13,agent_0,1,0.38470029830932617
88,1,agent_1,1,0.38463592529296875
156,9,agent_1,1,0.38463401794433594
112,17,agent_1,1,0.38358116149902344
257,15,agent_1,1,0.383425235748291
79,23,agent_1,1,0.3827638626098633
163,17,agent_2,1,0.3826255798339844
132,0,agent_0,1,0.3816852569580078
65,18,agent_2,1,0.38153982162475586
163,14,agent_0,1,0.3815336227416992
221,0,agent_2,1,0.3804435729980469
104,19,agent_1,1,0.38008832931518555
285,10,agent_2,1,0.3795433044433594
66,9,agent_2,1,0.3786602020263672
292,16,agent_2,1,0.3780069351196289
263,14,agent_0,1,0.37796783447265625
144,19,agent_0,1,0.37776851654052734
66,13,agent_2,1,0.37764978408813477
221,1,agent_0,1,0.37703895568847656
162,6,agent_2,1,0.3769187927246094
99,1,agent_2,1,0.3764209747314453
240,8,agent_0,1,0.37622833251953125
188,21,agent_2,1,0.3759481906890869
207,20,agent_0,1,0.3757133483886719
30,18,agent_2,1,0.3755311965942383
243,13,agent_1,1,0.3750429153442383
154,13,agent_1,1,0.37502002716064453
159,18,agent_1,1,0.37476682662963867
37,4,agent_1,1,0.37444114685058594
187,0,agent_1,1,0.3738288879394531
194,13,agent_0,1,0.37345361709594727
184,5,agent_1,1,0.3730182647705078
204,19,agent_2,1,0.37261962890625
169,6,agent_0,1,0.3725547790527344
166,1,agent_0,1,0.3725318908691406
297,5,agent_0,1,0.3712577819824219
112,16,agent_1,1,0.3711714744567871
211,21,agent_0,1,0.3707904815673828
230,8,agent_1,1,0.37042808532714844
81,8,agent_0,1,0.3703603744506836
12,18,agent_2,1,0.3702540397644043
159,7,agent_0,1,0.3702249526977539
262,9,agent_1,1,0.3694896697998047
257,8,agent_0,1,0.36946773529052734
218,12,agent_0,1,0.36929798126220703
285,11,agent_2,1,0.3689117431640625
192,17,agent_0,1,0.36878514289855957
216,13,agent_2,1,0.3685731887817383
109,7,agent_1,1,0.3685302734375
247,4,agent_2,1,0.3681449890136719
253,20,agent_0,1,0.36791086196899414
195,11,agent_2,1,0.36761474609375
144,12,agent_0,1,0.3674173355102539
277,21,agent_2,1,0.36725807189941406
271,23,agent_1,1,0.36715996265411377
238,14,agent_0,1,0.3671283721923828
299,20,agent_0,1,0.36705660820007324
228,1,agent_2,1,0.36665916442871094
231,19,agent_2,1,0.3665943145751953
272,7,agent_1,1,0.3663959503173828
14,5,agent_1,1,0.3660135269165039
136,0,agent_2,1,0.3657188415527344
45,12,agent_2,1,0.36553192138671875
293,18,agent_0,1,0.3654775619506836
38,0,agent_1,1,0.36472320556640625
82,9,agent_1,1,0.36443328857421875
156,13,agent_2,1,0.3643684387207031
6,6,agent_1,1,0.3640766143798828
157,3,agent_0,1,0.3639545440673828
280,11,agent_0,1,0.3637266159057617
191,14,agent_0,1,0.36348533630371094
195,19,agent_0,1,0.3631105422973633
38,14,agent_1,1,0.36144399642944336
291,14,agent_0,1,0.3614225387573242
84,22,agent_2,1,0.3605630397796631
257,2,agent_2,1,0.3604736328125
255,17,agent_1,1,0.3602333068847656
238,6,agent_2,1,0.36004638671875
0,13,agent_2,1,0.3599662780761719
213,21,agent_0,1,0.35968339443206787
258,12,agent_1,1,0.35961151123046875
281,13,agent_1,1,0.35953330993652344
278,23,agent_0,1,0.35909461975097656
104,7,agent_0,1,0.3586311340332031
29,5,agent_1,1,0.3582038879394531
150,13,agent_2,1,0.3578681945800781
257,10,agent_0,1,0.35725975036621094
241,21,agent_2,1,0.35720396041870117
37,6,agent_1,1,0.3563385009765625
217,11,agent_2,1,0.35573482513427734
215,13,agent_2,1,0.35555171966552734
293,17,agent_1,1,0.35543346405029297
38,14,agent_0,1,0.35528564453125
153,13,agent_2,1,0.3550434112548828
286,8,agent_2,1,0.3541717529296875
120,4,agent_0,1,0.35370922088623047
90,14,agent_2,1,0.3527641296386719
153,17,agent_0,1,0.3519277572631836
259,6,agent_1,1,0.35167503356933594
84,11,agent_0,1,0.3516120910644531
85,14,agent_1,1,0.35160064697265625
165,0,agent_1,1,0.35144615173339844
35,16,agent_0,1,0.35121822357177734
204,14,agent_1,1,0.3508749008178711
108,13,agent_1,1,0.35024499893188477
164,15,agent_1,1,0.34992456436157227
9,13,agent_2,1,0.34981822967529297
222,22,agent_2,1,0.34890198707580566
101,20,agent_1,1,0.3483257293701172
105,5,agent_1,1,0.3479156494140625
212,16,agent_0,1,0.34790611267089844
82,2,agent_0,1,0.34784507751464844
16,8,agent_1,1,0.3476676940917969
115,9,agent_0,1,0.3475685119628906
176,12,agent_1,1,0.34752464294433594
101,19,agent_2,1,0.347475528717041
262,5,agent_0,1,0.34662532806396484
211,20,agent_0,1,0.34621238708496094
92,20,agent_0,1,0.3458285331726074
43,17,agent_1,1,0.3457603454589844
183,18,agent_1,1,0.3455238342285156
294,6,agent_0,1,0.3449268341064453
276,20,agent_2,1,0.3448505401611328
46,15,agent_0,1,0.34481334686279297
109,12,agent_1,1,0.3447694778442383
210,3,agent_2,1,0.34471893310546875
58,14,agent_1,1,0.344573974609375
132,20,agent_1,1,0.3444056510925293
253,9,agent_1,1,0.34435558319091797
214,6,agent_0,1,0.3441505432128906
188,9,agent_1,1,0.3435850143432617
173,2,agent_2,1,0.3429603576660156
104,18,agent_0,1,0.3427572250366211
158,10,agent_1,1,0.342557430267334
1,21,agent_0,1,0.3425557613372803
99,11,agent_1,1,0.3420696258544922
76,11,agent_2,1,0.34192848205566406
284,2,agent_2,1,0.34174537658691406
80,8,agent_1,1,0.3409385681152344
57,4,agent_1,1,0.3404817581176758
31,20,agent_0,1,0.34014129638671875
194,16,agent_0,1,0.33983373641967773
99,1,agent_1,1,0.3396320343017578
267,0,agent_0,1,0.3393411636352539
39,5,agent_2,1,0.3387432098388672
92,4,agent_0,1,0.33854103088378906
170,6,agent_1,1,0.33851051330566406
86,9,agent_0,1,0.3384380340576172
32,18,agent_1,1,0.33781862258911133
167,13,agent_1,1,0.33763933181762695
67,13,agent_2,1,0.33701324462890625
272,17,agent_2,1,0.33697986602783203
3,12,agent_2,1,0.3369636535644531
56,5,agent_1,1,0.3361663818359375
60,11,agent_1,1,0.33615875244140625
263,9,agent_0,1,0.33600616455078125
96,10,agent_1,1,0.3354616165161133
267,18,agent_0,1,0.3354473114013672
204,21,agent_2,1,0.33544301986694336
142,2,agent_2,1,0.3353385925292969
10,7,agent_0,1,0.33518218994140625
40,14,agent_2,1,0.33464908599853516
224,19,agent_1,1,0.3341865539550781
106,19,agent_2,1,0.33377504348754883
239,14,agent_1,1,0.33339691162109375
115,22,agent_0,1,0.33333373069763184
163,23,agent_0,1,0.33333349227905273
198,22,agent_1,1,0.33333349227905273
173,20,agent_0,1,0.33333301544189453
263,22,agent_1,1,0.33333301544189453
263,23,agent_1,1,0.33333301544189453
107,21,agent_2,1,0.33333301544189453
219,22,agent_0,1,0.333332896232605
36,21,agent_2,1,0.33333277702331543
150,15,agent_2,1,0.3327822685241699
222,6,agent_1,1,0.332763671875
203,15,agent_2,1,0.3325958251953125
122,13,agent_2,1,0.33251285552978516
208,8,agent_2,1,0.33237266540527344
225,11,agent_2,1,0.3323659896850586
1,15,agent_1,1,0.332000732421875
78,18,agent_1,1,0.3318333625793457
157,2,agent_2,1,0.33182716369628906
3,13,agent_2,1,0.3317728042602539
87,16,agent_1,1,0.33153247833251953
261,8,agent_1,1,0.33133888244628906
86,13,agent_1,1,0.3306121826171875
220,20,agent_2,1,0.3305079936981201
211,14,agent_2,1,0.33036136627197266
16,8,agent_0,1,0.3302345275878906
35,14,agent_0,1,0.3301258087158203
221,8,agent_1,1,0.3297605514526367
209,2,agent_1,1,0.3296642303466797
106,20,agent_2,1,0.32903337478637695
284,11,agent_0,1,0.3287029266357422
258,11,agent_1,1,0.3286113739013672
67,20,agent_0,1,0.3275313377380371
35,18,agent_1,1,0.32730722427368164
178,20,agent_2,1,0.32713794708251953
130,6,agent_0,1,0.326934814453125
148,14,agent_2,1,0.3261747360229492
72,1,agent_2,1,0.3260211944580078
49,6,agent_2,1,0.3256664276123047
147,19,agent_2,1,0.32523345947265625
170,4,agent_2,1,0.32513427734375
120,19,agent_0,1,0.3249797821044922
265,10,agent_2,1,0.32486915588378906
173,21,agent_1,1,0.3244655132293701
223,23,agent_0,1,0.3237113952636719
290,6,agent_0,1,0.3233461380004883
258,10,agent_1,1,0.32306766510009766
95,14,agent_1,1,0.32304954528808594
128,6,agent_0,1,0.3228340148925781
22,8,agent_2,1,0.3228025436401367
255,13,agent_0,1,0.32259273529052734
157,11,agent_1,1,0.3222322463989258
14,13,agent_1,1,0.32205820083618164
212,18,agent_0,1,0.32143211364746094
137,8,agent_1,1,0.3214282989501953
179,13,agent_1,1,0.3212852478027344
266,14,agent_0,1,0.3211822509765625
164,17,agent_1,1,0.32111597061157227
162,0,agent_1,1,0.3202056884765625
266,7,agent_1,1,0.32013988494873047
139,4,agent_2,1,0.3197669982910156
136,6,agent_0,1,0.31971263885498047
266,3,agent_0,1,0.31970691680908203
198,20,agent_1,1,0.3195919990539551
259,9,agent_2,1,0.31951904296875
55,3,agent_0,1,0.31948375701904297
147,18,agent_2,1,0.3191714286804199
122,9,agent_0,1,0.3190345764160156
13,14,agent_0,1,0.3187522888183594
105,12,agent_1,1,0.3185305595397949
288,7,agent_1,1,0.31827354431152344
260,19,agent_0,1,0.3182530403137207
102,10,agent_2,1,0.31799888610839844
192,7,agent_0,1,0.3179464340209961
219,17,agent_1,1,0.3179292678833008
52,1,agent_0,1,0.317718505859375
184,3,agent_1,1,0.31740760803222656
161,8,agent_0,1,0.31641101837158203
24,2,agent_0,1,0.31623077392578125
104,19,agent_0,1,0.3157792091369629
88,18,agent_2,1,0.3153653144836426
53,16,agent_1,1,0.31531310081481934
100,21,agent_2,1,0.3146095275878906
36,7,agent_1,1,0.3144693374633789
46,21,agent_0,1,0.31421351432800293
278,21,agent_0,1,0.314164400100708
210,16,agent_0,1,0.31415700912475586
67,12,agent_1,1,0.3140830993652344
29,16,agent_1,1,0.3139629364013672
90,16,agent_2,1,0.3139305114746094
34,9,agent_2,1,0.31377220153808594
263,11,agent_0,1,0.3133983612060547
279,18,agent_2,1,0.31326866149902344
191,19,agent_0,1,0.31311750411987305
261,6,agent_2,1,0.31300830841064453
148,11,agent_1,1,0.3128976821899414
91,11,agent_2,1,0.31275177001953125
265,6,agent_1,1,0.3125324249267578
183,11,agent_1,1,0.31246280670166016
84,11,agent_1,1,0.31242847442626953
198,13,agent_0,1,0.31232643127441406
288,23,agent_1,1,0.3123180866241455
236,12,agent_1,1,0.3112974166870117
69,8,agent_1,1,0.31048011779785156
253,18,agent_1,1,0.31017017364501953
195,14,agent_2,1,0.30969715118408203
37,11,agent_1,1,0.30954551696777344
104,16,agent_0,1,0.3092384338378906
224,18,agent_1,1,0.30920934677124023
202,16,agent_1,1,0.3091087341308594
95,13,agent_2,1,0.3090944290161133
225,13,agent_2,1,0.30885982513427734
244,17,agent_0,1,0.3087434768676758
41,16,agent_0,1,0.3086843490600586
205,9,agent_0,1,0.3080263137817383
48,15,agent_0,1,0.30801868438720703
57,15,agent_0,1,0.3077430725097656
204,6,agent_0,1,0.30736732482910156
212,15,agent_0,1,0.3073301315307617
14,1,agent_1,1,0.3070335388183594
184,20,agent_1,1,0.3067655563354492
166,20,agent_1,1,0.3060154914855957
18,3,agent_2,1,0.3057384490966797
76,12,agent_1,1,0.3056659698486328
284,10,agent_0,1,0.3056507110595703
49,15,agent_1,1,0.30556583404541016
11,0,agent_0,1,0.30551910400390625
128,8,agent_0,1,0.3054161071777344
254,9,agent_2,1,0.3048572540283203
241,19,agent_1,1,0.3046708106994629
219,14,agent_2,1,0.30433225631713867
109,10,agent_0,1,0.30428504943847656
291,8,agent_1,1,0.30414581298828125
109,18,agent_1,1,0.30391693115234375
147,1,agent_2,1,0.3038063049316406
0,10,agent_1,1,0.3037548065185547
225,19,agent_0,1,0.30335521697998047
104,14,agent_0,1,0.30332183837890625
271,12,agent_1,1,0.3031473159790039
71,11,agent_0,1,0.3031272888183594
270,21,agent_1,1,0.30289363861083984
99,13,agent_1,1,0.30277252197265625
77,18,agent_2,1,0.3026924133300781
92,7,agent_1,1,0.3026399612426758
91,18,agent_1,1,0.3013029098510742
104,12,agent_0,1,0.3007316589355469
61,0,agent_0,1,0.3004112243652344
215,2,agent_0,1,0.3002166748046875
166,5,agent_2,1,0.30013179779052734
240,5,agent_1,1,0.2998008728027344
57,11,agent_1,1,0.2995452880859375
219,21,agent_0,1,0.29934191703796387
260,16,agent_0,1,0.2987203598022461
93,13,agent_1,1,0.29851436614990234
33,22,agent_1,1,0.2981090545654297
209,0,agent_1,1,0.29804420471191406
68,3,agent_2,1,0.29783153533935547
219,15,agent_2,1,0.2973508834838867
100,7,agent_0,1,0.29714202880859375
235,11,agent_1,1,0.29710960388183594
250,5,agent_0,1,0.2968769073486328
260,12,agent_1,1,0.29670238494873047
280,5,agent_0,1,0.296234130859375
95,15,agent_1,1,0.29613447189331055
163,9,agent_2,1,0.2958793640136719
281,12,agent_2,1,0.295684814453125
104,8,agent_0,1,0.29468536376953125
273,8,agent_0,1,0.29456615447998047
161,16,agent_2,1,0.29456329345703125
65,14,agent_0,1,0.2943859100341797
270,10,agent_1,1,0.29430389404296875
59,13,agent_2,1,0.2941102981567383
228,14,agent_1,1,0.2940664291381836
22,19,agent_1,1,0.29383087158203125
215,8,agent_1,1,0.29341888427734375
46,0,agent_0,1,0.2932281494140625
104,10,agent_0,1,0.29312896728515625
239,0,agent_2,1,0.2930717468261719
87,11,agent_2,1,0.29271888732910156
154,18,agent_0,1,0.2922325134277344
74,18,agent_2,1,0.29193878173828125
6,18,agent_2,1,0.29193639755249023
67,15,agent_2,1,0.29184818267822266
3,17,agent_2,1,0.29177188873291016
221,2,agent_2,1,0.2914619445800781
272,12,agent_1,1,0.29144287109375
77,7,agent_0,1,0.29132747650146484
180,13,agent_0,1,0.2913045883178711
250,3,agent_1,1,0.29129791259765625
34,14,agent_1,1,0.29056644439697266
131,10,agent_1,1,0.290283203125
224,13,agent_2,1,0.2902097702026367
14,10,agent_0,1,0.29018402099609375
267,19,agent_2,1,0.2900066375732422
77,20,agent_0,1,0.2896261215209961
221,1,agent_2,1,0.2894477844238281
255,19,agent_0,1,0.289398193359375
77,13,agent_1,1,0.2886199951171875
95,9,agent_1,1,0.2884864807128906
158,8,agent_1,1,0.28843212127685547
270,17,agent_1,1,0.28790998458862305
105,17,agent_1,1,0.2875709533691406
77,10,agent_1,1,0.2871866226196289
249,4,agent_1,1,0.28711986541748047
184,10,agent_1,1,0.28705596923828125
235,13,agent_1,1,0.28702735900878906
231,21,agent_2,1,0.28671979904174805
8,17,agent_1,1,0.28577613830566406
198,12,agent_1,1,0.2852630615234375
143,17,agent_2,1,0.2847890853881836
12,20,agent_0,1,0.28473663330078125
10,11,agent_2,1,0.28383636474609375
292,3,agent_2,1,0.28372764587402344
21,19,agent_2,1,0.2832484245300293
67,17,agent_1,1,0.28253173828125
231,3,agent_2,1,0.282196044921875
161,5,agent_1,1,0.28195667266845703
125,6,agent_1,1,0.2819385528564453
263,4,agent_0,1,0.2817554473876953
75,14,agent_2,1,0.2815408706665039
12,8,agent_2,1,0.28139495849609375
3,16,agent_2,1,0.2812938690185547
247,20,agent_1,1,0.28099489212036133
250,2,agent_1,1,0.2809314727783203
92,8,agent_1,1,0.2807741165161133
156,5,agent_2,1,0.28073883056640625
174,17,agent_1,1,0.2801017761230469
82,20,agent_0,1,0.27998900413513184
185,10,agent_0,1,0.2799806594848633
293,16,agent_0,1,0.27983617782592773
156,5,agent_1,1,0.2796792984008789
160,14,agent_2,1,0.2784452438354492
8,11,agent_0,1,0.278261661529541
161,4,agent_0,1,0.2778739929199219
90,2,agent_1,1,0.27736473083496094
122,7,agent_2,1,0.2768688201904297
4,19,agent_1,1,0.2767508029937744
293,16,agent_1,1,0.27640485763549805
181,11,agent_2,1,0.27625083923339844
34,19,agent_1,1,0.2761387825012207
134,17,agent_2,1,0.2760653495788574
82,3,agent_2,1,0.2759666442871094
206,20,agent_1,1,0.27576160430908203
21,13,agent_2,1,0.2757530212402344
35,20,agent_1,1,0.27524805068969727
167,11,agent_0,1,0.27524471282958984
199,19,agent_2,1,0.27484703063964844
104,17,agent_1,1,0.27480316162109375
3,11,agent_2,1,0.2747678756713867
124,18,agent_1,1,0.2747468948364258
127,16,agent_2,1,0.2746086120605469
239,15,agent_1,1,0.27449607849121094
246,13,agent_0,1,0.27448368072509766
296,4,agent_0,1,0.2744579315185547
294,4,agent_0,1,0.2740154266357422
293,13,agent_1,1,0.2737455368041992
95,18,agent_2,1,0.27367401123046875
233,19,agent_2,1,0.27361631393432617
139,9,agent_1,1,0.2734661102294922
67,17,agent_2,1,0.2730569839477539
229,22,agent_0,1,0.2727947235107422
21,4,agent_1,1,0.2715492248535156
184,19,agent_1,1,0.27120161056518555
204,19,agent_1,1,0.27117109298706055
3,14,agent_2,1,0.27103710174560547
207,13,agent_1,1,0.27093076705932617
24,14,agent_1,1,0.27042531967163086
224,20,agent_1,1,0.2703876495361328
140,8,agent_0,1,0.26996803283691406
10,9,agent_2,1,0.26921844482421875
45,19,agent_1,1,0.26856422424316406
290,19,agent_1,1,0.268416166305542
178,19,agent_2,1,0.268343448638916
232,12,agent_0,1,0.26820945739746094
166,19,agent_2,1,0.2682042121887207
258,13,agent_1,1,0.26785850524902344
275,0,agent_0,1,0.2675590515136719
185,18,agent_1,1,0.2675461769104004
182,22,agent_1,1,0.26718926429748535
144,8,agent_0,1,0.26717376708984375
3,18,agent_2,1,0.2671689987182617
61,12,agent_1,1,0.2670555114746094
293,6,agent_1,1,0.2670478820800781
232,18,agent_1,1,0.26696252822875977
14,20,agent_1,1,0.26677513122558594
62,13,agent_2,1,0.26653289794921875
40,8,agent_1,1,0.26650428771972656
98,8,agent_0,1,0.2664012908935547
174,5,agent_2,1,0.2662696838378906
110,1,agent_2,1,0.2661247253417969
240,7,agent_0,1,0.2655143737792969
185,17,agent_0,1,0.26540565490722656
178,17,agent_2,1,0.26537370681762695
192,7,agent_2,1,0.26508522033691406
4,9,agent_2,1,0.26464176177978516
229,20,agent_0,1,0.2646195888519287
265,7,agent_2,1,0.2644023895263672
8,15,agent_2,1,0.26432013511657715
20,19,agent_1,1,0.2642550468444824
215,19,agent_1,1,0.26419687271118164
167,5,agent_0,1,0.2641887664794922
261,8,agent_2,1,0.2639808654785156
4,11,agent_1,1,0.26361751556396484
9,8,agent_2,1,0.2630653381347656
269,17,agent_1,1,0.2630324363708496
68,3,agent_0,1,0.26294994354248047
77,16,agent_2,1,0.26239681243896484
212,8,agent_0,1,0.26224422454833984
166,14,agent_2,1,0.2621626853942871
131,10,agent_2,1,0.2620820999145508
108,19,agent_2,1,0.26201629638671875
268,21,agent_2,1,0.2614889144897461
82,17,agent_1,1,0.26136159896850586
227,19,agent_2,1,0.2612752914428711
211,14,agent_0,1,0.26123619079589844
72,18,agent_1,1,0.260591983795166
223,18,agent_0,1,0.26041126251220703
83,9,agent_1,1,0.26039886474609375
195,19,agent_2,1,0.26001501083374023
26,15,agent_2,1,0.25994873046875
55,21,agent_2,1,0.25951719284057617
96,9,agent_0,1,0.2594165802001953
37,2,agent_1,1,0.25918006896972656
210,7,agent_1,1,0.25904083251953125
83,15,agent_0,1,0.25891542434692383
71,21,agent_0,1,0.2581202983856201
132,4,agent_1,1,0.25748443603515625
33,11,agent_2,1,0.2568960189819336
194,4,agent_2,1,0.25681304931640625
90,9,agent_2,1,0.2567272186279297
227,10,agent_2,1,0.25649547576904297
296,20,agent_0,1,0.25632643699645996
87,13,agent_1,1,0.2560081481933594
264,12,agent_1,1,0.2556953430175781
181,15,agent_2,1,0.2556724548339844
114,12,agent_0,1,0.25556373596191406
114,13,agent_0,1,0.25461578369140625
141,16,agent_0,1,0.25437355041503906
141,17,agent_1,1,0.25435495376586914
294,3,agent_0,1,0.2542610168457031
100,21,agent_1,1,0.2539200782775879
200,17,agent_2,1,0.25385475158691406
12,18,agent_0,1,0.2532768249511719
182,21,agent_2,1,0.253054141998291
85,4,agent_0,1,0.252960205078125
29,21,agent_1,1,0.25237274169921875
247,2,agent_2,1,0.25213050842285156
154,1,agent_1,1,0.2517662048339844
243,17,agent_1,1,0.2515401840209961
202,20,agent_0,1,0.25153398513793945
7,17,agent_1,1,0.2513895034790039
209,1,agent_1,1,0.2508544921875
134,18,agent_1,1,0.2505836486816406
123,15,agent_2,1,0.2505812644958496
200,7,agent_2,1,0.2501668930053711
144,9,agent_0,1,0.24988555908203125
85,11,agent_1,1,0.24976825714111328
172,18,agent_0,1,0.24966251850128174
84,2,agent_1,1,0.24959754943847656
119,0,agent_0,1,0.24955368041992188
77,19,agent_0,1,0.24911880493164062
264,16,agent_2,1,0.24883651733398438
40,10,agent_2,1,0.2486286163330078
241,11,agent_2,1,0.24814224243164062
284,16,agent_1,1,0.24794816970825195
160,20,agent_1,1,0.24783945083618164
79,21,agent_0,1,0.24779748916625977
16,11,agent_2,1,0.24765586853027344
1,7,agent_2,1,0.24741077423095703
125,5,agent_1,1,0.24718666076660156
227,12,agent_0,1,0.2471294403076172
57,10,agent_1,1,0.2469186782836914
84,8,agent_0,1,0.246826171875
77,17,agent_1,1,0.2465987205505371
251,4,agent_2,1,0.2463817596435547
71,13,agent_1,1,0.24628829956054688
207,14,agent_1,1,0.24612092971801758
247,21,agent_1,1,0.24584436416625977
271,13,agent_1,1,0.24579143524169922
164,2,agent_1,1,0.24564170837402344
124,6,agent_1,1,0.24521350860595703
112,20,agent_1,1,0.24509334564208984
266,21,agent_2,1,0.24504947662353516
34,18,agent_1,1,0.2450113296508789
171,19,agent_2,1,0.24489116668701172
178,10,agent_2,1,0.24417591094970703
253,5,agent_1,1,0.2440776824951172
12,17,agent_2,1,0.2439861297607422
75,16,agent_2,1,0.2438945770263672
215,9,agent_1,1,0.24354934692382812
61,15,agent_0,1,0.2432861328125
98,7,agent_1,1,0.24310302734375
191,21,agent_0,1,0.2429959774017334
108,20,agent_2,1,0.2423572540283203
91,10,agent_2,1,0.24158668518066406
85,6,agent_1,1,0.24155807495117188
29,7,agent_1,1,0.24155616760253906
125,15,agent_1,1,0.24147891998291016
187,20,agent_1,1,0.24141383171081543
282,9,agent_0,1,0.24100685119628906
170,7,agent_1,1,0.24068832397460938
297,9,agent_2,1,0.24008750915527344
90,3,agent_1,1,0.23983001708984375
183,19,agent_1,1,0.23929738998413086
250,20,agent_2,1,0.2391972541809082
1,19,agent_1,1,0.23901987075805664
219,1,agent_2,1,0.2385692596435547
10,8,agent_0,1,0.23807716369628906
175,11,agent_0,1,0.2379150390625
222,9,agent_2,1,0.23781299591064453
145,21,agent_0,1,0.23765206336975098
216,7,agent_2,1,0.23737430572509766
231,6,agent_2,1,0.23688697814941406
172,14,agent_0,1,0.23666977882385254
90,11,agent_1,1,0.23655223846435547
253,18,agent_0,1,0.23642921447753906
78,7,agent_1,1,0.2353343963623047
85,11,agent_0,1,0.23521137237548828
172,6,agent_0,1,0.2348461151123047
45,13,agent_1,1,0.23471641540527344
67,13,agent_0,1,0.23467254638671875
46,8,agent_1,1,0.2342548370361328
102,9,agent_0,1,0.2340259552001953
166,5,agent_1,1,0.2337799072265625
160,14,agent_1,1,0.23374176025390625
77,16,agent_1,1,0.23369598388671875
273,17,agent_0,1,0.23302459716796875
1,5,agent_1,1,0.23278045654296875
254,3,agent_0,1,0.232757568359375
287,13,agent_0,1,0.2325735092163086
194,1,agent_0,1,0.2323760986328125
235,6,agent_2,1,0.23227691650390625
275,2,agent_0,1,0.23207473754882812
200,19,agent_2,1,0.23199748992919922
9,9,agent_2,1,0.23197650909423828
157,11,agent_2,1,0.23189926147460938
235,5,agent_2,1,0.23181724548339844
274,4,agent_0,1,0.2317638397216797
170,10,agent_1,1,0.2314777374267578
16,14,agent_1,1,0.2314467430114746
10,14,agent_1,1,0.23129653930664062
107,17,agent_2,1,0.23093795776367188
251,19,agent_2,1,0.2307119369506836
183,8,agent_2,1,0.23018646240234375
72,0,agent_1,1,0.22995948791503906
195,12,agent_2,1,0.22968101501464844
118,15,agent_2,1,0.22959136962890625
236,8,agent_0,1,0.2295665740966797
115,6,agent_2,1,0.22882366180419922
29,13,agent_2,1,0.228790283203125
22,15,agent_1,1,0.22867202758789062
216,17,agent_2,1,0.22844791412353516
187,1,agent_1,1,0.2280588150024414
91,13,agent_2,1,0.22762489318847656
255,3,agent_0,1,0.2276020050048828
197,9,agent_0,1,0.227569580078125
106,11,agent_2,1,0.22733592987060547
154,19,agent_0,1,0.22721481323242188
151,11,agent_2,1,0.22678661346435547
247,21,agent_2,1,0.22675657272338867
3,6,agent_2,1,0.2266712188720703
266,21,agent_1,1,0.22632074356079102
260,12,agent_0,1,0.22565174102783203
178,11,agent_1,1,0.22557306289672852
245,18,agent_2,1,0.2255420684814453
250,18,agent_2,1,0.225372314453125
162,14,agent_2,1,0.22499322891235352
284,19,agent_2,1,0.22489023208618164
182,19,agent_2,1,0.22463655471801758
136,2,agent_2,1,0.22439098358154297
170,3,agent_1,1,0.22424888610839844
275,3,agent_0,1,0.2239837646484375
93,14,agent_1,1,0.22395038604736328
175,8,agent_0,1,0.2238025665283203
8,13,agent_0,1,0.22357606887817383
10,4,agent_1,1,0.22353744506835938
128,15,agent_1,1,0.22317028045654297
26,10,agent_2,1,0.2230987548828125
85,17,agent_1,1,0.22278118133544922
293,11,agent_1,1,0.22278118133544922
221,17,agent_2,1,0.2226104736328125
97,7,agent_2,1,0.22239112854003906
32,15,agent_1,1,0.2223682403564453
197,20,agent_0,1,0.22176027297973633
112,10,agent_1,1,0.2216787338256836
112,19,agent_0,1,0.22159624099731445
264,17,agent_2,1,0.22135543823242188
169,15,agent_2,1,0.22116661071777344
150,6,agent_1,1,0.22102069854736328
91,3,agent_2,1,0.220794677734375
215,5,agent_0,1,0.22075462341308594
65,15,agent_2,1,0.22055768966674805
86,19,agent_2,1,0.21910619735717773
203,10,agent_2,1,0.2190227508544922
135,20,agent_0,1,0.21901750564575195
85,15,agent_0,1,0.21885013580322266
109,14,agent_1,1,0.21828079223632812
213,13,agent_0,1,0.21814250946044922
245,6,agent_1,1,0.2178955078125
297,16,agent_2,1,0.2175445556640625
279,6,agent_2,1,0.21741962432861328
173,9,agent_2,1,0.2174072265625
276,22,agent_2,1,0.2173306941986084
119,3,agent_0,1,0.21531105041503906
195,16,agent_2,1,0.2150707244873047
282,6,agent_0,1,0.21456527709960938
279,17,agent_2,1,0.21419143676757812
55,2,agent_0,1,0.2141895294189453
80,7,agent_1,1,0.21417522430419922
42,8,agent_1,1,0.21399688720703125
121,15,agent_0,1,0.21343374252319336
198,5,agent_2,1,0.21339988708496094
232,7,agent_2,1,0.2132282257080078
46,12,agent_1,1,0.21320724487304688
230,6,agent_2,1,0.2131977081298828
237,16,agent_0,1,0.21318483352661133
55,1,agent_0,1,0.21230411529541016
173,21,agent_0,1,0.2120286226272583
92,9,agent_1,1,0.21182537078857422
169,14,agent_2,1,0.21169662475585938
175,16,agent_2,1,0.21117019653320312
27,21,agent_0,1,0.21091938018798828
39,21,agent_0,1,0.21070003509521484
120,17,agent_0,1,0.21034526824951172
212,8,agent_1,1,0.21009063720703125
71,20,agent_0,1,0.20971894264221191
64,15,agent_1,1,0.20882034301757812
239,19,agent_1,1,0.20878124237060547
208,18,agent_0,1,0.20866012573242188
153,1,agent_1,1,0.20847129821777344
264,6,agent_0,1,0.20827484130859375
182,15,agent_2,1,0.20790672302246094
12,16,agent_1,1,0.20786714553833008
227,16,agent_0,1,0.2072582244873047
225,5,agent_0,1,0.20666885375976562
98,12,agent_1,1,0.20635271072387695
245,20,agent_0,1,0.2063302993774414
248,8,agent_2,1,0.2059764862060547
57,19,agent_1,1,0.20597410202026367
273,4,agent_2,1,0.20574569702148438
284,10,agent_2,1,0.20547866821289062
286,21,agent_2,1,0.20514726638793945
243,19,agent_1,1,0.20488357543945312
160,21,agent_1,1,0.20401906967163086
125,15,agent_0,1,0.2039947509765625
140,9,agent_2,1,0.20351791381835938
290,10,agent_2,1,0.20343685150146484
14,19,agent_1,1,0.20343351364135742
246,5,agent_1,1,0.2034130096435547
24,9,agent_1,1,0.2032623291015625
53,19,agent_2,1,0.20292234420776367
231,4,agent_2,1,0.20290374755859375
134,21,agent_1,1,0.2028343677520752
149,22,agent_1,1,0.20278644561767578
292,18,agent_2,1,0.20273923873901367
65,16,agent_2,1,0.20253992080688477
54,20,agent_0,1,0.2022719383239746
250,17,agent_2,1,0.20171213150024414
297,3,agent_2,1,0.20168495178222656
110,11,agent_1,1,0.20166301727294922
188,15,agent_1,1,0.20122766494750977
250,15,agent_2,1,0.20102405548095703
13,13,agent_2,1,0.20092105865478516
13,21,agent_2,1,0.20067501068115234
6,16,agent_2,1,0.2006387710571289
292,11,agent_2,1,0.2006072998046875
53,9,agent_1,1,0.2005290985107422
22,17,agent_2,1,0.2003345489501953
208,19,agent_2,1,0.20020484924316406
26,13,agent_2,1,0.20003223419189453
13,19,agent_2,1,0.20000410079956055
156,1,agent_0,1,0.19979286193847656
212,6,agent_0,1,0.19978713989257812
192,15,agent_0,1,0.19977235794067383
13,17,agent_2,1,0.19964170455932617
28,17,agent_0,1,0.1995840072631836
297,21,agent_2,1,0.1988058090209961
8,10,agent_1,1,0.19870615005493164
145,17,agent_0,1,0.19775819778442383
22,21,agent_1,1,0.19759178161621094
97,6,agent_2,1,0.1975078582763672
183,12,agent_2,1,0.19714927673339844
45,19,agent_2,1,0.19696950912475586
247,16,agent_2,1,0.19640350341796875
247,2,agent_0,1,0.19634056091308594
61,1,agent_1,1,0.19623756408691406
284,20,agent_2,1,0.19614028930664062
195,7,agent_0,1,0.19604206085205078
4,20,agent_1,1,0.19553303718566895
28,20,agent_1,1,0.19542646408081055
67,19,agent_2,1,0.19487476348876953
182,20,agent_2,1,0.1948533058166504
269,19,agent_1,1,0.19473838806152344
148,21,agent_0,1,0.19441843032836914
90,0,agent_0,1,0.1941356658935547
72,10,agent_1,1,0.1938629150390625
105,13,agent_1,1,0.19341802597045898
56,20,agent_0,1,0.19330716133117676
281,14,agent_0,1,0.19304466247558594
92,3,agent_0,1,0.19279861450195312
162,20,agent_1,1,0.1926417350769043
150,5,agent_1,1,0.1925983428955078
23,12,agent_2,1,0.1923694610595703
157,4,agent_0,1,0.1923542022705078
210,4,agent_0,1,0.19222640991210938
0,20,agent_1,1,0.19208145141601562
227,20,agent_2,1,0.1916828155517578
120,7,agent_2,1,0.19097423553466797
26,8,agent_2,1,0.19092559814453125
44,3,agent_2,1,0.19071006774902344
131,6,agent_2,1,0.19060707092285156
253,6,agent_1,1,0.19038677215576172
65,14,agent_2,1,0.1902313232421875
134,6,agent_2,1,0.1896066665649414
54,19,agent_0,1,0.18929052352905273
273,13,agent_2,1,0.1891641616821289
109,10,agent_1,1,0.18908309936523438
176,4,agent_0,1,0.18906688690185547
144,0,agent_0,1,0.18894386291503906
182,17,agent_2,1,0.1888902187347412
241,18,agent_2,1,0.18874788284301758
85,3,agent_0,1,0.18822860717773438
247,19,agent_2,1,0.18812084197998047
259,13,agent_0,1,0.18768692016601562
280,12,agent_0,1,0.1876363754272461
241,18,agent_0,1,0.1874103546142578
248,12,agent_1,1,0.18731212615966797
85,9,agent_1,1,0.1871814727783203
125,12,agent_0,1,0.18700695037841797
293,3,agent_0,1,0.18682861328125
82,11,agent_0,1,0.18650054931640625
262,4,agent_1,1,0.18567276000976562
22,0,agent_0,1,0.18553924560546875
27,14,agent_2,1,0.1849040985107422
24,14,agent_2,1,0.18377017974853516
90,21,agent_2,1,0.18356943130493164
162,5,agent_1,1,0.18298912048339844
30,3,agent_1,1,0.1827716827392578
186,15,agent_2,1,0.18268203735351562
66,10,agent_2,1,0.18242645263671875
2,5,agent_1,1,0.1822795867919922
131,11,agent_1,1,0.18219280242919922
246,7,agent_0,1,0.18216323852539062
256,19,agent_0,1,0.18199491500854492
254,17,agent_2,1,0.1819934844970703
60,21,agent_2,1,0.1819777488708496
85,16,agent_1,1,0.18183517456054688
24,11,agent_1,1,0.18172979354858398
225,20,agent_2,1,0.18123245239257812
232,16,agent_2,1,0.18116378784179688
184,9,agent_0,1,0.18114662170410156
211,13,agent_0,1,0.18102264404296875
26,5,agent_1,1,0.18097877502441406
155,11,agent_0,1,0.18075180053710938
261,18,agent_1,1,0.1803128719329834
48,19,agent_0,1,0.18012571334838867
85,0,agent_1,1,0.1800537109375
64,7,agent_0,1,0.18003082275390625
39,12,agent_0,1,0.17974472045898438
102,21,agent_2,1,0.1793513298034668
154,2,agent_1,1,0.1789989471435547
151,18,agent_2,1,0.17893552780151367
12,12,agent_0,1,0.17884159088134766
289,15,agent_1,1,0.1787281036376953
158,9,agent_0,1,0.1785268783569336
105,10,agent_1,1,0.17846012115478516
83,19,agent_1,1,0.17801475524902344
275,4,agent_0,1,0.17768096923828125
85,12,agent_1,1,0.177398681640625
26,22,agent_1,1,0.17726802825927734
87,3,agent_2,1,0.17712974548339844
29,21,agent_0,1,0.17712974548339844
218,13,agent_0,1,0.17701244354248047
258,10,agent_2,1,0.17699909210205078
290,9,agent_1,1,0.1769866943359375
220,10,agent_0,1,0.17682552337646484
207,1,agent_2,1,0.17665863037109375
122,19,agent_2,1,0.17625141143798828
264,19,agent_2,1,0.17611312866210938
167,15,agent_1,1,0.17608976364135742
32,19,agent_1,1,0.17598485946655273
9,17,agent_2,1,0.17584514617919922
224,10,agent_2,1,0.17546463012695312
231,18,agent_1,1,0.1753988265991211
124,21,agent_2,1,0.17513513565063477
81,10,agent_0,1,0.17507648468017578
167,17,agent_1,1,0.17502450942993164
291,21,agent_0,1,0.17484211921691895
28,16,agent_0,1,0.17480087280273438
157,5,agent_0,1,0.17414093017578125
264,18,agent_2,1,0.17402267456054688
23,14,agent_2,1,0.1738886833190918
255,20,agent_0,1,0.1738290786743164
157,4,agent_2,1,0.1737499237060547
24,10,agent_1,1,0.17338037490844727
103,18,agent_2,1,0.1731729507446289
154,20,agent_0,1,0.1730964183807373
217,15,agent_0,1,0.17299413681030273
50,9,agent_2,1,0.17268657684326172
48,9,agent_2,1,0.17253684997558594
168,16,agent_0,1,0.1725149154663086
120,21,agent_0,1,0.1724691390991211
256,6,agent_2,1,0.17233562469482422
42,22,agent_0,1,0.17212820053100586
105,17,agent_0,1,0.17126083374023438
105,11,agent_2,1,0.17117786407470703
187,10,agent_2,1,0.17115545272827148
122,5,agent_1,1,0.17096328735351562
50,16,agent_1,1,0.1709141731262207
212,16,agent_1,1,0.1704568862915039
77,20,agent_1,1,0.17029953002929688
72,9,agent_1,1,0.17013931274414062
212,5,agent_0,1,0.16980361938476562
272,16,agent_2,1,0.16968154907226562
257,3,agent_2,1,0.16946029663085938
196,8,agent_0,1,0.16944026947021484
109,18,agent_0,1,0.1692962646484375
48,12,agent_0,1,0.16925907135009766
118,20,agent_2,1,0.16913509368896484
145,18,agent_1,1,0.1690206527709961
285,5,agent_0,1,0.1686115264892578
106,13,agent_1,1,0.16854572296142578
151,20,agent_1,1,0.16840457916259766
182,18,agent_1,1,0.16835403442382812
293,21,agent_0,1,0.16835355758666992
121,19,agent_2,1,0.16832685470581055
299,12,agent_0,1,0.1681656837463379
180,7,agent_1,1,0.16799259185791016
255,1,agent_1,1,0.16788482666015625
47,8,agent_1,1,0.1677989959716797
199,21,agent_2,1,0.16762685775756836
32,21,agent_2,1,0.16761541366577148
195,10,agent_0,1,0.16755104064941406
155,9,agent_0,1,0.16753292083740234
200,10,agent_2,1,0.16696739196777344
101,18,agent_2,1,0.16685104370117188
144,19,agent_1,1,0.16639947891235352
132,22,agent_1,1,0.16609859466552734
110,12,agent_1,1,0.16602802276611328
176,14,agent_1,1,0.16597557067871094
68,12,agent_0,1,0.1657400131225586
144,9,agent_1,1,0.16568756103515625
64,17,agent_1,1,0.1655292510986328
89,19,agent_2,1,0.1653761863708496
185,16,agent_1,1,0.1652541160583496
285,8,agent_0,1,0.165069580078125
32,7,agent_2,1,0.1650409698486328
68,4,agent_0,1,0.16502952575683594
297,17,agent_2,1,0.16501426696777344
30,4,agent_1,1,0.16432762145996094
22,10,agent_1,1,0.16424560546875
227,8,agent_1,1,0.1638317108154297
117,9,agent_0,1,0.16345691680908203
139,2,agent_2,1,0.1629486083984375
247,5,agent_2,1,0.1628246307373047
158,11,agent_0,1,0.16279029846191406
104,7,agent_1,1,0.16268348693847656
217,18,agent_1,1,0.16242170333862305
8,18,agent_1,1,0.16234540939331055
40,9,agent_0,1,0.16221046447753906
181,14,agent_1,1,0.1621074676513672
265,9,agent_1,1,0.16184425354003906
297,18,agent_2,1,0.1616530418395996
273,19,agent_0,1,0.16150283813476562
23,16,agent_2,1,0.16147232055664062
57,15,agent_2,1,0.16126728057861328
253,21,agent_1,1,0.16126680374145508
184,18,agent_1,1,0.16117620468139648
158,13,agent_1,1,0.1608290672302246
200,13,agent_2,1,0.16074848175048828
101,12,agent_2,1,0.16028690338134766
266,13,agent_1,1,0.16025018692016602
208,9,agent_0,1,0.15982341766357422
257,18,agent_1,1,0.1597886085510254
271,15,agent_0,1,0.15976190567016602
0,15,agent_2,1,0.159759521484375
40,15,agent_1,1,0.15922164916992188
23,18,agent_2,1,0.15921926498413086
22,10,agent_2,1,0.15907001495361328
297,1,agent_0,1,0.1589946746826172
29,7,agent_2,1,0.15882492065429688
16,17,agent_2,1,0.15873312950134277
126,14,agent_0,1,0.1586780548095703
139,6,agent_1,1,0.15850830078125
83,8,agent_1,1,0.15838050842285156
176,4,agent_1,1,0.15821075439453125
53,4,agent_0,1,0.15815067291259766
289,1,agent_0,1,0.1581439971923828
270,5,agent_0,1,0.1579275131225586
24,9,agent_2,1,0.1578831672668457
213,17,agent_1,1,0.15776443481445312
136,8,agent_0,1,0.157470703125
231,11,agent_2,1,0.1574239730834961
24,18,agent_1,1,0.15741729736328125
29,9,agent_2,1,0.1571636199951172
278,4,agent_1,1,0.1571331024169922
117,17,agent_0,1,0.15711593627929688
85,13,agent_0,1,0.15645885467529297
143,10,agent_1,1,0.1563429832458496
200,20,agent_2,1,0.1562638282775879
277,16,agent_1,1,0.15622615814208984
212,1,agent_1,1,0.15619468688964844
231,15,agent_1,1,0.1561136245727539
95,11,agent_1,1,0.15607643127441406
89,18,agent_2,1,0.15575695037841797
179,12,agent_2,1,0.15569400787353516
219,19,agent_0,1,0.15552043914794922
183,20,agent_1,1,0.15519142150878906
93,16,agent_1,1,0.15500736236572266
136,16,agent_2,1,0.15482425689697266
111,10,agent_1,1,0.1547679901123047
269,18,agent_0,1,0.15470647811889648
27,20,agent_1,1,0.1544327735900879
166,8,agent_2,1,0.15442466735839844
125,8,agent_1,1,0.15433311462402344
177,12,agent_1,1,0.15417957305908203
10,6,agent_0,1,0.15411758422851562
284,1,agent_2,1,0.15369415283203125
37,1,agent_2,1,0.15364837646484375
139,7,agent_1,1,0.1531982421875
42,13,agent_2,1,0.1525897979736328
143,4,agent_0,1,0.15198135375976562
65,3,agent_1,1,0.1516551971435547
248,10,agent_2,1,0.1516132354736328
90,16,agent_1,1,0.151031494140625
166,4,agent_1,1,0.1510019302368164
266,5,agent_1,1,0.15012264251708984
232,11,agent_2,1,0.15011310577392578
260,20,agent_0,1,0.1498112678527832
265,14,agent_1,1,0.14980506896972656
206,15,agent_2,1,0.14932966232299805
95,12,agent_1,1,0.14916229248046875
284,19,agent_0,1,0.149003267288208
248,20,agent_2,1,0.14894914627075195
200,11,agent_2,1,0.14875316619873047
78,3,agent_2,1,0.1487293243408203
109,16,agent_0,1,0.1486825942993164
155,11,agent_2,1,0.14854812622070312
55,13,agent_0,1,0.14849185943603516
65,17,agent_0,1,0.14841556549072266
29,15,agent_1,1,0.14827346801757812
262,11,agent_0,1,0.14826297760009766
243,12,agent_1,1,0.14809417724609375
212,13,agent_0,1,0.14808273315429688
89,20,agent_0,1,0.1480724811553955
245,21,agent_0,1,0.14790725708007812
251,7,agent_1,1,0.1472320556640625
143,14,agent_2,1,0.14689397811889648
50,17,agent_0,1,0.14638328552246094
3,14,agent_1,1,0.14629650115966797
165,16,agent_2,1,0.14618587493896484
178,17,agent_0,1,0.1461648941040039
45,22,agent_2,1,0.14571571350097656
13,9,agent_2,1,0.14554691314697266
215,6,agent_2,1,0.1455249786376953
100,8,agent_1,1,0.1453838348388672
156,19,agent_0,1,0.14526796340942383
98,11,agent_1,1,0.1451725959777832
212,14,agent_1,1,0.14491844177246094
230,14,agent_2,1,0.1448049545288086
291,5,agent_1,1,0.14476394653320312
216,7,agent_1,1,0.1446990966796875
258,14,agent_1,1,0.1442241668701172
106,22,agent_2,1,0.1441640853881836
238,10,agent_0,1,0.1440410614013672
217,12,agent_1,1,0.14395380020141602
273,21,agent_2,1,0.14357829093933105
237,20,agent_0,1,0.14350080490112305
88,14,agent_1,1,0.14326095581054688
299,21,agent_2,1,0.14249706268310547
147,0,agent_2,1,0.142333984375
93,13,agent_2,1,0.14225101470947266
161,1,agent_0,1,0.14218711853027344
231,18,agent_2,1,0.1418781280517578
83,9,agent_0,1,0.14186763763427734
28,19,agent_1,1,0.14121341705322266
116,3,agent_1,1,0.14093494415283203
103,15,agent_0,1,0.14080238342285156
21,1,agent_0,1,0.1407909393310547
198,9,agent_2,1,0.14075279235839844
170,21,agent_0,1,0.14065289497375488
284,18,agent_2,1,0.1405038833618164
141,16,agent_1,1,0.14044618606567383
133,21,agent_2,1,0.14011847972869873
85,7,agent_1,1,0.14011192321777344
242,8,agent_2,1,0.13991832733154297
95,16,agent_1,1,0.13983917236328125
126,14,agent_2,1,0.13965225219726562
264,21,agent_1,1,0.13961029052734375
92,12,agent_1,1,0.13912010192871094
146,2,agent_1,1,0.13886451721191406
198,14,agent_1,1,0.13886260986328125
195,9,agent_2,1,0.1386852264404297
109,15,agent_0,1,0.13866806030273438
226,13,agent_0,1,0.13846683502197266
149,15,agent_1,1,0.13816452026367188
190,3,agent_2,1,0.1378955841064453
184,19,agent_0,1,0.13779878616333008
148,20,agent_0,1,0.1374964714050293
250,22,agent_2,1,0.13746070861816406
296,22,agent_0,1,0.1373884677886963
72,20,agent_1,1,0.1371006965637207
269,11,agent_1,1,0.13663959503173828
275,9,agent_0,1,0.1362295150756836
208,7,agent_0,1,0.13584613800048828
247,22,agent_1,1,0.13581085205078125
56,8,agent_2,1,0.13580036163330078
121,22,agent_0,1,0.13579607009887695
116,8,agent_0,1,0.13576793670654297
212,2,agent_0,1,0.13568878173828125
71,9,agent_0,1,0.13558006286621094
105,17,agent_2,1,0.1355762481689453
172,6,agent_1,1,0.1355752944946289
12,22,agent_0,1,0.1355220079421997
85,9,agent_0,1,0.1353473663330078
66,19,agent_0,1,0.13507795333862305
284,16,agent_2,1,0.13487815856933594
207,22,agent_0,1,0.13484549522399902
9,16,agent_2,1,0.1345663070678711
253,7,agent_1,1,0.13448333740234375
228,20,agent_2,1,0.13406085968017578
227,14,agent_0,1,0.13405561447143555
258,16,agent_1,1,0.13405179977416992
140,10,agent_1,1,0.1340179443359375
175,22,agent_2,1,0.1339726448059082
205,11,agent_0,1,0.13386058807373047
1,11,agent_2,1,0.13368988037109375
248,21,agent_2,1,0.1336231231689453
141,17,agent_0,1,0.1335291862487793
61,11,agent_2,1,0.13324737548828125
275,20,agent_2,1,0.13308334350585938
154,15,agent_0,1,0.1329960823059082
264,20,agent_2,1,0.1328108310699463
144,21,agent_0,1,0.13253450393676758
110,16,agent_2,1,0.1324939727783203
291,16,agent_1,1,0.13234329223632812
73,8,agent_1,1,0.13212871551513672
8,0,agent_1,1,0.13185501098632812
37,18,agent_0,1,0.13141322135925293
88,20,agent_2,1,0.13112258911132812
212,2,agent_1,1,0.1310901641845703
151,19,agent_1,1,0.1308431625366211
219,20,agent_0,1,0.13070297241210938
61,14,agent_1,1,0.13054466247558594
207,20,agent_1,1,0.13050079345703125
231,17,agent_2,1,0.13039112091064453
214,2,agent_0,1,0.13028717041015625
92,22,agent_0,1,0.1301567554473877
34,17,agent_1,1,0.1301422119140625
238,0,agent_0,1,0.1298198699951172
216,8,agent_2,1,0.12980079650878906
125,17,agent_0,1,0.12975025177001953
174,15,agent_1,1,0.12959003448486328
232,17,agent_1,1,0.12935352325439453
149,7,agent_2,1,0.1292438507080078
80,8,agent_0,1,0.129241943359375
190,12,agent_1,1,0.129058837890625
20,16,agent_2,1,0.1286334991455078
166,16,agent_1,1,0.12832021713256836
285,17,agent_2,1,0.12828540802001953
32,9,agent_2,1,0.12822914123535156
135,15,agent_0,1,0.12804412841796875
254,16,agent_0,1,0.12794828414916992
127,15,agent_1,1,0.12775039672851562
115,10,agent_2,1,0.127655029296875
134,22,agent_1,1,0.12742531299591064
16,10,agent_1,1,0.12687110900878906
285,16,agent_1,1,0.1267871856689453
215,15,agent_2,1,0.1263256072998047
263,14,agent_2,1,0.12594985961914062
144,17,agent_1,1,0.1258068084716797
162,21,agent_1,1,0.12557220458984375
61,17,agent_2,1,0.12552547454833984
131,17,agent_2,1,0.1254897117614746
16,20,agent_0,1,0.12546896934509277
131,20,agent_2,1,0.12542438507080078
0,6,agent_1,1,0.12539958953857422
285,19,agent_2,1,0.1250920295715332
91,13,agent_1,1,0.12490272521972656
167,18,agent_1,1,0.12456369400024414
130,16,agent_2,1,0.1245427131652832
264,22,agent_1,1,0.1244041919708252
23,20,agent_2,1,0.12416553497314453
73,18,agent_1,1,0.12407875061035156
39,21,agent_1,1,0.12397050857543945
204,21,agent_1,1,0.12385177612304688
196,8,agent_2,1,0.12372016906738281
98,14,agent_1,1,0.1233067512512207
6,20,agent_2,1,0.12321186065673828
210,12,agent_2,1,0.123138427734375
296,10,agent_0,1,0.12313365936279297
135,21,agent_0,1,0.12296533584594727
229,8,agent_2,1,0.1226949691772461
67,12,agent_2,1,0.1226186752319336
262,14,agent_1,1,0.12244129180908203
144,20,agent_0,1,0.12229061126708984
89,10,agent_0,1,0.12222099304199219
170,12,agent_0,1,0.12221813201904297
295,10,agent_2,1,0.12159347534179688
220,8,agent_0,1,0.12152767181396484
133,2,agent_0,1,0.12148666381835938
160,22,agent_1,1,0.1214287281036377
139,1,agent_2,1,0.121307373046875
154,9,agent_0,1,0.1212320327758789
279,10,agent_1,1,0.12117958068847656
243,21,agent_1,1,0.12114238739013672
211,9,agent_1,1,0.12112140655517578
175,6,agent_0,1,0.12109565734863281
262,7,agent_1,1,0.12089157104492188
159,21,agent_2,1,0.12087130546569824
125,7,agent_1,1,0.12064361572265625
217,16,agent_0,1,0.12052249908447266
201,13,agent_0,1,0.1204986572265625
113,21,agent_0,1,0.12047028541564941
89,15,agent_2,1,0.12032318115234375
232,19,agent_1,1,0.1203165054321289
164,1,agent_1,1,0.12009620666503906
21,12,agent_2,1,0.12002944946289062
7,23,agent_1,1,0.11997604370117188
53,11,agent_1,1,0.11994743347167969
64,7,agent_2,1,0.11964988708496094
102,10,agent_0,1,0.1195840835571289
188,14,agent_0,1,0.11951875686645508
25,15,agent_1,1,0.11932659149169922
254,21,agent_1,1,0.11919760704040527
141,11,agent_2,1,0.11883544921875
118,22,agent_2,1,0.11870837211608887
59,19,agent_2,1,0.11865758895874023
108,17,agent_2,1,0.1185760498046875
130,16,agent_1,1,0.11823272705078125
105,15,agent_2,1,0.11813640594482422
128,2,agent_0,1,0.11809921264648438
121,21,agent_0,1,0.11803460121154785
292,8,agent_2,1,0.11798477172851562
59,14,agent_2,1,0.11797428131103516
264,15,agent_2,1,0.11770820617675781
37,5,agent_0,1,0.11767005920410156
65,20,agent_2,1,0.11755132675170898
196,17,agent_0,1,0.11713743209838867
182,3,agent_1,1,0.11700820922851562
170,17,agent_1,1,0.116973876953125
83,20,agent_2,1,0.11677956581115723
179,8,agent_0,1,0.11658287048339844
60,14,agent_1,1,0.11655044555664062
110,13,agent_1,1,0.11651611328125
93,16,agent_2,1,0.11645984649658203
139,8,agent_2,1,0.11644363403320312
174,19,agent_2,1,0.11636948585510254
293,21,agent_1,1,0.11635923385620117
288,15,agent_0,1,0.11627435684204102
87,17,agent_1,1,0.1162557601928711
179,0,agent_2,1,0.1160888671875
16,12,agent_2,1,0.11584329605102539
174,10,agent_0,1,0.11563491821289062
150,11,agent_1,1,0.11536884307861328
2,10,agent_1,1,0.11522674560546875
146,11,agent_0,1,0.1149444580078125
83,21,agent_1,1,0.11490225791931152
136,15,agent_2,1,0.11483001708984375
270,19,agent_0,1,0.11478376388549805
283,15,agent_2,1,0.11477851867675781
54,11,agent_2,1,0.11474227905273438
147,9,agent_2,1,0.1147317886352539
274,8,agent_1,1,0.114532470703125
104,12,agent_1,1,0.11448001861572266
110,14,agent_1,1,0.11444664001464844
114,22,agent_0,1,0.11436331272125244
62,19,agent_1,1,0.11431503295898438
285,9,agent_0,1,0.11406135559082031
273,20,agent_0,1,0.1140451431274414
45,21,agent_1,1,0.11378645896911621
203,19,agent_2,1,0.11377477645874023
96,18,agent_1,1,0.11340713500976562
272,10,agent_2,1,0.11339378356933594
57,7,agent_1,1,0.11326217651367188
196,4,agent_0,1,0.11321544647216797
83,20,agent_1,1,0.11294150352478027
278,8,agent_2,1,0.11287689208984375
160,19,agent_1,1,0.11277627944946289
125,10,agent_1,1,0.1127328872680664
134,19,agent_0,1,0.1126866340637207
47,11,agent_1,1,0.1125946044921875
87,12,agent_1,1,0.11250114440917969
126,13,agent_1,1,0.11246395111083984
83,5,agent_2,1,0.11227226257324219
56,17,agent_2,1,0.11205720901489258
84,16,agent_1,1,0.1118764877319336
268,22,agent_0,1,0.11128342151641846
140,9,agent_1,1,0.1112823486328125
50,22,agent_2,1,0.11113905906677246
228,8,agent_0,1,0.11093521118164062
218,12,agent_1,1,0.11084270477294922
210,13,agent_0,1,0.11071968078613281
285,13,agent_1,1,0.11031961441040039
184,9,agent_1,1,0.1101675033569336
260,15,agent_0,1,0.1101217269897461
271,16,agent_1,1,0.10982084274291992
48,21,agent_0,1,0.10970735549926758
0,16,agent_1,1,0.10936546325683594
113,19,agent_0,1,0.10935163497924805
297,15,agent_1,1,0.1093144416809082
225,21,agent_1,1,0.10910630226135254
95,20,agent_1,1,0.10906267166137695
154,15,agent_1,1,0.10876607894897461
65,19,agent_2,1,0.10831451416015625
292,20,agent_0,1,0.10828852653503418
197,21,agent_0,1,0.1082773208618164
40,17,agent_1,1,0.10823535919189453
148,2,agent_2,1,0.10814476013183594
43,14,agent_1,1,0.1077718734741211
78,6,agent_2,1,0.10776996612548828
292,20,agent_2,1,0.10768008232116699
115,14,agent_1,1,0.10753822326660156
254,12,agent_2,1,0.1074056625366211
95,10,agent_1,1,0.10721874237060547
146,11,agent_2,1,0.10717296600341797
245,20,agent_2,1,0.10652303695678711
67,4,agent_2,1,0.1060638427734375
156,4,agent_1,1,0.10602283477783203
175,20,agent_2,1,0.1059103012084961
212,4,agent_1,1,0.10589218139648438
218,17,agent_0,1,0.10574626922607422
13,10,agent_2,1,0.10572624206542969
246,22,agent_1,1,0.10541975498199463
255,2,agent_0,1,0.10535812377929688
276,4,agent_0,1,0.10519886016845703
89,17,agent_2,1,0.10503721237182617
109,14,agent_0,1,0.10497283935546875
125,23,agent_2,1,0.10496330261230469
288,2,agent_2,1,0.1045389175415039
277,7,agent_2,1,0.10451507568359375
69,17,agent_1,1,0.10437917709350586
110,15,agent_2,1,0.10381126403808594
189,21,agent_0,1,0.1037602424621582
196,7,agent_0,1,0.1037302017211914
110,19,agent_2,1,0.10369110107421875
83,4,agent_0,1,0.10368061065673828
199,21,agent_1,1,0.103668212890625
256,13,agent_0,1,0.10350179672241211
98,16,agent_1,1,0.10336065292358398
256,1,agent_2,1,0.10327529907226562
271,16,agent_0,1,0.10317230224609375
96,17,agent_2,1,0.10312604904174805
55,16,agent_1,1,0.10296154022216797
266,20,agent_2,1,0.10288095474243164
33,18,agent_2,1,0.10264205932617188
283,6,agent_0,1,0.10262107849121094
235,0,agent_2,1,0.10251426696777344
83,0,agent_0,1,0.10246467590332031
143,21,agent_2,1,0.10235953330993652
170,22,agent_0,1,0.10235786437988281
99,0,agent_2,1,0.10227203369140625
16,21,agent_1,1,0.10226607322692871
114,21,agent_0,1,0.10219681262969971
90,3,agent_0,1,0.1021270751953125
192,3,agent_1,1,0.10186576843261719
3,21,agent_2,1,0.10178279876708984
49,11,agent_2,1,0.10169029235839844
15,17,agent_0,1,0.10164690017700195
30,20,agent_2,1,0.10163760185241699
269,17,agent_0,1,0.10161638259887695
167,21,agent_2,1,0.10129117965698242
268,10,agent_1,1,0.10118389129638672
283,13,agent_2,1,0.10113334655761719
23,22,agent_2,1,0.10104191303253174
284,21,agent_2,1,0.10103869438171387
64,8,agent_0,1,0.10102653503417969
54,16,agent_1,1,0.10077571868896484
34,20,agent_1,1,0.10059547424316406
222,11,agent_0,1,0.10042381286621094
76,2,agent_1,1,0.10037422180175781
2,8,agent_1,1,0.09972953796386719
229,23,agent_0,1,0.0995795726776123
213,23,agent_0,1,0.09955483675003052
67,10,agent_1,1,0.09952640533447266
105,14,agent_1,1,0.09932231903076172
221,9,agent_1,1,0.09860610961914062
134,19,agent_1,1,0.09827375411987305
118,4,agent_2,1,0.09817886352539062
152,16,agent_2,1,0.09804868698120117
182,23,agent_1,1,0.09794735908508301
171,19,agent_1,1,0.0978097915649414
256,21,agent_1,1,0.09755682945251465
77,12,agent_1,1,0.0975494384765625
252,20,agent_0,1,0.09743356704711914
232,18,agent_0,1,0.09727239608764648
6,17,agent_1,1,0.09712886810302734
212,19,agent_0,1,0.09702777862548828
195,22,agent_0,1,0.09696412086486816
104,22,agent_0,1,0.09689855575561523
63,19,agent_1,1,0.09666109085083008
6,21,agent_2,1,0.09656333923339844
33,23,agent_1,1,0.09641909599304199
6,1,agent_2,1,0.09604644775390625
64,20,agent_2,1,0.09601497650146484
239,11,agent_0,1,0.09600067138671875
236,6,agent_2,1,0.09590911865234375
26,12,agent_2,1,0.0958242416381836
33,4,agent_0,1,0.09577178955078125
290,16,agent_1,1,0.09574699401855469
212,20,agent_0,1,0.09564828872680664
222,23,agent_1,1,0.09557247161865234
262,12,agent_1,1,0.09538459777832031
71,13,agent_0,1,0.09519672393798828
177,7,agent_0,1,0.09516143798828125
181,9,agent_1,1,0.09514045715332031
184,17,agent_1,1,0.09489965438842773
125,14,agent_0,1,0.09453487396240234
124,22,agent_2,1,0.09452271461486816
61,13,agent_1,1,0.09451007843017578
230,22,agent_2,1,0.09449219703674316
16,19,agent_2,1,0.09437727928161621
55,2,agent_1,1,0.09427261352539062
289,14,agent_1,1,0.09417390823364258
256,14,agent_2,1,0.0939488410949707
190,16,agent_1,1,0.09368419647216797
69,12,agent_1,1,0.09360551834106445
3,19,agent_2,1,0.09338188171386719
92,16,agent_0,1,0.0933537483215332
134,20,agent_1,1,0.09330916404724121
294,10,agent_1,1,0.09302711486816406
74,5,agent_1,1,0.09295845031738281
11,9,agent_2,1,0.09292984008789062
192,4,agent_2,1,0.09288978576660156
283,19,agent_2,1,0.09274005889892578
141,19,agent_1,1,0.09248638153076172
44,21,agent_1,1,0.09242725372314453
251,12,agent_2,1,0.09241294860839844
92,20,agent_1,1,0.09239006042480469
47,1,agent_1,1,0.09238433837890625
2,7,agent_1,1,0.09205436706542969
152,10,agent_2,1,0.09205055236816406
167,6,agent_0,1,0.09178447723388672
184,17,agent_0,1,0.09169626235961914
216,16,agent_1,1,0.09161376953125
291,20,agent_0,1,0.09156990051269531
170,19,agent_0,1,0.0911397933959961
207,22,agent_1,1,0.09107589721679688
54,3,agent_0,1,0.09091758728027344
57,9,agent_1,1,0.09076499938964844
134,2,agent_2,1,0.0904092788696289
248,19,agent_2,1,0.09030961990356445
205,16,agent_2,1,0.09017705917358398
185,20,agent_0,1,0.09013652801513672
181,9,agent_2,1,0.09006881713867188
267,20,agent_0,1,0.09006142616271973
198,5,agent_0,1,0.08964920043945312
205,18,agent_2,1,0.08948707580566406
215,7,agent_0,1,0.08946800231933594
192,7,agent_1,1,0.08940505981445312
105,18,agent_0,1,0.08934831619262695
39,14,agent_1,1,0.089324951171875
115,11,agent_0,1,0.0892629623413086
90,13,agent_0,1,0.08925819396972656
270,18,agent_0,1,0.08924293518066406
203,21,agent_2,1,0.0891408920288086
6,13,agent_1,1,0.08909320831298828
186,4,agent_0,1,0.08875274658203125
156,6,agent_0,1,0.0885629653930664
170,18,agent_2,1,0.08845090866088867
89,16,agent_2,1,0.08827066421508789
188,4,agent_0,1,0.0882568359375
136,22,agent_1,1,0.08825492858886719
95,8,agent_1,1,0.08798789978027344
207,5,agent_2,1,0.08744430541992188
242,23,agent_2,1,0.08743476867675781
264,21,agent_2,1,0.08740711212158203
289,20,agent_1,1,0.08739137649536133
73,17,agent_0,1,0.08737850189208984
250,11,agent_1,1,0.08728504180908203
105,16,agent_1,1,0.08721542358398438
256,16,agent_2,1,0.08720111846923828
150,4,agent_2,1,0.08705902099609375
115,13,agent_0,1,0.08705520629882812
278,6,agent_1,1,0.08687400817871094
185,21,agent_0,1,0.08682441711425781
82,21,agent_1,1,0.08677315711975098
200,21,agent_2,1,0.08655452728271484
67,22,agent_1,1,0.08634519577026367
107,18,agent_1,1,0.08618402481079102
267,8,agent_0,1,0.08569908142089844
118,7,agent_1,1,0.08565330505371094
143,5,agent_2,1,0.0856466293334961
87,9,agent_1,1,0.08541107177734375
180,10,agent_1,1,0.08535480499267578
136,5,agent_2,1,0.0850830078125
76,1,agent_1,1,0.08503150939941406
26,22,agent_2,1,0.08487582206726074
52,1,agent_2,1,0.08484268188476562
125,10,agent_0,1,0.08450603485107422
110,21,agent_2,1,0.0844268798828125
264,14,agent_2,1,0.08428096771240234
279,8,agent_0,1,0.08417224884033203
126,20,agent_1,1,0.08401870727539062
171,17,agent_1,1,0.08398914337158203
275,15,agent_2,1,0.08396148681640625
287,14,agent_0,1,0.08394241333007812
21,22,agent_1,1,0.08367204666137695
292,22,agent_0,1,0.08358621597290039
293,2,agent_0,1,0.08353805541992188
225,20,agent_1,1,0.08348846435546875
205,18,agent_0,1,0.0834665298461914
284,17,agent_2,1,0.08343029022216797
16,5,agent_1,1,0.08321380615234375
91,14,agent_2,1,0.0831756591796875
15,14,agent_2,1,0.08317279815673828
151,4,agent_2,1,0.08304023742675781
129,21,agent_0,1,0.082916259765625
169,12,agent_0,1,0.0828390121459961
207,10,agent_1,1,0.08267974853515625
181,7,agent_1,1,0.0826263427734375
140,4,agent_2,1,0.0825347900390625
297,12,agent_1,1,0.08245468139648438
90,1,agent_0,1,0.08228111267089844
168,10,agent_2,1,0.08228111267089844
16,22,agent_0,1,0.08198034763336182
28,21,agent_2,1,0.08186483383178711
167,20,agent_1,1,0.08169746398925781
79,22,agent_0,1,0.0816650390625
44,6,agent_1,1,0.0815582275390625
197,17,agent_0,1,0.081512451171875
286,6,agent_2,1,0.08142375946044922
33,13,agent_2,1,0.08116960525512695
68,21,agent_1,1,0.08116519451141357
65,16,agent_0,1,0.08110857009887695
21,0,agent_0,1,0.08097267150878906
248,13,agent_1,1,0.08095073699951172
214,4,agent_0,1,0.08090019226074219
109,19,agent_0,1,0.0808563232421875
133,7,agent_1,1,0.0807952880859375
132,21,agent_2,1,0.08044004440307617
85,17,agent_0,1,0.08029842376708984
207,16,agent_1,1,0.08005762100219727
260,21,agent_0,1,0.07987070083618164
153,16,agent_2,1,0.07967281341552734
18,22,agent_2,1,0.07962417602539062
238,11,agent_2,1,0.07949638366699219
16,16,agent_2,1,0.07946109771728516
21,21,agent_1,1,0.07941293716430664
16,18,agent_2,1,0.07937026023864746
97,14,agent_1,1,0.0792226791381836
291,10,agent_2,1,0.07904052734375
79,21,agent_1,1,0.07901525497436523
46,18,agent_1,1,0.0789957046508789
146,9,agent_1,1,0.07884025573730469
232,19,agent_2,1,0.07883262634277344
46,13,agent_0,1,0.07877635955810547
84,19,agent_0,1,0.07857513427734375
162,16,agent_1,1,0.07840585708618164
46,7,agent_2,1,0.07828140258789062
48,13,agent_0,1,0.07810306549072266
57,10,agent_2,1,0.0780792236328125
93,17,agent_0,1,0.0780792236328125
92,21,agent_1,1,0.07804059982299805
167,10,agent_1,1,0.07794189453125
191,21,agent_2,1,0.07793974876403809
95,18,agent_1,1,0.07792997360229492
95,17,agent_1,1,0.0778341293334961
120,20,agent_0,1,0.07754373550415039
208,16,agent_1,1,0.07740545272827148
213,8,agent_1,1,0.07736396789550781
34,21,agent_1,1,0.0771493911743164
278,13,agent_2,1,0.0770564079284668
76,9,agent_0,1,0.07703256607055664
152,14,agent_2,1,0.0769643783569336
263,16,agent_0,1,0.07695627212524414
93,12,agent_1,1,0.07695484161376953
251,22,agent_2,1,0.07692515850067139
69,16,agent_1,1,0.07683467864990234
136,21,agent_1,1,0.0768122673034668
205,20,agent_2,1,0.07673454284667969
44,12,agent_1,1,0.07671356201171875
297,21,agent_1,1,0.07668352127075195
66,12,agent_2,1,0.07634687423706055
205,16,agent_0,1,0.07634115219116211
81,5,agent_1,1,0.07620716094970703
256,18,agent_2,1,0.07619428634643555
87,18,agent_2,1,0.07612419128417969
261,13,agent_1,1,0.07607269287109375
277,23,agent_2,1,0.07604920864105225
39,17,agent_1,1,0.07598400115966797
227,11,agent_0,1,0.0759744644165039
199,22,agent_1,1,0.07576131820678711
170,20,agent_0,1,0.07566022872924805
102,22,agent_2,1,0.07544374465942383
260,5,agent_0,1,0.07543754577636719
262,3,agent_0,1,0.07528495788574219
182,12,agent_2,1,0.07525920867919922
93,19,agent_0,1,0.07515764236450195
270,18,agent_1,1,0.0751500129699707
233,19,agent_1,1,0.07513809204101562
268,1,agent_2,1,0.07513427734375
227,22,agent_2,1,0.0750579833984375
89,22,agent_0,1,0.07493019104003906
172,4,agent_2,1,0.07491779327392578
240,19,agent_1,1,0.07483863830566406
181,8,agent_1,1,0.07465457916259766
28,22,agent_2,1,0.07460165023803711
154,16,agent_1,1,0.07458686828613281
59,2,agent_0,1,0.07455635070800781
92,19,agent_1,1,0.07438516616821289
124,19,agent_1,1,0.0743265151977539
170,15,agent_1,1,0.07404041290283203
247,13,agent_1,1,0.07397270202636719
39,18,agent_1,1,0.07391977310180664
27,0,agent_0,1,0.07381057739257812
199,0,agent_2,1,0.07331275939941406
48,17,agent_0,1,0.07326507568359375
103,6,agent_0,1,0.07316017150878906
200,11,agent_0,1,0.07312488555908203
206,9,agent_2,1,0.07311153411865234
39,19,agent_1,1,0.0730133056640625
84,9,agent_0,1,0.07300090789794922
147,11,agent_2,1,0.0729818344116211
212,18,agent_2,1,0.07295465469360352
203,6,agent_0,1,0.07293701171875
266,6,agent_0,1,0.072509765625
109,11,agent_1,1,0.07248115539550781
98,0,agent_0,1,0.07235431671142578
185,22,agent_2,1,0.07233214378356934
33,12,agent_2,1,0.07205390930175781
55,18,agent_2,1,0.0718679428100586
235,21,agent_2,1,0.07169771194458008
55,0,agent_0,1,0.07160377502441406
299,4,agent_2,1,0.07152366638183594
254,17,agent_0,1,0.07146692276000977
160,9,agent_2,1,0.07122039794921875
16,2,agent_2,1,0.07118415832519531
214,1,agent_0,1,0.07107162475585938
104,13,agent_1,1,0.07100868225097656
126,20,agent_2,1,0.0708622932434082
196,9,agent_0,1,0.07085514068603516
163,21,agent_1,1,0.0708150863647461
212,12,agent_0,1,0.07080650329589844
152,18,agent_2,1,0.07059097290039062
266,18,agent_2,1,0.0705721378326416
99,5,agent_0,1,0.0705709457397461
243,5,agent_1,1,0.07052993774414062
147,8,agent_1,1,0.0705270767211914
39,20,agent_1,1,0.07043981552124023
185,5,agent_2,1,0.0700387954711914
174,21,agent_2,1,0.07003068923950195
258,17,agent_1,1,0.06995105743408203
77,8,agent_1,1,0.06994342803955078
95,12,agent_2,1,0.0698862075805664
294,6,agent_1,1,0.06987762451171875
54,21,agent_0,1,0.06986427307128906
233,0,agent_1,1,0.06970977783203125
272,21,agent_0,1,0.06965017318725586
189,20,agent_0,1,0.06961631774902344
239,6,agent_1,1,0.06958389282226562
29,17,agent_1,1,0.06952381134033203
172,22,agent_2,1,0.06948971748352051
240,5,agent_0,1,0.06936073303222656
122,17,agent_2,1,0.06933879852294922
159,19,agent_2,1,0.06921911239624023
16,5,agent_0,1,0.06912899017333984
228,19,agent_2,1,0.06877994537353516
182,22,agent_2,1,0.06873321533203125
117,15,agent_2,1,0.06870365142822266
77,14,agent_1,1,0.0686655044555664
237,22,agent_0,1,0.06850194931030273
127,17,agent_1,1,0.06841039657592773
27,21,agent_1,1,0.06834745407104492
46,2,agent_2,1,0.06793403625488281
38,15,agent_0,1,0.06775903701782227
235,12,agent_1,1,0.06772232055664062
69,16,agent_2,1,0.06768178939819336
143,22,agent_2,1,0.06751871109008789
175,19,agent_2,1,0.06749963760375977
192,2,agent_2,1,0.06726646423339844
56,18,agent_0,1,0.06705212593078613
258,15,agent_1,1,0.06670284271240234
187,21,agent_1,1,0.06666874885559082
292,5,agent_2,1,0.06665420532226562
268,21,agent_0,1,0.06661701202392578
205,12,agent_0,1,0.06656837463378906
134,10,agent_2,1,0.06656265258789062
131,14,agent_2,1,0.06646728515625
76,5,agent_1,1,0.06595611572265625
185,18,agent_0,1,0.06561946868896484
53,1,agent_1,1,0.06560802459716797
192,5,agent_2,1,0.0654458999633789
46,23,agent_0,1,0.0654369592666626
274,9,agent_0,1,0.06541728973388672
254,22,agent_1,1,0.06538772583007812
94,21,agent_2,1,0.06535840034484863
89,5,agent_1,1,0.06534194946289062
278,21,agent_1,1,0.0650789737701416
177,13,agent_1,1,0.0649099349975586
15,18,agent_0,1,0.0648808479309082
24,19,agent_1,1,0.0648653507232666
40,19,agent_1,1,0.06478500366210938
137,4,agent_1,1,0.06469917297363281
189,22,agent_0,1,0.06467366218566895
207,18,agent_1,1,0.06464672088623047
291,2,agent_0,1,0.064361572265625
105,19,agent_2,1,0.06405377388000488
83,22,agent_1,1,0.06404519081115723
298,22,agent_0,1,0.06357431411743164
212,20,agent_2,1,0.06342458724975586
11,20,agent_2,1,0.06339502334594727
198,17,agent_1,1,0.06334495544433594
132,9,agent_0,1,0.06327629089355469
87,20,agent_2,1,0.06282424926757812
113,19,agent_2,1,0.06281137466430664
127,6,agent_2,1,0.06277847290039062
152,20,agent_2,1,0.06272673606872559
270,20,agent_0,1,0.06270933151245117
169,3,agent_1,1,0.06265640258789062
87,22,agent_2,1,0.0624237060546875
273,6,agent_2,1,0.06236553192138672
89,13,agent_2,1,0.06234264373779297
284,6,agent_2,1,0.06210613250732422
278,13,agent_1,1,0.061969757080078125
77,22,agent_1,1,0.06184649467468262
253,4,agent_2,1,0.06179618835449219
21,14,agent_2,1,0.06176948547363281
8,12,agent_0,1,0.06168842315673828
63,22,agent_2,1,0.061572909355163574
251,14,agent_2,1,0.06154155731201172
196,23,agent_0,1,0.06137251853942871
255,15,agent_2,1,0.0612640380859375
161,2,agent_0,1,0.06117057800292969
60,23,agent_2,1,0.06083202362060547
275,9,agent_1,1,0.06080436706542969
70,18,agent_2,1,0.060758113861083984
8,20,agent_2,1,0.06074643135070801
109,20,agent_1,1,0.060649871826171875
95,21,agent_1,1,0.06047821044921875
179,19,agent_2,1,0.06019163131713867
272,21,agent_1,1,0.06015443801879883
113,22,agent_0,1,0.060131072998046875
135,22,agent_0,1,0.06007266044616699
95,13,agent_1,1,0.060031890869140625
222,2,agent_2,1,0.059967041015625
44,22,agent_2,1,0.059914350509643555
236,17,agent_2,1,0.059827327728271484
90,10,agent_1,1,0.0597686767578125
264,8,agent_0,1,0.059696197509765625
288,14,agent_2,1,0.05966377258300781
232,18,agent_2,1,0.05957794189453125
242,9,agent_1,1,0.059539794921875
142,4,agent_0,1,0.05944061279296875
103,12,agent_2,1,0.059268951416015625
162,22,agent_2,1,0.059194087982177734
41,13,agent_0,1,0.05919170379638672
292,22,agent_2,1,0.05912661552429199
192,3,agent_2,1,0.059006690979003906
75,18,agent_2,1,0.05897974967956543
274,10,agent_2,1,0.058943748474121094
11,11,agent_0,1,0.05887413024902344
248,11,agent_0,1,0.05877113342285156
30,19,agent_0,1,0.05872488021850586
205,14,agent_0,1,0.0586700439453125
65,10,agent_0,1,0.05866813659667969
243,23,agent_2,1,0.05859875679016113
256,20,agent_2,1,0.05815744400024414
178,12,agent_2,1,0.058003902435302734
261,13,agent_0,1,0.0573430061340332
52,3,agent_0,1,0.05734062194824219
204,9,agent_2,1,0.057262420654296875
170,18,agent_1,1,0.05718088150024414
294,9,agent_2,1,0.057178497314453125
37,9,agent_1,1,0.05710601806640625
71,9,agent_2,1,0.05699920654296875
279,23,agent_2,1,0.05687153339385986
104,6,agent_0,1,0.05655860900878906
101,10,agent_1,1,0.05649375915527344
144,10,agent_0,1,0.05609893798828125
199,20,agent_1,1,0.05609703063964844
253,5,agent_0,1,0.05609130859375
131,16,agent_2,1,0.05607175827026367
265,15,agent_1,1,0.05588054656982422
278,9,agent_2,1,0.05583000183105469
101,23,agent_2,1,0.0557553768157959
96,10,agent_2,1,0.05570793151855469
269,18,agent_2,1,0.055609703063964844
297,23,agent_2,1,0.05558359622955322
251,18,agent_2,1,0.055445194244384766
65,15,agent_0,1,0.05544281005859375
257,5,agent_2,1,0.05523109436035156
221,11,agent_2,1,0.05520439147949219
105,21,agent_0,1,0.05519461631774902
131,21,agent_2,1,0.05515480041503906
84,20,agent_0,1,0.05494546890258789
297,18,agent_1,1,0.05491471290588379
127,11,agent_2,1,0.05482769012451172
177,23,agent_2,1,0.05478334426879883
186,14,agent_1,1,0.054691314697265625
228,10,agent_0,1,0.05466651916503906
134,8,agent_2,1,0.05460929870605469
6,22,agent_2,1,0.05460095405578613
99,9,agent_1,1,0.05457115173339844
95,22,agent_1,1,0.0545656681060791
185,20,agent_2,1,0.05452418327331543
107,22,agent_1,1,0.05449271202087402
52,4,agent_0,1,0.05426979064941406
164,21,agent_1,1,0.05425262451171875
10,3,agent_2,1,0.05422019958496094
167,19,agent_1,1,0.05410003662109375
227,15,agent_2,1,0.054078102111816406
237,7,agent_1,1,0.05397987365722656
256,21,agent_0,1,0.05391383171081543
68,22,agent_1,1,0.05380368232727051
34,22,agent_1,1,0.05362200736999512
166,17,agent_1,1,0.053585052490234375
63,17,agent_2,1,0.0534825325012207
183,17,agent_1,1,0.053259849548339844
10,18,agent_1,1,0.05315971374511719
231,23,agent_2,1,0.05292510986328125
164,21,agent_0,1,0.05290651321411133
120,6,agent_2,1,0.05286979675292969
196,22,agent_2,1,0.05281686782836914
62,20,agent_1,1,0.05277061462402344
93,18,agent_1,1,0.052710533142089844
43,13,agent_2,1,0.052618980407714844
89,19,agent_0,1,0.052503108978271484
185,22,agent_0,1,0.05224192142486572
201,1,agent_1,1,0.052158355712890625
16,10,agent_2,1,0.0519866943359375
296,18,agent_1,1,0.05198049545288086
264,22,agent_2,1,0.05187630653381348
254,16,agent_2,1,0.051802635192871094
194,22,agent_2,1,0.0517277717590332
234,22,agent_1,1,0.05159616470336914
279,8,agent_1,1,0.05151557922363281
205,22,agent_2,1,0.05147671699523926
199,14,agent_2,1,0.05147266387939453
48,14,agent_0,1,0.05143928527832031
203,22,agent_2,1,0.05143260955810547
105,15,agent_1,1,0.05106544494628906
170,6,agent_2,1,0.05081367492675781
229,7,agent_2,1,0.050780296325683594
99,20,agent_1,1,0.05057096481323242
232,8,agent_1,1,0.0505523681640625
121,23,agent_0,1,0.04998302459716797
29,23,agent_1,1,0.04997992515563965
174,22,agent_0,1,0.04997742176055908
135,18,agent_0,1,0.04976320266723633
268,23,agent_2,1,0.049703001976013184
149,13,agent_2,1,0.049698829650878906
236,14,agent_0,1,0.04967784881591797
161,22,agent_2,1,0.04966926574707031
89,22,agent_2,1,0.04942035675048828
9,7,agent_2,1,0.04936981201171875
276,23,agent_2,1,0.04905045032501221
291,22,agent_0,1,0.04904830455780029
92,22,agent_1,1,0.048970699310302734
90,8,agent_1,1,0.04864311218261719
28,8,agent_1,1,0.048618316650390625
152,22,agent_2,1,0.048573851585388184
283,22,agent_1,1,0.04849743843078613
16,17,agent_1,1,0.048494815826416016
210,16,agent_2,1,0.04832935333251953
246,23,agent_1,1,0.04827910661697388
188,22,agent_2,1,0.0482783317565918
26,20,agent_2,1,0.04826235771179199
219,22,agent_2,1,0.04820394515991211
56,21,agent_2,1,0.04802060127258301
264,23,agent_1,1,0.04790687561035156
69,2,agent_0,1,0.047817230224609375
16,18,agent_0,1,0.0478057861328125
202,23,agent_0,1,0.04773974418640137
34,20,agent_0,1,0.04758405685424805
82,0,agent_2,1,0.04749870300292969
102,3,agent_0,1,0.047454833984375
80,4,agent_2,1,0.04733467102050781
157,21,agent_2,1,0.0471348762512207
56,22,agent_0,1,0.04710233211517334
205,22,agent_0,1,0.04703474044799805
157,12,agent_1,1,0.047028541564941406
53,15,agent_0,1,0.04694175720214844
299,21,agent_0,1,0.0467076301574707
283,23,agent_2,1,0.046573519706726074
241,9,agent_0,1,0.046512603759765625
44,21,agent_2,1,0.04649162292480469
290,22,agent_1,1,0.04598498344421387
163,23,agent_1,1,0.045929670333862305
173,15,agent_2,1,0.04583311080932617
133,1,agent_1,1,0.045772552490234375
163,11,agent_1,1,0.045769691467285156
77,9,agent_1,1,0.04562187194824219
230,20,agent_1,1,0.04538297653198242
133,3,agent_1,1,0.045360565185546875
180,15,agent_0,1,0.04531383514404297
3,20,agent_2,1,0.045226097106933594
257,13,agent_2,1,0.04519081115722656
37,22,agent_0,1,0.0451427698135376
239,22,agent_0,1,0.045117855072021484
263,18,agent_0,1,0.045114994049072266
248,14,agent_1,1,0.045014381408691406
93,22,agent_2,1,0.044979095458984375
253,17,agent_2,1,0.04481792449951172
43,15,agent_2,1,0.04480552673339844
239,15,agent_2,1,0.04458761215209961
108,12,agent_1,1,0.044512271881103516
277,17,agent_1,1,0.044411659240722656
41,0,agent_2,1,0.04418373107910156
3,22,agent_1,1,0.044078826904296875
260,6,agent_0,1,0.04402923583984375
11,9,agent_1,1,0.043865203857421875
212,18,agent_1,1,0.04375648498535156
166,7,agent_1,1,0.04371929168701172
143,11,agent_1,1,0.043692588806152344
106,14,agent_1,1,0.043564796447753906
77,18,agent_0,1,0.04339408874511719
240,22,agent_0,1,0.043286800384521484
159,13,agent_0,1,0.04320049285888672
114,23,agent_0,1,0.043179214000701904
294,1,agent_0,1,0.04312705993652344
235,22,agent_2,1,0.04311323165893555
136,23,agent_1,1,0.043055057525634766
103,18,agent_0,1,0.04293489456176758
240,15,agent_1,1,0.04273223876953125
48,11,agent_1,1,0.04272937774658203
200,22,agent_2,1,0.04272055625915527
22,23,agent_1,1,0.042612552642822266
98,17,agent_1,1,0.04250359535217285
171,16,agent_1,1,0.04248523712158203
235,20,agent_0,1,0.042428016662597656
215,22,agent_2,1,0.04240918159484863
296,16,agent_1,1,0.04224395751953125
198,8,agent_0,1,0.042102813720703125
142,8,agent_2,1,0.042069435119628906
82,17,agent_2,1,0.041970252990722656
146,14,agent_2,1,0.041876792907714844
274,3,agent_0,1,0.041835784912109375
36,11,agent_1,1,0.04161548614501953
160,18,agent_1,1,0.04158592224121094
139,13,agent_2,1,0.0415496826171875
203,20,agent_2,1,0.04136800765991211
2,10,agent_2,1,0.04126930236816406
164,23,agent_1,1,0.04116332530975342
77,20,agent_2,1,0.040986061096191406
34,23,agent_1,1,0.04080343246459961
183,22,agent_2,1,0.0406641960144043
202,21,agent_0,1,0.040439605712890625
198,22,agent_0,1,0.040401458740234375
41,20,agent_0,1,0.04035663604736328
163,10,agent_1,1,0.04009246826171875
143,9,agent_2,1,0.03986310958862305
34,13,agent_1,1,0.039855003356933594
288,1,agent_2,1,0.039703369140625
246,15,agent_1,1,0.03967714309692383
257,19,agent_1,1,0.039673805236816406
93,12,agent_2,1,0.03943157196044922
132,11,agent_0,1,0.03942108154296875
185,19,agent_0,1,0.03929543495178223
59,17,agent_0,1,0.039231300354003906
130,5,agent_0,1,0.03907203674316406
273,12,agent_2,1,0.03905487060546875
48,8,agent_2,1,0.03891944885253906
31,8,agent_0,1,0.03883647918701172
126,22,agent_1,1,0.038202762603759766
90,11,agent_0,1,0.03817462921142578
190,20,agent_1,1,0.037970542907714844
256,21,agent_2,1,0.037970542907714844
115,23,agent_1,1,0.03788471221923828
52,8,agent_1,1,0.037883758544921875
25,16,agent_1,1,0.037853240966796875
27,6,agent_1,1,0.037815093994140625
206,21,agent_1,1,0.037774085998535156
294,22,agent_2,1,0.03771078586578369
238,13,agent_2,1,0.03768634796142578
285,22,agent_2,1,0.03757953643798828
200,18,agent_2,1,0.03753852844238281
226,15,agent_0,1,0.037418365478515625
3,22,agent_2,1,0.037412166595458984
64,16,agent_1,1,0.03740215301513672
31,8,agent_1,1,0.03725433349609375
116,7,agent_2,1,0.03721046447753906
63,16,agent_2,1,0.03717994689941406
239,21,agent_1,1,0.03712964057922363
157,23,agent_2,1,0.03703880310058594
232,20,agent_1,1,0.03702831268310547
43,18,agent_1,1,0.03695344924926758
284,2,agent_0,1,0.036846160888671875
284,22,agent_2,1,0.036811113357543945
207,11,agent_1,1,0.03679370880126953
190,20,agent_2,1,0.03677034378051758
287,3,agent_2,1,0.036590576171875
90,23,agent_2,1,0.036270856857299805
202,22,agent_0,1,0.036254167556762695
95,20,agent_2,1,0.03618168830871582
253,19,agent_1,1,0.035948753356933594
266,1,agent_0,1,0.03592681884765625
124,23,agent_2,1,0.035875558853149414
114,20,agent_0,1,0.035756587982177734
74,19,agent_1,1,0.03571319580078125
235,14,agent_1,1,0.03561592102050781
219,16,agent_2,1,0.03560924530029297
247,23,agent_1,1,0.035564422607421875
162,22,agent_1,1,0.03555917739868164
90,11,agent_2,1,0.03548240661621094
24,7,agent_1,1,0.03537273406982422
113,7,agent_2,1,0.03534889221191406
244,5,agent_0,1,0.03528594970703125
21,23,agent_1,1,0.0352170467376709
56,23,agent_2,1,0.035120248794555664
150,13,agent_1,1,0.035111427307128906
101,21,agent_1,1,0.03504133224487305
133,10,agent_0,1,0.034915924072265625
211,19,agent_1,1,0.03488636016845703
108,17,agent_1,1,0.03485918045043945
229,11,agent_2,1,0.03485584259033203
293,23,agent_0,1,0.03480958938598633
287,8,agent_2,1,0.034572601318359375
96,23,agent_1,1,0.034546852111816406
13,11,agent_2,1,0.034422874450683594
209,11,agent_2,1,0.034313201904296875
163,22,agent_1,1,0.03430366516113281
242,8,agent_1,1,0.03414726257324219
29,23,agent_0,1,0.034081339836120605
161,23,agent_2,1,0.034060120582580566
164,23,agent_0,1,0.03383207321166992
226,18,agent_1,1,0.03369855880737305
4,23,agent_1,1,0.03354579210281372
106,17,agent_1,1,0.0333251953125
297,2,agent_0,1,0.03322601318359375
289,9,agent_1,1,0.032919883728027344
62,15,agent_1,1,0.0328826904296875
93,13,agent_0,1,0.03284931182861328
146,17,agent_2,1,0.032825469970703125
294,15,agent_1,1,0.03271293640136719
127,21,agent_2,1,0.03267669677734375
130,21,agent_2,1,0.032576799392700195
144,7,agent_0,1,0.03254127502441406
54,22,agent_0,1,0.03249526023864746
224,12,agent_2,1,0.03247261047363281
67,23,agent_1,1,0.03240966796875
156,23,agent_0,1,0.03237426280975342
116,2,agent_0,1,0.032364845275878906
199,23,agent_1,1,0.03213763236999512
267,22,agent_0,1,0.03209555149078369
205,23,agent_2,1,0.03208887577056885
275,19,agent_2,1,0.032067298889160156
15,20,agent_2,1,0.03205537796020508
105,20,agent_0,1,0.03202223777770996
139,12,agent_2,1,0.03198051452636719
30,22,agent_2,1,0.03193211555480957
139,5,agent_1,1,0.03148651123046875
24,15,agent_1,1,0.031416893005371094
30,17,agent_0,1,0.03132152557373047
73,21,agent_0,1,0.03114604949951172
175,23,agent_2,1,0.031040191650390625
159,23,agent_0,1,0.030907750129699707
91,23,agent_0,1,0.030759453773498535
79,23,agent_0,1,0.030665159225463867
266,15,agent_0,1,0.030527114868164062
150,6,agent_2,1,0.03050518035888672
138,9,agent_1,1,0.03046417236328125
12,2,agent_1,1,0.029973983764648438
110,15,agent_1,1,0.02971649169921875
227,21,agent_2,1,0.029581308364868164
40,21,agent_1,1,0.02951669692993164
121,7,agent_0,1,0.029409408569335938
114,18,agent_2,1,0.02934885025024414
181,1,agent_1,1,0.029300689697265625
275,22,agent_2,1,0.02922344207763672
108,16,agent_1,1,0.029201984405517578
62,15,agent_2,1,0.029012680053710938
150,20,agent_0,1,0.028742074966430664
257,14,agent_2,1,0.02866840362548828
132,7,agent_0,1,0.028635025024414062
59,23,agent_0,1,0.028623461723327637
239,6,agent_0,1,0.028598785400390625
13,23,agent_2,1,0.028597354888916016
147,10,agent_1,1,0.02856159210205078
87,15,agent_2,1,0.028530120849609375
41,18,agent_0,1,0.028453350067138672
259,21,agent_1,1,0.02844381332397461
128,23,agent_0,1,0.028341710567474365
110,23,agent_2,1,0.028205156326293945
240,20,agent_2,1,0.028151988983154297
253,7,agent_2,1,0.028107643127441406
35,10,agent_0,1,0.028102874755859375
227,21,agent_0,1,0.028058290481567383
116,23,agent_2,1,0.02802354097366333
88,12,agent_1,1,0.02800750732421875
139,9,agent_2,1,0.027894973754882812
26,18,agent_2,1,0.02779865264892578
266,15,agent_1,1,0.02776956558227539
199,23,agent_2,1,0.027690649032592773
93,18,agent_2,1,0.02767658233642578
237,23,agent_2,1,0.027550578117370605
243,11,agent_1,1,0.027524948120117188
135,23,agent_0,1,0.027450919151306152
10,17,agent_2,1,0.027368545532226562
287,21,agent_2,1,0.027286291122436523
166,22,agent_2,1,0.027249813079833984
164,13,agent_2,1,0.02710723876953125
4,21,agent_1,1,0.027017951011657715
226,23,agent_2,1,0.026898741722106934
3,21,agent_1,1,0.026888370513916016
246,21,agent_1,1,0.026813626289367676
36,17,agent_2,1,0.02659749984741211
231,0,agent_2,1,0.026483535766601562
229,21,agent_2,1,0.026477336883544922
127,23,agent_2,1,0.02640390396118164
219,2,agent_2,1,0.026401519775390625
206,13,agent_0,1,0.02628803253173828
78,5,agent_2,1,0.026142120361328125
243,23,agent_1,1,0.02599334716796875
31,9,agent_0,1,0.025925636291503906
31,15,agent_0,1,0.025887012481689453
257,8,agent_2,1,0.02576446533203125
220,22,agent_2,1,0.0257490873336792
241,15,agent_0,1,0.02568960189819336
10,20,agent_1,1,0.025620460510253906
296,12,agent_1,1,0.025617599487304688
233,6,agent_2,1,0.02558422088623047
70,18,agent_0,1,0.025575637817382812
284,8,agent_2,1,0.025343894958496094
80,23,agent_0,1,0.025295615196228027
84,20,agent_2,1,0.025292634963989258
63,23,agent_2,1,0.025285959243774414
298,21,agent_0,1,0.025162458419799805
188,23,agent_2,1,0.025100111961364746
147,6,agent_2,1,0.025058746337890625
285,20,agent_1,1,0.025037765502929688
11,23,agent_1,1,0.024846196174621582
122,23,agent_2,1,0.024628162384033203
73,23,agent_1,1,0.024564504623413086
131,23,agent_2,1,0.024509072303771973
37,23,agent_0,1,0.024500250816345215
3,23,agent_1,1,0.024493694305419922
22,22,agent_2,1,0.024402856826782227
105,21,agent_2,1,0.024359941482543945
289,12,agent_1,1,0.02433156967163086
147,11,agent_1,1,0.02432537078857422
215,23,agent_2,1,0.024246811866760254
213,3,agent_2,1,0.02423095703125
269,15,agent_1,1,0.024219036102294922
111,11,agent_1,1,0.024169921875
239,2,agent_1,1,0.024139404296875
239,10,agent_0,1,0.02410602569580078
189,23,agent_0,1,0.024063944816589355
192,10,agent_0,1,0.023907184600830078
256,22,agent_0,1,0.023834943771362305
139,11,agent_1,1,0.023784637451171875
215,4,agent_0,1,0.023775100708007812
134,22,agent_0,1,0.023760080337524414
254,23,agent_1,1,0.023711085319519043
83,23,agent_1,1,0.023541688919067383
34,16,agent_0,1,0.023476600646972656
29,14,agent_0,1,0.02345752716064453
191,23,agent_0,1,0.023442864418029785
43,9,agent_1,1,0.023345947265625
250,12,agent_1,1,0.02324390411376953
267,1,agent_2,1,0.0231475830078125
82,3,agent_1,1,0.023120880126953125
259,22,agent_1,1,0.023114442825317383
296,14,agent_1,1,0.022947311401367188
34,22,agent_0,1,0.02276897430419922
48,23,agent_0,1,0.02252197265625
93,21,agent_1,1,0.022511959075927734
218,20,agent_1,1,0.022503376007080078
169,17,agent_2,1,0.022444725036621094
26,20,agent_0,1,0.022401094436645508
64,18,agent_1,1,0.022378921508789062
127,19,agent_2,1,0.022372722625732422
11,1,agent_2,1,0.022329330444335938
44,23,agent_2,1,0.02232646942138672
234,23,agent_2,1,0.022307395935058594
259,18,agent_2,1,0.022185802459716797
125,13,agent_2,1,0.022185325622558594
8,16,agent_0,1,0.022158384323120117
225,22,agent_1,1,0.02208423614501953
148,23,agent_0,1,0.02172398567199707
68,23,agent_1,1,0.021386921405792236
67,23,agent_2,1,0.021363496780395508
287,20,agent_2,1,0.020989179611206055
227,23,agent_2,1,0.020986437797546387
70,16,agent_2,1,0.020986080169677734
115,17,agent_2,1,0.020954608917236328
260,22,agent_0,1,0.020890116691589355
294,8,agent_0,1,0.020860671997070312
280,23,agent_0,1,0.020815134048461914
122,22,agent_2,1,0.02079033851623535
69,9,agent_1,1,0.02075481414794922
139,10,agent_1,1,0.020715713500976562
157,6,agent_1,1,0.020700454711914062
275,17,agent_2,1,0.02069377899169922
139,5,agent_2,1,0.020612716674804688
40,2,agent_0,1,0.020595550537109375
116,23,agent_1,1,0.02043849229812622
89,23,agent_2,1,0.020433425903320312
271,19,agent_0,1,0.020382404327392578
95,23,agent_1,1,0.02030658721923828
142,23,agent_0,1,0.02027606964111328
196,1,agent_2,1,0.02012920379638672
104,14,agent_1,1,0.02004241943359375
46,2,agent_0,1,0.019916534423828125
120,23,agent_2,1,0.019907236099243164
30,21,agent_0,1,0.0198209285736084
205,23,agent_0,1,0.019755840301513672
239,16,agent_0,1,0.01967477798461914
221,16,agent_2,1,0.019611358642578125
274,12,agent_2,1,0.019580841064453125
70,23,agent_2,1,0.01956939697265625
269,23,agent_1,1,0.01955854892730713
61,15,agent_1,1,0.019430160522460938
92,23,agent_1,1,0.019357800483703613
114,20,agent_2,1,0.01927947998046875
171,18,agent_1,1,0.019074440002441406
148,22,agent_0,1,0.019068241119384766
268,23,agent_0,1,0.01906299591064453
29,22,agent_0,1,0.01898956298828125
65,21,agent_2,1,0.01898050308227539
173,20,agent_1,1,0.018931865692138672
211,23,agent_0,1,0.0188138484954834
106,15,agent_1,1,0.018749237060546875
101,17,agent_2,1,0.018735408782958984
197,8,agent_2,1,0.01869964599609375
127,19,agent_1,1,0.01860952377319336
219,3,agent_0,1,0.018606185913085938
88,10,agent_1,1,0.018571853637695312
122,22,agent_1,1,0.01853489875793457
255,23,agent_0,1,0.018528461456298828
4,6,agent_2,1,0.018522262573242188
27,8,agent_1,1,0.01824188232421875
70,22,agent_2,1,0.018241167068481445
155,7,agent_2,1,0.0181732177734375
253,22,agent_0,1,0.018161773681640625
286,22,agent_2,1,0.018154621124267578
287,23,agent_2,1,0.01808476448059082
35,23,agent_2,1,0.01804220676422119
254,21,agent_2,1,0.0180051326751709
261,1,agent_0,1,0.017810821533203125
155,19,agent_0,1,0.017741680145263672
16,16,agent_0,1,0.01757526397705078
45,16,agent_0,1,0.017525672912597656
297,23,agent_1,1,0.017497539520263672
59,23,agent_1,1,0.017493724822998047
167,2,agent_0,1,0.017303466796875
131,8,agent_1,1,0.01725006103515625
207,21,agent_2,1,0.017157793045043945
270,21,agent_0,1,0.01710367202758789
251,15,agent_0,1,0.017080307006835938
205,21,agent_0,1,0.01676201820373535
227,23,agent_1,1,0.016715288162231445
32,3,agent_2,1,0.016633987426757812
170,21,agent_2,1,0.016510486602783203
185,23,agent_0,1,0.01646864414215088
245,11,agent_2,1,0.016429901123046875
239,9,agent_0,1,0.016424179077148438
217,14,agent_0,1,0.016368865966796875
272,23,agent_0,1,0.01633763313293457
291,23,agent_0,1,0.016287147998809814
281,17,agent_2,1,0.01619100570678711
48,23,agent_2,1,0.01616811752319336
148,21,agent_1,1,0.016147136688232422
240,23,agent_0,1,0.015914201736450195
1,23,agent_2,1,0.0158383846282959
282,9,agent_2,1,0.015832901000976562
207,17,agent_2,1,0.015775203704833984
269,8,agent_1,1,0.015709877014160156
42,10,agent_2,1,0.015582084655761719
298,18,agent_0,1,0.015569686889648438
81,15,agent_0,1,0.01556396484375
139,11,agent_2,1,0.015554428100585938
227,23,agent_0,1,0.01553046703338623
267,3,agent_0,1,0.01548004150390625
35,7,agent_0,1,0.015458106994628906
73,23,agent_0,1,0.01535654067993164
198,23,agent_0,1,0.01529550552368164
178,22,agent_1,1,0.015261650085449219
216,17,agent_1,1,0.015208244323730469
115,16,agent_2,1,0.01503753662109375
185,15,agent_1,1,0.015003204345703125
3,23,agent_2,1,0.014912605285644531
88,23,agent_2,1,0.014854669570922852
113,18,agent_2,1,0.014787673950195312
200,8,agent_0,1,0.014688491821289062
170,17,agent_2,1,0.014616012573242188
187,1,agent_2,1,0.01458740234375
195,12,agent_0,1,0.014554977416992188
256,20,agent_0,1,0.014505386352539062
80,9,agent_1,1,0.014339447021484375
133,23,agent_1,1,0.01433253288269043
75,23,agent_2,1,0.01432657241821289
132,23,agent_2,1,0.014285922050476074
239,23,agent_1,1,0.014106154441833496
221,11,agent_1,1,0.014085769653320312
113,10,agent_2,1,0.014058113098144531
0,21,agent_1,1,0.01380014419555664
287,22,agent_2,1,0.013753652572631836
227,21,agent_1,1,0.013681411743164062
93,15,agent_2,1,0.013646125793457031
244,23,agent_2,1,0.013569116592407227
41,22,agent_0,1,0.01346898078918457
55,22,agent_2,1,0.013374805450439453
207,20,agent_2,1,0.013162612915039062
105,23,agent_0,1,0.013141751289367676
237,13,agent_2,1,0.013136863708496094
27,2,agent_0,1,0.0131072998046875
181,10,agent_1,1,0.013042449951171875
201,1,agent_2,1,0.012639999389648438
284,23,agent_2,1,0.012629985809326172
134,23,agent_0,1,0.012620389461517334
260,14,agent_2,1,0.012617111206054688
156,3,agent_1,1,0.01261138916015625
133,19,agent_1,1,0.012590408325195312
78,10,agent_1,1,0.012485504150390625
283,21,agent_1,1,0.012371301651000977
53,14,agent_0,1,0.012172698974609375
207,23,agent_1,1,0.01199960708618164
287,9,agent_2,1,0.011989593505859375
33,14,agent_2,1,0.01195383071899414
80,23,agent_2,1,0.01193547248840332
107,15,agent_0,1,0.011862754821777344
178,23,agent_1,1,0.011751294136047363
82,20,agent_1,1,0.011641263961791992
207,23,agent_2,1,0.011625885963439941
127,6,agent_1,1,0.011599540710449219
16,22,agent_2,1,0.01157081127166748
219,23,agent_1,1,0.01143026351928711
153,21,agent_2,1,0.011355996131896973
213,5,agent_1,1,0.011346817016601562
146,22,agent_1,1,0.011307239532470703
155,20,agent_0,1,0.011272430419921875
283,19,agent_0,1,0.011241674423217773
207,16,agent_2,1,0.011226177215576172
225,23,agent_0,1,0.011200308799743652
263,9,agent_1,1,0.0111236572265625
212,17,agent_2,1,0.010934829711914062
294,8,agent_1,1,0.010866165161132812
160,23,agent_2,1,0.010805606842041016
159,11,agent_2,1,0.010711669921875
139,10,agent_2,1,0.01067352294921875
259,23,agent_1,1,0.010657787322998047
297,18,agent_0,1,0.01056814193725586
65,23,agent_0,1,0.010492086410522461
259,20,agent_2,1,0.010314464569091797
212,19,agent_1,1,0.010184288024902344
38,5,agent_2,1,0.010144233703613281
186,2,agent_0,1,0.0100860595703125
207,19,agent_2,1,0.009901285171508789
174,5,agent_0,1,0.00988006591796875
294,7,agent_1,1,0.00983428955078125
284,12,agent_2,1,0.009746551513671875
207,18,agent_2,1,0.009707450866699219
40,9,agent_2,1,0.009695053100585938
76,13,agent_0,1,0.009595870971679688
211,11,agent_1,1,0.009459495544433594
106,15,agent_2,1,0.009443283081054688
138,15,agent_1,1,0.009406089782714844
167,16,agent_1,1,0.009354114532470703
188,15,agent_2,1,0.009223461151123047
82,22,agent_0,1,0.009204983711242676
142,21,agent_0,1,0.009185552597045898
198,7,agent_2,1,0.009136199951171875
122,23,agent_1,1,0.008965134620666504
29,20,agent_0,1,0.008949518203735352
66,23,agent_2,1,0.008946716785430908
174,4,agent_0,1,0.008852005004882812
1,16,agent_1,1,0.008845806121826172
207,22,agent_2,1,0.008840322494506836
288,18,agent_0,1,0.008834362030029297
21,21,agent_2,1,0.008589744567871094
45,18,agent_1,1,0.008468151092529297
245,23,agent_0,1,0.008425116539001465
122,1,agent_2,1,0.008386611938476562
251,15,agent_2,1,0.008169174194335938
212,22,agent_0,1,0.008063554763793945
266,16,agent_0,1,0.007952213287353516
113,12,agent_2,1,0.0078887939453125
43,10,agent_1,1,0.007868766784667969
275,2,agent_2,1,0.007860183715820312
283,10,agent_0,1,0.007842063903808594
30,23,agent_0,1,0.007836341857910156
100,23,agent_2,1,0.00780797004699707
215,20,agent_2,1,0.007717132568359375
212,20,agent_1,1,0.007712841033935547
150,19,agent_2,1,0.007643461227416992
277,18,agent_1,1,0.007616519927978516
42,15,agent_1,1,0.00745391845703125
82,23,agent_0,1,0.007428288459777832
24,22,agent_2,1,0.007359981536865234
179,1,agent_2,1,0.007320404052734375
281,19,agent_2,1,0.007282733917236328
41,23,agent_0,1,0.007245540618896484
110,16,agent_1,1,0.006923675537109375
170,23,agent_2,1,0.0068857669830322266
10,22,agent_0,1,0.006858229637145996
253,21,agent_0,1,0.006852149963378906
237,23,agent_0,1,0.0067549943923950195
234,3,agent_2,1,0.0067501068115234375
131,12,agent_1,1,0.006747245788574219
203,23,agent_0,1,0.006741523742675781
143,17,agent_1,1,0.006726264953613281
87,20,agent_1,1,0.00670623779296875
212,3,agent_1,1,0.0065097808837890625
16,23,agent_2,1,0.006493091583251953
121,22,agent_2,1,0.006439208984375
63,21,agent_1,1,0.006258964538574219
120,23,agent_0,1,0.006231784820556641
112,13,agent_0,1,0.006229400634765625
78,23,agent_2,1,0.006170451641082764
38,22,agent_2,1,0.0060307979583740234
78,11,agent_1,1,0.00595855712890625
212,23,agent_0,1,0.005946159362792969
54,23,agent_0,1,0.005850791931152344
76,7,agent_0,1,0.005850791931152344
168,6,agent_1,1,0.0057849884033203125
266,0,agent_2,1,0.005755424499511719
172,11,agent_0,1,0.005752086639404297
40,23,agent_1,1,0.005694389343261719
113,11,agent_2,1,0.005588531494140625
100,7,agent_2,1,0.0054988861083984375
94,2,agent_1,1,0.005466461181640625
26,4,agent_0,1,0.005306243896484375
144,11,agent_0,1,0.005208015441894531
261,23,agent_2,1,0.005174160003662109
239,21,agent_0,1,0.005148410797119141
283,10,agent_1,1,0.005030632019042969
259,16,agent_0,1,0.0049915313720703125
105,18,agent_1,1,0.004977703094482422
42,12,agent_1,1,0.004970550537109375
30,22,agent_1,1,0.004923105239868164
143,15,agent_1,1,0.004696846008300781
24,8,agent_1,1,0.004604339599609375
193,17,agent_1,1,0.004431724548339844
138,13,agent_1,1,0.004334449768066406
15,20,agent_0,1,0.004233837127685547
71,23,agent_0,1,0.004122257232666016
30,23,agent_1,1,0.004119396209716797
256,11,agent_2,1,0.0040988922119140625
145,15,agent_2,1,0.003982067108154297
233,2,agent_0,1,0.00397491455078125
71,22,agent_2,1,0.00395357608795166
181,5,agent_1,1,0.0038938522338867188
22,20,agent_2,1,0.003866434097290039
21,17,agent_2,1,0.0038433074951171875
15,22,agent_0,1,0.003599405288696289
200,23,agent_2,1,0.0035947561264038086
260,23,agent_1,1,0.0035325288772583008
174,9,agent_1,1,0.0034427642822265625
270,1,agent_2,1,0.0033893585205078125
160,16,agent_2,1,0.0033769607543945312
254,23,agent_0,1,0.003290891647338867
34,12,agent_2,1,0.0032777786254882812
275,6,agent_0,1,0.0031328201293945312
82,19,agent_2,1,0.0031108856201171875
294,7,agent_0,1,0.00308990478515625
259,22,agent_2,1,0.0030570030212402344
240,21,agent_1,1,0.0029866695404052734
203,22,agent_0,1,0.0026438236236572266
138,11,agent_1,1,0.002628326416015625
88,2,agent_1,1,0.0024700164794921875
286,23,agent_1,1,0.0023212432861328125
283,21,agent_2,1,0.002226591110229492
70,17,agent_2,1,0.0017952919006347656
144,21,agent_1,1,0.0017192363739013672
66,22,agent_0,1,0.0016410350799560547
63,17,agent_1,1,0.0015587806701660156
10,20,agent_0,1,0.0015408992767333984
271,15,agent_2,1,0.0015187263488769531
291,2,agent_2,1,0.0015087127685546875
252,21,agent_0,1,0.0014805793762207031
212,21,agent_0,1,0.0014786720275878906
19,8,agent_2,1,0.00140380859375
210,23,agent_2,1,0.0013915300369262695
77,23,agent_1,1,0.0013780593872070312
160,21,agent_2,1,0.0013651847839355469
148,4,agent_2,1,0.0012569427490234375
201,19,agent_1,1,0.0012040138244628906
260,22,agent_1,1,0.0011510848999023438
52,3,agent_1,1,0.00106048583984375
63,21,agent_2,1,0.0009064674377441406
287,16,agent_2,1,0.0008959770202636719
150,22,agent_0,1,0.0008789300918579102
173,1,agent_2,1,0.0008544921875
208,8,agent_1,1,0.0008211135864257812
217,17,agent_0,1,0.0007352828979492188
18,14,agent_0,1,0.0006961822509765625
213,7,agent_2,1,0.0006351470947265625
243,22,agent_1,1,0.0005321502685546875
27,9,agent_1,1,0.000354766845703125
32,20,agent_1,1,0.0002846717834472656
170,16,agent_0,1,0.0001506805419921875
219,10,agent_2,0,0.0
219,11,agent_1,1,0.0
219,12,agent_0,0,0.0
219,12,agent_1,1,0.0
219,13,agent_0,1,0.0
219,13,agent_1,1,0.0
219,13,agent_2,1,0.0
219,6,agent_1,0,0.0
219,6,agent_2,1,0.0
219,10,agent_1,1,0.0
218,18,agent_1,1,0.0
218,18,agent_2,0,0.0
218,19,agent_0,1,0.0
218,19,agent_1,1,0.0
218,19,agent_2,1,0.0
218,20,agent_0,1,0.0
218,14,agent_2,0,0.0
218,15,agent_0,1,0.0
218,15,agent_1,1,0.0
218,15,agent_2,1,0.0
219,7,agent_0,1,0.0
218,16,agent_1,1,0.0
218,16,agent_2,1,0.0
218,17,agent_1,1,0.0
20,22,agent_0,1,0.0
20,22,agent_1,1,0.0
218,11,agent_1,1,0.0
218,11,agent_2,1,0.0
218,12,agent_2,0,0.0
218,13,agent_1,1,0.0
218,13,agent_2,1,0.0
218,14,agent_1,1,0.0
218,16,agent_0,1,0.0
219,17,agent_0,1,0.0
219,16,agent_1,1,0.0
219,16,agent_0,0,0.0
219,15,agent_1,1,0.0
219,14,agent_1,1,0.0
219,14,agent_0,1,0.0
20,5,agent_0,1,0.0
218,18,agent_0,1,0.0
20,4,agent_1,1,0.0
20,4,agent_0,1,0.0
20,3,agent_1,1,0.0
20,3,agent_0,1,0.0
20,2,agent_2,1,0.0
20,2,agent_0,1,0.0
20,8,agent_0,1,0.0
20,7,agent_2,1,0.0
20,4,agent_2,1,0.0
220,2,agent_1,1,0.0
220,1,agent_2,0,0.0
220,1,agent_1,0,0.0
220,1,agent_0,1,0.0
220,0,agent_2,0,0.0
220,0,agent_1,0,0.0
220,0,agent_0,1,0.0
219,17,agent_2,1,0.0
220,5,agent_2,1,0.0
220,5,agent_1,1,0.0
220,5,agent_0,1,0.0
220,4,agent_1,1,0.0
220,3,agent_2,0,0.0
220,3,agent_1,1,0.0
220,3,agent_0,1,0.0
20,1,agent_1,1,0.0
220,6,agent_0,1,0.0
218,24,agent_0,1,0.0
218,23,agent_2,1,0.0
218,23,agent_1,1,0.0
219,6,agent_0,1,0.0
219,5,agent_2,1,0.0
219,5,agent_1,1,0.0
219,5,agent_0,1,0.0
20,7,agent_0,1,0.0
219,4,agent_1,1,0.0
219,4,agent_0,1,0.0
219,3,agent_2,0,0.0
219,10,agent_0,1,0.0
219,9,agent_2,0,0.0
219,8,agent_2,0,0.0
219,8,agent_1,1,0.0
219,7,agent_1,1,0.0
219,4,agent_2,0,0.0
20,6,agent_2,1,0.0
20,6,agent_1,1,0.0
20,6,agent_0,1,0.0
20,5,agent_2,1,0.0
20,5,agent_1,1,0.0
20,11,agent_0,1,0.0
20,10,agent_2,1,0.0
20,10,agent_1,1,0.0
218,24,agent_1,1,0.0
20,9,agent_2,1,0.0
20,9,agent_0,1,0.0
20,8,agent_2,1,0.0
20,8,agent_1,1,0.0
219,3,agent_1,1,0.0
219,1,agent_1,0,0.0
219,0,agent_1,0,0.0
218,24,agent_2,1,0.0
20,10,agent_0,1,0.0
217,12,agent_0,1,0.0
217,11,agent_1,1,0.0
217,18,agent_0,0,0.0
217,17,agent_2,0,0.0
217,17,agent_1,1,0.0
217,16,agent_2,0,0.0
217,16,agent_1,1,0.0
220,2,agent_2,0,0.0
217,15,agent_1,1,0.0
217,21,agent_0,0,0.0
217,20,agent_2,1,0.0
217,20,agent_1,1,0.0
217,20,agent_0,0,0.0
217,19,agent_2,0,0.0
217,19,agent_1,1,0.0
217,19,agent_0,1,0.0
217,15,agent_2,1,0.0
218,6,agent_1,0,0.0
218,5,agent_2,1,0.0
218,5,agent_1,0,0.0
217,10,agent_2,0,0.0
217,10,agent_0,1,0.0
217,9,agent_2,0,0.0
217,9,agent_1,1,0.0
217,12,agent_2,0,0.0
217,8,agent_2,1,0.0
217,8,agent_1,1,0.0
217,8,agent_0,1,0.0
217,14,agent_2,1,0.0
217,14,agent_1,0,0.0
217,13,agent_2,0,0.0
217,13,agent_1,1,0.0
217,13,agent_0,1,0.0
217,9,agent_0,1,0.0
217,4,agent_0,0,0.0
217,3,agent_2,0,0.0
217,3,agent_1,0,0.0
217,3,agent_0,0,0.0
217,2,agent_2,0,0.0
217,2,agent_1,0,0.0
217,7,agent_2,0,0.0
217,18,agent_2,1,0.0
217,7,agent_0,0,0.0
217,6,agent_2,0,0.0
217,6,agent_0,1,0.0
217,5,agent_2,0,0.0
217,5,agent_1,0,0.0
217,5,agent_0,0,0.0
216,11,agent_0,1,0.0
216,10,agent_2,1,0.0
217,7,agent_1,0,0.0
216,24,agent_1,1,0.0
216,24,agent_0,1,0.0
216,23,agent_2,1,0.0
216,23,agent_1,1,0.0
216,23,agent_0,1,0.0
216,22,agent_2,0,0.0
216,22,agent_1,1,0.0
216,22,agent_0,1,0.0
217,4,agent_1,0,0.0
217,1,agent_2,0,0.0
217,1,agent_1,0,0.0
217,1,agent_0,0,0.0
217,0,agent_2,0,0.0
217,0,agent_1,0,0.0
217,0,agent_0,0,0.0
216,24,agent_2,1,0.0
217,4,agent_2,0,0.0
217,2,agent_0,0,0.0
20,15,agent_0,1,0.0
20,14,agent_2,1,0.0
20,14,agent_0,1,0.0
20,13,agent_2,1,0.0
20,13,agent_1,1,0.0
20,13,agent_0,1,0.0
20,12,agent_2,1,0.0
218,6,agent_2,1,0.0
20,18,agent_1,1,0.0
20,18,agent_0,1,0.0
20,17,agent_1,1,0.0
20,17,agent_0,1,0.0
20,16,agent_1,1,0.0
20,16,agent_0,1,0.0
20,15,agent_2,1,0.0
20,21,agent_2,1,0.0
20,18,agent_2,1,0.0
218,17,agent_2,1,0.0
218,23,agent_0,1,0.0
218,22,agent_2,1,0.0
218,22,agent_1,1,0.0
218,22,agent_0,1,0.0
218,21,agent_2,1,0.0
218,21,agent_1,1,0.0
218,21,agent_0,1,0.0
20,15,agent_1,1,0.0
20,12,agent_0,1,0.0
218,11,agent_0,1,0.0
218,10,agent_2,1,0.0
218,10,agent_1,1,0.0
218,9,agent_2,1,0.0
218,9,agent_1,1,0.0
218,8,agent_2,1,0.0
218,8,agent_1,1,0.0
218,20,agent_2,1,0.0
218,0,agent_0,1,0.0
217,24,agent_2,0,0.0
217,24,agent_1,1,0.0
217,24,agent_0,0,0.0
218,4,agent_2,0,0.0
218,4,agent_1,0,0.0
218,3,agent_2,1,0.0
20,21,agent_1,1,0.0
218,3,agent_0,1,0.0
218,2,agent_2,1,0.0
218,2,agent_1,1,0.0
218,2,agent_0,1,0.0
218,8,agent_0,1,0.0
218,7,agent_2,0,0.0
218,7,agent_1,1,0.0
218,7,agent_0,0,0.0
218,3,agent_1,0,0.0
20,21,agent_0,1,0.0
20,20,agent_2,1,0.0
20,20,agent_1,1,0.0
20,20,agent_0,1,0.0
20,19,agent_2,1,0.0
20,19,agent_0,1,0.0
217,23,agent_2,0,0.0
217,23,agent_1,1,0.0
218,0,agent_2,1,0.0
217,22,agent_2,1,0.0
217,22,agent_1,1,0.0
217,22,agent_0,1,0.0
217,21,agent_2,0,0.0
217,21,agent_1,1,0.0
218,1,agent_2,1,0.0
218,1,agent_1,1,0.0
218,1,agent_0,1,0.0
217,23,agent_0,0,0.0
222,19,agent_0,1,0.0
222,18,agent_2,1,0.0
222,18,agent_1,0,0.0
222,18,agent_0,1,0.0
222,17,agent_2,1,0.0
222,17,agent_0,1,0.0
222,16,agent_2,0,0.0
220,17,agent_0,1,0.0
222,21,agent_2,1,0.0
222,21,agent_1,0,0.0
222,21,agent_0,1,0.0
222,20,agent_2,1,0.0
222,20,agent_1,1,0.0
222,20,agent_0,1,0.0
222,19,agent_2,1,0.0
222,19,agent_1,1,0.0
222,16,agent_1,1,0.0
223,6,agent_0,0,0.0
223,5,agent_2,1,0.0
222,13,agent_1,1,0.0
222,13,agent_0,1,0.0
222,12,agent_2,1,0.0
222,12,agent_1,1,0.0
222,12,agent_0,1,0.0
222,11,agent_1,1,0.0
222,13,agent_2,1,0.0
222,10,agent_1,1,0.0
222,16,agent_0,1,0.0
222,15,agent_2,1,0.0
222,15,agent_1,1,0.0
222,15,agent_0,1,0.0
222,14,agent_2,1,0.0
222,14,agent_1,1,0.0
222,14,agent_0,1,0.0
222,10,agent_2,0,0.0
222,4,agent_0,1,0.0
222,3,agent_2,0,0.0
222,3,agent_1,1,0.0
222,3,agent_0,1,0.0
222,2,agent_1,1,0.0
222,10,agent_0,1,0.0
222,8,agent_2,1,0.0
221,24,agent_0,1,0.0
222,7,agent_2,1,0.0
222,7,agent_1,1,0.0
222,7,agent_0,1,0.0
222,6,agent_0,1,0.0
222,5,agent_2,1,0.0
19,17,agent_1,1,0.0
19,17,agent_0,0,0.0
19,16,agent_2,1,0.0
222,8,agent_0,1,0.0
221,23,agent_2,1,0.0
221,23,agent_1,1,0.0
221,23,agent_0,1,0.0
221,22,agent_2,1,0.0
221,22,agent_1,1,0.0
221,22,agent_0,1,0.0
221,21,agent_2,1,0.0
222,1,agent_2,0,0.0
222,4,agent_1,1,0.0
222,1,agent_0,1,0.0
222,0,agent_2,0,0.0
222,0,agent_1,1,0.0
222,0,agent_0,1,0.0
221,24,agent_2,1,0.0
221,24,agent_1,1,0.0
222,5,agent_1,1,0.0
222,5,agent_0,1,0.0
222,1,agent_1,1,0.0
223,13,agent_1,1,0.0
223,13,agent_0,1,0.0
223,12,agent_2,1,0.0
223,12,agent_1,0,0.0
223,12,agent_0,1,0.0
223,11,agent_2,0,0.0
223,16,agent_2,0,0.0
223,6,agent_1,1,0.0
223,16,agent_0,1,0.0
223,15,agent_2,1,0.0
223,15,agent_1,1,0.0
223,15,agent_0,1,0.0
223,14,agent_2,1,0.0
223,14,agent_1,1,0.0
223,19,agent_2,0,0.0
223,19,agent_1,1,0.0
223,16,agent_1,0,0.0
224,7,agent_2,1,0.0
224,7,agent_1,1,0.0
224,7,agent_0,0,0.0
224,6,agent_2,0,0.0
224,6,agent_1,1,0.0
224,6,agent_0,1,0.0
224,5,agent_2,1,0.0
224,5,agent_1,1,0.0
223,13,agent_2,1,0.0
223,10,agent_2,1,0.0
223,10,agent_1,0,0.0
223,10,agent_0,0,0.0
223,9,agent_2,0,0.0
223,9,agent_1,0,0.0
223,9,agent_0,1,0.0
223,8,agent_2,0,0.0
223,14,agent_0,1,0.0
223,11,agent_0,1,0.0
223,1,agent_0,0,0.0
223,0,agent_2,0,0.0
223,0,agent_1,0,0.0
223,5,agent_1,1,0.0
223,5,agent_0,0,0.0
223,4,agent_2,0,0.0
223,4,agent_1,0,0.0
223,19,agent_0,0,0.0
223,3,agent_2,0,0.0
223,3,agent_1,0,0.0
223,3,agent_0,0,0.0
223,8,agent_1,0,0.0
223,8,agent_0,1,0.0
223,7,agent_1,0,0.0
223,7,agent_0,1,0.0
223,6,agent_2,1,0.0
223,4,agent_0,0,0.0
223,18,agent_2,0,0.0
223,18,agent_1,0,0.0
223,17,agent_2,0,0.0
223,17,agent_1,1,0.0
223,17,agent_0,1,0.0
223,0,agent_0,0,0.0
222,24,agent_2,1,0.0
222,24,agent_1,1,0.0
223,1,agent_1,0,0.0
222,23,agent_2,1,0.0
222,23,agent_0,1,0.0
222,22,agent_1,0,0.0
222,22,agent_0,1,0.0
223,2,agent_2,0,0.0
223,2,agent_1,0,0.0
223,2,agent_0,0,0.0
223,1,agent_2,0,0.0
222,24,agent_0,1,0.0
221,5,agent_0,1,0.0
221,4,agent_2,1,0.0
221,4,agent_0,1,0.0
220,9,agent_2,1,0.0
220,9,agent_0,1,0.0
220,8,agent_2,1,0.0
220,7,agent_2,1,0.0
19,16,agent_1,1,0.0
220,7,agent_0,1,0.0
220,6,agent_2,1,0.0
220,6,agent_1,1,0.0
220,12,agent_2,0,0.0
220,12,agent_1,0,0.0
220,12,agent_0,1,0.0
220,11,agent_2,1,0.0
220,11,agent_1,0,0.0
220,7,agent_1,1,0.0
220,23,agent_1,0,0.0
220,23,agent_0,1,0.0
220,22,agent_1,1,0.0
220,22,agent_0,1,0.0
220,21,agent_2,1,0.0
221,3,agent_1,1,0.0
221,3,agent_0,1,0.0
221,2,agent_1,1,0.0
221,5,agent_2,0,0.0
221,1,agent_1,1,0.0
221,0,agent_1,1,0.0
221,0,agent_0,1,0.0
220,24,agent_2,1,0.0
221,7,agent_1,1,0.0
221,7,agent_0,1,0.0
221,6,agent_2,0,0.0
221,6,agent_0,1,0.0
221,2,agent_0,1,0.0
219,20,agent_2,1,0.0
219,20,agent_1,1,0.0
219,19,agent_2,0,0.0
219,19,agent_1,1,0.0
219,18,agent_2,1,0.0
219,18,agent_1,1,0.0
20,11,agent_2,1,0.0
220,11,agent_0,1,0.0
219,24,agent_2,1,0.0
219,24,agent_1,1,0.0
219,24,agent_0,1,0.0
219,23,agent_2,0,0.0
219,23,agent_0,1,0.0
219,22,agent_1,0,0.0
219,21,agent_2,0,0.0
219,21,agent_1,1,0.0
20,11,agent_1,1,0.0
220,10,agent_2,1,0.0
220,10,agent_1,0,0.0
220,15,agent_1,1,0.0
220,15,agent_0,1,0.0
220,14,agent_2,1,0.0
220,14,agent_1,1,0.0
220,14,agent_0,1,0.0
220,13,agent_2,1,0.0
220,15,agent_2,1,0.0
220,13,agent_0,1,0.0
220,18,agent_0,1,0.0
220,17,agent_2,1,0.0
220,17,agent_1,1,0.0
216,10,agent_0,1,0.0
220,16,agent_2,1,0.0
220,16,agent_1,0,0.0
220,16,agent_0,1,0.0
220,13,agent_1,0,0.0
19,20,agent_2,1,0.0
19,20,agent_1,1,0.0
20,1,agent_0,1,0.0
20,0,agent_1,1,0.0
19,24,agent_2,1,0.0
19,24,agent_1,1,0.0
19,24,agent_0,0,0.0
220,23,agent_2,1,0.0
19,23,agent_1,1,0.0
19,23,agent_0,0,0.0
221,10,agent_2,0,0.0
221,10,agent_1,1,0.0
221,10,agent_0,1,0.0
221,9,agent_2,0,0.0
221,9,agent_0,1,0.0
221,8,agent_2,1,0.0
19,23,agent_2,1,0.0
19,16,agent_0,0,0.0
19,15,agent_2,1,0.0
221,21,agent_1,1,0.0
221,21,agent_0,1,0.0
19,20,agent_0,0,0.0
19,19,agent_2,1,0.0
19,19,agent_1,1,0.0
19,19,agent_0,0,0.0
19,21,agent_0,0,0.0
19,18,agent_1,1,0.0
19,18,agent_0,0,0.0
19,17,agent_2,1,0.0
19,22,agent_2,1,0.0
19,22,agent_1,1,0.0
19,22,agent_0,0,0.0
19,21,agent_2,1,0.0
19,21,agent_1,1,0.0
19,18,agent_2,1,0.0
221,20,agent_1,1,0.0
221,20,agent_0,1,0.0
221,19,agent_2,1,0.0
221,19,agent_1,1,0.0
221,19,agent_0,1,0.0
221,18,agent_2,1,0.0
221,18,agent_1,1,0.0
220,21,agent_1,0,0.0
221,8,agent_0,1,0.0
220,20,agent_1,1,0.0
220,20,agent_0,1,0.0
220,19,agent_2,1,0.0
220,19,agent_0,1,0.0
220,18,agent_2,1,0.0
220,18,agent_1,1,0.0
220,24,agent_1,1,0.0
220,24,agent_0,1,0.0
220,21,agent_0,1,0.0
221,7,agent_2,0,0.0
221,14,agent_1,1,0.0
221,14,agent_0,1,0.0
221,13,agent_2,1,0.0
221,13,agent_1,1,0.0
221,13,agent_0,1,0.0
221,12,agent_1,1,0.0
221,12,agent_0,1,0.0
221,20,agent_2,1,0.0
221,18,agent_0,1,0.0
221,17,agent_1,1,0.0
221,17,agent_0,1,0.0
221,16,agent_1,1,0.0
221,16,agent_0,1,0.0
221,15,agent_1,1,0.0
221,15,agent_0,1,0.0
221,14,agent_2,1,0.0
221,11,agent_0,1,0.0
212,2,agent_2,1,0.0
212,1,agent_2,1,0.0
212,1,agent_0,1,0.0
212,0,agent_2,0,0.0
212,0,agent_0,1,0.0
211,24,agent_2,0,0.0
211,13,agent_2,1,0.0
216,16,agent_0,1,0.0
211,12,agent_1,1,0.0
211,12,agent_0,0,0.0
211,11,agent_2,0,0.0
211,11,agent_0,1,0.0
211,10,agent_2,0,0.0
211,10,agent_1,1,0.0
22,7,agent_1,0,0.0
22,7,agent_0,1,0.0
211,12,agent_2,1,0.0
211,21,agent_1,1,0.0
211,20,agent_2,1,0.0
211,20,agent_1,1,0.0
211,19,agent_2,0,0.0
211,18,agent_2,1,0.0
211,18,agent_1,1,0.0
211,18,agent_0,0,0.0
211,17,agent_2,0,0.0
212,3,agent_2,1,0.0
211,24,agent_0,1,0.0
211,23,agent_2,0,0.0
211,23,agent_1,1,0.0
211,22,agent_2,1,0.0
211,22,agent_1,1,0.0
211,22,agent_0,0,0.0
211,21,agent_2,0,0.0
212,4,agent_0,1,0.0
211,24,agent_1,1,0.0
22,12,agent_1,0,0.0
22,12,agent_0,0,0.0
22,11,agent_2,0,0.0
211,0,agent_1,1,0.0
210,24,agent_2,1,0.0
210,24,agent_1,1,0.0
210,24,agent_0,1,0.0
22,6,agent_0,1,0.0
210,23,agent_0,1,0.0
210,22,agent_2,1,0.0
211,3,agent_2,0,0.0
211,3,agent_1,0,0.0
211,3,agent_0,0,0.0
211,2,agent_2,0,0.0
211,2,agent_1,1,0.0
211,1,agent_2,0,0.0
210,23,agent_1,1,0.0
22,5,agent_2,0,0.0
22,5,agent_1,1,0.0
22,5,agent_0,1,0.0
211,15,agent_1,1,0.0
211,14,agent_1,1,0.0
22,11,agent_1,0,0.0
22,11,agent_0,0,0.0
22,10,agent_0,0,0.0
22,12,agent_2,1,0.0
22,9,agent_0,0,0.0
22,8,agent_1,0,0.0
22,8,agent_0,0,0.0
22,7,agent_2,0,0.0
22,14,agent_0,1,0.0
22,13,agent_2,0,0.0
22,13,agent_1,1,0.0
22,13,agent_0,1,0.0
22,9,agent_2,0,0.0
212,22,agent_1,1,0.0
212,21,agent_2,1,0.0
212,21,agent_1,1,0.0
212,19,agent_2,1,0.0
212,17,agent_1,1,0.0
213,0,agent_2,0,0.0
213,0,agent_1,1,0.0
22,14,agent_1,0,0.0
212,24,agent_2,1,0.0
212,24,agent_1,1,0.0
212,24,agent_0,0,0.0
212,23,agent_2,1,0.0
212,23,agent_1,1,0.0
212,8,agent_2,1,0.0
212,7,agent_2,0,0.0
212,7,agent_1,1,0.0
213,0,agent_0,0,0.0
213,11,agent_1,0,0.0
22,4,agent_1,1,0.0
22,4,agent_0,0,0.0
22,3,agent_1,1,0.0
22,3,agent_0,0,0.0
22,2,agent_2,1,0.0
22,2,agent_1,1,0.0
22,2,agent_0,0,0.0
212,22,agent_2,1,0.0
212,17,agent_0,0,0.0
212,16,agent_2,0,0.0
212,15,agent_2,1,0.0
212,15,agent_1,1,0.0
212,14,agent_2,0,0.0
212,13,agent_2,1,0.0
212,13,agent_1,1,0.0
212,12,agent_2,0,0.0
22,1,agent_2,1,0.0
21,20,agent_0,1,0.0
21,19,agent_1,1,0.0
22,1,agent_1,1,0.0
22,1,agent_0,0,0.0
22,0,agent_2,1,0.0
22,0,agent_1,0,0.0
21,24,agent_2,1,0.0
21,24,agent_1,1,0.0
212,7,agent_0,1,0.0
21,23,agent_2,0,0.0
211,17,agent_1,1,0.0
211,16,agent_2,1,0.0
211,16,agent_1,1,0.0
211,16,agent_0,0,0.0
211,15,agent_2,0,0.0
22,15,agent_0,1,0.0
22,14,agent_2,1,0.0
21,24,agent_0,1,0.0
212,6,agent_2,0,0.0
212,6,agent_1,1,0.0
212,5,agent_2,1,0.0
212,4,agent_2,0,0.0
21,19,agent_0,1,0.0
212,11,agent_2,0,0.0
212,11,agent_1,1,0.0
212,10,agent_2,1,0.0
21,20,agent_1,1,0.0
212,10,agent_0,1,0.0
212,9,agent_2,0,0.0
212,9,agent_0,1,0.0
21,23,agent_0,1,0.0
21,22,agent_2,1,0.0
21,22,agent_0,1,0.0
21,21,agent_0,1,0.0
21,20,agent_2,1,0.0
212,10,agent_1,1,0.0
210,0,agent_1,0,0.0
209,24,agent_2,1,0.0
209,24,agent_1,0,0.0
209,24,agent_0,1,0.0
209,23,agent_2,1,0.0
209,23,agent_1,1,0.0
209,23,agent_0,1,0.0
211,1,agent_1,1,0.0
210,3,agent_0,0,0.0
210,2,agent_2,0,0.0
210,2,agent_1,1,0.0
210,2,agent_0,0,0.0
210,1,agent_2,0,0.0
210,1,agent_1,1,0.0
210,1,agent_0,0,0.0
210,6,agent_2,1,0.0
210,3,agent_1,0,0.0
22,20,agent_1,0,0.0
210,9,agent_0,1,0.0
210,8,agent_2,1,0.0
23,0,agent_2,0,0.0
23,0,agent_1,0,0.0
23,0,agent_0,1,0.0
22,24,agent_2,1,0.0
22,24,agent_1,0,0.0
210,0,agent_2,0,0.0
209,22,agent_2,0,0.0
209,22,agent_1,1,0.0
209,22,agent_0,1,0.0
209,21,agent_2,1,0.0
209,21,agent_1,1,0.0
209,21,agent_0,1,0.0
209,20,agent_2,0,0.0
209,20,agent_1,1,0.0
22,24,agent_0,0,0.0
209,13,agent_1,1,0.0
209,13,agent_0,1,0.0
209,12,agent_2,1,0.0
209,12,agent_1,1,0.0
209,17,agent_1,1,0.0
209,17,agent_0,1,0.0
209,16,agent_2,0,0.0
210,6,agent_1,0,0.0
209,16,agent_0,1,0.0
209,15,agent_2,1,0.0
209,15,agent_1,1,0.0
209,15,agent_0,1,0.0
209,20,agent_0,1,0.0
209,19,agent_2,1,0.0
209,19,agent_1,1,0.0
209,19,agent_0,1,0.0
209,16,agent_1,1,0.0
210,6,agent_0,1,0.0
210,5,agent_2,0,0.0
210,5,agent_1,0,0.0
210,5,agent_0,1,0.0
210,4,agent_2,0,0.0
210,4,agent_1,0,0.0
209,12,agent_0,1,0.0
209,11,agent_1,1,0.0
209,13,agent_2,0,0.0
209,10,agent_2,1,0.0
209,10,agent_1,1,0.0
209,10,agent_0,1,0.0
209,9,agent_2,1,0.0
209,9,agent_1,1,0.0
209,14,agent_2,1,0.0
209,14,agent_1,1,0.0
209,14,agent_0,1,0.0
209,11,agent_0,1,0.0
210,12,agent_1,1,0.0
210,11,agent_2,1,0.0
210,11,agent_1,1,0.0
210,10,agent_2,1,0.0
210,10,agent_1,1,0.0
210,9,agent_2,1,0.0
210,9,agent_1,1,0.0
22,21,agent_0,1,0.0
210,16,agent_1,1,0.0
210,15,agent_2,1,0.0
210,15,agent_1,1,0.0
210,15,agent_0,1,0.0
210,14,agent_2,1,0.0
210,14,agent_1,1,0.0
210,14,agent_0,1,0.0
210,19,agent_2,1,0.0
210,17,agent_0,1,0.0
211,0,agent_2,0,0.0
211,6,agent_2,0,0.0
211,6,agent_1,1,0.0
211,5,agent_2,1,0.0
211,5,agent_1,1,0.0
211,5,agent_0,0,0.0
211,4,agent_2,1,0.0
211,4,agent_1,0,0.0
210,13,agent_1,1,0.0
211,10,agent_0,0,0.0
211,9,agent_2,1,0.0
211,9,agent_0,1,0.0
211,8,agent_2,1,0.0
211,8,agent_1,1,0.0
211,7,agent_2,0,0.0
211,7,agent_1,1,0.0
211,7,agent_0,1,0.0
211,4,agent_0,1,0.0
210,8,agent_1,1,0.0
210,8,agent_0,1,0.0
210,7,agent_2,1,0.0
210,7,agent_0,1,0.0
22,20,agent_0,1,0.0
22,19,agent_2,0,0.0
22,19,agent_0,1,0.0
22,18,agent_2,0,0.0
210,19,agent_1,1,0.0
22,18,agent_0,1,0.0
22,17,agent_1,1,0.0
22,17,agent_0,1,0.0
22,23,agent_2,0,0.0
22,23,agent_0,0,0.0
22,22,agent_1,0,0.0
22,22,agent_0,1,0.0
22,21,agent_2,0,0.0
22,18,agent_1,0,0.0
210,19,agent_0,1,0.0
210,18,agent_2,1,0.0
210,18,agent_1,1,0.0
210,18,agent_0,1,0.0
210,17,agent_2,0,0.0
210,17,agent_1,1,0.0
210,22,agent_1,1,0.0
210,22,agent_0,1,0.0
22,15,agent_2,1,0.0
210,21,agent_1,1,0.0
210,21,agent_0,1,0.0
210,20,agent_2,1,0.0
210,20,agent_1,1,0.0
210,20,agent_0,1,0.0
22,16,agent_2,0,0.0
22,16,agent_1,0,0.0
22,16,agent_0,1,0.0
210,21,agent_2,1,0.0
216,2,agent_2,0,0.0
216,2,agent_0,1,0.0
216,1,agent_2,1,0.0
216,1,agent_1,0,0.0
215,5,agent_2,1,0.0
215,4,agent_2,1,0.0
215,4,agent_1,1,0.0
213,11,agent_2,1,0.0
215,3,agent_1,1,0.0
215,3,agent_0,1,0.0
215,2,agent_2,0,0.0
215,2,agent_1,1,0.0
215,10,agent_0,1,0.0
215,9,agent_2,0,0.0
215,9,agent_0,1,0.0
215,8,agent_2,1,0.0
215,3,agent_2,0,0.0
215,22,agent_0,1,0.0
215,21,agent_2,1,0.0
215,21,agent_1,1,0.0
215,21,agent_0,1,0.0
215,20,agent_1,1,0.0
215,20,agent_0,1,0.0
216,1,agent_0,1,0.0
216,0,agent_2,1,0.0
216,3,agent_0,1,0.0
216,0,agent_0,1,0.0
215,24,agent_2,1,0.0
215,24,agent_1,1,0.0
215,24,agent_0,1,0.0
215,23,agent_1,1,0.0
216,4,agent_0,1,0.0
216,3,agent_2,1,0.0
216,3,agent_1,1,0.0
216,0,agent_1,0,0.0
215,13,agent_0,1,0.0
21,10,agent_0,1,0.0
21,9,agent_2,1,0.0
21,9,agent_1,0,0.0
21,9,agent_0,1,0.0
21,8,agent_2,1,0.0
21,8,agent_1,1,0.0
215,8,agent_0,1,0.0
215,0,agent_1,1,0.0
21,13,agent_0,1,0.0
21,12,agent_1,1,0.0
21,12,agent_0,1,0.0
21,11,agent_2,1,0.0
21,11,agent_1,1,0.0
21,11,agent_0,1,0.0
21,10,agent_2,1,0.0
215,0,agent_2,0,0.0
215,7,agent_2,1,0.0
215,7,agent_1,1,0.0
215,6,agent_1,1,0.0
215,12,agent_2,1,0.0
215,12,agent_1,1,0.0
215,12,agent_0,1,0.0
215,11,agent_2,1,0.0
215,11,agent_1,0,0.0
215,13,agent_1,1,0.0
215,10,agent_2,0,0.0
215,10,agent_1,0,0.0
215,16,agent_0,1,0.0
215,15,agent_1,1,0.0
215,15,agent_0,1,0.0
215,14,agent_2,1,0.0
215,14,agent_1,1,0.0
215,14,agent_0,1,0.0
215,11,agent_0,1,0.0
216,16,agent_2,1,0.0
224,1,agent_2,1,0.0
216,15,agent_2,1,0.0
216,21,agent_2,1,0.0
216,21,agent_1,1,0.0
216,21,agent_0,1,0.0
216,20,agent_2,1,0.0
215,22,agent_1,1,0.0
216,20,agent_0,1,0.0
216,19,agent_2,1,0.0
216,19,agent_1,1,0.0
216,7,agent_0,1,0.0
216,6,agent_2,0,0.0
216,6,agent_1,1,0.0
216,6,agent_0,1,0.0
216,5,agent_2,1,0.0
216,20,agent_1,1,0.0
216,9,agent_0,1,0.0
216,8,agent_0,1,0.0
21,8,agent_0,1,0.0
21,7,agent_2,1,0.0
21,7,agent_1,0,0.0
216,15,agent_1,1,0.0
216,15,agent_0,1,0.0
216,14,agent_1,1,0.0
216,17,agent_0,1,0.0
216,13,agent_0,1,0.0
216,12,agent_2,1,0.0
216,12,agent_0,1,0.0
216,11,agent_2,1,0.0
216,19,agent_0,1,0.0
216,18,agent_2,1,0.0
216,18,agent_1,1,0.0
216,18,agent_0,1,0.0
216,14,agent_0,1,0.0
21,7,agent_0,1,0.0
21,6,agent_2,0,0.0
21,6,agent_1,0,0.0
21,6,agent_0,1,0.0
21,5,agent_2,0,0.0
21,5,agent_1,0,0.0
21,5,agent_0,1,0.0
21,4,agent_2,1,0.0
216,5,agent_0,1,0.0
215,18,agent_1,1,0.0
215,18,agent_0,1,0.0
215,17,agent_2,0,0.0
215,17,agent_1,1,0.0
215,17,agent_0,1,0.0
215,16,agent_2,1,0.0
215,16,agent_1,0,0.0
215,23,agent_0,1,0.0
215,18,agent_2,1,0.0
216,4,agent_2,0,0.0
216,4,agent_1,1,0.0
21,0,agent_2,0,0.0
20,24,agent_2,1,0.0
20,24,agent_1,1,0.0
20,24,agent_0,1,0.0
20,23,agent_2,1,0.0
20,23,agent_1,1,0.0
21,1,agent_2,0,0.0
20,22,agent_2,1,0.0
21,4,agent_0,1,0.0
21,3,agent_2,0,0.0
21,3,agent_1,1,0.0
21,3,agent_0,1,0.0
21,2,agent_2,0,0.0
21,2,agent_1,1,0.0
21,2,agent_0,1,0.0
20,23,agent_0,1,0.0
213,19,agent_1,0,0.0
213,19,agent_0,1,0.0
213,18,agent_2,0,0.0
213,18,agent_1,0,0.0
213,18,agent_0,1,0.0
213,17,agent_2,1,0.0
213,23,agent_1,1,0.0
21,10,agent_1,1,0.0
213,22,agent_1,1,0.0
213,22,agent_0,1,0.0
213,21,agent_2,1,0.0
213,21,agent_1,1,0.0
213,20,agent_2,1,0.0
213,20,agent_1,1,0.0
214,2,agent_1,0,0.0
214,1,agent_2,0,0.0
213,22,agent_2,0,0.0
214,14,agent_1,1,0.0
214,14,agent_0,1,0.0
214,13,agent_2,1,0.0
214,13,agent_1,1,0.0
214,13,agent_0,1,0.0
214,12,agent_2,1,0.0
214,12,agent_1,1,0.0
214,12,agent_0,1,0.0
213,19,agent_2,1,0.0
213,16,agent_2,1,0.0
213,16,agent_1,1,0.0
213,16,agent_0,1,0.0
213,15,agent_2,1,0.0
213,15,agent_1,0,0.0
213,15,agent_0,0,0.0
213,14,agent_2,0,0.0
213,20,agent_0,1,0.0
213,17,agent_0,1,0.0
213,4,agent_2,0,0.0
213,4,agent_0,1,0.0
213,11,agent_0,1,0.0
213,10,agent_2,1,0.0
213,10,agent_1,1,0.0
213,9,agent_2,1,0.0
213,9,agent_1,0,0.0
214,0,agent_2,0,0.0
213,8,agent_2,0,0.0
213,8,agent_0,1,0.0
213,14,agent_1,0,0.0
213,14,agent_0,1,0.0
213,13,agent_2,0,0.0
213,13,agent_1,0,0.0
213,12,agent_2,1,0.0
213,12,agent_1,1,0.0
213,9,agent_0,0,0.0
214,0,agent_0,1,0.0
213,24,agent_2,0,0.0
213,24,agent_1,0,0.0
213,24,agent_0,1,0.0
213,23,agent_2,1,0.0
213,3,agent_1,1,0.0
213,3,agent_0,0,0.0
213,2,agent_2,0,0.0
213,5,agent_0,1,0.0
213,2,agent_0,0,0.0
213,1,agent_2,0,0.0
213,1,agent_1,1,0.0
213,1,agent_0,0,0.0
213,7,agent_0,1,0.0
213,6,agent_2,1,0.0
213,6,agent_0,1,0.0
213,5,agent_2,0,0.0
213,2,agent_1,1,0.0
214,16,agent_0,1,0.0
214,15,agent_2,1,0.0
214,15,agent_1,1,0.0
214,15,agent_0,1,0.0
214,14,agent_2,0,0.0
214,19,agent_2,1,0.0
214,19,agent_1,0,0.0
214,9,agent_1,1,0.0
214,18,agent_2,1,0.0
214,18,agent_1,0,0.0
214,18,agent_0,1,0.0
214,17,agent_2,1,0.0
214,17,agent_1,1,0.0
214,22,agent_1,0,0.0
214,22,agent_0,1,0.0
214,21,agent_2,0,0.0
214,19,agent_0,1,0.0
21,17,agent_0,1,0.0
21,16,agent_1,1,0.0
21,16,agent_0,1,0.0
21,15,agent_1,1,0.0
21,15,agent_0,1,0.0
21,14,agent_1,1,0.0
21,14,agent_0,1,0.0
21,13,agent_1,1,0.0
214,16,agent_1,0,0.0
215,1,agent_1,1,0.0
215,1,agent_0,1,0.0
21,18,agent_2,1,0.0
21,18,agent_1,1,0.0
21,18,agent_0,1,0.0
21,17,agent_1,1,0.0
214,17,agent_0,1,0.0
214,16,agent_2,1,0.0
215,1,agent_2,0,0.0
214,3,agent_0,1,0.0
214,2,agent_2,0,0.0
214,9,agent_0,1,0.0
214,8,agent_2,1,0.0
214,8,agent_1,0,0.0
214,8,agent_0,1,0.0
214,7,agent_2,1,0.0
214,7,agent_0,1,0.0
214,21,agent_1,1,0.0
214,6,agent_1,1,0.0
214,11,agent_2,1,0.0
214,11,agent_1,1,0.0
214,11,agent_0,1,0.0
214,10,agent_2,1,0.0
214,10,agent_1,1,0.0
214,10,agent_0,1,0.0
214,9,agent_2,0,0.0
214,6,agent_2,0,0.0
214,21,agent_0,1,0.0
214,20,agent_2,1,0.0
214,20,agent_1,0,0.0
214,20,agent_0,1,0.0
215,0,agent_0,1,0.0
214,24,agent_2,0,0.0
214,24,agent_1,0,0.0
214,24,agent_0,1,0.0
214,3,agent_1,0,0.0
214,23,agent_1,0,0.0
214,23,agent_0,1,0.0
214,22,agent_2,0,0.0
214,5,agent_2,1,0.0
214,5,agent_1,1,0.0
214,5,agent_0,1,0.0
214,4,agent_2,0,0.0
214,3,agent_2,0,0.0
214,23,agent_2,1,0.0
234,6,agent_0,1,0.0
17,12,agent_0,1,0.0
17,11,agent_2,1,0.0
17,11,agent_1,1,0.0
17,11,agent_0,1,0.0
17,10,agent_2,1,0.0
233,20,agent_0,1,0.0
223,20,agent_1,0,0.0
233,18,agent_2,1,0.0
233,18,agent_1,1,0.0
233,18,agent_0,1,0.0
233,17,agent_2,1,0.0
233,17,agent_1,1,0.0
233,17,agent_0,1,0.0
233,23,agent_1,1,0.0
233,23,agent_0,1,0.0
233,19,agent_0,1,0.0
17,7,agent_1,1,0.0
17,7,agent_0,1,0.0
17,6,agent_2,1,0.0
17,6,agent_0,1,0.0
17,5,agent_2,1,0.0
17,5,agent_1,1,0.0
17,5,agent_0,1,0.0
17,4,agent_0,1,0.0
234,6,agent_1,1,0.0
17,10,agent_0,1,0.0
17,9,agent_2,1,0.0
17,9,agent_1,1,0.0
17,9,agent_0,1,0.0
17,8,agent_2,1,0.0
17,8,agent_0,1,0.0
17,7,agent_2,1,0.0
234,6,agent_2,1,0.0
17,10,agent_1,1,0.0
234,3,agent_1,1,0.0
234,3,agent_0,1,0.0
234,2,agent_2,1,0.0
233,7,agent_2,1,0.0
233,7,agent_1,1,0.0
233,7,agent_0,1,0.0
233,6,agent_1,0,0.0
233,6,agent_0,0,0.0
233,22,agent_2,1,0.0
233,5,agent_1,0,0.0
233,5,agent_0,1,0.0
233,10,agent_1,0,0.0
233,10,agent_0,1,0.0
233,9,agent_2,1,0.0
233,9,agent_1,0,0.0
233,9,agent_0,1,0.0
233,8,agent_2,1,0.0
233,5,agent_2,1,0.0
233,22,agent_1,1,0.0
233,22,agent_0,1,0.0
233,21,agent_1,1,0.0
233,21,agent_0,1,0.0
233,20,agent_1,1,0.0
234,2,agent_1,1,0.0
234,1,agent_2,0,0.0
234,0,agent_2,0,0.0
234,4,agent_0,1,0.0
233,24,agent_2,1,0.0
233,24,agent_1,1,0.0
233,24,agent_0,1,0.0
233,23,agent_2,1,0.0
234,5,agent_1,1,0.0
234,5,agent_0,0,0.0
234,4,agent_2,0,0.0
234,4,agent_1,1,0.0
234,0,agent_1,1,0.0
235,0,agent_1,1,0.0
235,0,agent_0,1,0.0
234,24,agent_2,1,0.0
234,24,agent_1,1,0.0
234,24,agent_0,1,0.0
235,4,agent_1,1,0.0
235,4,agent_0,1,0.0
234,5,agent_2,0,0.0
235,3,agent_1,1,0.0
235,3,agent_0,1,0.0
235,2,agent_2,1,0.0
235,2,agent_1,1,0.0
235,2,agent_0,1,0.0
234,9,agent_1,1,0.0
234,9,agent_0,1,0.0
234,8,agent_2,0,0.0
235,3,agent_2,1,0.0
234,20,agent_0,1,0.0
234,19,agent_2,1,0.0
234,19,agent_1,1,0.0
234,19,agent_0,1,0.0
234,18,agent_2,1,0.0
234,18,agent_1,1,0.0
234,18,agent_0,1,0.0
234,23,agent_1,1,0.0
235,1,agent_0,1,0.0
234,22,agent_2,0,0.0
234,22,agent_0,1,0.0
234,21,agent_2,1,0.0
234,21,agent_1,1,0.0
234,21,agent_0,1,0.0
234,20,agent_2,1,0.0
235,1,agent_2,1,0.0
235,1,agent_1,1,0.0
234,23,agent_0,1,0.0
234,13,agent_0,1,0.0
234,12,agent_2,0,0.0
234,17,agent_2,0,0.0
234,17,agent_1,1,0.0
234,17,agent_0,1,0.0
234,16,agent_2,1,0.0
234,16,agent_1,1,0.0
234,16,agent_0,1,0.0
234,8,agent_1,1,0.0
234,15,agent_1,1,0.0
17,3,agent_2,1,0.0
17,3,agent_1,0,0.0
17,3,agent_0,1,0.0
17,2,agent_2,1,0.0
17,2,agent_1,0,0.0
17,2,agent_0,1,0.0
17,1,agent_2,1,0.0
234,15,agent_2,1,0.0
234,8,agent_0,1,0.0
234,7,agent_2,0,0.0
234,7,agent_1,1,0.0
234,7,agent_0,1,0.0
234,12,agent_1,1,0.0
234,12,agent_0,1,0.0
234,11,agent_1,1,0.0
234,11,agent_0,1,0.0
234,13,agent_1,1,0.0
234,10,agent_1,1,0.0
234,10,agent_0,1,0.0
234,9,agent_2,1,0.0
234,15,agent_0,1,0.0
234,14,agent_2,1,0.0
234,14,agent_1,1,0.0
234,14,agent_0,1,0.0
234,13,agent_2,1,0.0
234,10,agent_2,0,0.0
232,6,agent_0,1,0.0
232,5,agent_2,0,0.0
232,5,agent_0,1,0.0
232,4,agent_0,1,0.0
232,3,agent_1,1,0.0
232,3,agent_0,1,0.0
232,2,agent_1,1,0.0
233,8,agent_1,0,0.0
232,9,agent_2,1,0.0
232,9,agent_1,1,0.0
232,9,agent_0,1,0.0
232,8,agent_2,1,0.0
232,8,agent_0,1,0.0
232,7,agent_1,1,0.0
232,7,agent_0,1,0.0
17,12,agent_1,1,0.0
232,10,agent_0,1,0.0
17,18,agent_0,1,0.0
232,13,agent_2,1,0.0
17,22,agent_2,1,0.0
17,22,agent_1,1,0.0
17,22,agent_0,1,0.0
17,21,agent_2,1,0.0
17,21,agent_1,1,0.0
17,21,agent_0,1,0.0
232,6,agent_2,1,0.0
232,2,agent_0,1,0.0
232,1,agent_2,0,0.0
232,1,agent_1,0,0.0
232,0,agent_2,0,0.0
232,0,agent_1,0,0.0
232,0,agent_0,1,0.0
231,24,agent_2,1,0.0
231,24,agent_1,1,0.0
17,20,agent_2,1,0.0
231,14,agent_0,1,0.0
231,13,agent_1,1,0.0
231,13,agent_0,1,0.0
231,12,agent_2,1,0.0
231,20,agent_2,1,0.0
231,20,agent_1,1,0.0
231,20,agent_0,1,0.0
231,19,agent_1,1,0.0
232,13,agent_0,1,0.0
231,18,agent_0,1,0.0
231,17,agent_0,1,0.0
231,16,agent_2,1,0.0
231,24,agent_0,1,0.0
231,23,agent_1,1,0.0
231,23,agent_0,1,0.0
231,22,agent_2,1,0.0
231,22,agent_1,1,0.0
231,19,agent_0,1,0.0
232,12,agent_2,1,0.0
232,12,agent_1,1,0.0
232,11,agent_1,1,0.0
232,11,agent_0,1,0.0
232,10,agent_2,1,0.0
232,10,agent_1,1,0.0
231,12,agent_1,1,0.0
231,12,agent_0,1,0.0
231,14,agent_1,1,0.0
231,11,agent_0,1,0.0
231,10,agent_1,1,0.0
231,10,agent_0,1,0.0
231,9,agent_1,1,0.0
231,9,agent_0,1,0.0
231,16,agent_0,1,0.0
231,15,agent_0,1,0.0
231,14,agent_2,1,0.0
231,11,agent_1,1,0.0
232,17,agent_2,1,0.0
232,17,agent_0,1,0.0
232,16,agent_1,1,0.0
232,15,agent_2,1,0.0
232,15,agent_0,1,0.0
232,14,agent_2,1,0.0
232,14,agent_0,1,0.0
17,18,agent_1,1,0.0
232,22,agent_2,0,0.0
232,22,agent_1,0,0.0
232,22,agent_0,1,0.0
232,21,agent_2,0,0.0
232,21,agent_1,1,0.0
232,21,agent_0,1,0.0
232,20,agent_2,1,0.0
233,1,agent_2,1,0.0
232,23,agent_0,1,0.0
233,8,agent_0,1,0.0
233,13,agent_2,1,0.0
233,13,agent_0,1,0.0
233,12,agent_2,1,0.0
233,12,agent_0,1,0.0
233,11,agent_2,1,0.0
233,11,agent_1,1,0.0
233,11,agent_0,1,0.0
232,20,agent_0,1,0.0
233,16,agent_2,1,0.0
233,16,agent_1,1,0.0
233,16,agent_0,1,0.0
233,15,agent_2,1,0.0
233,15,agent_1,1,0.0
233,15,agent_0,1,0.0
233,14,agent_2,1,0.0
233,14,agent_0,1,0.0
233,10,agent_2,1,0.0
17,13,agent_1,1,0.0
17,13,agent_0,1,0.0
17,12,agent_2,1,0.0
17,17,agent_2,1,0.0
17,17,agent_1,1,0.0
17,17,agent_0,1,0.0
17,16,agent_2,1,0.0
17,16,agent_1,1,0.0
233,1,agent_0,1,0.0
17,15,agent_2,1,0.0
17,15,agent_1,1,0.0
17,20,agent_1,1,0.0
17,20,agent_0,1,0.0
17,19,agent_2,1,0.0
17,19,agent_1,1,0.0
17,19,agent_0,1,0.0
17,18,agent_2,1,0.0
17,16,agent_0,1,0.0
233,0,agent_2,1,0.0
232,24,agent_2,0,0.0
232,24,agent_1,1,0.0
232,24,agent_0,1,0.0
232,23,agent_2,0,0.0
232,23,agent_1,1,0.0
233,4,agent_2,1,0.0
233,4,agent_1,1,0.0
17,13,agent_2,1,0.0
233,3,agent_2,1,0.0
233,3,agent_1,1,0.0
233,2,agent_2,1,0.0
233,2,agent_1,0,0.0
17,15,agent_0,1,0.0
17,14,agent_2,1,0.0
17,14,agent_1,1,0.0
17,14,agent_0,1,0.0
233,4,agent_0,1,0.0
238,3,agent_0,0,0.0
238,2,agent_2,1,0.0
16,5,agent_2,0,0.0
237,15,agent_1,1,0.0
237,15,agent_0,1,0.0
237,14,agent_2,0,0.0
237,14,agent_1,0,0.0
234,20,agent_1,1,0.0
237,13,agent_1,1,0.0
237,13,agent_0,1,0.0
16,9,agent_0,0,0.0
16,8,agent_2,1,0.0
16,7,agent_2,1,0.0
16,7,agent_1,1,0.0
16,7,agent_0,1,0.0
16,6,agent_2,0,0.0
237,14,agent_0,1,0.0
237,22,agent_1,1,0.0
237,21,agent_2,1,0.0
237,21,agent_1,1,0.0
237,21,agent_0,1,0.0
238,2,agent_1,1,0.0
238,2,agent_0,0,0.0
238,1,agent_2,1,0.0
238,1,agent_1,1,0.0
238,3,agent_2,1,0.0
238,0,agent_2,1,0.0
238,0,agent_1,0,0.0
237,24,agent_2,1,0.0
238,5,agent_2,1,0.0
238,5,agent_1,1,0.0
238,5,agent_0,1,0.0
238,4,agent_1,1,0.0
238,4,agent_0,0,0.0
238,1,agent_0,1,0.0
237,3,agent_2,0,0.0
237,3,agent_1,0,0.0
237,2,agent_2,0,0.0
237,2,agent_1,0,0.0
237,1,agent_2,0,0.0
237,1,agent_1,0,0.0
237,1,agent_0,1,0.0
237,7,agent_0,0,0.0
16,6,agent_1,1,0.0
237,6,agent_1,1,0.0
237,6,agent_0,0,0.0
237,5,agent_2,0,0.0
237,5,agent_1,0,0.0
237,5,agent_0,0,0.0
237,4,agent_1,1,0.0
237,10,agent_0,1,0.0
237,9,agent_2,1,0.0
237,6,agent_2,0,0.0
16,6,agent_0,0,0.0
16,13,agent_1,1,0.0
16,13,agent_0,0,0.0
16,12,agent_0,1,0.0
16,11,agent_1,1,0.0
16,11,agent_0,0,0.0
16,10,agent_0,1,0.0
16,9,agent_2,1,0.0
237,4,agent_0,0,0.0
237,16,agent_2,0,0.0
237,16,agent_1,1,0.0
16,15,agent_2,1,0.0
16,15,agent_1,1,0.0
16,15,agent_0,1,0.0
16,14,agent_2,1,0.0
16,14,agent_0,1,0.0
16,13,agent_2,0,0.0
16,9,agent_1,1,0.0
239,0,agent_0,1,0.0
239,6,agent_2,0,0.0
239,5,agent_2,0,0.0
239,5,agent_1,1,0.0
239,5,agent_0,1,0.0
239,4,agent_2,0,0.0
239,4,agent_1,1,0.0
237,22,agent_2,1,0.0
239,3,agent_2,1,0.0
238,8,agent_2,1,0.0
238,8,agent_1,1,0.0
238,8,agent_0,1,0.0
238,7,agent_2,1,0.0
238,7,agent_1,1,0.0
238,7,agent_0,1,0.0
238,6,agent_1,1,0.0
239,4,agent_0,0,0.0
238,20,agent_1,1,0.0
238,20,agent_0,1,0.0
238,19,agent_2,1,0.0
238,24,agent_2,1,0.0
238,24,agent_1,1,0.0
238,24,agent_0,1,0.0
238,23,agent_2,1,0.0
238,23,agent_1,1,0.0
239,0,agent_1,1,0.0
238,22,agent_2,1,0.0
238,22,agent_1,1,0.0
239,3,agent_1,1,0.0
239,3,agent_0,1,0.0
239,2,agent_2,1,0.0
239,2,agent_0,1,0.0
239,1,agent_1,1,0.0
239,1,agent_0,1,0.0
238,23,agent_0,1,0.0
238,18,agent_2,1,0.0
238,18,agent_1,1,0.0
238,18,agent_0,1,0.0
238,17,agent_2,1,0.0
238,17,agent_1,1,0.0
238,17,agent_0,1,0.0
237,20,agent_2,1,0.0
237,20,agent_1,0,0.0
238,6,agent_0,1,0.0
237,19,agent_0,1,0.0
237,18,agent_1,0,0.0
237,18,agent_0,1,0.0
237,17,agent_2,1,0.0
237,17,agent_1,1,0.0
237,24,agent_1,0,0.0
237,24,agent_0,1,0.0
237,23,agent_1,1,0.0
237,19,agent_1,0,0.0
238,13,agent_0,1,0.0
238,12,agent_1,1,0.0
238,12,agent_0,1,0.0
238,11,agent_1,1,0.0
238,11,agent_0,1,0.0
238,10,agent_2,1,0.0
238,10,agent_1,1,0.0
238,9,agent_2,1,0.0
238,19,agent_0,1,0.0
238,16,agent_1,1,0.0
238,16,agent_0,1,0.0
238,15,agent_2,1,0.0
238,15,agent_1,1,0.0
238,15,agent_0,1,0.0
238,14,agent_2,1,0.0
238,13,agent_1,1,0.0
238,19,agent_1,1,0.0
238,16,agent_2,1,0.0
235,16,agent_1,1,0.0
235,16,agent_0,1,0.0
235,15,agent_2,1,0.0
235,15,agent_1,1,0.0
235,21,agent_1,1,0.0
235,21,agent_0,1,0.0
235,20,agent_1,1,0.0
237,9,agent_1,1,0.0
235,19,agent_1,1,0.0
235,19,agent_0,1,0.0
235,18,agent_2,1,0.0
235,18,agent_1,1,0.0
235,24,agent_2,1,0.0
235,24,agent_1,1,0.0
235,24,agent_0,1,0.0
235,23,agent_2,1,0.0
235,19,agent_2,1,0.0
236,13,agent_2,1,0.0
236,13,agent_1,1,0.0
236,13,agent_0,1,0.0
236,12,agent_2,1,0.0
236,12,agent_0,1,0.0
236,11,agent_1,1,0.0
235,15,agent_0,1,0.0
235,14,agent_2,1,0.0
235,16,agent_2,1,0.0
235,13,agent_2,1,0.0
235,13,agent_0,1,0.0
17,1,agent_1,0,0.0
17,1,agent_0,1,0.0
17,0,agent_2,0,0.0
235,18,agent_0,1,0.0
235,17,agent_1,1,0.0
235,17,agent_0,1,0.0
235,14,agent_0,1,0.0
235,9,agent_2,1,0.0
16,21,agent_2,1,0.0
16,21,agent_0,1,0.0
16,20,agent_2,1,0.0
16,20,agent_1,1,0.0
16,19,agent_1,1,0.0
16,19,agent_0,1,0.0
16,18,agent_1,1,0.0
235,23,agent_1,1,0.0
17,0,agent_1,0,0.0
17,0,agent_0,1,0.0
16,24,agent_2,0,0.0
16,24,agent_1,1,0.0
16,24,agent_0,1,0.0
16,23,agent_1,1,0.0
16,23,agent_0,1,0.0
16,22,agent_1,1,0.0
16,17,agent_0,1,0.0
235,23,agent_0,1,0.0
235,22,agent_1,1,0.0
235,22,agent_0,1,0.0
235,9,agent_0,1,0.0
235,8,agent_2,1,0.0
235,8,agent_0,1,0.0
235,7,agent_0,1,0.0
235,6,agent_0,1,0.0
235,10,agent_0,1,0.0
235,5,agent_0,1,0.0
235,4,agent_2,1,0.0
16,16,agent_1,1,0.0
235,12,agent_2,1,0.0
235,12,agent_0,1,0.0
235,11,agent_2,1,0.0
235,11,agent_0,1,0.0
235,10,agent_2,1,0.0
235,5,agent_1,1,0.0
236,15,agent_2,1,0.0
236,15,agent_1,1,0.0
236,15,agent_0,1,0.0
236,20,agent_1,1,0.0
236,20,agent_0,1,0.0
236,19,agent_2,1,0.0
236,19,agent_1,1,0.0
236,14,agent_1,1,0.0
236,18,agent_2,1,0.0
236,18,agent_1,1,0.0
236,18,agent_0,1,0.0
236,23,agent_0,1,0.0
236,22,agent_2,1,0.0
236,22,agent_1,1,0.0
236,22,agent_0,1,0.0
236,21,agent_2,1,0.0
236,19,agent_0,1,0.0
237,9,agent_0,1,0.0
237,8,agent_2,0,0.0
237,8,agent_1,0,0.0
237,8,agent_0,1,0.0
237,7,agent_2,1,0.0
237,12,agent_2,0,0.0
237,12,agent_1,1,0.0
237,12,agent_0,1,0.0
236,16,agent_0,1,0.0
237,11,agent_1,1,0.0
237,11,agent_0,1,0.0
237,10,agent_2,1,0.0
237,10,agent_1,1,0.0
236,17,agent_1,1,0.0
236,17,agent_0,1,0.0
236,16,agent_2,1,0.0
236,16,agent_1,1,0.0
237,11,agent_2,1,0.0
236,7,agent_0,1,0.0
236,6,agent_1,1,0.0
236,6,agent_0,1,0.0
236,5,agent_2,1,0.0
236,4,agent_2,1,0.0
236,4,agent_1,1,0.0
236,3,agent_2,1,0.0
236,3,agent_0,1,0.0
236,21,agent_1,1,0.0
236,10,agent_2,1,0.0
236,10,agent_0,1,0.0
236,9,agent_2,1,0.0
236,9,agent_1,1,0.0
236,8,agent_2,1,0.0
236,8,agent_1,1,0.0
236,7,agent_1,1,0.0
236,14,agent_2,1,0.0
236,11,agent_0,1,0.0
236,21,agent_0,1,0.0
236,20,agent_2,1,0.0
237,0,agent_2,0,0.0
237,0,agent_1,0,0.0
237,0,agent_0,1,0.0
236,24,agent_2,1,0.0
236,24,agent_1,1,0.0
236,24,agent_0,1,0.0
236,0,agent_0,1,0.0
236,23,agent_1,1,0.0
236,2,agent_2,1,0.0
236,2,agent_1,1,0.0
236,1,agent_2,1,0.0
236,1,agent_1,1,0.0
236,1,agent_0,1,0.0
236,0,agent_2,1,0.0
236,0,agent_1,1,0.0
236,23,agent_2,1,0.0
226,12,agent_1,1,0.0
226,12,agent_0,1,0.0
226,11,agent_2,0,0.0
226,11,agent_1,1,0.0
226,18,agent_0,1,0.0
226,17,agent_2,1,0.0
226,17,agent_0,1,0.0
231,22,agent_0,1,0.0
226,16,agent_0,1,0.0
226,15,agent_2,0,0.0
226,14,agent_2,0,0.0
226,14,agent_1,1,0.0
18,20,agent_0,1,0.0
18,19,agent_2,1,0.0
18,19,agent_1,1,0.0
226,3,agent_0,1,0.0
226,16,agent_2,0,0.0
226,7,agent_0,1,0.0
226,6,agent_0,1,0.0
226,5,agent_1,1,0.0
226,5,agent_0,1,0.0
226,4,agent_1,1,0.0
226,4,agent_0,0,0.0
226,11,agent_0,1,0.0
226,10,agent_2,1,0.0
226,12,agent_2,0,0.0
226,10,agent_0,1,0.0
226,9,agent_1,1,0.0
226,9,agent_0,1,0.0
226,8,agent_2,1,0.0
226,8,agent_1,1,0.0
226,14,agent_0,1,0.0
226,13,agent_2,0,0.0
226,13,agent_1,1,0.0
226,10,agent_1,1,0.0
18,23,agent_1,1,0.0
226,3,agent_1,1,0.0
19,4,agent_2,1,0.0
19,4,agent_1,1,0.0
19,4,agent_0,0,0.0
19,3,agent_0,0,0.0
19,2,agent_1,1,0.0
19,2,agent_0,0,0.0
226,2,agent_0,0,0.0
225,15,agent_0,1,0.0
225,14,agent_1,0,0.0
225,13,agent_1,0,0.0
225,13,agent_0,0,0.0
225,12,agent_2,1,0.0
225,12,agent_1,1,0.0
225,11,agent_1,1,0.0
225,11,agent_0,1,0.0
19,1,agent_2,1,0.0
226,1,agent_2,0,0.0
226,1,agent_1,0,0.0
226,1,agent_0,0,0.0
18,23,agent_0,1,0.0
18,22,agent_1,1,0.0
18,22,agent_0,1,0.0
18,21,agent_2,1,0.0
18,21,agent_1,1,0.0
18,23,agent_2,1,0.0
18,20,agent_2,0,0.0
18,20,agent_1,1,0.0
19,1,agent_0,0,0.0
19,0,agent_2,1,0.0
19,0,agent_0,0,0.0
18,24,agent_2,1,0.0
18,24,agent_1,1,0.0
18,24,agent_0,1,0.0
18,21,agent_0,1,0.0
227,9,agent_0,1,0.0
227,8,agent_2,0,0.0
227,8,agent_0,1,0.0
227,16,agent_1,1,0.0
227,15,agent_1,1,0.0
227,15,agent_0,0,0.0
227,14,agent_2,1,0.0
226,7,agent_2,1,0.0
227,13,agent_2,0,0.0
227,13,agent_0,1,0.0
227,12,agent_2,1,0.0
227,19,agent_0,1,0.0
227,18,agent_2,1,0.0
227,18,agent_1,1,0.0
227,18,agent_0,0,0.0
227,17,agent_2,1,0.0
227,14,agent_1,1,0.0
18,17,agent_1,1,0.0
18,17,agent_0,1,0.0
18,16,agent_2,0,0.0
18,16,agent_1,1,0.0
18,16,agent_0,1,0.0
227,7,agent_2,0,0.0
227,7,agent_1,1,0.0
227,7,agent_0,1,0.0
227,9,agent_2,0,0.0
227,6,agent_1,1,0.0
227,6,agent_0,1,0.0
227,5,agent_2,0,0.0
227,5,agent_1,1,0.0
227,12,agent_1,1,0.0
227,11,agent_2,0,0.0
227,11,agent_1,1,0.0
227,10,agent_0,1,0.0
227,6,agent_2,0,0.0
227,2,agent_1,0,0.0
227,2,agent_0,0,0.0
227,1,agent_2,0,0.0
227,1,agent_1,0,0.0
227,1,agent_0,0,0.0
227,0,agent_2,0,0.0
227,0,agent_1,0,0.0
227,0,agent_0,0,0.0
227,17,agent_1,1,0.0
227,4,agent_2,1,0.0
227,4,agent_1,0,0.0
227,4,agent_0,0,0.0
227,3,agent_2,0,0.0
227,3,agent_1,0,0.0
227,3,agent_0,0,0.0
227,2,agent_2,0,0.0
226,8,agent_0,1,0.0
227,5,agent_0,0,0.0
227,17,agent_0,0,0.0
227,16,agent_2,1,0.0
226,21,agent_2,1,0.0
226,21,agent_1,1,0.0
226,21,agent_0,1,0.0
226,20,agent_1,1,0.0
226,20,agent_0,1,0.0
226,19,agent_1,1,0.0
226,22,agent_0,1,0.0
226,18,agent_2,0,0.0
226,24,agent_2,1,0.0
226,24,agent_1,1,0.0
226,24,agent_0,1,0.0
226,23,agent_1,1,0.0
226,23,agent_0,1,0.0
226,22,agent_2,1,0.0
226,22,agent_1,1,0.0
226,19,agent_0,1,0.0
224,9,agent_2,0,0.0
224,9,agent_1,1,0.0
224,9,agent_0,0,0.0
224,8,agent_2,0,0.0
224,8,agent_1,1,0.0
224,8,agent_0,0,0.0
19,8,agent_0,0,0.0
225,18,agent_1,1,0.0
19,7,agent_1,1,0.0
19,7,agent_0,0,0.0
19,6,agent_0,0,0.0
19,5,agent_1,1,0.0
19,5,agent_0,0,0.0
19,11,agent_2,1,0.0
19,11,agent_1,1,0.0
19,11,agent_0,1,0.0
19,7,agent_2,1,0.0
224,19,agent_2,0,0.0
224,19,agent_0,1,0.0
224,18,agent_0,1,0.0
224,17,agent_2,0,0.0
224,17,agent_1,1,0.0
224,17,agent_0,1,0.0
224,16,agent_1,1,0.0
224,16,agent_0,1,0.0
224,10,agent_0,0,0.0
224,22,agent_1,0,0.0
224,22,agent_0,1,0.0
224,21,agent_2,1,0.0
224,21,agent_1,0,0.0
224,21,agent_0,1,0.0
224,20,agent_2,1,0.0
224,20,agent_0,1,0.0
224,10,agent_1,0,0.0
224,22,agent_2,1,0.0
223,20,agent_2,0,0.0
209,18,agent_2,0,0.0
224,1,agent_1,0,0.0
224,0,agent_2,0,0.0
224,0,agent_1,0,0.0
223,24,agent_2,1,0.0
223,24,agent_1,0,0.0
223,24,agent_0,0,0.0
19,10,agent_2,1,0.0
223,23,agent_1,1,0.0
224,4,agent_2,1,0.0
224,4,agent_1,0,0.0
224,4,agent_0,1,0.0
224,3,agent_2,1,0.0
224,3,agent_1,0,0.0
224,2,agent_2,1,0.0
224,2,agent_1,0,0.0
223,23,agent_2,0,0.0
19,10,agent_0,1,0.0
19,9,agent_2,1,0.0
19,9,agent_1,1,0.0
19,9,agent_0,1,0.0
19,14,agent_1,1,0.0
19,14,agent_0,1,0.0
19,13,agent_2,1,0.0
19,13,agent_1,1,0.0
223,21,agent_0,0,0.0
19,12,agent_2,1,0.0
19,12,agent_1,1,0.0
19,12,agent_0,1,0.0
223,22,agent_2,0,0.0
223,22,agent_1,0,0.0
223,22,agent_0,1,0.0
223,21,agent_2,0,0.0
223,21,agent_1,1,0.0
19,13,agent_0,1,0.0
225,24,agent_2,1,0.0
225,24,agent_1,1,0.0
225,24,agent_0,1,0.0
225,23,agent_2,1,0.0
225,23,agent_1,1,0.0
225,1,agent_0,0,0.0
225,0,agent_2,0,0.0
224,13,agent_0,1,0.0
224,24,agent_1,0,0.0
224,24,agent_0,1,0.0
224,23,agent_2,1,0.0
224,23,agent_1,0,0.0
224,23,agent_0,1,0.0
225,3,agent_2,0,0.0
225,3,agent_1,1,0.0
225,3,agent_0,0,0.0
224,24,agent_2,1,0.0
225,17,agent_2,1,0.0
225,17,agent_1,1,0.0
225,17,agent_0,1,0.0
225,16,agent_2,1,0.0
225,16,agent_1,1,0.0
225,15,agent_2,0,0.0
225,15,agent_1,1,0.0
225,22,agent_2,1,0.0
226,0,agent_0,0,0.0
225,21,agent_2,1,0.0
225,21,agent_0,1,0.0
225,20,agent_0,1,0.0
225,19,agent_2,1,0.0
225,19,agent_1,1,0.0
225,18,agent_2,1,0.0
226,0,agent_2,0,0.0
226,0,agent_1,1,0.0
225,22,agent_0,1,0.0
225,8,agent_1,1,0.0
225,8,agent_0,1,0.0
224,12,agent_1,1,0.0
224,12,agent_0,1,0.0
224,11,agent_2,0,0.0
224,11,agent_1,0,0.0
224,11,agent_0,1,0.0
19,15,agent_1,1,0.0
225,2,agent_2,1,0.0
19,14,agent_2,1,0.0
224,15,agent_2,1,0.0
224,15,agent_1,1,0.0
224,15,agent_0,1,0.0
224,14,agent_2,0,0.0
224,14,agent_1,1,0.0
224,14,agent_0,1,0.0
224,13,agent_1,1,0.0
19,15,agent_0,1,0.0
225,2,agent_1,0,0.0
225,2,agent_0,0,0.0
225,1,agent_2,0,0.0
225,1,agent_1,0,0.0
225,7,agent_2,1,0.0
225,7,agent_1,1,0.0
225,7,agent_0,1,0.0
225,6,agent_2,1,0.0
225,8,agent_2,1,0.0
225,5,agent_2,1,0.0
225,5,agent_1,1,0.0
225,4,agent_2,0,0.0
225,10,agent_2,1,0.0
225,10,agent_1,1,0.0
225,9,agent_2,1,0.0
225,9,agent_1,1,0.0
225,9,agent_0,1,0.0
225,6,agent_0,1,0.0
230,14,agent_0,1,0.0
230,19,agent_1,1,0.0
230,19,agent_0,1,0.0
230,18,agent_2,0,0.0
230,18,agent_1,0,0.0
230,18,agent_0,1,0.0
230,17,agent_2,1,0.0
18,17,agent_2,1,0.0
230,17,agent_0,1,0.0
229,23,agent_1,0,0.0
229,22,agent_2,1,0.0
229,22,agent_1,1,0.0
229,21,agent_1,1,0.0
229,20,agent_2,1,0.0
229,20,agent_1,1,0.0
229,19,agent_2,1,0.0
230,17,agent_1,0,0.0
230,8,agent_2,1,0.0
230,8,agent_0,0,0.0
230,7,agent_2,1,0.0
230,13,agent_2,0,0.0
230,13,agent_1,0,0.0
230,13,agent_0,1,0.0
230,12,agent_2,1,0.0
230,12,agent_1,0,0.0
230,14,agent_1,0,0.0
230,11,agent_2,1,0.0
230,11,agent_1,1,0.0
230,16,agent_2,0,0.0
230,16,agent_1,0,0.0
230,16,agent_0,1,0.0
230,15,agent_2,1,0.0
230,15,agent_1,0,0.0
230,15,agent_0,1,0.0
230,12,agent_0,1,0.0
230,6,agent_1,1,0.0
230,6,agent_0,0,0.0
230,5,agent_2,0,0.0
230,5,agent_1,1,0.0
230,5,agent_0,1,0.0
230,4,agent_2,0,0.0
229,9,agent_2,1,0.0
229,9,agent_1,0,0.0
229,19,agent_1,0,0.0
229,8,agent_1,1,0.0
229,8,agent_0,1,0.0
229,7,agent_1,0,0.0
229,7,agent_0,0,0.0
229,6,agent_2,1,0.0
229,12,agent_2,1,0.0
229,12,agent_1,1,0.0
229,12,agent_0,1,0.0
229,9,agent_0,0,0.0
230,1,agent_1,1,0.0
230,0,agent_2,0,0.0
230,0,agent_1,1,0.0
230,0,agent_0,0,0.0
229,24,agent_2,1,0.0
229,24,agent_1,0,0.0
229,24,agent_0,1,0.0
229,23,agent_2,1,0.0
230,7,agent_0,1,0.0
230,3,agent_2,0,0.0
230,3,agent_1,0,0.0
230,3,agent_0,0,0.0
230,2,agent_2,0,0.0
230,2,agent_1,1,0.0
230,2,agent_0,0,0.0
230,1,agent_2,0,0.0
230,7,agent_1,1,0.0
230,4,agent_1,1,0.0
231,5,agent_1,1,0.0
231,5,agent_0,1,0.0
231,4,agent_1,1,0.0
231,4,agent_0,1,0.0
231,3,agent_1,1,0.0
231,3,agent_0,1,0.0
231,2,agent_2,1,0.0
230,9,agent_0,1,0.0
231,8,agent_2,0,0.0
231,8,agent_1,1,0.0
231,8,agent_0,1,0.0
231,7,agent_2,1,0.0
231,7,agent_1,1,0.0
231,7,agent_0,1,0.0
231,6,agent_1,1,0.0
231,6,agent_0,1,0.0
231,2,agent_1,1,0.0
231,21,agent_1,1,0.0
231,21,agent_0,1,0.0
230,24,agent_0,1,0.0
230,23,agent_2,1,0.0
230,23,agent_1,1,0.0
230,23,agent_0,1,0.0
230,22,agent_1,1,0.0
230,22,agent_0,1,0.0
230,24,agent_1,1,0.0
230,21,agent_1,1,0.0
231,2,agent_0,1,0.0
231,1,agent_2,0,0.0
231,1,agent_1,1,0.0
231,1,agent_0,1,0.0
231,0,agent_1,1,0.0
231,0,agent_0,1,0.0
230,24,agent_2,1,0.0
230,21,agent_2,0,0.0
18,4,agent_1,0,0.0
18,4,agent_0,1,0.0
18,3,agent_1,0,0.0
18,3,agent_0,1,0.0
18,2,agent_2,1,0.0
230,21,agent_0,1,0.0
230,20,agent_2,1,0.0
18,8,agent_1,1,0.0
17,24,agent_2,1,0.0
18,7,agent_1,1,0.0
18,7,agent_0,1,0.0
18,6,agent_2,1,0.0
18,6,agent_1,0,0.0
230,10,agent_2,1,0.0
230,10,agent_1,1,0.0
230,10,agent_0,1,0.0
230,9,agent_2,1,0.0
18,7,agent_2,1,0.0
17,24,agent_1,1,0.0
17,24,agent_0,1,0.0
17,23,agent_2,1,0.0
17,23,agent_1,1,0.0
17,23,agent_0,1,0.0
230,20,agent_0,1,0.0
230,19,agent_2,0,0.0
18,2,agent_1,0,0.0
18,4,agent_2,1,0.0
18,1,agent_2,1,0.0
18,1,agent_1,0,0.0
18,1,agent_0,0,0.0
18,0,agent_2,0,0.0
18,0,agent_1,0,0.0
18,0,agent_0,0,0.0
18,5,agent_2,1,0.0
18,5,agent_1,0,0.0
18,2,agent_0,0,0.0
227,22,agent_0,0,0.0
18,19,agent_0,1,0.0
18,18,agent_2,1,0.0
228,3,agent_0,0,0.0
228,2,agent_2,1,0.0
228,2,agent_1,0,0.0
228,2,agent_0,0,0.0
229,11,agent_1,1,0.0
228,1,agent_0,0,0.0
228,0,agent_2,0,0.0
228,0,agent_1,0,0.0
228,5,agent_2,1,0.0
228,5,agent_1,0,0.0
228,5,agent_0,1,0.0
228,4,agent_2,0,0.0
228,4,agent_1,0,0.0
228,1,agent_1,0,0.0
228,16,agent_1,1,0.0
228,16,agent_0,1,0.0
228,15,agent_2,1,0.0
228,15,agent_1,0,0.0
228,15,agent_0,1,0.0
228,20,agent_1,0,0.0
228,20,agent_0,1,0.0
228,19,agent_1,0,0.0
227,22,agent_1,1,0.0
228,18,agent_2,1,0.0
228,18,agent_1,1,0.0
228,18,agent_0,1,0.0
228,17,agent_2,1,0.0
228,0,agent_0,0,0.0
227,24,agent_2,1,0.0
227,24,agent_1,1,0.0
227,24,agent_0,0,0.0
228,19,agent_0,1,0.0
18,13,agent_0,1,0.0
18,12,agent_2,1,0.0
18,12,agent_1,1,0.0
18,12,agent_0,1,0.0
18,11,agent_2,1,0.0
18,11,agent_1,0,0.0
18,11,agent_0,0,0.0
18,10,agent_1,0,0.0
228,4,agent_0,1,0.0
18,15,agent_1,1,0.0
18,15,agent_0,1,0.0
18,14,agent_2,1,0.0
18,14,agent_1,1,0.0
18,13,agent_2,1,0.0
18,13,agent_1,1,0.0
18,18,agent_1,1,0.0
18,18,agent_0,1,0.0
18,15,agent_2,0,0.0
228,3,agent_2,1,0.0
228,3,agent_1,0,0.0
228,8,agent_2,1,0.0
228,8,agent_1,1,0.0
228,7,agent_2,1,0.0
228,7,agent_1,1,0.0
228,7,agent_0,1,0.0
228,6,agent_2,1,0.0
227,19,agent_1,1,0.0
228,6,agent_0,1,0.0
18,10,agent_0,1,0.0
18,9,agent_2,1,0.0
18,9,agent_1,1,0.0
18,9,agent_0,0,0.0
18,8,agent_2,1,0.0
227,20,agent_1,1,0.0
227,20,agent_0,0,0.0
228,6,agent_1,1,0.0
229,17,agent_0,0,0.0
229,16,agent_2,1,0.0
228,23,agent_1,1,0.0
228,23,agent_0,1,0.0
228,22,agent_2,1,0.0
228,22,agent_1,0,0.0
228,22,agent_0,1,0.0
228,16,agent_2,1,0.0
228,21,agent_1,1,0.0
228,21,agent_0,1,0.0
229,1,agent_0,0,0.0
229,0,agent_2,0,0.0
229,0,agent_1,0,0.0
229,0,agent_0,0,0.0
228,24,agent_2,1,0.0
228,24,agent_1,0,0.0
228,21,agent_2,0,0.0
229,11,agent_0,1,0.0
229,10,agent_2,1,0.0
229,10,agent_1,0,0.0
229,10,agent_0,1,0.0
229,16,agent_1,0,0.0
229,16,agent_0,1,0.0
229,15,agent_2,1,0.0
229,15,agent_1,0,0.0
229,17,agent_1,0,0.0
229,14,agent_1,1,0.0
229,13,agent_2,1,0.0
229,13,agent_1,1,0.0
229,19,agent_0,0,0.0
229,18,agent_2,1,0.0
229,18,agent_1,0,0.0
229,18,agent_0,0,0.0
229,17,agent_2,1,0.0
229,14,agent_2,1,0.0
228,11,agent_1,1,0.0
228,11,agent_0,1,0.0
228,10,agent_2,0,0.0
228,10,agent_1,0,0.0
228,9,agent_2,1,0.0
228,9,agent_1,1,0.0
228,9,agent_0,1,0.0
228,14,agent_2,0,0.0
228,24,agent_0,1,0.0
228,13,agent_2,1,0.0
228,13,agent_1,0,0.0
228,13,agent_0,1,0.0
228,12,agent_2,1,0.0
228,12,agent_1,0,0.0
228,12,agent_0,1,0.0
228,17,agent_1,0,0.0
228,17,agent_0,1,0.0
228,14,agent_0,1,0.0
228,23,agent_2,1,0.0
229,3,agent_2,0,0.0
229,3,agent_1,0,0.0
229,3,agent_0,0,0.0
229,2,agent_2,0,0.0
229,2,agent_1,0,0.0
229,2,agent_0,0,0.0
229,1,agent_2,0,0.0
228,11,agent_2,1,0.0
229,6,agent_1,0,0.0
229,6,agent_0,0,0.0
229,5,agent_2,1,0.0
229,5,agent_1,0,0.0
229,5,agent_0,0,0.0
229,4,agent_2,0,0.0
229,4,agent_1,0,0.0
229,4,agent_0,0,0.0
229,1,agent_1,0,0.0
188,17,agent_1,1,0.0
188,17,agent_0,1,0.0
188,16,agent_2,1,0.0
188,16,agent_0,1,0.0
188,15,agent_0,1,0.0
188,22,agent_0,1,0.0
188,21,agent_1,1,0.0
209,6,agent_0,1,0.0
188,20,agent_2,1,0.0
188,20,agent_1,1,0.0
188,20,agent_0,1,0.0
188,19,agent_2,1,0.0
188,19,agent_1,1,0.0
189,0,agent_1,1,0.0
189,0,agent_0,1,0.0
188,24,agent_2,1,0.0
188,21,agent_0,1,0.0
189,10,agent_2,1,0.0
189,10,agent_1,1,0.0
189,10,agent_0,1,0.0
189,9,agent_2,1,0.0
189,9,agent_1,1,0.0
189,9,agent_0,1,0.0
189,8,agent_2,1,0.0
189,13,agent_2,1,0.0
188,17,agent_2,1,0.0
189,13,agent_0,1,0.0
189,12,agent_2,1,0.0
189,12,agent_1,1,0.0
189,12,agent_0,1,0.0
189,11,agent_2,1,0.0
189,11,agent_1,1,0.0
188,18,agent_2,1,0.0
188,18,agent_1,1,0.0
189,13,agent_1,1,0.0
188,12,agent_0,1,0.0
188,11,agent_2,1,0.0
28,6,agent_2,0,0.0
28,6,agent_1,1,0.0
28,6,agent_0,1,0.0
28,5,agent_2,1,0.0
28,5,agent_1,1,0.0
188,24,agent_1,1,0.0
28,4,agent_2,0,0.0
28,4,agent_1,0,0.0
28,12,agent_0,1,0.0
28,11,agent_2,1,0.0
28,11,agent_1,0,0.0
28,10,agent_2,1,0.0
28,10,agent_0,0,0.0
28,9,agent_0,0,0.0
28,5,agent_0,0,0.0
188,24,agent_0,1,0.0
188,23,agent_1,1,0.0
188,23,agent_0,1,0.0
188,22,agent_1,1,0.0
189,3,agent_0,1,0.0
189,2,agent_2,1,0.0
189,2,agent_1,1,0.0
189,2,agent_0,1,0.0
188,12,agent_1,1,0.0
189,1,agent_1,1,0.0
189,1,agent_0,1,0.0
189,0,agent_2,1,0.0
28,4,agent_0,0,0.0
188,14,agent_1,1,0.0
188,13,agent_2,1,0.0
188,13,agent_0,1,0.0
188,12,agent_2,1,0.0
189,1,agent_2,1,0.0
190,12,agent_0,1,0.0
190,11,agent_2,1,0.0
190,11,agent_1,0,0.0
190,11,agent_0,1,0.0
189,16,agent_1,1,0.0
189,16,agent_0,1,0.0
189,15,agent_2,1,0.0
189,11,agent_0,1,0.0
189,15,agent_0,1,0.0
189,14,agent_2,1,0.0
189,14,agent_1,1,0.0
189,14,agent_0,1,0.0
189,19,agent_0,1,0.0
189,18,agent_2,1,0.0
189,18,agent_1,1,0.0
189,18,agent_0,1,0.0
189,15,agent_1,1,0.0
190,7,agent_1,1,0.0
190,7,agent_0,1,0.0
190,6,agent_2,1,0.0
190,6,agent_1,1,0.0
190,6,agent_0,0,0.0
190,5,agent_2,1,0.0
190,10,agent_2,1,0.0
190,10,agent_1,1,0.0
190,12,agent_2,1,0.0
190,9,agent_2,1,0.0
190,9,agent_1,1,0.0
190,9,agent_0,1,0.0
190,8,agent_2,1,0.0
190,8,agent_1,1,0.0
190,14,agent_0,1,0.0
190,13,agent_2,0,0.0
190,13,agent_0,1,0.0
190,10,agent_0,1,0.0
189,23,agent_1,1,0.0
189,5,agent_2,1,0.0
189,5,agent_1,1,0.0
189,5,agent_0,1,0.0
189,4,agent_2,1,0.0
189,4,agent_1,1,0.0
189,4,agent_0,1,0.0
189,3,agent_2,1,0.0
189,17,agent_2,1,0.0
189,8,agent_1,1,0.0
189,8,agent_0,1,0.0
189,7,agent_2,1,0.0
189,7,agent_1,1,0.0
189,7,agent_0,1,0.0
189,6,agent_2,1,0.0
189,6,agent_1,1,0.0
189,6,agent_0,1,0.0
189,3,agent_1,1,0.0
189,17,agent_1,1,0.0
189,17,agent_0,1,0.0
189,16,agent_2,1,0.0
189,22,agent_2,1,0.0
189,22,agent_1,1,0.0
189,21,agent_2,1,0.0
189,21,agent_1,1,0.0
189,20,agent_2,1,0.0
189,23,agent_2,1,0.0
189,19,agent_2,1,0.0
189,19,agent_1,1,0.0
190,1,agent_0,1,0.0
190,0,agent_2,0,0.0
190,0,agent_0,1,0.0
189,24,agent_2,1,0.0
189,24,agent_1,1,0.0
189,24,agent_0,1,0.0
189,20,agent_1,1,0.0
187,8,agent_2,0,0.0
187,8,agent_1,1,0.0
187,8,agent_0,1,0.0
187,7,agent_1,1,0.0
187,7,agent_0,1,0.0
187,6,agent_2,0,0.0
187,6,agent_1,1,0.0
28,8,agent_2,0,0.0
187,12,agent_0,1,0.0
187,11,agent_2,1,0.0
187,11,agent_1,1,0.0
187,11,agent_0,1,0.0
187,10,agent_1,1,0.0
187,10,agent_0,1,0.0
187,9,agent_1,1,0.0
187,9,agent_0,1,0.0
187,6,agent_0,1,0.0
187,21,agent_2,0,0.0
187,21,agent_0,1,0.0
187,2,agent_1,1,0.0
187,2,agent_0,1,0.0
187,1,agent_0,1,0.0
187,0,agent_2,0,0.0
187,0,agent_0,1,0.0
186,24,agent_2,1,0.0
187,2,agent_2,0,0.0
186,24,agent_0,1,0.0
187,5,agent_2,1,0.0
187,5,agent_1,1,0.0
187,5,agent_0,1,0.0
187,4,agent_2,0,0.0
187,4,agent_0,1,0.0
187,3,agent_2,1,0.0
187,3,agent_0,1,0.0
186,24,agent_1,1,0.0
186,20,agent_0,1,0.0
186,19,agent_2,1,0.0
186,19,agent_1,1,0.0
186,19,agent_0,0,0.0
186,18,agent_2,0,0.0
186,23,agent_2,1,0.0
186,23,agent_1,1,0.0
186,15,agent_1,1,0.0
186,22,agent_2,0,0.0
186,22,agent_1,1,0.0
186,22,agent_0,0,0.0
186,21,agent_2,1,0.0
186,21,agent_1,1,0.0
186,4,agent_1,0,0.0
186,3,agent_2,1,0.0
186,3,agent_1,0,0.0
186,23,agent_0,0,0.0
186,15,agent_0,0,0.0
186,14,agent_2,1,0.0
186,14,agent_0,1,0.0
186,13,agent_2,1,0.0
186,13,agent_1,1,0.0
186,13,agent_0,0,0.0
186,12,agent_2,1,0.0
186,18,agent_1,1,0.0
186,20,agent_1,1,0.0
186,17,agent_2,1,0.0
186,17,agent_1,1,0.0
186,17,agent_0,1,0.0
186,16,agent_2,1,0.0
186,16,agent_1,1,0.0
186,16,agent_0,1,0.0
186,21,agent_0,1,0.0
186,20,agent_2,1,0.0
186,18,agent_0,0,0.0
188,4,agent_2,1,0.0
188,4,agent_1,1,0.0
188,3,agent_2,0,0.0
188,3,agent_1,0,0.0
188,2,agent_2,1,0.0
188,2,agent_1,0,0.0
188,2,agent_0,0,0.0
187,22,agent_0,1,0.0
188,7,agent_2,1,0.0
188,7,agent_1,1,0.0
188,7,agent_0,0,0.0
188,6,agent_2,1,0.0
188,6,agent_1,1,0.0
188,6,agent_0,1,0.0
188,5,agent_2,1,0.0
188,11,agent_1,1,0.0
188,8,agent_0,1,0.0
28,7,agent_2,1,0.0
188,14,agent_2,1,0.0
28,14,agent_1,1,0.0
28,14,agent_0,0,0.0
28,13,agent_2,1,0.0
28,13,agent_1,0,0.0
28,13,agent_0,1,0.0
28,12,agent_2,1,0.0
188,5,agent_1,1,0.0
188,1,agent_2,0,0.0
188,1,agent_1,0,0.0
188,0,agent_2,1,0.0
188,0,agent_1,0,0.0
188,0,agent_0,1,0.0
187,24,agent_2,1,0.0
187,24,agent_1,1,0.0
187,24,agent_0,1,0.0
28,12,agent_1,1,0.0
187,16,agent_1,1,0.0
187,16,agent_0,1,0.0
187,15,agent_1,1,0.0
187,15,agent_0,1,0.0
187,20,agent_2,0,0.0
187,20,agent_0,1,0.0
187,19,agent_2,0,0.0
187,19,agent_1,1,0.0
188,11,agent_0,1,0.0
187,18,agent_2,0,0.0
187,18,agent_1,1,0.0
187,18,agent_0,1,0.0
187,23,agent_2,1,0.0
187,23,agent_1,1,0.0
187,23,agent_0,1,0.0
187,22,agent_2,0,0.0
187,22,agent_1,1,0.0
187,19,agent_0,1,0.0
188,10,agent_1,1,0.0
188,10,agent_0,1,0.0
188,9,agent_2,1,0.0
188,9,agent_0,1,0.0
188,8,agent_2,1,0.0
188,8,agent_1,1,0.0
187,14,agent_2,0,0.0
187,14,agent_1,1,0.0
187,16,agent_2,0,0.0
187,13,agent_2,0,0.0
187,13,agent_1,1,0.0
187,13,agent_0,1,0.0
187,12,agent_2,0,0.0
187,12,agent_1,1,0.0
187,17,agent_2,1,0.0
187,17,agent_1,1,0.0
187,17,agent_0,1,0.0
187,14,agent_0,1,0.0
193,0,agent_0,0,0.0
192,24,agent_2,1,0.0
192,24,agent_1,1,0.0
192,24,agent_0,1,0.0
192,23,agent_2,1,0.0
192,23,agent_1,1,0.0
192,23,agent_0,1,0.0
190,7,agent_2,1,0.0
193,2,agent_2,0,0.0
193,2,agent_1,0,0.0
193,2,agent_0,0,0.0
193,1,agent_2,0,0.0
193,1,agent_1,0,0.0
193,1,agent_0,0,0.0
193,0,agent_2,0,0.0
193,0,agent_1,0,0.0
192,22,agent_1,1,0.0
27,13,agent_1,1,0.0
27,13,agent_0,1,0.0
193,7,agent_0,1,0.0
27,18,agent_0,1,0.0
27,17,agent_2,1,0.0
27,17,agent_1,1,0.0
27,17,agent_0,1,0.0
27,16,agent_2,1,0.0
192,19,agent_1,1,0.0
27,16,agent_0,1,0.0
192,22,agent_0,1,0.0
192,21,agent_2,1,0.0
192,21,agent_1,1,0.0
192,21,agent_0,1,0.0
192,20,agent_1,1,0.0
192,20,agent_0,1,0.0
192,19,agent_2,1,0.0
27,16,agent_1,1,0.0
192,10,agent_1,1,0.0
192,9,agent_1,1,0.0
192,9,agent_0,1,0.0
192,8,agent_2,1,0.0
192,8,agent_1,1,0.0
192,14,agent_2,1,0.0
192,14,agent_1,1,0.0
193,5,agent_2,1,0.0
192,13,agent_1,1,0.0
192,13,agent_0,1,0.0
192,12,agent_2,1,0.0
192,12,agent_1,1,0.0
192,12,agent_0,1,0.0
192,19,agent_0,1,0.0
192,18,agent_1,1,0.0
192,18,agent_0,1,0.0
192,14,agent_0,1,0.0
193,5,agent_1,1,0.0
193,5,agent_0,0,0.0
193,4,agent_1,1,0.0
193,4,agent_0,0,0.0
193,3,agent_2,1,0.0
193,3,agent_1,0,0.0
193,3,agent_0,0,0.0
192,8,agent_0,1,0.0
192,10,agent_2,1,0.0
192,6,agent_0,1,0.0
192,5,agent_1,1,0.0
192,5,agent_0,1,0.0
192,4,agent_1,1,0.0
192,4,agent_0,1,0.0
192,3,agent_0,1,0.0
192,11,agent_1,1,0.0
192,11,agent_0,1,0.0
192,6,agent_1,1,0.0
194,3,agent_0,1,0.0
193,10,agent_2,1,0.0
193,10,agent_0,1,0.0
193,9,agent_2,0,0.0
193,8,agent_2,0,0.0
193,8,agent_1,1,0.0
193,8,agent_0,1,0.0
27,13,agent_2,1,0.0
193,7,agent_1,1,0.0
193,13,agent_2,1,0.0
193,13,agent_1,1,0.0
193,13,agent_0,1,0.0
193,12,agent_2,0,0.0
193,12,agent_1,1,0.0
193,12,agent_0,1,0.0
193,11,agent_2,0,0.0
193,7,agent_2,0,0.0
193,23,agent_0,1,0.0
193,22,agent_2,1,0.0
193,22,agent_1,1,0.0
194,2,agent_2,1,0.0
194,2,agent_1,1,0.0
194,2,agent_0,1,0.0
194,1,agent_2,1,0.0
194,1,agent_1,0,0.0
194,3,agent_1,1,0.0
194,0,agent_1,0,0.0
194,0,agent_0,1,0.0
194,6,agent_1,1,0.0
194,6,agent_0,1,0.0
194,5,agent_2,1,0.0
194,5,agent_0,1,0.0
194,4,agent_0,1,0.0
194,3,agent_2,1,0.0
194,0,agent_2,0,0.0
27,8,agent_0,0,0.0
27,7,agent_2,1,0.0
193,6,agent_1,1,0.0
193,6,agent_0,1,0.0
27,12,agent_1,1,0.0
27,12,agent_0,0,0.0
27,11,agent_2,1,0.0
27,11,agent_1,1,0.0
193,11,agent_0,1,0.0
27,10,agent_2,1,0.0
27,10,agent_1,1,0.0
27,10,agent_0,0,0.0
27,15,agent_2,1,0.0
27,15,agent_1,1,0.0
27,15,agent_0,1,0.0
27,14,agent_1,1,0.0
27,14,agent_0,1,0.0
27,11,agent_0,0,0.0
193,16,agent_2,1,0.0
193,16,agent_1,1,0.0
193,16,agent_0,1,0.0
193,15,agent_2,1,0.0
193,15,agent_1,1,0.0
193,15,agent_0,1,0.0
193,14,agent_1,1,0.0
193,14,agent_0,1,0.0
27,8,agent_2,1,0.0
193,19,agent_0,1,0.0
193,18,agent_2,1,0.0
193,18,agent_1,1,0.0
193,18,agent_0,1,0.0
193,17,agent_2,1,0.0
193,17,agent_0,1,0.0
27,9,agent_2,1,0.0
27,9,agent_0,1,0.0
193,19,agent_1,1,0.0
191,8,agent_0,0,0.0
191,7,agent_2,1,0.0
191,7,agent_0,1,0.0
191,12,agent_2,1,0.0
191,12,agent_1,1,0.0
191,12,agent_0,1,0.0
191,11,agent_2,1,0.0
192,17,agent_2,1,0.0
191,11,agent_0,0,0.0
191,10,agent_2,1,0.0
191,10,agent_1,1,0.0
190,17,agent_0,1,0.0
190,16,agent_2,1,0.0
190,16,agent_0,1,0.0
190,15,agent_2,0,0.0
190,15,agent_1,0,0.0
191,11,agent_1,1,0.0
191,2,agent_2,1,0.0
191,2,agent_1,1,0.0
191,1,agent_2,1,0.0
191,1,agent_1,1,0.0
191,1,agent_0,1,0.0
191,6,agent_2,1,0.0
191,6,agent_0,1,0.0
191,5,agent_2,1,0.0
191,8,agent_2,1,0.0
191,5,agent_0,1,0.0
191,4,agent_2,1,0.0
191,4,agent_1,1,0.0
191,4,agent_0,1,0.0
191,10,agent_0,1,0.0
191,9,agent_2,1,0.0
191,9,agent_1,1,0.0
191,9,agent_0,1,0.0
191,5,agent_1,1,0.0
191,0,agent_2,1,0.0
191,0,agent_1,1,0.0
191,0,agent_0,1,0.0
190,24,agent_2,1,0.0
190,24,agent_1,1,0.0
190,24,agent_0,1,0.0
190,23,agent_2,1,0.0
190,23,agent_1,1,0.0
190,15,agent_0,1,0.0
190,4,agent_2,1,0.0
190,4,agent_1,1,0.0
190,4,agent_0,1,0.0
190,3,agent_0,1,0.0
190,2,agent_2,1,0.0
190,2,agent_0,1,0.0
190,1,agent_2,1,0.0
190,8,agent_0,1,0.0
190,5,agent_0,1,0.0
190,14,agent_2,0,0.0
190,14,agent_1,0,0.0
190,19,agent_2,1,0.0
190,19,agent_1,1,0.0
190,19,agent_0,1,0.0
190,18,agent_2,1,0.0
190,18,agent_1,1,0.0
190,18,agent_0,1,0.0
190,20,agent_0,1,0.0
190,17,agent_1,1,0.0
190,23,agent_0,1,0.0
190,22,agent_2,1,0.0
190,22,agent_1,1,0.0
190,22,agent_0,1,0.0
190,21,agent_2,1,0.0
190,21,agent_1,1,0.0
190,21,agent_0,1,0.0
190,17,agent_2,1,0.0
191,18,agent_1,1,0.0
191,18,agent_0,1,0.0
191,24,agent_1,1,0.0
191,24,agent_0,1,0.0
191,23,agent_2,0,0.0
191,23,agent_1,1,0.0
191,22,agent_2,1,0.0
191,3,agent_0,1,0.0
191,22,agent_0,0,0.0
191,21,agent_1,1,0.0
192,2,agent_1,0,0.0
192,2,agent_0,1,0.0
192,1,agent_2,1,0.0
192,1,agent_1,1,0.0
192,1,agent_0,1,0.0
192,0,agent_2,1,0.0
191,22,agent_1,1,0.0
192,17,agent_1,1,0.0
192,16,agent_1,1,0.0
192,16,agent_0,1,0.0
192,15,agent_1,1,0.0
191,17,agent_2,0,0.0
191,17,agent_1,1,0.0
191,17,agent_0,0,0.0
191,16,agent_2,1,0.0
191,18,agent_2,1,0.0
191,16,agent_0,1,0.0
191,15,agent_2,1,0.0
191,15,agent_1,1,0.0
191,20,agent_2,1,0.0
191,20,agent_1,1,0.0
191,20,agent_0,0,0.0
191,19,agent_2,1,0.0
191,19,agent_1,1,0.0
191,16,agent_1,1,0.0
28,1,agent_1,0,0.0
28,1,agent_0,0,0.0
28,0,agent_2,0,0.0
28,0,agent_1,0,0.0
28,0,agent_0,0,0.0
27,24,agent_2,1,0.0
27,24,agent_1,1,0.0
191,15,agent_0,0,0.0
192,0,agent_0,1,0.0
191,14,agent_1,1,0.0
28,3,agent_2,0,0.0
28,3,agent_1,0,0.0
28,3,agent_0,0,0.0
28,2,agent_1,0,0.0
28,2,agent_0,0,0.0
191,3,agent_2,1,0.0
191,3,agent_1,1,0.0
191,14,agent_2,1,0.0
191,24,agent_2,1,0.0
27,20,agent_2,1,0.0
27,20,agent_0,1,0.0
27,19,agent_2,1,0.0
27,19,agent_0,1,0.0
27,18,agent_2,1,0.0
27,18,agent_1,1,0.0
191,13,agent_1,0,0.0
28,1,agent_2,0,0.0
27,24,agent_0,1,0.0
27,23,agent_2,1,0.0
27,23,agent_1,1,0.0
27,23,agent_0,1,0.0
27,22,agent_2,1,0.0
27,22,agent_1,1,0.0
27,22,agent_0,1,0.0
27,21,agent_2,1,0.0
191,13,agent_0,0,0.0
182,1,agent_2,0,0.0
182,1,agent_0,0,0.0
182,0,agent_2,0,0.0
182,0,agent_1,1,0.0
182,0,agent_0,0,0.0
181,24,agent_2,1,0.0
181,24,agent_1,1,0.0
186,3,agent_0,0,0.0
181,4,agent_2,1,0.0
181,4,agent_0,1,0.0
181,3,agent_2,1,0.0
181,3,agent_0,1,0.0
181,2,agent_2,1,0.0
181,2,agent_0,1,0.0
181,1,agent_2,1,0.0
181,1,agent_0,1,0.0
181,24,agent_0,1,0.0
181,16,agent_1,1,0.0
181,16,agent_0,1,0.0
181,21,agent_0,1,0.0
181,20,agent_2,1,0.0
181,20,agent_1,1,0.0
181,20,agent_0,1,0.0
181,19,agent_2,1,0.0
181,19,agent_1,1,0.0
181,21,agent_1,1,0.0
181,18,agent_2,1,0.0
181,23,agent_2,1,0.0
181,23,agent_1,1,0.0
181,23,agent_0,1,0.0
181,22,agent_2,1,0.0
181,22,agent_1,1,0.0
181,22,agent_0,1,0.0
181,21,agent_2,1,0.0
181,19,agent_0,1,0.0
181,13,agent_2,1,0.0
181,13,agent_1,1,0.0
181,13,agent_0,1,0.0
181,12,agent_2,1,0.0
180,17,agent_2,0,0.0
180,17,agent_1,1,0.0
180,17,agent_0,1,0.0
181,8,agent_0,1,0.0
180,16,agent_1,1,0.0
180,16,agent_0,1,0.0
180,15,agent_2,0,0.0
180,15,agent_1,1,0.0
180,20,agent_1,1,0.0
180,20,agent_0,1,0.0
180,19,agent_2,0,0.0
180,19,agent_1,1,0.0
180,16,agent_2,0,0.0
181,7,agent_2,1,0.0
181,7,agent_0,1,0.0
181,6,agent_2,1,0.0
181,6,agent_0,1,0.0
181,5,agent_2,1,0.0
181,5,agent_0,1,0.0
181,12,agent_1,1,0.0
181,12,agent_0,1,0.0
181,14,agent_0,1,0.0
181,11,agent_0,1,0.0
181,10,agent_2,1,0.0
181,10,agent_0,1,0.0
181,9,agent_0,1,0.0
181,8,agent_2,1,0.0
181,15,agent_1,1,0.0
181,15,agent_0,1,0.0
181,14,agent_2,1,0.0
181,11,agent_1,1,0.0
182,13,agent_1,1,0.0
182,13,agent_0,1,0.0
182,12,agent_1,1,0.0
182,12,agent_0,1,0.0
182,11,agent_2,1,0.0
182,11,agent_1,1,0.0
182,11,agent_0,1,0.0
181,16,agent_2,1,0.0
182,16,agent_1,1,0.0
182,16,agent_0,1,0.0
182,15,agent_1,1,0.0
182,15,agent_0,1,0.0
182,14,agent_2,1,0.0
182,14,agent_1,0,0.0
182,14,agent_0,1,0.0
29,22,agent_1,1,0.0
182,16,agent_2,1,0.0
29,16,agent_0,1,0.0
182,7,agent_2,1,0.0
182,7,agent_1,0,0.0
182,7,agent_0,1,0.0
182,6,agent_2,0,0.0
182,6,agent_1,0,0.0
182,5,agent_2,0,0.0
182,5,agent_1,0,0.0
182,13,agent_2,1,0.0
182,10,agent_2,1,0.0
182,10,agent_1,1,0.0
182,10,agent_0,1,0.0
182,9,agent_2,1,0.0
182,9,agent_1,1,0.0
182,9,agent_0,1,0.0
182,8,agent_1,0,0.0
182,8,agent_0,1,0.0
182,5,agent_0,1,0.0
30,2,agent_1,1,0.0
30,1,agent_2,1,0.0
30,1,agent_1,0,0.0
30,1,agent_0,1,0.0
182,4,agent_2,0,0.0
30,7,agent_0,1,0.0
30,6,agent_2,1,0.0
30,6,agent_0,1,0.0
29,21,agent_2,1,0.0
30,5,agent_1,1,0.0
30,5,agent_0,1,0.0
30,4,agent_2,1,0.0
181,18,agent_1,1,0.0
181,18,agent_0,1,0.0
181,17,agent_2,1,0.0
181,17,agent_1,1,0.0
181,17,agent_0,1,0.0
30,5,agent_2,1,0.0
182,4,agent_1,1,0.0
182,4,agent_0,1,0.0
182,3,agent_2,1,0.0
182,3,agent_0,0,0.0
182,2,agent_2,0,0.0
182,2,agent_0,0,0.0
30,0,agent_2,1,0.0
30,0,agent_1,0,0.0
30,2,agent_2,1,0.0
29,24,agent_2,1,0.0
29,24,agent_1,0,0.0
29,24,agent_0,1,0.0
29,23,agent_2,1,0.0
29,22,agent_2,0,0.0
30,4,agent_0,1,0.0
30,3,agent_2,1,0.0
30,3,agent_0,1,0.0
30,0,agent_0,1,0.0
179,12,agent_0,1,0.0
179,11,agent_2,1,0.0
179,17,agent_2,1,0.0
179,17,agent_1,1,0.0
179,17,agent_0,1,0.0
179,16,agent_2,1,0.0
179,16,agent_1,1,0.0
180,19,agent_0,1,0.0
179,15,agent_2,1,0.0
179,15,agent_1,1,0.0
179,21,agent_1,1,0.0
179,21,agent_0,1,0.0
179,20,agent_2,1,0.0
179,20,agent_1,1,0.0
179,20,agent_0,1,0.0
179,19,agent_1,1,0.0
179,16,agent_0,1,0.0
30,13,agent_0,1,0.0
30,12,agent_1,1,0.0
30,12,agent_0,1,0.0
30,11,agent_2,0,0.0
180,1,agent_1,1,0.0
30,17,agent_2,1,0.0
30,17,agent_1,1,0.0
30,16,agent_1,1,0.0
179,12,agent_1,1,0.0
30,15,agent_2,1,0.0
30,15,agent_1,1,0.0
30,15,agent_0,1,0.0
179,15,agent_0,1,0.0
179,14,agent_1,1,0.0
179,14,agent_0,1,0.0
179,13,agent_2,1,0.0
179,13,agent_0,1,0.0
30,16,agent_0,1,0.0
179,2,agent_2,1,0.0
179,2,agent_1,0,0.0
179,2,agent_0,1,0.0
179,1,agent_1,0,0.0
179,1,agent_0,0,0.0
179,0,agent_1,0,0.0
179,0,agent_0,0,0.0
179,18,agent_2,1,0.0
179,5,agent_1,0,0.0
179,5,agent_0,1,0.0
179,4,agent_2,0,0.0
179,4,agent_1,0,0.0
179,4,agent_0,1,0.0
179,3,agent_2,0,0.0
179,3,agent_1,0,0.0
179,11,agent_1,1,0.0
179,5,agent_2,1,0.0
179,18,agent_0,1,0.0
179,24,agent_0,1,0.0
179,23,agent_2,1,0.0
179,23,agent_1,1,0.0
179,23,agent_0,1,0.0
179,22,agent_2,1,0.0
179,22,agent_1,1,0.0
179,22,agent_0,1,0.0
179,3,agent_0,1,0.0
178,24,agent_2,1,0.0
178,24,agent_1,1,0.0
178,24,agent_0,0,0.0
178,23,agent_2,0,0.0
178,23,agent_0,1,0.0
178,22,agent_2,0,0.0
178,22,agent_0,1,0.0
178,21,agent_2,1,0.0
179,21,agent_2,1,0.0
180,23,agent_1,0,0.0
180,4,agent_1,1,0.0
180,4,agent_0,1,0.0
180,3,agent_1,1,0.0
180,3,agent_0,1,0.0
180,2,agent_2,0,0.0
180,2,agent_1,1,0.0
30,13,agent_1,1,0.0
180,1,agent_2,0,0.0
180,8,agent_0,1,0.0
180,7,agent_2,0,0.0
180,7,agent_0,1,0.0
180,6,agent_1,0,0.0
180,6,agent_0,1,0.0
180,5,agent_2,1,0.0
180,5,agent_1,1,0.0
180,2,agent_0,1,0.0
180,18,agent_2,0,0.0
180,18,agent_1,1,0.0
180,18,agent_0,1,0.0
180,23,agent_0,1,0.0
180,22,agent_2,1,0.0
180,22,agent_1,0,0.0
180,22,agent_0,1,0.0
180,21,agent_2,1,0.0
180,23,agent_2,1,0.0
180,21,agent_0,1,0.0
180,20,agent_2,0,0.0
181,0,agent_2,1,0.0
181,0,agent_1,1,0.0
181,0,agent_0,1,0.0
180,24,agent_2,1,0.0
180,24,agent_1,0,0.0
180,24,agent_0,1,0.0
180,21,agent_1,1,0.0
30,7,agent_2,0,0.0
30,7,agent_1,1,0.0
180,0,agent_2,0,0.0
180,0,agent_1,0,0.0
179,24,agent_2,1,0.0
179,24,agent_1,1,0.0
30,11,agent_1,1,0.0
30,11,agent_0,1,0.0
180,5,agent_0,1,0.0
30,10,agent_1,1,0.0
30,10,agent_0,1,0.0
30,9,agent_2,1,0.0
30,9,agent_0,1,0.0
30,8,agent_2,0,0.0
30,14,agent_1,1,0.0
30,14,agent_0,1,0.0
30,13,agent_2,1,0.0
30,10,agent_2,1,0.0
180,11,agent_1,1,0.0
180,10,agent_2,1,0.0
180,10,agent_0,1,0.0
180,9,agent_2,0,0.0
180,9,agent_1,0,0.0
180,9,agent_0,1,0.0
180,8,agent_2,1,0.0
180,8,agent_1,1,0.0
30,8,agent_0,1,0.0
180,14,agent_1,0,0.0
180,14,agent_0,1,0.0
180,13,agent_2,0,0.0
180,13,agent_1,0,0.0
180,12,agent_1,0,0.0
180,12,agent_0,1,0.0
180,11,agent_2,1,0.0
30,8,agent_1,1,0.0
180,14,agent_2,1,0.0
185,19,agent_2,1,0.0
185,19,agent_1,1,0.0
185,18,agent_2,1,0.0
29,2,agent_1,0,0.0
29,2,agent_0,0,0.0
29,1,agent_2,0,0.0
29,1,agent_1,0,0.0
29,16,agent_2,1,0.0
29,0,agent_2,0,0.0
29,0,agent_1,0,0.0
185,4,agent_0,1,0.0
29,5,agent_0,1,0.0
29,4,agent_2,0,0.0
29,4,agent_1,1,0.0
29,4,agent_0,1,0.0
29,3,agent_2,0,0.0
29,1,agent_0,0,0.0
185,11,agent_2,1,0.0
185,11,agent_0,1,0.0
185,10,agent_2,1,0.0
185,9,agent_2,1,0.0
185,9,agent_1,1,0.0
185,17,agent_2,1,0.0
185,17,agent_1,1,0.0
185,16,agent_2,0,0.0
185,20,agent_1,1,0.0
185,15,agent_2,1,0.0
185,15,agent_0,1,0.0
185,14,agent_1,1,0.0
185,14,agent_0,1,0.0
185,23,agent_1,1,0.0
185,22,agent_1,1,0.0
185,21,agent_2,1,0.0
185,21,agent_1,1,0.0
185,16,agent_0,1,0.0
184,20,agent_0,1,0.0
184,19,agent_2,1,0.0
184,18,agent_2,1,0.0
184,18,agent_0,1,0.0
184,17,agent_2,1,0.0
184,16,agent_2,1,0.0
184,16,agent_1,1,0.0
29,3,agent_1,0,0.0
184,23,agent_0,1,0.0
184,22,agent_2,1,0.0
184,22,agent_1,1,0.0
184,22,agent_0,1,0.0
184,21,agent_2,1,0.0
184,21,agent_1,1,0.0
184,21,agent_0,1,0.0
184,20,agent_2,1,0.0
184,16,agent_0,1,0.0
29,3,agent_0,0,0.0
29,2,agent_2,0,0.0
29,8,agent_2,1,0.0
29,8,agent_1,1,0.0
29,8,agent_0,1,0.0
29,7,agent_0,1,0.0
29,6,agent_2,1,0.0
29,6,agent_1,1,0.0
29,9,agent_0,1,0.0
29,5,agent_2,0,0.0
185,5,agent_0,1,0.0
185,4,agent_2,0,0.0
185,4,agent_1,1,0.0
29,10,agent_2,1,0.0
29,10,agent_1,1,0.0
29,10,agent_0,1,0.0
29,9,agent_1,1,0.0
29,6,agent_0,1,0.0
186,7,agent_2,1,0.0
186,7,agent_1,1,0.0
186,12,agent_1,1,0.0
186,12,agent_0,1,0.0
186,11,agent_2,1,0.0
186,11,agent_1,1,0.0
186,11,agent_0,0,0.0
185,12,agent_2,1,0.0
186,10,agent_1,1,0.0
186,10,agent_0,1,0.0
28,15,agent_1,0,0.0
28,14,agent_2,0,0.0
186,0,agent_1,0,0.0
186,0,agent_0,1,0.0
185,24,agent_2,1,0.0
185,24,agent_1,1,0.0
186,10,agent_2,0,0.0
186,2,agent_2,0,0.0
186,2,agent_1,0,0.0
186,1,agent_2,0,0.0
186,1,agent_1,0,0.0
186,7,agent_0,1,0.0
186,6,agent_2,1,0.0
186,6,agent_1,1,0.0
186,6,agent_0,0,0.0
186,8,agent_0,1,0.0
186,5,agent_1,0,0.0
186,5,agent_0,0,0.0
186,4,agent_2,1,0.0
186,9,agent_2,1,0.0
186,9,agent_1,1,0.0
186,9,agent_0,0,0.0
186,8,agent_2,1,0.0
186,8,agent_1,1,0.0
186,5,agent_2,1,0.0
186,0,agent_2,0,0.0
29,0,agent_0,0,0.0
28,24,agent_2,1,0.0
28,24,agent_1,1,0.0
28,24,agent_0,0,0.0
28,23,agent_2,0,0.0
28,23,agent_1,0,0.0
185,9,agent_0,1,0.0
185,24,agent_0,1,0.0
185,8,agent_1,1,0.0
185,7,agent_2,1,0.0
185,7,agent_1,1,0.0
185,7,agent_0,0,0.0
185,6,agent_1,0,0.0
185,5,agent_1,1,0.0
185,13,agent_2,1,0.0
185,13,agent_0,1,0.0
185,8,agent_2,1,0.0
185,23,agent_2,1,0.0
28,19,agent_0,0,0.0
28,18,agent_2,0,0.0
28,18,agent_1,0,0.0
28,18,agent_0,0,0.0
28,17,agent_2,1,0.0
28,17,agent_1,0,0.0
28,16,agent_2,1,0.0
186,1,agent_0,1,0.0
28,23,agent_0,0,0.0
28,22,agent_1,0,0.0
28,22,agent_0,1,0.0
28,21,agent_1,1,0.0
28,21,agent_0,1,0.0
28,20,agent_2,1,0.0
28,20,agent_0,1,0.0
28,19,agent_2,1,0.0
28,15,agent_2,0,0.0
183,5,agent_2,1,0.0
183,5,agent_0,1,0.0
183,4,agent_2,1,0.0
183,4,agent_1,1,0.0
183,4,agent_0,1,0.0
183,3,agent_0,1,0.0
183,9,agent_2,0,0.0
185,0,agent_2,0,0.0
183,9,agent_0,1,0.0
183,8,agent_1,1,0.0
183,8,agent_0,1,0.0
183,7,agent_2,1,0.0
183,7,agent_1,0,0.0
183,7,agent_0,1,0.0
183,13,agent_1,1,0.0
183,13,agent_0,1,0.0
183,9,agent_1,1,0.0
184,2,agent_0,1,0.0
184,1,agent_2,0,0.0
184,1,agent_1,0,0.0
184,1,agent_0,0,0.0
184,0,agent_2,0,0.0
184,0,agent_1,0,0.0
184,0,agent_0,1,0.0
183,24,agent_2,1,0.0
183,6,agent_1,1,0.0
183,1,agent_2,1,0.0
183,1,agent_1,0,0.0
183,1,agent_0,1,0.0
29,20,agent_2,1,0.0
29,20,agent_1,1,0.0
29,19,agent_2,1,0.0
29,19,agent_1,1,0.0
183,6,agent_2,1,0.0
183,2,agent_1,1,0.0
182,24,agent_1,1,0.0
182,24,agent_0,1,0.0
182,23,agent_2,1,0.0
29,15,agent_2,1,0.0
29,15,agent_0,1,0.0
29,14,agent_2,1,0.0
29,13,agent_0,1,0.0
29,12,agent_2,1,0.0
183,12,agent_1,1,0.0
29,11,agent_2,1,0.0
29,11,agent_1,1,0.0
29,19,agent_0,1,0.0
29,18,agent_2,1,0.0
29,18,agent_1,1,0.0
29,18,agent_0,1,0.0
29,17,agent_2,1,0.0
29,17,agent_0,1,0.0
29,12,agent_0,1,0.0
183,12,agent_0,1,0.0
183,11,agent_0,1,0.0
183,10,agent_2,1,0.0
183,10,agent_1,1,0.0
183,10,agent_0,1,0.0
182,23,agent_0,1,0.0
182,22,agent_0,1,0.0
182,21,agent_0,1,0.0
182,24,agent_2,1,0.0
182,19,agent_0,1,0.0
182,18,agent_0,1,0.0
182,17,agent_1,1,0.0
182,17,agent_0,1,0.0
29,11,agent_0,1,0.0
183,0,agent_2,0,0.0
183,0,agent_1,0,0.0
183,0,agent_0,1,0.0
182,20,agent_0,1,0.0
184,4,agent_0,0,0.0
184,3,agent_2,1,0.0
184,3,agent_0,1,0.0
184,2,agent_2,0,0.0
184,2,agent_1,0,0.0
184,8,agent_2,1,0.0
184,8,agent_1,1,0.0
183,21,agent_2,1,0.0
184,7,agent_2,1,0.0
184,7,agent_1,1,0.0
184,6,agent_2,1,0.0
184,6,agent_1,1,0.0
184,5,agent_2,1,0.0
184,13,agent_0,1,0.0
184,12,agent_2,1,0.0
184,12,agent_0,0,0.0
184,8,agent_0,1,0.0
185,0,agent_1,1,0.0
185,0,agent_0,0,0.0
184,24,agent_2,1,0.0
184,24,agent_1,1,0.0
184,24,agent_0,1,0.0
184,23,agent_2,1,0.0
184,23,agent_1,1,0.0
185,3,agent_2,0,0.0
184,4,agent_1,1,0.0
185,2,agent_2,0,0.0
185,2,agent_1,1,0.0
185,2,agent_0,0,0.0
185,1,agent_2,0,0.0
185,1,agent_1,1,0.0
185,1,agent_0,0,0.0
184,5,agent_0,1,0.0
184,4,agent_2,1,0.0
185,3,agent_0,1,0.0
183,14,agent_1,1,0.0
183,14,agent_0,1,0.0
183,21,agent_1,1,0.0
183,21,agent_0,1,0.0
183,20,agent_2,1,0.0
183,20,agent_0,1,0.0
183,19,agent_2,0,0.0
183,19,agent_0,1,0.0
184,11,agent_2,1,0.0
183,18,agent_0,1,0.0
183,24,agent_1,1,0.0
183,24,agent_0,1,0.0
183,23,agent_2,1,0.0
183,23,agent_1,1,0.0
183,23,agent_0,1,0.0
183,22,agent_1,1,0.0
183,22,agent_0,1,0.0
183,18,agent_2,0,0.0
184,11,agent_0,1,0.0
184,10,agent_2,1,0.0
184,10,agent_0,1,0.0
184,9,agent_2,1,0.0
184,15,agent_2,1,0.0
184,15,agent_1,1,0.0
184,15,agent_0,1,0.0
184,14,agent_2,1,0.0
183,15,agent_0,1,0.0
184,14,agent_0,0,0.0
184,13,agent_2,1,0.0
184,13,agent_1,1,0.0
183,17,agent_2,1,0.0
183,17,agent_0,1,0.0
183,16,agent_1,1,0.0
183,16,agent_0,1,0.0
183,15,agent_1,1,0.0
184,14,agent_1,1,0.0
204,10,agent_2,0,0.0
204,10,agent_0,1,0.0
204,9,agent_0,1,0.0
204,8,agent_2,0,0.0
204,8,agent_1,1,0.0
204,8,agent_0,1,0.0
204,14,agent_2,1,0.0
193,23,agent_1,0,0.0
204,13,agent_2,1,0.0
204,13,agent_1,1,0.0
204,13,agent_0,1,0.0
204,12,agent_1,1,0.0
204,12,agent_0,1,0.0
204,11,agent_2,1,0.0
203,21,agent_0,1,0.0
203,20,agent_1,1,0.0
204,14,agent_0,1,0.0
204,3,agent_0,1,0.0
204,2,agent_1,1,0.0
204,2,agent_0,1,0.0
204,1,agent_2,1,0.0
204,0,agent_2,0,0.0
203,24,agent_2,1,0.0
203,24,agent_1,0,0.0
203,24,agent_0,1,0.0
204,11,agent_0,1,0.0
204,7,agent_1,1,0.0
204,7,agent_0,1,0.0
204,6,agent_1,1,0.0
204,5,agent_1,1,0.0
204,5,agent_0,1,0.0
204,4,agent_0,1,0.0
204,3,agent_1,1,0.0
204,11,agent_1,1,0.0
204,7,agent_2,1,0.0
24,10,agent_0,0,0.0
203,23,agent_2,1,0.0
24,18,agent_0,0,0.0
24,17,agent_2,1,0.0
24,17,agent_1,1,0.0
24,17,agent_0,1,0.0
24,16,agent_2,1,0.0
203,20,agent_0,1,0.0
24,15,agent_2,1,0.0
203,8,agent_2,0,0.0
203,8,agent_1,1,0.0
203,8,agent_0,1,0.0
203,7,agent_2,1,0.0
203,7,agent_1,1,0.0
203,6,agent_2,1,0.0
203,5,agent_2,1,0.0
24,16,agent_0,1,0.0
203,19,agent_1,1,0.0
203,19,agent_0,1,0.0
203,18,agent_2,0,0.0
203,18,agent_1,1,0.0
203,18,agent_0,1,0.0
24,9,agent_0,1,0.0
24,8,agent_2,1,0.0
24,8,agent_0,1,0.0
24,10,agent_2,1,0.0
203,22,agent_1,1,0.0
203,21,agent_1,1,0.0
24,15,agent_0,1,0.0
24,14,agent_0,0,0.0
24,13,agent_2,0,0.0
24,12,agent_2,1,0.0
24,12,agent_0,0,0.0
24,11,agent_2,0,0.0
203,23,agent_1,1,0.0
23,24,agent_2,1,0.0
23,24,agent_1,0,0.0
23,24,agent_0,1,0.0
23,23,agent_2,1,0.0
23,23,agent_1,1,0.0
24,4,agent_2,0,0.0
24,4,agent_1,0,0.0
205,0,agent_0,1,0.0
24,3,agent_0,1,0.0
24,2,agent_2,0,0.0
24,1,agent_2,0,0.0
24,1,agent_1,1,0.0
24,1,agent_0,1,0.0
24,7,agent_2,1,0.0
24,7,agent_0,0,0.0
24,6,agent_2,1,0.0
24,3,agent_2,0,0.0
205,18,agent_1,1,0.0
205,17,agent_2,1,0.0
205,17,agent_1,1,0.0
205,17,agent_0,1,0.0
205,16,agent_1,1,0.0
205,15,agent_2,0,0.0
205,15,agent_1,1,0.0
23,23,agent_0,1,0.0
24,0,agent_0,1,0.0
205,4,agent_2,0,0.0
205,4,agent_1,1,0.0
205,3,agent_2,1,0.0
205,3,agent_1,1,0.0
205,3,agent_0,1,0.0
205,2,agent_2,0,0.0
24,0,agent_2,0,0.0
24,0,agent_1,1,0.0
23,22,agent_1,1,0.0
204,18,agent_2,1,0.0
204,18,agent_1,1,0.0
204,24,agent_2,0,0.0
204,24,agent_1,1,0.0
204,24,agent_0,1,0.0
204,23,agent_2,1,0.0
204,23,agent_1,1,0.0
204,23,agent_0,1,0.0
24,6,agent_1,1,0.0
204,22,agent_1,1,0.0
205,2,agent_1,0,0.0
205,2,agent_0,1,0.0
205,1,agent_2,1,0.0
205,1,agent_1,0,0.0
205,1,agent_0,0,0.0
205,0,agent_2,0,0.0
205,0,agent_1,0,0.0
204,22,agent_2,1,0.0
24,6,agent_0,0,0.0
24,5,agent_2,1,0.0
24,5,agent_1,1,0.0
24,5,agent_0,0,0.0
204,18,agent_0,1,0.0
204,17,agent_2,1,0.0
204,17,agent_0,1,0.0
204,16,agent_1,1,0.0
204,19,agent_0,1,0.0
204,15,agent_2,1,0.0
204,15,agent_1,1,0.0
204,15,agent_0,1,0.0
204,22,agent_0,1,0.0
204,21,agent_0,1,0.0
204,20,agent_2,1,0.0
204,20,agent_1,1,0.0
204,20,agent_0,1,0.0
204,16,agent_0,1,0.0
202,5,agent_0,1,0.0
202,4,agent_2,0,0.0
202,3,agent_2,0,0.0
202,3,agent_1,0,0.0
202,3,agent_0,0,0.0
202,2,agent_2,0,0.0
202,2,agent_1,0,0.0
203,5,agent_0,1,0.0
24,21,agent_0,0,0.0
24,20,agent_2,1,0.0
24,20,agent_1,1,0.0
24,20,agent_0,1,0.0
24,19,agent_2,1,0.0
24,19,agent_0,0,0.0
24,18,agent_2,1,0.0
24,24,agent_1,1,0.0
24,21,agent_1,1,0.0
202,7,agent_2,0,0.0
202,14,agent_2,0,0.0
202,14,agent_1,1,0.0
202,14,agent_0,1,0.0
202,13,agent_2,0,0.0
202,13,agent_0,1,0.0
202,12,agent_2,0,0.0
202,12,agent_1,0,0.0
202,5,agent_2,0,0.0
202,17,agent_2,0,0.0
202,17,agent_1,1,0.0
202,17,agent_0,0,0.0
202,16,agent_2,0,0.0
202,16,agent_0,0,0.0
202,15,agent_2,0,0.0
202,15,agent_1,0,0.0
202,15,agent_0,1,0.0
202,12,agent_0,1,0.0
201,17,agent_2,0,0.0
201,17,agent_1,1,0.0
201,17,agent_0,1,0.0
201,16,agent_2,1,0.0
201,21,agent_2,1,0.0
201,21,agent_1,1,0.0
201,21,agent_0,1,0.0
24,24,agent_0,0,0.0
201,20,agent_1,1,0.0
201,20,agent_0,1,0.0
201,19,agent_2,1,0.0
201,24,agent_1,1,0.0
201,24,agent_0,1,0.0
201,23,agent_2,1,0.0
201,23,agent_1,1,0.0
201,23,agent_0,1,0.0
201,20,agent_2,0,0.0
24,23,agent_2,1,0.0
24,23,agent_1,1,0.0
24,23,agent_0,0,0.0
24,22,agent_1,1,0.0
24,22,agent_0,1,0.0
24,21,agent_2,1,0.0
25,2,agent_1,1,0.0
25,2,agent_0,0,0.0
201,18,agent_0,1,0.0
25,1,agent_0,0,0.0
25,0,agent_2,1,0.0
25,0,agent_1,1,0.0
25,0,agent_0,1,0.0
24,24,agent_2,1,0.0
201,19,agent_0,1,0.0
201,18,agent_2,1,0.0
201,18,agent_1,1,0.0
25,1,agent_1,1,0.0
203,17,agent_0,1,0.0
203,16,agent_2,0,0.0
203,16,agent_1,1,0.0
203,16,agent_0,1,0.0
203,15,agent_0,1,0.0
203,14,agent_2,1,0.0
202,20,agent_2,1,0.0
202,8,agent_0,0,0.0
202,19,agent_2,1,0.0
202,19,agent_1,0,0.0
202,19,agent_0,0,0.0
202,18,agent_2,0,0.0
202,18,agent_1,0,0.0
202,18,agent_0,1,0.0
202,24,agent_1,1,0.0
202,24,agent_0,1,0.0
202,20,agent_1,1,0.0
203,11,agent_2,0,0.0
203,11,agent_1,1,0.0
203,11,agent_0,1,0.0
203,10,agent_1,1,0.0
203,10,agent_0,1,0.0
203,9,agent_2,0,0.0
203,9,agent_1,1,0.0
203,9,agent_0,1,0.0
203,17,agent_1,1,0.0
203,14,agent_0,1,0.0
203,13,agent_2,0,0.0
203,13,agent_1,1,0.0
203,13,agent_0,1,0.0
203,12,agent_2,0,0.0
203,12,agent_1,1,0.0
203,12,agent_0,1,0.0
203,17,agent_2,1,0.0
203,14,agent_1,1,0.0
203,3,agent_0,0,0.0
203,2,agent_2,0,0.0
203,2,agent_1,0,0.0
202,7,agent_1,1,0.0
202,7,agent_0,0,0.0
202,6,agent_2,0,0.0
202,6,agent_0,0,0.0
25,4,agent_0,0,0.0
202,23,agent_2,1,0.0
25,3,agent_0,0,0.0
25,2,agent_2,1,0.0
202,11,agent_1,1,0.0
202,10,agent_2,1,0.0
202,10,agent_1,1,0.0
202,9,agent_2,1,0.0
202,9,agent_1,1,0.0
202,9,agent_0,1,0.0
25,3,agent_2,1,0.0
202,23,agent_1,1,0.0
202,22,agent_2,1,0.0
202,22,agent_1,1,0.0
202,21,agent_2,1,0.0
202,21,agent_1,1,0.0
203,2,agent_0,0,0.0
203,1,agent_2,0,0.0
203,1,agent_1,0,0.0
203,3,agent_1,0,0.0
203,0,agent_2,0,0.0
203,0,agent_1,0,0.0
203,0,agent_0,0,0.0
202,24,agent_2,1,0.0
203,4,agent_2,1,0.0
203,4,agent_1,0,0.0
203,4,agent_0,1,0.0
203,3,agent_2,0,0.0
203,1,agent_0,0,0.0
23,7,agent_0,1,0.0
208,6,agent_1,1,0.0
208,6,agent_0,1,0.0
208,5,agent_2,1,0.0
23,11,agent_1,0,0.0
23,11,agent_0,1,0.0
23,10,agent_2,1,0.0
205,19,agent_0,1,0.0
23,9,agent_2,0,0.0
207,15,agent_0,0,0.0
207,14,agent_2,1,0.0
207,13,agent_2,1,0.0
207,13,agent_0,1,0.0
207,12,agent_2,0,0.0
207,12,agent_1,1,0.0
207,12,agent_0,1,0.0
23,10,agent_1,1,0.0
23,2,agent_0,1,0.0
23,1,agent_2,1,0.0
23,1,agent_1,0,0.0
23,6,agent_2,1,0.0
23,6,agent_1,1,0.0
23,6,agent_0,1,0.0
23,5,agent_2,1,0.0
23,5,agent_1,1,0.0
23,7,agent_1,1,0.0
23,4,agent_2,1,0.0
23,4,agent_1,1,0.0
23,9,agent_1,1,0.0
23,9,agent_0,1,0.0
23,8,agent_2,0,0.0
23,8,agent_1,1,0.0
23,8,agent_0,1,0.0
23,7,agent_2,0,0.0
23,5,agent_0,1,0.0
208,3,agent_2,1,0.0
208,3,agent_1,1,0.0
208,3,agent_0,1,0.0
208,2,agent_2,1,0.0
208,2,agent_1,1,0.0
208,2,agent_0,1,0.0
207,0,agent_2,1,0.0
207,11,agent_2,0,0.0
207,0,agent_0,0,0.0
206,24,agent_2,0,0.0
206,24,agent_1,1,0.0
206,24,agent_0,1,0.0
206,23,agent_2,1,0.0
206,23,agent_1,1,0.0
207,3,agent_2,1,0.0
207,3,agent_1,0,0.0
207,0,agent_1,0,0.0
207,21,agent_1,1,0.0
207,21,agent_0,0,0.0
207,19,agent_1,1,0.0
207,19,agent_0,0,0.0
207,17,agent_1,1,0.0
207,17,agent_0,0,0.0
207,15,agent_2,1,0.0
207,15,agent_1,1,0.0
208,4,agent_2,1,0.0
208,1,agent_0,1,0.0
208,0,agent_2,1,0.0
208,0,agent_1,0,0.0
207,24,agent_2,1,0.0
207,24,agent_1,1,0.0
207,24,agent_0,1,0.0
207,23,agent_0,0,0.0
208,5,agent_0,1,0.0
208,1,agent_2,1,0.0
208,23,agent_2,0,0.0
209,6,agent_1,1,0.0
238,20,agent_2,1,0.0
209,5,agent_2,1,0.0
209,5,agent_1,1,0.0
209,5,agent_0,1,0.0
209,4,agent_2,1,0.0
23,2,agent_1,0,0.0
209,3,agent_0,1,0.0
209,9,agent_0,1,0.0
209,8,agent_2,1,0.0
209,8,agent_1,1,0.0
209,8,agent_0,1,0.0
209,7,agent_2,1,0.0
209,7,agent_1,1,0.0
209,7,agent_0,1,0.0
209,4,agent_0,1,0.0
209,18,agent_1,1,0.0
209,18,agent_0,1,0.0
209,17,agent_2,1,0.0
208,23,agent_1,0,0.0
208,23,agent_0,1,0.0
208,22,agent_2,0,0.0
208,22,agent_1,1,0.0
208,22,agent_0,1,0.0
208,24,agent_0,0,0.0
208,21,agent_1,0,0.0
208,21,agent_0,1,0.0
209,2,agent_0,1,0.0
209,1,agent_0,1,0.0
209,0,agent_2,0,0.0
209,0,agent_0,1,0.0
208,24,agent_2,0,0.0
208,24,agent_1,0,0.0
208,21,agent_2,1,0.0
208,15,agent_1,0,0.0
208,15,agent_0,1,0.0
208,14,agent_2,1,0.0
208,14,agent_1,1,0.0
208,14,agent_0,0,0.0
208,20,agent_2,0,0.0
208,20,agent_1,0,0.0
208,20,agent_0,1,0.0
209,6,agent_2,1,0.0
208,19,agent_0,1,0.0
208,18,agent_2,0,0.0
208,18,agent_1,1,0.0
208,17,agent_2,1,0.0
23,3,agent_2,1,0.0
23,3,agent_1,1,0.0
23,3,agent_0,1,0.0
23,2,agent_2,1,0.0
208,19,agent_1,0,0.0
208,10,agent_1,0,0.0
208,9,agent_2,1,0.0
208,9,agent_1,1,0.0
208,8,agent_0,1,0.0
208,7,agent_2,1,0.0
208,7,agent_1,1,0.0
208,6,agent_2,1,0.0
208,13,agent_2,1,0.0
208,15,agent_2,1,0.0
208,13,agent_0,1,0.0
208,12,agent_2,1,0.0
208,12,agent_1,1,0.0
208,11,agent_2,1,0.0
208,11,agent_1,1,0.0
208,10,agent_2,1,0.0
208,17,agent_1,0,0.0
208,16,agent_2,1,0.0
208,13,agent_1,0,0.0
205,20,agent_1,0,0.0
205,20,agent_0,1,0.0
205,19,agent_2,1,0.0
205,19,agent_1,1,0.0
206,1,agent_1,0,0.0
206,1,agent_0,0,0.0
206,0,agent_2,0,0.0
207,3,agent_0,0,0.0
206,0,agent_0,0,0.0
205,24,agent_2,1,0.0
205,24,agent_1,1,0.0
205,24,agent_0,1,0.0
206,4,agent_0,1,0.0
206,3,agent_2,0,0.0
206,3,agent_1,1,0.0
206,3,agent_0,1,0.0
206,0,agent_1,0,0.0
206,16,agent_2,1,0.0
206,16,agent_1,1,0.0
206,16,agent_0,1,0.0
206,15,agent_1,1,0.0
206,15,agent_0,1,0.0
206,14,agent_2,1,0.0
206,21,agent_0,1,0.0
206,20,agent_2,0,0.0
205,21,agent_1,0,0.0
206,19,agent_2,1,0.0
206,19,agent_0,1,0.0
206,18,agent_2,1,0.0
206,18,agent_0,1,0.0
206,17,agent_2,1,0.0
205,23,agent_1,1,0.0
205,22,agent_1,1,0.0
205,21,agent_2,1,0.0
206,20,agent_0,1,0.0
205,5,agent_2,1,0.0
205,11,agent_2,0,0.0
205,11,agent_1,1,0.0
205,10,agent_2,0,0.0
205,10,agent_1,1,0.0
205,10,agent_0,1,0.0
205,9,agent_2,0,0.0
205,9,agent_1,1,0.0
206,2,agent_2,0,0.0
205,15,agent_0,1,0.0
205,14,agent_2,1,0.0
205,14,agent_1,1,0.0
205,13,agent_2,0,0.0
205,13,agent_1,0,0.0
205,13,agent_0,1,0.0
205,12,agent_2,1,0.0
205,12,agent_1,0,0.0
205,8,agent_2,0,0.0
206,2,agent_1,0,0.0
206,2,agent_0,0,0.0
206,1,agent_2,1,0.0
206,7,agent_0,1,0.0
206,6,agent_2,1,0.0
206,6,agent_1,1,0.0
206,6,agent_0,1,0.0
206,5,agent_2,1,0.0
205,6,agent_0,0,0.0
206,4,agent_2,1,0.0
206,4,agent_1,1,0.0
205,8,agent_1,1,0.0
205,8,agent_0,1,0.0
205,7,agent_2,0,0.0
205,7,agent_1,1,0.0
205,7,agent_0,0,0.0
205,6,agent_2,1,0.0
206,5,agent_0,1,0.0
207,9,agent_0,1,0.0
207,8,agent_0,1,0.0
207,7,agent_1,1,0.0
23,12,agent_1,0,0.0
23,12,agent_0,1,0.0
23,11,agent_2,1,0.0
206,23,agent_0,1,0.0
206,17,agent_0,1,0.0
206,22,agent_1,1,0.0
206,22,agent_0,1,0.0
206,21,agent_2,0,0.0
23,15,agent_2,1,0.0
23,15,agent_1,1,0.0
23,15,agent_0,1,0.0
23,14,agent_1,1,0.0
23,14,agent_0,1,0.0
206,22,agent_2,1,0.0
207,2,agent_2,1,0.0
207,2,agent_1,0,0.0
207,2,agent_0,0,0.0
207,1,agent_1,0,0.0
207,1,agent_0,0,0.0
207,7,agent_0,0,0.0
207,6,agent_1,1,0.0
207,6,agent_0,0,0.0
207,9,agent_1,1,0.0
207,5,agent_0,1,0.0
207,4,agent_2,1,0.0
207,4,agent_1,0,0.0
207,4,agent_0,1,0.0
207,11,agent_0,1,0.0
207,10,agent_2,1,0.0
207,10,agent_0,1,0.0
207,9,agent_2,1,0.0
207,5,agent_1,1,0.0
206,10,agent_0,1,0.0
206,9,agent_1,1,0.0
206,9,agent_0,1,0.0
206,8,agent_2,1,0.0
206,8,agent_1,1,0.0
206,8,agent_0,1,0.0
206,7,agent_2,1,0.0
206,7,agent_1,1,0.0
23,13,agent_2,1,0.0
206,14,agent_0,1,0.0
206,13,agent_2,0,0.0
206,12,agent_2,0,0.0
206,12,agent_1,0,0.0
206,12,agent_0,1,0.0
206,11,agent_1,1,0.0
206,10,agent_2,1,0.0
206,17,agent_1,1,0.0
206,14,agent_1,1,0.0
23,13,agent_1,1,0.0
23,13,agent_0,1,0.0
23,19,agent_0,1,0.0
23,18,agent_1,1,0.0
23,18,agent_0,1,0.0
23,17,agent_2,1,0.0
23,17,agent_1,1,0.0
23,17,agent_0,1,0.0
23,19,agent_1,1,0.0
23,16,agent_0,1,0.0
23,22,agent_0,1,0.0
23,21,agent_2,1,0.0
23,21,agent_1,1,0.0
23,21,agent_0,1,0.0
23,20,agent_1,0,0.0
23,20,agent_0,1,0.0
23,19,agent_2,1,0.0
23,16,agent_1,1,0.0
196,13,agent_2,1,0.0
196,13,agent_1,1,0.0
196,13,agent_0,0,0.0
196,12,agent_2,1,0.0
196,18,agent_1,1,0.0
196,18,agent_0,1,0.0
196,17,agent_2,1,0.0
201,22,agent_2,0,0.0
196,16,agent_2,1,0.0
196,16,agent_1,0,0.0
196,16,agent_0,1,0.0
196,15,agent_2,1,0.0
196,21,agent_1,0,0.0
196,21,agent_0,0,0.0
196,20,agent_2,1,0.0
196,20,agent_1,1,0.0
196,17,agent_1,0,0.0
197,9,agent_1,1,0.0
197,8,agent_1,0,0.0
197,7,agent_2,1,0.0
197,7,agent_0,1,0.0
197,6,agent_2,1,0.0
197,6,agent_1,1,0.0
196,12,agent_1,1,0.0
196,11,agent_1,1,0.0
196,14,agent_0,1,0.0
196,10,agent_1,1,0.0
196,10,agent_0,1,0.0
196,9,agent_2,1,0.0
196,9,agent_1,1,0.0
196,8,agent_1,1,0.0
196,15,agent_1,0,0.0
196,15,agent_0,0,0.0
196,14,agent_1,1,0.0
196,11,agent_0,0,0.0
26,11,agent_1,1,0.0
26,19,agent_0,1,0.0
26,18,agent_0,1,0.0
26,17,agent_2,1,0.0
26,17,agent_0,1,0.0
26,16,agent_2,0,0.0
26,16,agent_1,1,0.0
196,20,agent_0,1,0.0
26,15,agent_1,1,0.0
196,7,agent_2,1,0.0
196,7,agent_1,1,0.0
196,6,agent_2,0,0.0
26,21,agent_2,1,0.0
26,21,agent_1,1,0.0
26,21,agent_0,1,0.0
26,19,agent_2,1,0.0
26,16,agent_0,1,0.0
196,19,agent_2,1,0.0
196,19,agent_1,1,0.0
196,19,agent_0,0,0.0
196,6,agent_1,1,0.0
196,6,agent_0,1,0.0
196,5,agent_1,1,0.0
196,5,agent_0,1,0.0
196,4,agent_2,0,0.0
26,11,agent_2,0,0.0
196,3,agent_2,0,0.0
196,3,agent_1,0,0.0
26,15,agent_0,1,0.0
26,14,agent_2,0,0.0
26,14,agent_0,1,0.0
26,13,agent_1,1,0.0
26,13,agent_0,1,0.0
26,12,agent_0,1,0.0
196,4,agent_1,1,0.0
197,11,agent_2,1,0.0
197,11,agent_1,1,0.0
197,10,agent_2,1,0.0
197,10,agent_1,1,0.0
26,3,agent_0,0,0.0
26,2,agent_2,0,0.0
26,2,agent_1,1,0.0
197,9,agent_2,1,0.0
26,1,agent_2,0,0.0
26,1,agent_1,0,0.0
26,1,agent_0,0,0.0
26,0,agent_2,0,0.0
26,6,agent_0,1,0.0
26,5,agent_2,0,0.0
26,5,agent_0,0,0.0
26,4,agent_2,0,0.0
26,2,agent_0,0,0.0
197,22,agent_0,1,0.0
197,21,agent_2,1,0.0
197,21,agent_1,1,0.0
197,20,agent_2,1,0.0
197,20,agent_1,1,0.0
197,19,agent_2,1,0.0
198,0,agent_2,0,0.0
198,0,agent_0,0,0.0
197,12,agent_1,1,0.0
197,24,agent_1,1,0.0
197,24,agent_0,1,0.0
197,23,agent_2,1,0.0
197,23,agent_1,0,0.0
197,23,agent_0,1,0.0
197,13,agent_1,1,0.0
197,13,agent_0,1,0.0
197,12,agent_2,1,0.0
197,24,agent_2,1,0.0
197,2,agent_1,1,0.0
197,2,agent_0,1,0.0
197,1,agent_2,0,0.0
197,1,agent_1,1,0.0
197,1,agent_0,0,0.0
197,0,agent_2,0,0.0
197,0,agent_1,1,0.0
197,0,agent_0,0,0.0
26,4,agent_1,1,0.0
197,5,agent_2,1,0.0
197,5,agent_1,1,0.0
197,5,agent_0,1,0.0
197,4,agent_2,1,0.0
197,4,agent_0,1,0.0
197,3,agent_0,1,0.0
197,2,agent_2,0,0.0
197,10,agent_0,1,0.0
197,6,agent_0,1,0.0
26,3,agent_2,0,0.0
26,3,agent_1,0,0.0
26,9,agent_2,0,0.0
26,9,agent_1,1,0.0
26,9,agent_0,1,0.0
26,8,agent_0,1,0.0
26,7,agent_2,0,0.0
26,7,agent_1,1,0.0
196,21,agent_2,1,0.0
26,6,agent_2,0,0.0
196,24,agent_2,1,0.0
196,24,agent_1,1,0.0
196,24,agent_0,1,0.0
196,23,agent_2,1,0.0
196,23,agent_1,0,0.0
196,22,agent_1,0,0.0
196,22,agent_0,1,0.0
26,7,agent_0,1,0.0
27,5,agent_2,1,0.0
27,5,agent_1,0,0.0
27,4,agent_2,0,0.0
27,4,agent_0,1,0.0
27,3,agent_2,0,0.0
27,3,agent_1,0,0.0
27,2,agent_2,0,0.0
26,19,agent_1,1,0.0
194,8,agent_2,1,0.0
194,8,agent_1,1,0.0
194,8,agent_0,1,0.0
194,7,agent_2,0,0.0
194,7,agent_1,1,0.0
194,7,agent_0,1,0.0
194,6,agent_2,1,0.0
194,12,agent_2,1,0.0
194,9,agent_0,1,0.0
194,19,agent_1,1,0.0
26,23,agent_0,1,0.0
26,22,agent_0,1,0.0
194,24,agent_1,1,0.0
194,24,agent_0,1,0.0
194,23,agent_2,1,0.0
194,23,agent_1,1,0.0
194,23,agent_0,1,0.0
27,6,agent_2,1,0.0
27,1,agent_2,0,0.0
27,1,agent_0,1,0.0
27,0,agent_2,0,0.0
26,24,agent_2,0,0.0
26,24,agent_1,1,0.0
26,24,agent_0,1,0.0
26,23,agent_2,0,0.0
26,23,agent_1,1,0.0
194,22,agent_1,1,0.0
194,17,agent_2,1,0.0
194,17,agent_1,1,0.0
194,17,agent_0,1,0.0
194,16,agent_2,1,0.0
193,22,agent_0,1,0.0
193,21,agent_2,1,0.0
193,21,agent_1,1,0.0
194,12,agent_1,1,0.0
193,20,agent_2,1,0.0
193,20,agent_1,1,0.0
193,20,agent_0,1,0.0
193,19,agent_2,1,0.0
193,24,agent_2,1,0.0
193,24,agent_1,0,0.0
193,24,agent_0,1,0.0
193,23,agent_2,1,0.0
193,21,agent_0,0,0.0
194,12,agent_0,1,0.0
194,11,agent_2,1,0.0
194,11,agent_1,1,0.0
194,10,agent_2,1,0.0
194,10,agent_1,1,0.0
194,9,agent_1,1,0.0
194,16,agent_1,1,0.0
194,15,agent_2,1,0.0
194,18,agent_0,1,0.0
194,14,agent_2,1,0.0
194,14,agent_1,1,0.0
194,14,agent_0,1,0.0
194,13,agent_2,1,0.0
194,13,agent_1,1,0.0
194,19,agent_0,0,0.0
194,18,agent_2,0,0.0
194,18,agent_1,1,0.0
194,15,agent_1,1,0.0
195,24,agent_1,1,0.0
195,24,agent_0,1,0.0
195,23,agent_2,1,0.0
195,23,agent_1,1,0.0
195,23,agent_0,1,0.0
195,22,agent_2,1,0.0
196,3,agent_0,0,0.0
194,20,agent_0,1,0.0
196,2,agent_1,0,0.0
196,2,agent_0,0,0.0
196,1,agent_1,1,0.0
196,1,agent_0,0,0.0
196,0,agent_2,0,0.0
196,0,agent_1,1,0.0
195,2,agent_0,1,0.0
195,1,agent_2,0,0.0
196,2,agent_2,0,0.0
195,18,agent_2,1,0.0
195,18,agent_1,1,0.0
195,18,agent_0,1,0.0
195,17,agent_2,1,0.0
195,17,agent_1,1,0.0
195,16,agent_1,1,0.0
195,16,agent_0,1,0.0
195,15,agent_2,1,0.0
195,24,agent_2,1,0.0
195,21,agent_2,1,0.0
195,21,agent_1,1,0.0
195,21,agent_0,1,0.0
195,20,agent_2,1,0.0
195,20,agent_1,1,0.0
195,20,agent_0,1,0.0
195,19,agent_1,1,0.0
196,0,agent_0,0,0.0
195,22,agent_1,1,0.0
195,6,agent_2,1,0.0
195,6,agent_1,0,0.0
195,6,agent_0,1,0.0
195,15,agent_1,1,0.0
195,14,agent_1,1,0.0
195,13,agent_2,1,0.0
195,13,agent_1,1,0.0
195,13,agent_0,1,0.0
195,1,agent_1,0,0.0
195,11,agent_1,1,0.0
195,11,agent_0,1,0.0
194,22,agent_0,1,0.0
194,21,agent_2,1,0.0
194,21,agent_1,1,0.0
194,21,agent_0,1,0.0
194,20,agent_2,1,0.0
194,20,agent_1,1,0.0
195,12,agent_1,1,0.0
195,0,agent_2,0,0.0
195,0,agent_1,0,0.0
195,0,agent_0,0,0.0
194,24,agent_2,0,0.0
27,7,agent_1,0,0.0
195,5,agent_2,1,0.0
195,5,agent_1,0,0.0
195,4,agent_1,0,0.0
195,8,agent_0,1,0.0
195,3,agent_2,1,0.0
195,3,agent_1,0,0.0
195,3,agent_0,0,0.0
195,2,agent_1,0,0.0
195,10,agent_1,1,0.0
195,9,agent_1,1,0.0
195,9,agent_0,1,0.0
195,8,agent_1,1,0.0
195,4,agent_0,1,0.0
200,10,agent_1,0,0.0
200,10,agent_0,1,0.0
200,9,agent_2,1,0.0
200,9,agent_1,0,0.0
200,9,agent_0,1,0.0
200,8,agent_2,1,0.0
200,8,agent_1,0,0.0
197,22,agent_1,1,0.0
200,15,agent_0,1,0.0
200,14,agent_1,0,0.0
200,14,agent_0,1,0.0
200,13,agent_1,0,0.0
200,13,agent_0,1,0.0
200,12,agent_1,0,0.0
200,12,agent_0,1,0.0
200,11,agent_1,0,0.0
200,7,agent_1,0,0.0
201,0,agent_2,0,0.0
201,0,agent_1,1,0.0
200,3,agent_1,1,0.0
200,3,agent_0,0,0.0
200,2,agent_2,0,0.0
25,14,agent_2,0,0.0
25,14,agent_0,1,0.0
25,13,agent_2,1,0.0
200,3,agent_2,0,0.0
25,12,agent_2,1,0.0
200,7,agent_0,1,0.0
200,6,agent_1,0,0.0
200,5,agent_1,0,0.0
200,5,agent_0,0,0.0
200,4,agent_2,0,0.0
200,4,agent_1,0,0.0
200,4,agent_0,0,0.0
25,13,agent_0,1,0.0
25,6,agent_2,1,0.0
25,6,agent_0,1,0.0
25,5,agent_2,1,0.0
25,5,agent_0,1,0.0
25,4,agent_2,1,0.0
25,12,agent_0,1,0.0
25,11,agent_2,1,0.0
200,0,agent_0,0,0.0
25,10,agent_2,1,0.0
25,10,agent_0,0,0.0
25,9,agent_2,1,0.0
25,9,agent_0,1,0.0
25,8,agent_2,1,0.0
199,11,agent_1,0,0.0
199,11,agent_0,1,0.0
199,10,agent_2,1,0.0
25,11,agent_0,1,0.0
199,24,agent_2,1,0.0
199,24,agent_1,1,0.0
199,24,agent_0,1,0.0
199,23,agent_0,1,0.0
199,22,agent_2,1,0.0
199,22,agent_0,1,0.0
199,21,agent_0,1,0.0
25,4,agent_1,1,0.0
25,7,agent_0,1,0.0
200,2,agent_0,0,0.0
200,1,agent_2,0,0.0
200,1,agent_1,0,0.0
200,1,agent_0,0,0.0
200,0,agent_2,0,0.0
200,0,agent_1,0,0.0
25,8,agent_0,1,0.0
25,7,agent_2,1,0.0
200,2,agent_1,1,0.0
201,10,agent_0,1,0.0
201,9,agent_2,1,0.0
201,9,agent_0,1,0.0
201,8,agent_2,1,0.0
201,8,agent_1,0,0.0
201,8,agent_0,1,0.0
201,7,agent_2,1,0.0
201,1,agent_0,1,0.0
201,13,agent_2,0,0.0
201,13,agent_1,1,0.0
201,12,agent_2,0,0.0
201,12,agent_1,1,0.0
201,12,agent_0,1,0.0
201,11,agent_2,1,0.0
201,11,agent_1,1,0.0
201,11,agent_0,1,0.0
201,7,agent_1,0,0.0
201,22,agent_1,1,0.0
201,22,agent_0,1,0.0
202,2,agent_0,0,0.0
202,1,agent_2,0,0.0
202,1,agent_1,0,0.0
202,1,agent_0,0,0.0
202,0,agent_2,0,0.0
202,0,agent_1,0,0.0
201,4,agent_0,1,0.0
201,24,agent_2,1,0.0
201,7,agent_0,1,0.0
201,6,agent_2,0,0.0
201,6,agent_0,1,0.0
201,5,agent_2,0,0.0
201,5,agent_1,0,0.0
201,5,agent_0,1,0.0
201,4,agent_2,0,0.0
202,0,agent_0,0,0.0
200,20,agent_1,0,0.0
200,20,agent_0,1,0.0
200,19,agent_1,0,0.0
200,19,agent_0,1,0.0
200,18,agent_1,0,0.0
201,0,agent_0,1,0.0
200,24,agent_2,1,0.0
200,24,agent_1,0,0.0
201,16,agent_1,1,0.0
200,23,agent_1,0,0.0
200,23,agent_0,1,0.0
200,22,agent_1,0,0.0
201,3,agent_2,0,0.0
201,3,agent_1,0,0.0
201,3,agent_0,1,0.0
201,2,agent_2,1,0.0
201,2,agent_0,1,0.0
200,24,agent_0,0,0.0
201,16,agent_0,1,0.0
201,15,agent_2,0,0.0
201,15,agent_1,1,0.0
201,15,agent_0,1,0.0
201,14,agent_2,1,0.0
201,14,agent_1,1,0.0
201,14,agent_0,1,0.0
200,18,agent_0,1,0.0
200,21,agent_0,1,0.0
200,17,agent_0,1,0.0
200,16,agent_2,1,0.0
200,16,agent_1,0,0.0
200,16,agent_0,1,0.0
200,15,agent_2,0,0.0
200,15,agent_1,0,0.0
200,22,agent_0,1,0.0
200,21,agent_1,0,0.0
200,17,agent_1,0,0.0
25,23,agent_0,1,0.0
25,22,agent_2,1,0.0
25,22,agent_1,1,0.0
198,3,agent_1,1,0.0
198,3,agent_0,0,0.0
198,2,agent_2,1,0.0
198,2,agent_1,0,0.0
199,10,agent_1,0,0.0
198,1,agent_2,0,0.0
198,1,agent_1,0,0.0
198,1,agent_0,0,0.0
198,7,agent_0,1,0.0
198,6,agent_1,0,0.0
198,6,agent_0,1,0.0
198,5,agent_1,0,0.0
198,4,agent_2,1,0.0
198,2,agent_0,0,0.0
25,18,agent_1,1,0.0
25,18,agent_0,1,0.0
25,17,agent_2,1,0.0
25,17,agent_1,1,0.0
25,17,agent_0,1,0.0
25,22,agent_0,1,0.0
25,21,agent_2,1,0.0
25,21,agent_1,1,0.0
25,23,agent_1,1,0.0
25,20,agent_2,1,0.0
25,20,agent_1,1,0.0
25,20,agent_0,1,0.0
25,19,agent_2,1,0.0
25,24,agent_2,1,0.0
25,24,agent_1,1,0.0
25,24,agent_0,1,0.0
25,23,agent_2,1,0.0
25,21,agent_0,1,0.0
197,15,agent_2,1,0.0
197,15,agent_1,1,0.0
197,15,agent_0,1,0.0
197,14,agent_2,1,0.0
197,14,agent_1,0,0.0
197,13,agent_2,1,0.0
26,11,agent_0,1,0.0
26,10,agent_0,1,0.0
198,4,agent_1,0,0.0
197,18,agent_2,1,0.0
197,18,agent_1,0,0.0
197,17,agent_2,1,0.0
197,17,agent_1,1,0.0
197,16,agent_2,1,0.0
197,16,agent_1,0,0.0
197,16,agent_0,0,0.0
197,22,agent_2,1,0.0
197,19,agent_1,0,0.0
198,4,agent_0,1,0.0
198,3,agent_2,1,0.0
198,12,agent_0,1,0.0
198,11,agent_1,1,0.0
198,11,agent_0,1,0.0
198,10,agent_2,1,0.0
198,10,agent_0,1,0.0
198,9,agent_1,1,0.0
198,12,agent_2,1,0.0
198,8,agent_1,1,0.0
198,16,agent_2,1,0.0
198,16,agent_1,1,0.0
198,15,agent_2,1,0.0
198,15,agent_1,1,0.0
198,15,agent_0,1,0.0
198,14,agent_2,1,0.0
198,13,agent_1,1,0.0
198,9,agent_0,1,0.0
199,15,agent_0,1,0.0
199,14,agent_1,1,0.0
199,20,agent_2,1,0.0
199,20,agent_0,1,0.0
199,19,agent_1,1,0.0
199,19,agent_0,1,0.0
199,18,agent_2,1,0.0
25,18,agent_2,1,0.0
199,17,agent_2,1,0.0
199,17,agent_1,0,0.0
198,23,agent_2,1,0.0
198,23,agent_1,1,0.0
198,22,agent_2,1,0.0
198,21,agent_2,1,0.0
198,21,agent_1,1,0.0
198,20,agent_2,1,0.0
199,18,agent_0,1,0.0
199,10,agent_0,1,0.0
199,9,agent_2,1,0.0
199,9,agent_1,0,0.0
199,9,agent_0,1,0.0
199,14,agent_0,1,0.0
199,13,agent_2,1,0.0
199,13,agent_1,0,0.0
199,13,agent_0,1,0.0
199,15,agent_1,0,0.0
199,12,agent_1,1,0.0
199,12,agent_0,1,0.0
199,11,agent_2,1,0.0
199,17,agent_0,1,0.0
199,16,agent_2,1,0.0
199,16,agent_1,1,0.0
199,16,agent_0,1,0.0
199,15,agent_2,1,0.0
199,12,agent_2,1,0.0
199,8,agent_1,0,0.0
199,8,agent_0,1,0.0
199,7,agent_2,1,0.0
199,7,agent_1,0,0.0
199,7,agent_0,1,0.0
199,6,agent_1,0,0.0
199,6,agent_0,1,0.0
25,16,agent_2,1,0.0
26,0,agent_1,0,0.0
25,15,agent_0,1,0.0
198,19,agent_1,1,0.0
198,19,agent_0,1,0.0
198,18,agent_2,1,0.0
198,17,agent_2,1,0.0
198,17,agent_0,1,0.0
25,19,agent_1,1,0.0
25,19,agent_0,1,0.0
25,16,agent_0,1,0.0
26,0,agent_0,0,0.0
199,2,agent_2,0,0.0
199,2,agent_1,1,0.0
199,1,agent_2,1,0.0
199,1,agent_1,0,0.0
199,0,agent_1,1,0.0
198,24,agent_2,1,0.0
198,24,agent_1,1,0.0
199,8,agent_2,1,0.0
199,5,agent_2,1,0.0
199,5,agent_0,1,0.0
199,4,agent_2,1,0.0
199,4,agent_1,1,0.0
199,4,agent_0,1,0.0
199,3,agent_2,1,0.0
199,3,agent_1,1,0.0
199,3,agent_0,1,0.0
198,24,agent_0,1,0.0
279,2,agent_2,0,0.0
279,2,agent_1,0,0.0
279,9,agent_0,0,0.0
279,7,agent_1,1,0.0
279,7,agent_0,0,0.0
279,6,agent_1,0,0.0
279,6,agent_0,0,0.0
15,21,agent_0,1,0.0
279,5,agent_1,0,0.0
279,5,agent_0,0,0.0
279,12,agent_2,1,0.0
279,12,agent_0,1,0.0
279,11,agent_2,1,0.0
279,11,agent_1,1,0.0
279,11,agent_0,1,0.0
279,10,agent_2,1,0.0
279,5,agent_2,1,0.0
279,23,agent_1,0,0.0
279,23,agent_0,1,0.0
279,22,agent_2,1,0.0
279,22,agent_1,1,0.0
280,4,agent_1,0,0.0
280,3,agent_2,0,0.0
280,3,agent_1,1,0.0
280,2,agent_2,0,0.0
279,3,agent_0,0,0.0
280,1,agent_2,0,0.0
280,1,agent_1,1,0.0
280,0,agent_2,0,0.0
279,4,agent_2,1,0.0
279,4,agent_1,0,0.0
279,4,agent_0,0,0.0
279,3,agent_2,0,0.0
279,3,agent_1,0,0.0
280,2,agent_1,1,0.0
278,20,agent_0,1,0.0
278,19,agent_2,1,0.0
278,19,agent_1,1,0.0
278,19,agent_0,1,0.0
278,18,agent_2,1,0.0
278,18,agent_1,1,0.0
278,18,agent_0,1,0.0
279,10,agent_0,1,0.0
278,24,agent_0,1,0.0
278,23,agent_2,1,0.0
278,23,agent_1,1,0.0
278,22,agent_2,1,0.0
278,22,agent_1,1,0.0
278,21,agent_2,1,0.0
278,20,agent_2,1,0.0
279,2,agent_0,0,0.0
278,24,agent_1,1,0.0
279,9,agent_1,1,0.0
279,15,agent_2,1,0.0
279,15,agent_1,0,0.0
279,15,agent_0,1,0.0
279,14,agent_2,1,0.0
279,14,agent_1,1,0.0
279,14,agent_0,1,0.0
279,13,agent_2,1,0.0
278,20,agent_1,1,0.0
278,17,agent_2,1,0.0
278,17,agent_1,1,0.0
278,17,agent_0,1,0.0
278,16,agent_2,1,0.0
278,16,agent_1,1,0.0
278,16,agent_0,1,0.0
278,15,agent_2,1,0.0
278,15,agent_1,1,0.0
279,13,agent_0,1,0.0
280,17,agent_0,1,0.0
280,7,agent_2,1,0.0
280,7,agent_1,1,0.0
280,7,agent_0,1,0.0
280,6,agent_2,1,0.0
280,6,agent_1,0,0.0
280,5,agent_2,0,0.0
279,24,agent_0,1,0.0
280,4,agent_2,0,0.0
5,6,agent_2,0,0.0
5,6,agent_1,1,0.0
5,5,agent_1,1,0.0
5,5,agent_0,1,0.0
5,4,agent_1,1,0.0
5,4,agent_0,1,0.0
5,3,agent_2,1,0.0
280,5,agent_1,0,0.0
280,10,agent_1,1,0.0
280,10,agent_0,0,0.0
280,9,agent_2,1,0.0
280,16,agent_2,0,0.0
280,16,agent_1,0,0.0
280,16,agent_0,1,0.0
280,15,agent_2,0,0.0
280,15,agent_1,1,0.0
280,17,agent_1,1,0.0
280,14,agent_2,0,0.0
280,14,agent_1,1,0.0
280,19,agent_2,1,0.0
280,19,agent_1,0,0.0
280,19,agent_0,1,0.0
280,18,agent_2,0,0.0
280,18,agent_1,0,0.0
280,18,agent_0,1,0.0
280,15,agent_0,1,0.0
279,18,agent_0,1,0.0
279,17,agent_1,0,0.0
279,17,agent_0,1,0.0
279,16,agent_2,1,0.0
279,16,agent_1,0,0.0
279,16,agent_0,1,0.0
279,22,agent_0,1,0.0
279,21,agent_2,1,0.0
5,3,agent_1,1,0.0
279,21,agent_0,1,0.0
279,20,agent_2,1,0.0
279,20,agent_1,1,0.0
279,20,agent_0,1,0.0
279,19,agent_1,1,0.0
280,0,agent_1,1,0.0
279,24,agent_2,1,0.0
279,24,agent_1,0,0.0
279,21,agent_1,1,0.0
5,9,agent_1,1,0.0
5,9,agent_0,1,0.0
5,8,agent_2,1,0.0
5,8,agent_1,1,0.0
5,8,agent_0,1,0.0
5,7,agent_2,1,0.0
5,7,agent_1,1,0.0
5,7,agent_0,1,0.0
279,18,agent_1,0,0.0
5,11,agent_2,1,0.0
5,11,agent_1,1,0.0
5,11,agent_0,1,0.0
5,10,agent_2,1,0.0
5,10,agent_1,1,0.0
5,10,agent_0,1,0.0
5,9,agent_2,1,0.0
279,19,agent_0,1,0.0
5,12,agent_0,1,0.0
277,20,agent_2,1,0.0
277,20,agent_1,1,0.0
277,20,agent_0,1,0.0
277,19,agent_1,1,0.0
277,19,agent_0,1,0.0
278,0,agent_0,0,0.0
277,24,agent_2,1,0.0
279,1,agent_2,0,0.0
277,24,agent_0,1,0.0
277,23,agent_1,1,0.0
277,23,agent_0,1,0.0
277,22,agent_2,1,0.0
277,22,agent_1,1,0.0
277,0,agent_1,1,0.0
277,0,agent_0,0,0.0
276,24,agent_2,0,0.0
277,24,agent_1,1,0.0
277,13,agent_1,1,0.0
277,13,agent_0,1,0.0
277,12,agent_2,0,0.0
277,12,agent_1,1,0.0
277,12,agent_0,1,0.0
277,11,agent_2,0,0.0
277,11,agent_1,1,0.0
277,18,agent_0,1,0.0
277,21,agent_0,1,0.0
277,16,agent_2,1,0.0
277,16,agent_0,1,0.0
277,15,agent_2,1,0.0
277,15,agent_0,1,0.0
277,14,agent_2,1,0.0
277,14,agent_0,1,0.0
277,22,agent_0,1,0.0
277,21,agent_1,1,0.0
277,17,agent_0,1,0.0
277,4,agent_2,0,0.0
277,4,agent_1,0,0.0
277,11,agent_0,1,0.0
277,10,agent_2,0,0.0
277,10,agent_1,1,0.0
277,10,agent_0,1,0.0
277,9,agent_2,0,0.0
276,24,agent_1,0,0.0
277,9,agent_0,1,0.0
277,8,agent_2,1,0.0
276,21,agent_1,0,0.0
276,20,agent_1,0,0.0
276,20,agent_0,0,0.0
276,19,agent_2,0,0.0
276,19,agent_1,0,0.0
276,19,agent_0,0,0.0
277,9,agent_1,1,0.0
276,24,agent_0,1,0.0
276,23,agent_1,1,0.0
276,23,agent_0,1,0.0
6,9,agent_2,1,0.0
277,4,agent_0,1,0.0
277,3,agent_2,0,0.0
277,3,agent_1,0,0.0
277,2,agent_2,0,0.0
277,5,agent_2,0,0.0
277,1,agent_2,0,0.0
277,1,agent_1,0,0.0
277,0,agent_2,0,0.0
277,8,agent_1,0,0.0
277,8,agent_0,1,0.0
277,7,agent_0,0,0.0
277,6,agent_2,0,0.0
277,6,agent_1,0,0.0
277,2,agent_1,1,0.0
5,17,agent_1,1,0.0
5,17,agent_0,1,0.0
5,16,agent_2,0,0.0
5,16,agent_1,1,0.0
5,21,agent_1,1,0.0
5,21,agent_0,1,0.0
5,20,agent_2,0,0.0
277,13,agent_2,1,0.0
5,20,agent_0,1,0.0
5,19,agent_2,0,0.0
5,19,agent_1,1,0.0
5,19,agent_0,1,0.0
5,24,agent_0,1,0.0
5,23,agent_2,0,0.0
5,23,agent_1,1,0.0
5,23,agent_0,1,0.0
5,20,agent_1,1,0.0
279,1,agent_1,0,0.0
279,1,agent_0,0,0.0
279,0,agent_2,0,0.0
279,0,agent_1,0,0.0
279,0,agent_0,0,0.0
278,24,agent_2,1,0.0
5,16,agent_0,1,0.0
5,15,agent_2,0,0.0
5,17,agent_2,0,0.0
5,15,agent_0,1,0.0
5,14,agent_2,1,0.0
5,14,agent_1,1,0.0
5,14,agent_0,1,0.0
5,13,agent_2,1,0.0
5,18,agent_2,0,0.0
5,18,agent_1,1,0.0
5,18,agent_0,1,0.0
5,15,agent_1,1,0.0
278,3,agent_1,1,0.0
278,11,agent_0,1,0.0
278,10,agent_2,1,0.0
278,10,agent_0,1,0.0
278,9,agent_1,1,0.0
278,9,agent_0,1,0.0
278,8,agent_1,1,0.0
278,7,agent_2,0,0.0
5,22,agent_2,0,0.0
278,15,agent_0,1,0.0
278,14,agent_1,1,0.0
278,14,agent_0,0,0.0
278,13,agent_0,1,0.0
278,12,agent_2,0,0.0
278,12,agent_1,0,0.0
278,12,agent_0,1,0.0
278,11,agent_1,1,0.0
278,7,agent_1,1,0.0
5,22,agent_1,1,0.0
5,22,agent_0,1,0.0
5,21,agent_2,0,0.0
278,3,agent_0,0,0.0
278,2,agent_2,0,0.0
278,2,agent_0,0,0.0
278,1,agent_2,0,0.0
278,1,agent_1,1,0.0
278,3,agent_2,0,0.0
278,0,agent_2,0,0.0
278,0,agent_1,0,0.0
278,6,agent_2,0,0.0
278,5,agent_2,0,0.0
278,5,agent_1,1,0.0
278,5,agent_0,1,0.0
278,4,agent_2,0,0.0
278,4,agent_0,1,0.0
278,1,agent_0,0,0.0
283,5,agent_1,1,0.0
283,5,agent_0,0,0.0
283,4,agent_2,1,0.0
283,4,agent_0,0,0.0
283,3,agent_2,1,0.0
283,3,agent_1,0,0.0
283,9,agent_0,1,0.0
280,11,agent_2,1,0.0
283,8,agent_1,1,0.0
283,8,agent_0,1,0.0
283,7,agent_2,1,0.0
283,7,agent_1,1,0.0
283,7,agent_0,1,0.0
283,6,agent_2,1,0.0
283,12,agent_1,0,0.0
283,12,agent_0,1,0.0
283,8,agent_2,1,0.0
284,0,agent_1,1,0.0
284,0,agent_0,1,0.0
283,24,agent_2,0,0.0
283,24,agent_1,0,0.0
283,24,agent_0,0,0.0
283,23,agent_1,0,0.0
283,23,agent_0,0,0.0
283,22,agent_2,0,0.0
283,5,agent_2,1,0.0
283,2,agent_2,1,0.0
283,2,agent_1,1,0.0
283,2,agent_0,0,0.0
283,1,agent_2,1,0.0
283,1,agent_1,0,0.0
283,0,agent_2,1,0.0
283,0,agent_0,1,0.0
283,6,agent_1,1,0.0
283,3,agent_0,0,0.0
282,17,agent_0,0,0.0
282,16,agent_2,1,0.0
282,22,agent_0,0,0.0
282,21,agent_2,1,0.0
282,21,agent_1,1,0.0
282,21,agent_0,1,0.0
282,20,agent_2,1,0.0
283,11,agent_2,1,0.0
282,20,agent_0,0,0.0
282,19,agent_2,1,0.0
282,24,agent_2,1,0.0
282,24,agent_1,1,0.0
282,24,agent_0,0,0.0
282,23,agent_2,1,0.0
282,23,agent_1,1,0.0
282,23,agent_0,0,0.0
282,20,agent_1,1,0.0
283,11,agent_1,0,0.0
283,10,agent_2,1,0.0
283,9,agent_2,1,0.0
283,9,agent_1,1,0.0
282,16,agent_0,0,0.0
282,15,agent_2,1,0.0
282,15,agent_0,1,0.0
282,14,agent_2,1,0.0
282,17,agent_1,1,0.0
282,14,agent_0,0,0.0
282,13,agent_2,1,0.0
282,13,agent_0,0,0.0
282,19,agent_1,1,0.0
282,19,agent_0,0,0.0
282,18,agent_2,1,0.0
282,18,agent_0,1,0.0
282,17,agent_2,1,0.0
282,14,agent_1,1,0.0
4,7,agent_0,1,0.0
284,3,agent_1,1,0.0
284,3,agent_0,1,0.0
284,2,agent_1,1,0.0
284,1,agent_1,1,0.0
284,0,agent_2,0,0.0
4,11,agent_2,1,0.0
283,18,agent_2,1,0.0
4,10,agent_2,1,0.0
4,10,agent_1,1,0.0
4,10,agent_0,1,0.0
4,9,agent_0,1,0.0
4,8,agent_2,1,0.0
4,8,agent_1,1,0.0
4,14,agent_2,0,0.0
4,14,agent_1,1,0.0
4,11,agent_0,1,0.0
284,16,agent_0,1,0.0
284,15,agent_1,1,0.0
284,15,agent_0,1,0.0
284,14,agent_2,1,0.0
284,14,agent_1,1,0.0
284,13,agent_2,1,0.0
284,13,agent_1,1,0.0
284,13,agent_0,1,0.0
4,7,agent_1,1,0.0
284,21,agent_0,0,0.0
284,20,agent_1,1,0.0
284,19,agent_1,1,0.0
284,18,agent_1,1,0.0
284,18,agent_0,1,0.0
284,17,agent_1,1,0.0
284,17,agent_0,1,0.0
4,8,agent_0,1,0.0
284,21,agent_1,1,0.0
283,13,agent_1,1,0.0
283,13,agent_0,1,0.0
283,12,agent_2,1,0.0
283,18,agent_1,1,0.0
283,18,agent_0,1,0.0
283,17,agent_2,1,0.0
283,17,agent_1,1,0.0
283,17,agent_0,1,0.0
4,14,agent_0,1,0.0
283,16,agent_1,0,0.0
283,16,agent_0,1,0.0
283,22,agent_0,0,0.0
283,21,agent_0,0,0.0
283,20,agent_2,0,0.0
283,20,agent_1,0,0.0
283,20,agent_0,1,0.0
283,19,agent_1,0,0.0
283,16,agent_2,1,0.0
4,13,agent_2,0,0.0
4,13,agent_1,1,0.0
4,12,agent_2,1,0.0
4,12,agent_1,1,0.0
4,12,agent_0,0,0.0
284,4,agent_1,1,0.0
284,4,agent_0,1,0.0
4,17,agent_0,1,0.0
283,14,agent_0,1,0.0
4,16,agent_1,0,0.0
4,15,agent_2,0,0.0
4,15,agent_1,1,0.0
4,15,agent_0,1,0.0
283,15,agent_1,1,0.0
283,15,agent_0,1,0.0
283,14,agent_2,1,0.0
283,14,agent_1,0,0.0
4,16,agent_2,0,0.0
281,20,agent_1,1,0.0
281,20,agent_0,1,0.0
281,19,agent_1,1,0.0
281,19,agent_0,1,0.0
281,18,agent_2,1,0.0
281,18,agent_1,1,0.0
281,18,agent_0,1,0.0
282,22,agent_2,1,0.0
280,22,agent_2,1,0.0
280,22,agent_1,1,0.0
280,22,agent_0,1,0.0
280,21,agent_2,1,0.0
280,21,agent_1,1,0.0
280,21,agent_0,1,0.0
280,20,agent_2,1,0.0
280,20,agent_1,0,0.0
281,17,agent_1,1,0.0
281,7,agent_0,1,0.0
281,6,agent_2,0,0.0
281,13,agent_2,0,0.0
281,13,agent_0,1,0.0
281,12,agent_1,1,0.0
281,12,agent_0,1,0.0
281,11,agent_1,1,0.0
281,11,agent_0,1,0.0
281,14,agent_2,0,0.0
281,10,agent_1,1,0.0
281,17,agent_0,1,0.0
281,16,agent_2,1,0.0
281,16,agent_1,1,0.0
281,16,agent_0,1,0.0
281,15,agent_2,1,0.0
281,15,agent_1,1,0.0
281,15,agent_0,1,0.0
281,10,agent_2,1,0.0
281,5,agent_0,1,0.0
281,4,agent_2,1,0.0
281,4,agent_1,0,0.0
281,4,agent_0,0,0.0
281,3,agent_2,1,0.0
280,9,agent_1,1,0.0
280,9,agent_0,1,0.0
280,8,agent_2,0,0.0
281,0,agent_2,0,0.0
280,8,agent_0,1,0.0
5,13,agent_1,1,0.0
5,13,agent_0,1,0.0
5,12,agent_1,1,0.0
280,14,agent_0,1,0.0
280,13,agent_1,1,0.0
280,13,agent_0,0,0.0
280,12,agent_2,1,0.0
280,8,agent_1,1,0.0
281,0,agent_1,0,0.0
281,0,agent_0,0,0.0
280,24,agent_2,1,0.0
280,24,agent_1,1,0.0
280,24,agent_0,1,0.0
280,23,agent_2,0,0.0
280,23,agent_1,1,0.0
281,3,agent_1,0,0.0
281,5,agent_1,1,0.0
281,2,agent_2,1,0.0
281,2,agent_1,0,0.0
281,2,agent_0,0,0.0
281,1,agent_2,0,0.0
281,1,agent_1,0,0.0
281,1,agent_0,0,0.0
281,6,agent_0,1,0.0
281,5,agent_2,1,0.0
281,3,agent_0,1,0.0
282,7,agent_1,1,0.0
282,7,agent_0,1,0.0
282,6,agent_1,1,0.0
282,5,agent_1,0,0.0
282,5,agent_0,1,0.0
282,4,agent_1,0,0.0
282,4,agent_0,1,0.0
281,7,agent_2,0,0.0
282,12,agent_1,1,0.0
282,12,agent_0,0,0.0
282,11,agent_2,1,0.0
282,11,agent_0,0,0.0
282,10,agent_2,1,0.0
282,10,agent_0,0,0.0
282,8,agent_2,1,0.0
281,23,agent_0,1,0.0
282,12,agent_2,1,0.0
282,22,agent_1,1,0.0
5,2,agent_0,0,0.0
5,1,agent_2,0,0.0
5,1,agent_1,0,0.0
5,1,agent_0,0,0.0
5,0,agent_2,0,0.0
5,0,agent_1,0,0.0
4,24,agent_2,1,0.0
282,8,agent_0,1,0.0
282,3,agent_1,0,0.0
282,2,agent_2,0,0.0
282,2,agent_1,0,0.0
282,2,agent_0,1,0.0
282,1,agent_1,0,0.0
282,1,agent_0,1,0.0
5,2,agent_2,1,0.0
5,2,agent_1,0,0.0
4,24,agent_1,1,0.0
4,18,agent_2,0,0.0
4,18,agent_1,1,0.0
4,18,agent_0,1,0.0
4,17,agent_2,1,0.0
4,24,agent_0,1,0.0
4,23,agent_2,0,0.0
4,23,agent_0,1,0.0
4,22,agent_2,1,0.0
281,22,agent_2,1,0.0
4,22,agent_0,1,0.0
4,21,agent_2,0,0.0
4,21,agent_0,1,0.0
281,10,agent_0,1,0.0
281,9,agent_1,1,0.0
281,9,agent_0,1,0.0
281,8,agent_1,1,0.0
281,8,agent_0,1,0.0
4,22,agent_1,1,0.0
281,22,agent_1,1,0.0
281,22,agent_0,1,0.0
281,21,agent_2,1,0.0
281,21,agent_1,1,0.0
281,21,agent_0,1,0.0
281,20,agent_2,1,0.0
4,17,agent_1,0,0.0
282,0,agent_1,0,0.0
4,19,agent_0,1,0.0
281,24,agent_2,1,0.0
281,24,agent_1,1,0.0
281,24,agent_0,1,0.0
281,23,agent_2,1,0.0
281,23,agent_1,1,0.0
4,20,agent_2,1,0.0
4,20,agent_0,1,0.0
4,19,agent_2,1,0.0
282,0,agent_0,1,0.0
272,14,agent_2,1,0.0
272,14,agent_1,1,0.0
272,14,agent_0,1,0.0
272,13,agent_2,1,0.0
271,18,agent_1,1,0.0
271,18,agent_0,1,0.0
271,17,agent_2,1,0.0
276,18,agent_1,0,0.0
271,17,agent_0,1,0.0
271,16,agent_2,1,0.0
271,15,agent_1,1,0.0
271,21,agent_1,0,0.0
271,21,agent_0,1,0.0
271,20,agent_2,0,0.0
271,20,agent_1,0,0.0
271,20,agent_0,1,0.0
271,17,agent_1,1,0.0
272,9,agent_0,0,0.0
272,8,agent_2,0,0.0
272,8,agent_1,1,0.0
272,8,agent_0,1,0.0
272,7,agent_2,1,0.0
272,7,agent_0,1,0.0
272,13,agent_1,0,0.0
272,13,agent_0,1,0.0
272,15,agent_0,1,0.0
272,12,agent_0,1,0.0
272,11,agent_2,1,0.0
272,11,agent_1,0,0.0
272,11,agent_0,1,0.0
272,10,agent_1,0,0.0
7,6,agent_2,1,0.0
272,15,agent_2,1,0.0
272,15,agent_1,0,0.0
272,12,agent_2,1,0.0
271,4,agent_2,0,0.0
271,4,agent_1,1,0.0
271,4,agent_0,1,0.0
271,3,agent_2,0,0.0
271,3,agent_1,1,0.0
271,3,agent_0,1,0.0
271,2,agent_2,0,0.0
271,19,agent_2,0,0.0
271,7,agent_2,1,0.0
271,7,agent_1,1,0.0
271,7,agent_0,1,0.0
271,6,agent_2,1,0.0
271,6,agent_1,1,0.0
271,6,agent_0,1,0.0
271,5,agent_1,0,0.0
271,5,agent_0,1,0.0
271,2,agent_1,1,0.0
271,19,agent_1,1,0.0
271,18,agent_2,0,0.0
271,24,agent_1,1,0.0
271,24,agent_0,0,0.0
271,23,agent_2,0,0.0
271,23,agent_0,0,0.0
271,22,agent_2,0,0.0
271,22,agent_1,0,0.0
271,24,agent_2,1,0.0
271,21,agent_2,1,0.0
272,2,agent_2,0,0.0
272,2,agent_1,0,0.0
272,2,agent_0,1,0.0
272,1,agent_1,0,0.0
272,1,agent_0,1,0.0
272,0,agent_2,1,0.0
272,0,agent_0,1,0.0
271,22,agent_0,1,0.0
273,1,agent_0,1,0.0
273,0,agent_2,1,0.0
273,0,agent_1,0,0.0
273,5,agent_2,1,0.0
273,5,agent_1,0,0.0
273,5,agent_0,1,0.0
273,4,agent_1,0,0.0
272,9,agent_1,1,0.0
273,3,agent_2,1,0.0
273,3,agent_1,1,0.0
273,3,agent_0,1,0.0
7,9,agent_2,0,0.0
7,9,agent_0,1,0.0
7,8,agent_2,1,0.0
7,8,agent_1,1,0.0
7,8,agent_0,1,0.0
273,4,agent_0,1,0.0
272,19,agent_2,1,0.0
272,19,agent_1,0,0.0
272,18,agent_2,1,0.0
272,18,agent_1,0,0.0
272,18,agent_0,1,0.0
273,0,agent_0,1,0.0
272,24,agent_2,1,0.0
272,24,agent_1,0,0.0
273,1,agent_1,0,0.0
272,23,agent_2,1,0.0
272,23,agent_1,0,0.0
272,22,agent_2,1,0.0
272,22,agent_1,0,0.0
273,2,agent_2,1,0.0
273,2,agent_1,1,0.0
273,2,agent_0,1,0.0
273,1,agent_2,1,0.0
272,24,agent_0,1,0.0
272,17,agent_1,1,0.0
272,16,agent_1,0,0.0
272,16,agent_0,1,0.0
7,16,agent_2,1,0.0
7,16,agent_1,1,0.0
7,16,agent_0,1,0.0
7,15,agent_2,1,0.0
7,15,agent_1,1,0.0
7,7,agent_2,1,0.0
272,6,agent_1,0,0.0
272,5,agent_2,0,0.0
272,5,agent_1,1,0.0
272,4,agent_2,1,0.0
272,4,agent_1,0,0.0
272,4,agent_0,1,0.0
272,3,agent_1,1,0.0
272,10,agent_0,1,0.0
272,6,agent_2,0,0.0
7,7,agent_1,0,0.0
7,7,agent_0,1,0.0
7,12,agent_1,0,0.0
7,12,agent_0,1,0.0
7,11,agent_2,1,0.0
7,11,agent_1,0,0.0
7,11,agent_0,1,0.0
7,10,agent_2,0,0.0
7,12,agent_2,1,0.0
7,10,agent_0,1,0.0
7,15,agent_0,1,0.0
7,14,agent_2,1,0.0
7,14,agent_1,1,0.0
7,14,agent_0,1,0.0
7,13,agent_2,1,0.0
7,13,agent_1,0,0.0
7,13,agent_0,1,0.0
7,10,agent_1,0,0.0
270,0,agent_0,0,0.0
269,24,agent_2,0,0.0
269,24,agent_1,1,0.0
269,24,agent_0,1,0.0
269,23,agent_2,1,0.0
269,23,agent_0,0,0.0
270,3,agent_1,0,0.0
271,11,agent_1,1,0.0
270,2,agent_2,1,0.0
270,2,agent_1,0,0.0
270,2,agent_0,0,0.0
270,1,agent_1,0,0.0
270,1,agent_0,0,0.0
270,7,agent_2,1,0.0
270,7,agent_1,1,0.0
270,6,agent_2,0,0.0
270,3,agent_0,1,0.0
8,1,agent_2,0,0.0
8,1,agent_1,1,0.0
8,0,agent_2,0,0.0
8,0,agent_0,1,0.0
7,24,agent_2,0,0.0
7,24,agent_1,1,0.0
7,24,agent_0,1,0.0
7,23,agent_2,1,0.0
270,0,agent_1,0,0.0
269,22,agent_1,1,0.0
269,22,agent_0,1,0.0
269,21,agent_2,1,0.0
269,21,agent_1,1,0.0
269,21,agent_0,0,0.0
269,20,agent_2,0,0.0
269,20,agent_1,1,0.0
270,0,agent_2,1,0.0
269,22,agent_2,0,0.0
269,10,agent_0,1,0.0
269,9,agent_2,1,0.0
269,15,agent_2,1,0.0
269,15,agent_0,1,0.0
269,14,agent_2,1,0.0
269,14,agent_1,1,0.0
269,14,agent_0,1,0.0
269,13,agent_2,1,0.0
270,5,agent_2,1,0.0
269,13,agent_0,1,0.0
269,20,agent_0,1,0.0
269,19,agent_2,1,0.0
269,19,agent_0,0,0.0
269,18,agent_1,1,0.0
269,17,agent_2,1,0.0
269,16,agent_2,1,0.0
269,16,agent_1,1,0.0
269,13,agent_1,1,0.0
270,4,agent_2,1,0.0
270,4,agent_1,1,0.0
270,4,agent_0,1,0.0
270,3,agent_2,1,0.0
269,9,agent_0,1,0.0
269,8,agent_2,1,0.0
269,8,agent_0,1,0.0
269,7,agent_2,1,0.0
269,10,agent_1,1,0.0
269,7,agent_0,1,0.0
269,6,agent_2,1,0.0
269,6,agent_1,1,0.0
269,12,agent_2,0,0.0
269,12,agent_0,1,0.0
269,11,agent_2,1,0.0
269,11,agent_0,1,0.0
269,10,agent_2,1,0.0
269,7,agent_1,1,0.0
270,14,agent_2,1,0.0
270,14,agent_1,1,0.0
270,13,agent_2,1,0.0
270,12,agent_2,1,0.0
8,2,agent_0,1,0.0
270,21,agent_2,0,0.0
270,20,agent_2,1,0.0
7,19,agent_2,1,0.0
270,19,agent_1,1,0.0
270,18,agent_2,1,0.0
270,17,agent_2,0,0.0
270,17,agent_0,1,0.0
270,16,agent_2,0,0.0
270,24,agent_1,1,0.0
270,24,agent_0,1,0.0
270,23,agent_2,0,0.0
270,19,agent_2,0,0.0
271,11,agent_0,0,0.0
271,10,agent_0,1,0.0
271,9,agent_2,1,0.0
271,9,agent_0,1,0.0
271,8,agent_2,1,0.0
271,8,agent_1,1,0.0
271,8,agent_0,1,0.0
271,14,agent_2,1,0.0
270,15,agent_1,1,0.0
271,14,agent_0,1,0.0
271,13,agent_2,1,0.0
271,13,agent_0,1,0.0
271,12,agent_2,1,0.0
271,12,agent_0,0,0.0
271,11,agent_2,1,0.0
270,16,agent_0,1,0.0
270,15,agent_2,1,0.0
271,14,agent_1,1,0.0
270,8,agent_2,1,0.0
270,8,agent_0,1,0.0
7,19,agent_0,1,0.0
7,18,agent_2,1,0.0
7,18,agent_1,1,0.0
7,18,agent_0,1,0.0
7,17,agent_2,1,0.0
7,17,agent_0,1,0.0
270,23,agent_1,1,0.0
270,12,agent_0,1,0.0
7,23,agent_0,1,0.0
7,22,agent_2,1,0.0
7,22,agent_0,1,0.0
7,21,agent_2,1,0.0
7,21,agent_0,1,0.0
7,20,agent_2,1,0.0
7,20,agent_0,1,0.0
270,12,agent_1,1,0.0
270,23,agent_0,1,0.0
270,22,agent_2,0,0.0
270,22,agent_1,1,0.0
270,22,agent_0,1,0.0
271,2,agent_0,1,0.0
271,1,agent_2,0,0.0
271,1,agent_1,1,0.0
271,1,agent_0,0,0.0
270,9,agent_1,1,0.0
271,0,agent_1,1,0.0
271,0,agent_0,0,0.0
270,24,agent_2,0,0.0
270,11,agent_2,1,0.0
270,11,agent_1,1,0.0
270,10,agent_2,0,0.0
270,10,agent_0,1,0.0
270,9,agent_2,1,0.0
271,0,agent_2,0,0.0
6,12,agent_0,0,0.0
6,11,agent_2,1,0.0
6,11,agent_0,0,0.0
6,10,agent_0,0,0.0
275,15,agent_0,1,0.0
275,14,agent_2,1,0.0
275,14,agent_0,1,0.0
272,20,agent_1,0,0.0
6,15,agent_0,0,0.0
6,14,agent_2,1,0.0
6,14,agent_1,1,0.0
6,14,agent_0,0,0.0
6,13,agent_2,1,0.0
6,13,agent_0,0,0.0
6,12,agent_2,1,0.0
6,12,agent_1,1,0.0
275,13,agent_2,1,0.0
275,21,agent_0,1,0.0
275,20,agent_1,1,0.0
276,1,agent_0,0,0.0
276,0,agent_2,0,0.0
276,0,agent_1,0,0.0
276,0,agent_0,0,0.0
275,24,agent_2,1,0.0
275,24,agent_1,1,0.0
276,1,agent_1,0,0.0
275,23,agent_2,1,0.0
276,4,agent_1,0,0.0
276,3,agent_2,1,0.0
276,3,agent_1,0,0.0
276,3,agent_0,1,0.0
276,2,agent_1,0,0.0
276,2,agent_0,1,0.0
276,1,agent_2,0,0.0
275,24,agent_0,1,0.0
274,23,agent_2,1,0.0
274,23,agent_1,0,0.0
274,23,agent_0,1,0.0
274,22,agent_2,1,0.0
274,22,agent_1,1,0.0
275,4,agent_1,1,0.0
275,3,agent_2,0,0.0
6,18,agent_1,1,0.0
275,2,agent_1,1,0.0
275,1,agent_2,0,0.0
275,1,agent_0,1,0.0
275,0,agent_2,0,0.0
275,0,agent_1,1,0.0
275,8,agent_0,1,0.0
275,7,agent_2,0,0.0
275,7,agent_0,0,0.0
275,3,agent_1,1,0.0
6,18,agent_0,0,0.0
6,17,agent_2,1,0.0
6,17,agent_0,0,0.0
6,16,agent_1,1,0.0
6,16,agent_0,0,0.0
6,15,agent_2,1,0.0
6,15,agent_1,1,0.0
275,16,agent_2,1,0.0
274,24,agent_0,1,0.0
275,16,agent_0,1,0.0
6,20,agent_1,1,0.0
6,20,agent_0,0,0.0
6,19,agent_2,1,0.0
6,19,agent_1,1,0.0
6,19,agent_0,0,0.0
274,24,agent_2,0,0.0
274,24,agent_1,0,0.0
275,16,agent_1,1,0.0
6,9,agent_0,1,0.0
6,8,agent_1,0,0.0
6,8,agent_0,1,0.0
6,7,agent_1,1,0.0
6,7,agent_0,1,0.0
6,6,agent_2,1,0.0
6,6,agent_0,1,0.0
275,21,agent_1,1,0.0
276,7,agent_1,1,0.0
276,7,agent_0,1,0.0
276,6,agent_2,0,0.0
276,6,agent_1,1,0.0
276,5,agent_2,1,0.0
276,5,agent_1,1,0.0
276,4,agent_2,1,0.0
276,10,agent_2,0,0.0
276,7,agent_2,0,0.0
276,18,agent_0,0,0.0
6,1,agent_0,1,0.0
6,0,agent_2,1,0.0
6,0,agent_0,1,0.0
5,24,agent_2,0,0.0
5,24,agent_1,1,0.0
276,22,agent_1,1,0.0
276,22,agent_0,0,0.0
6,9,agent_1,0,0.0
6,5,agent_1,1,0.0
6,5,agent_0,1,0.0
6,4,agent_2,1,0.0
6,4,agent_1,1,0.0
6,3,agent_1,1,0.0
6,3,agent_0,1,0.0
6,2,agent_2,1,0.0
6,1,agent_1,1,0.0
276,21,agent_2,0,0.0
276,16,agent_0,1,0.0
276,15,agent_2,0,0.0
276,15,agent_1,0,0.0
276,15,agent_0,1,0.0
275,20,agent_0,1,0.0
275,19,agent_1,1,0.0
275,19,agent_0,1,0.0
275,18,agent_2,1,0.0
276,10,agent_1,0,0.0
275,18,agent_0,1,0.0
275,17,agent_1,1,0.0
275,17,agent_0,1,0.0
275,23,agent_1,1,0.0
275,23,agent_0,1,0.0
275,22,agent_1,1,0.0
275,22,agent_0,1,0.0
275,21,agent_2,1,0.0
275,18,agent_1,1,0.0
276,10,agent_0,1,0.0
276,9,agent_2,0,0.0
276,9,agent_1,1,0.0
276,9,agent_0,1,0.0
276,8,agent_2,0,0.0
276,8,agent_1,1,0.0
276,14,agent_2,1,0.0
276,14,agent_1,0,0.0
276,16,agent_1,1,0.0
276,13,agent_1,0,0.0
276,13,agent_0,1,0.0
276,12,agent_1,0,0.0
276,11,agent_2,0,0.0
276,11,agent_1,0,0.0
276,17,agent_2,0,0.0
276,17,agent_0,1,0.0
276,16,agent_2,1,0.0
276,13,agent_2,0,0.0
6,24,agent_0,1,0.0
6,23,agent_2,1,0.0
7,3,agent_2,0,0.0
7,3,agent_1,0,0.0
7,3,agent_0,0,0.0
7,2,agent_2,0,0.0
7,2,agent_1,0,0.0
275,6,agent_2,1,0.0
7,1,agent_2,0,0.0
7,1,agent_1,0,0.0
273,23,agent_0,0,0.0
7,6,agent_0,1,0.0
7,5,agent_2,1,0.0
7,5,agent_1,0,0.0
7,5,agent_0,1,0.0
7,4,agent_2,0,0.0
7,2,agent_0,0,0.0
274,9,agent_1,0,0.0
274,8,agent_2,1,0.0
274,8,agent_0,0,0.0
274,7,agent_2,1,0.0
6,23,agent_1,1,0.0
6,23,agent_0,1,0.0
6,22,agent_1,1,0.0
6,22,agent_0,1,0.0
6,24,agent_1,1,0.0
6,21,agent_0,0,0.0
273,22,agent_2,0,0.0
273,22,agent_1,1,0.0
7,1,agent_0,0,0.0
7,0,agent_2,0,0.0
7,0,agent_1,0,0.0
7,0,agent_0,0,0.0
6,24,agent_2,1,0.0
6,21,agent_1,1,0.0
273,17,agent_2,1,0.0
273,16,agent_2,0,0.0
273,16,agent_1,0,0.0
273,16,agent_0,0,0.0
273,15,agent_2,1,0.0
273,15,agent_1,1,0.0
273,14,agent_2,1,0.0
273,22,agent_0,1,0.0
7,4,agent_1,0,0.0
273,21,agent_0,0,0.0
273,20,agent_2,1,0.0
273,20,agent_1,1,0.0
273,19,agent_1,1,0.0
273,18,agent_2,1,0.0
273,18,agent_1,1,0.0
272,21,agent_2,1,0.0
272,20,agent_2,1,0.0
273,21,agent_1,1,0.0
7,4,agent_0,0,0.0
273,9,agent_2,1,0.0
273,9,agent_0,0,0.0
273,8,agent_2,1,0.0
273,8,agent_1,1,0.0
273,7,agent_2,1,0.0
273,7,agent_1,1,0.0
273,7,agent_0,0,0.0
273,18,agent_0,0,0.0
273,14,agent_0,1,0.0
273,13,agent_1,0,0.0
273,13,agent_0,0,0.0
273,12,agent_1,1,0.0
273,12,agent_0,1,0.0
273,11,agent_2,1,0.0
273,11,agent_1,1,0.0
273,11,agent_0,0,0.0
273,6,agent_1,1,0.0
274,11,agent_1,1,0.0
274,16,agent_2,0,0.0
274,16,agent_1,1,0.0
274,16,agent_0,1,0.0
274,15,agent_2,0,0.0
274,15,agent_1,1,0.0
274,15,agent_0,0,0.0
274,9,agent_2,1,0.0
274,14,agent_1,1,0.0
274,19,agent_1,1,0.0
274,19,agent_0,1,0.0
274,18,agent_2,0,0.0
274,18,agent_1,1,0.0
274,18,agent_0,1,0.0
274,17,agent_2,0,0.0
274,17,agent_1,0,0.0
274,14,agent_2,0,0.0
275,5,agent_2,0,0.0
275,5,agent_0,1,0.0
275,4,agent_2,0,0.0
275,13,agent_0,1,0.0
275,12,agent_2,1,0.0
275,12,agent_0,1,0.0
275,11,agent_1,1,0.0
275,11,agent_0,1,0.0
274,11,agent_2,1,0.0
275,10,agent_0,1,0.0
275,8,agent_1,1,0.0
274,14,agent_0,1,0.0
274,13,agent_2,1,0.0
274,13,agent_1,1,0.0
274,13,agent_0,0,0.0
274,12,agent_1,1,0.0
274,12,agent_0,1,0.0
275,10,agent_1,0,0.0
274,2,agent_2,1,0.0
274,2,agent_1,1,0.0
274,2,agent_0,0,0.0
274,1,agent_2,1,0.0
274,1,agent_1,1,0.0
274,1,agent_0,0,0.0
274,7,agent_1,1,0.0
274,7,agent_0,1,0.0
274,17,agent_0,0,0.0
274,6,agent_0,0,0.0
274,5,agent_2,0,0.0
274,5,agent_1,1,0.0
274,5,agent_0,1,0.0
274,4,agent_2,0,0.0
274,11,agent_0,1,0.0
274,10,agent_1,1,0.0
274,10,agent_0,1,0.0
274,6,agent_2,1,0.0
274,22,agent_0,1,0.0
274,21,agent_2,0,0.0
274,21,agent_1,1,0.0
274,21,agent_0,0,0.0
274,20,agent_2,1,0.0
274,20,agent_1,1,0.0
274,20,agent_0,1,0.0
274,19,agent_2,0,0.0
274,3,agent_1,1,0.0
274,0,agent_1,1,0.0
274,0,agent_0,0,0.0
273,24,agent_2,1,0.0
273,24,agent_1,1,0.0
273,24,agent_0,1,0.0
273,23,agent_2,1,0.0
273,23,agent_1,1,0.0
274,3,agent_2,1,0.0
274,0,agent_2,1,0.0
295,0,agent_0,0,0.0
294,24,agent_2,1,0.0
294,24,agent_1,1,0.0
295,4,agent_1,1,0.0
295,4,agent_0,0,0.0
295,3,agent_2,0,0.0
295,3,agent_1,1,0.0
284,8,agent_1,1,0.0
295,2,agent_2,0,0.0
295,2,agent_1,1,0.0
295,2,agent_0,0,0.0
294,7,agent_2,1,0.0
294,6,agent_2,1,0.0
294,5,agent_2,1,0.0
294,5,agent_0,1,0.0
294,4,agent_2,1,0.0
295,3,agent_0,0,0.0
294,20,agent_0,1,0.0
294,19,agent_2,1,0.0
294,19,agent_1,1,0.0
294,19,agent_0,1,0.0
294,18,agent_2,1,0.0
294,24,agent_0,1,0.0
294,23,agent_2,1,0.0
294,23,agent_1,1,0.0
295,0,agent_1,1,0.0
294,22,agent_1,1,0.0
294,22,agent_0,1,0.0
294,21,agent_2,1,0.0
294,21,agent_1,1,0.0
295,1,agent_2,0,0.0
295,1,agent_1,1,0.0
295,1,agent_0,0,0.0
295,0,agent_2,0,0.0
294,23,agent_0,1,0.0
294,18,agent_0,1,0.0
294,17,agent_2,1,0.0
294,17,agent_1,1,0.0
294,17,agent_0,1,0.0
294,16,agent_2,1,0.0
294,16,agent_1,1,0.0
294,16,agent_0,1,0.0
294,3,agent_2,0,0.0
293,15,agent_2,1,0.0
293,15,agent_1,1,0.0
293,15,agent_0,1,0.0
293,14,agent_2,0,0.0
293,14,agent_1,1,0.0
293,14,agent_0,0,0.0
293,13,agent_2,1,0.0
293,20,agent_0,1,0.0
293,16,agent_2,1,0.0
294,2,agent_2,0,0.0
294,12,agent_0,1,0.0
294,11,agent_2,1,0.0
294,11,agent_1,1,0.0
294,11,agent_0,1,0.0
294,10,agent_2,0,0.0
294,10,agent_0,1,0.0
294,9,agent_1,1,0.0
294,18,agent_1,1,0.0
294,15,agent_2,1,0.0
294,15,agent_0,1,0.0
294,14,agent_2,1,0.0
294,14,agent_1,1,0.0
294,14,agent_0,1,0.0
294,13,agent_1,1,0.0
294,13,agent_0,1,0.0
294,12,agent_1,1,0.0
294,9,agent_0,1,0.0
295,9,agent_1,0,0.0
295,9,agent_0,1,0.0
295,15,agent_0,1,0.0
295,14,agent_2,1,0.0
295,14,agent_1,1,0.0
295,13,agent_2,1,0.0
295,13,agent_1,1,0.0
294,20,agent_1,1,0.0
295,12,agent_2,1,0.0
295,12,agent_1,1,0.0
295,18,agent_0,0,0.0
295,17,agent_2,1,0.0
295,17,agent_1,1,0.0
295,17,agent_0,0,0.0
295,16,agent_2,1,0.0
295,16,agent_1,1,0.0
295,13,agent_0,1,0.0
296,2,agent_1,0,0.0
296,2,agent_0,1,0.0
296,1,agent_2,1,0.0
296,1,agent_1,0,0.0
295,8,agent_2,1,0.0
295,8,agent_1,0,0.0
295,8,agent_0,1,0.0
295,7,agent_2,0,0.0
295,9,agent_2,1,0.0
295,7,agent_0,1,0.0
295,6,agent_2,1,0.0
295,6,agent_1,1,0.0
295,12,agent_0,1,0.0
295,11,agent_1,0,0.0
295,11,agent_0,1,0.0
295,10,agent_1,0,0.0
295,10,agent_0,1,0.0
295,7,agent_1,1,0.0
1,13,agent_2,1,0.0
1,13,agent_1,1,0.0
1,13,agent_0,1,0.0
1,12,agent_2,1,0.0
1,12,agent_1,0,0.0
1,12,agent_0,1,0.0
1,11,agent_1,0,0.0
1,17,agent_1,1,0.0
295,15,agent_2,1,0.0
1,16,agent_2,1,0.0
1,16,agent_0,1,0.0
1,15,agent_2,0,0.0
1,15,agent_0,1,0.0
1,14,agent_2,1,0.0
1,14,agent_1,0,0.0
294,21,agent_0,1,0.0
294,20,agent_2,1,0.0
1,17,agent_0,1,0.0
295,15,agent_1,1,0.0
1,8,agent_0,0,0.0
1,7,agent_1,0,0.0
1,7,agent_0,0,0.0
295,6,agent_0,1,0.0
295,5,agent_2,0,0.0
295,5,agent_1,1,0.0
295,5,agent_0,1,0.0
1,14,agent_0,1,0.0
1,11,agent_0,1,0.0
1,10,agent_2,0,0.0
1,10,agent_1,1,0.0
1,10,agent_0,1,0.0
1,9,agent_2,0,0.0
1,9,agent_1,1,0.0
1,8,agent_2,0,0.0
1,8,agent_1,0,0.0
295,4,agent_2,0,0.0
292,12,agent_2,0,0.0
292,12,agent_1,1,0.0
292,12,agent_0,1,0.0
292,11,agent_1,1,0.0
292,11,agent_0,0,0.0
292,17,agent_0,0,0.0
292,16,agent_1,1,0.0
293,19,agent_2,1,0.0
292,15,agent_2,0,0.0
292,15,agent_1,1,0.0
292,15,agent_0,0,0.0
292,14,agent_1,1,0.0
292,14,agent_0,1,0.0
292,20,agent_1,1,0.0
292,19,agent_2,0,0.0
292,19,agent_1,1,0.0
292,16,agent_0,1,0.0
293,8,agent_0,1,0.0
293,7,agent_2,1,0.0
293,7,agent_0,1,0.0
293,6,agent_2,1,0.0
293,6,agent_0,1,0.0
293,5,agent_2,1,0.0
293,5,agent_1,1,0.0
293,11,agent_0,1,0.0
292,13,agent_0,0,0.0
293,10,agent_1,0,0.0
293,10,agent_0,1,0.0
293,9,agent_2,1,0.0
293,9,agent_1,0,0.0
293,9,agent_0,1,0.0
293,8,agent_2,1,0.0
292,13,agent_2,0,0.0
292,13,agent_1,1,0.0
293,10,agent_2,1,0.0
291,24,agent_1,1,0.0
291,24,agent_0,1,0.0
292,4,agent_1,1,0.0
292,4,agent_0,0,0.0
292,3,agent_1,1,0.0
292,3,agent_0,1,0.0
292,2,agent_2,1,0.0
292,19,agent_0,0,0.0
292,2,agent_0,1,0.0
292,1,agent_2,1,0.0
292,7,agent_1,1,0.0
292,7,agent_0,0,0.0
292,6,agent_2,0,0.0
292,6,agent_1,1,0.0
292,6,agent_0,0,0.0
292,5,agent_1,1,0.0
292,2,agent_1,1,0.0
292,18,agent_1,1,0.0
292,18,agent_0,1,0.0
292,17,agent_2,0,0.0
292,17,agent_1,1,0.0
292,24,agent_0,1,0.0
292,23,agent_2,0,0.0
292,23,agent_1,1,0.0
292,23,agent_0,0,0.0
291,24,agent_2,0,0.0
292,21,agent_2,0,0.0
292,21,agent_1,1,0.0
292,21,agent_0,0,0.0
292,1,agent_1,1,0.0
292,1,agent_0,1,0.0
292,0,agent_2,1,0.0
292,0,agent_1,1,0.0
292,0,agent_0,0,0.0
292,22,agent_1,1,0.0
294,0,agent_0,1,0.0
293,24,agent_2,1,0.0
293,24,agent_1,1,0.0
293,24,agent_0,1,0.0
1,18,agent_1,1,0.0
1,18,agent_0,1,0.0
1,17,agent_2,1,0.0
293,8,agent_1,1,0.0
293,12,agent_2,1,0.0
293,12,agent_1,0,0.0
293,12,agent_0,1,0.0
293,11,agent_2,1,0.0
1,21,agent_2,1,0.0
1,21,agent_1,0,0.0
1,20,agent_2,1,0.0
1,20,agent_1,0,0.0
293,13,agent_0,1,0.0
293,19,agent_1,1,0.0
293,19,agent_0,1,0.0
293,18,agent_2,1,0.0
293,18,agent_1,1,0.0
293,17,agent_2,1,0.0
293,17,agent_0,1,0.0
293,23,agent_2,1,0.0
293,23,agent_1,1,0.0
294,0,agent_1,1,0.0
293,22,agent_1,1,0.0
293,22,agent_0,1,0.0
293,21,agent_2,1,0.0
293,20,agent_2,1,0.0
293,20,agent_1,1,0.0
294,2,agent_0,1,0.0
294,1,agent_2,0,0.0
294,0,agent_2,0,0.0
293,22,agent_2,1,0.0
2,0,agent_0,0,0.0
293,1,agent_2,0,0.0
293,1,agent_1,0,0.0
293,1,agent_0,1,0.0
293,0,agent_2,0,0.0
293,0,agent_1,0,0.0
293,0,agent_0,1,0.0
292,24,agent_2,1,0.0
1,20,agent_0,1,0.0
293,5,agent_0,1,0.0
293,4,agent_2,1,0.0
293,4,agent_1,0,0.0
293,4,agent_0,1,0.0
293,3,agent_2,0,0.0
293,3,agent_1,0,0.0
293,2,agent_2,0,0.0
293,2,agent_1,0,0.0
292,24,agent_1,1,0.0
1,19,agent_2,0,0.0
1,19,agent_0,1,0.0
1,18,agent_2,0,0.0
1,24,agent_2,0,0.0
1,24,agent_1,1,0.0
1,24,agent_0,1,0.0
1,23,agent_1,0,0.0
1,23,agent_0,1,0.0
2,0,agent_1,0,0.0
1,22,agent_1,0,0.0
1,22,agent_0,1,0.0
2,2,agent_2,0,0.0
2,2,agent_1,0,0.0
2,2,agent_0,1,0.0
2,1,agent_1,0,0.0
2,1,agent_0,1,0.0
2,0,agent_2,0,0.0
1,22,agent_2,1,0.0
298,21,agent_2,1,0.0
298,21,agent_1,1,0.0
298,20,agent_2,1,0.0
298,20,agent_1,1,0.0
298,20,agent_0,0,0.0
298,19,agent_2,1,0.0
298,1,agent_2,0,0.0
296,2,agent_2,1,0.0
298,1,agent_0,0,0.0
298,0,agent_2,0,0.0
298,0,agent_1,0,0.0
298,0,agent_0,0,0.0
297,24,agent_2,0,0.0
297,24,agent_1,1,0.0
298,5,agent_0,0,0.0
298,4,agent_2,0,0.0
298,1,agent_1,0,0.0
298,16,agent_1,1,0.0
298,16,agent_0,1,0.0
298,15,agent_2,1,0.0
298,15,agent_1,1,0.0
298,15,agent_0,0,0.0
298,14,agent_2,1,0.0
298,14,agent_1,1,0.0
298,14,agent_0,1,0.0
298,22,agent_1,1,0.0
298,19,agent_0,0,0.0
298,18,agent_2,1,0.0
298,18,agent_1,1,0.0
298,17,agent_2,1,0.0
298,17,agent_1,1,0.0
298,17,agent_0,1,0.0
298,16,agent_2,1,0.0
298,22,agent_2,1,0.0
298,19,agent_1,1,0.0
298,9,agent_1,1,0.0
298,9,agent_0,1,0.0
298,8,agent_2,1,0.0
297,10,agent_1,1,0.0
297,10,agent_0,1,0.0
1,6,agent_2,0,0.0
1,6,agent_1,0,0.0
298,4,agent_0,0,0.0
1,5,agent_0,1,0.0
1,4,agent_2,0,0.0
1,4,agent_1,0,0.0
297,14,agent_0,1,0.0
297,13,agent_2,0,0.0
297,13,agent_1,1,0.0
297,13,agent_0,1,0.0
297,12,agent_2,1,0.0
1,5,agent_2,1,0.0
298,3,agent_1,0,0.0
298,3,agent_0,0,0.0
298,2,agent_2,1,0.0
298,2,agent_1,0,0.0
298,2,agent_0,0,0.0
298,8,agent_1,1,0.0
298,8,agent_0,0,0.0
298,7,agent_2,1,0.0
298,9,agent_2,1,0.0
298,6,agent_2,1,0.0
298,6,agent_1,1,0.0
298,5,agent_2,1,0.0
298,5,agent_1,1,0.0
298,11,agent_0,0,0.0
298,10,agent_2,1,0.0
298,10,agent_1,1,0.0
298,10,agent_0,1,0.0
298,7,agent_0,0,0.0
299,9,agent_1,1,0.0
299,9,agent_0,1,0.0
299,8,agent_2,1,0.0
299,8,agent_1,1,0.0
299,8,agent_0,1,0.0
0,0,agent_1,1,0.0
299,24,agent_1,1,0.0
298,11,agent_1,1,0.0
299,23,agent_2,1,0.0
299,12,agent_2,1,0.0
299,12,agent_1,1,0.0
299,11,agent_2,1,0.0
299,11,agent_1,1,0.0
0,0,agent_2,0,0.0
299,0,agent_0,1,0.0
298,24,agent_2,1,0.0
299,24,agent_0,0,0.0
299,4,agent_1,1,0.0
299,3,agent_2,0,0.0
299,3,agent_1,1,0.0
299,3,agent_0,0,0.0
299,2,agent_2,0,0.0
0,21,agent_0,1,0.0
0,20,agent_0,1,0.0
299,7,agent_2,1,0.0
299,9,agent_2,1,0.0
299,7,agent_0,1,0.0
299,6,agent_2,1,0.0
299,6,agent_1,1,0.0
299,6,agent_0,0,0.0
299,5,agent_2,1,0.0
299,5,agent_1,1,0.0
299,10,agent_2,1,0.0
299,10,agent_1,1,0.0
299,7,agent_1,1,0.0
0,12,agent_0,1,0.0
0,11,agent_2,0,0.0
299,24,agent_2,1,0.0
0,19,agent_0,1,0.0
0,18,agent_0,1,0.0
0,17,agent_2,1,0.0
0,17,agent_0,1,0.0
0,16,agent_0,1,0.0
298,24,agent_1,1,0.0
0,15,agent_0,1,0.0
298,13,agent_2,1,0.0
298,13,agent_1,1,0.0
298,13,agent_0,0,0.0
298,12,agent_2,1,0.0
298,12,agent_1,1,0.0
298,12,agent_0,1,0.0
298,11,agent_2,1,0.0
0,15,agent_1,1,0.0
298,24,agent_0,1,0.0
298,23,agent_2,1,0.0
298,23,agent_1,1,0.0
298,23,agent_0,1,0.0
0,11,agent_1,0,0.0
0,11,agent_0,1,0.0
0,10,agent_2,1,0.0
299,2,agent_0,0,0.0
0,12,agent_1,0,0.0
299,1,agent_1,1,0.0
299,1,agent_0,0,0.0
299,0,agent_2,0,0.0
0,14,agent_1,1,0.0
0,14,agent_0,1,0.0
0,13,agent_1,1,0.0
0,13,agent_0,1,0.0
0,12,agent_2,0,0.0
299,1,agent_2,0,0.0
296,4,agent_1,0,0.0
296,9,agent_1,1,0.0
296,9,agent_0,1,0.0
296,8,agent_2,0,0.0
296,8,agent_1,0,0.0
296,8,agent_0,1,0.0
296,7,agent_2,0,0.0
297,12,agent_0,1,0.0
296,7,agent_0,1,0.0
296,12,agent_2,1,0.0
296,12,agent_0,1,0.0
296,11,agent_2,1,0.0
296,11,agent_1,1,0.0
296,11,agent_0,1,0.0
296,10,agent_2,0,0.0
296,10,agent_1,0,0.0
296,7,agent_1,1,0.0
296,23,agent_1,1,0.0
296,23,agent_0,1,0.0
296,22,agent_2,0,0.0
297,5,agent_2,1,0.0
297,5,agent_1,1,0.0
297,4,agent_1,1,0.0
297,4,agent_0,1,0.0
297,3,agent_1,1,0.0
296,4,agent_2,1,0.0
297,1,agent_2,0,0.0
297,0,agent_2,1,0.0
296,6,agent_2,1,0.0
296,6,agent_1,1,0.0
296,6,agent_0,0,0.0
296,5,agent_2,1,0.0
296,5,agent_1,1,0.0
296,5,agent_0,0,0.0
297,3,agent_0,1,0.0
295,22,agent_2,1,0.0
295,22,agent_1,1,0.0
295,22,agent_0,1,0.0
295,21,agent_2,1,0.0
295,21,agent_1,1,0.0
295,21,agent_0,1,0.0
296,1,agent_0,1,0.0
296,0,agent_2,0,0.0
296,9,agent_2,1,0.0
296,0,agent_0,1,0.0
295,24,agent_2,0,0.0
295,24,agent_1,1,0.0
295,24,agent_0,1,0.0
295,23,agent_2,1,0.0
296,3,agent_2,1,0.0
296,3,agent_1,0,0.0
296,3,agent_0,1,0.0
296,0,agent_1,0,0.0
296,15,agent_2,1,0.0
296,15,agent_1,1,0.0
296,15,agent_0,1,0.0
296,14,agent_2,1,0.0
296,14,agent_0,1,0.0
296,13,agent_2,1,0.0
296,13,agent_1,1,0.0
296,13,agent_0,1,0.0
295,23,agent_0,1,0.0
295,20,agent_1,1,0.0
295,20,agent_0,1,0.0
295,19,agent_2,1,0.0
295,19,agent_1,1,0.0
295,19,agent_0,1,0.0
295,18,agent_2,1,0.0
295,18,agent_1,1,0.0
295,23,agent_1,1,0.0
295,20,agent_2,1,0.0
297,8,agent_2,1,0.0
297,8,agent_1,1,0.0
297,8,agent_0,1,0.0
297,7,agent_2,1,0.0
297,7,agent_0,1,0.0
297,6,agent_2,0,0.0
297,6,agent_1,1,0.0
296,23,agent_2,1,0.0
0,23,agent_2,1,0.0
0,23,agent_1,1,0.0
0,23,agent_0,1,0.0
0,22,agent_2,1,0.0
0,22,agent_1,1,0.0
0,22,agent_0,1,0.0
0,21,agent_2,1,0.0
297,9,agent_0,1,0.0
297,6,agent_0,1,0.0
297,11,agent_0,1,0.0
297,10,agent_2,1,0.0
297,19,agent_1,1,0.0
297,19,agent_0,1,0.0
297,17,agent_1,1,0.0
297,17,agent_0,1,0.0
297,16,agent_0,1,0.0
297,15,agent_2,1,0.0
297,19,agent_2,1,0.0
297,14,agent_2,1,0.0
297,24,agent_0,1,0.0
297,23,agent_0,1,0.0
297,22,agent_2,0,0.0
297,22,agent_0,1,0.0
297,21,agent_0,1,0.0
297,20,agent_2,0,0.0
297,20,agent_0,1,0.0
297,15,agent_0,1,0.0
296,17,agent_2,1,0.0
296,17,agent_1,1,0.0
296,17,agent_0,1,0.0
296,16,agent_2,1,0.0
296,16,agent_0,1,0.0
296,22,agent_1,1,0.0
296,21,agent_2,1,0.0
296,21,agent_1,1,0.0
1,1,agent_1,0,0.0
296,20,agent_2,0,0.0
296,20,agent_1,1,0.0
296,19,agent_2,1,0.0
296,19,agent_1,1,0.0
297,0,agent_0,1,0.0
296,24,agent_2,0,0.0
296,24,agent_1,1,0.0
296,24,agent_0,1,0.0
296,21,agent_0,1,0.0
1,1,agent_0,0,0.0
1,0,agent_2,0,0.0
1,0,agent_1,0,0.0
1,0,agent_0,0,0.0
0,24,agent_2,1,0.0
0,24,agent_1,1,0.0
0,24,agent_0,1,0.0
1,4,agent_0,0,0.0
296,18,agent_0,1,0.0
1,3,agent_1,0,0.0
1,3,agent_0,0,0.0
1,2,agent_2,0,0.0
1,2,agent_1,0,0.0
1,2,agent_0,0,0.0
1,1,agent_2,0,0.0
296,19,agent_0,1,0.0
296,18,agent_2,0,0.0
1,3,agent_2,0,0.0
287,0,agent_1,1,0.0
287,0,agent_0,0,0.0
287,5,agent_2,1,0.0
287,5,agent_1,1,0.0
287,4,agent_2,1,0.0
287,4,agent_1,1,0.0
287,4,agent_0,1,0.0
292,5,agent_0,1,0.0
287,3,agent_0,1,0.0
287,2,agent_2,1,0.0
287,8,agent_1,1,0.0
287,8,agent_0,1,0.0
287,7,agent_2,1,0.0
287,7,agent_1,1,0.0
287,7,agent_0,1,0.0
287,6,agent_2,1,0.0
287,3,agent_1,1,0.0
287,20,agent_0,1,0.0
287,19,agent_2,1,0.0
287,19,agent_1,1,0.0
287,19,agent_0,1,0.0
287,18,agent_2,1,0.0
286,24,agent_2,1,0.0
286,24,agent_1,1,0.0
286,24,agent_0,1,0.0
287,0,agent_2,0,0.0
286,23,agent_0,1,0.0
286,22,agent_1,1,0.0
286,22,agent_0,1,0.0
287,2,agent_1,1,0.0
287,2,agent_0,1,0.0
287,1,agent_2,0,0.0
287,1,agent_1,1,0.0
287,1,agent_0,0,0.0
286,23,agent_2,1,0.0
286,18,agent_1,0,0.0
286,18,agent_0,1,0.0
286,17,agent_2,1,0.0
286,17,agent_1,0,0.0
286,17,agent_0,1,0.0
286,16,agent_2,1,0.0
286,16,agent_1,0,0.0
287,6,agent_1,1,0.0
286,21,agent_0,1,0.0
286,20,agent_2,1,0.0
286,20,agent_1,1,0.0
286,20,agent_0,1,0.0
286,19,agent_2,1,0.0
286,19,agent_1,0,0.0
286,19,agent_0,1,0.0
285,24,agent_2,1,0.0
286,21,agent_1,1,0.0
287,6,agent_0,0,0.0
286,13,agent_0,1,0.0
286,12,agent_2,0,0.0
286,12,agent_1,1,0.0
286,12,agent_0,1,0.0
286,11,agent_1,1,0.0
286,10,agent_2,1,0.0
286,10,agent_1,0,0.0
286,18,agent_2,1,0.0
286,16,agent_0,1,0.0
286,15,agent_2,1,0.0
286,15,agent_1,0,0.0
286,15,agent_0,1,0.0
286,14,agent_2,0,0.0
286,14,agent_0,1,0.0
286,13,agent_2,0,0.0
286,13,agent_1,0,0.0
286,9,agent_2,1,0.0
287,23,agent_0,1,0.0
287,22,agent_1,1,0.0
287,22,agent_0,1,0.0
3,2,agent_2,1,0.0
3,2,agent_1,1,0.0
3,2,agent_0,0,0.0
3,1,agent_1,0,0.0
287,20,agent_1,1,0.0
3,0,agent_2,0,0.0
3,0,agent_1,0,0.0
3,0,agent_0,0,0.0
3,5,agent_2,1,0.0
3,5,agent_0,1,0.0
3,4,agent_2,1,0.0
3,4,agent_1,0,0.0
3,4,agent_0,0,0.0
3,1,agent_0,0,0.0
288,8,agent_0,0,0.0
288,7,agent_2,1,0.0
288,7,agent_0,0,0.0
288,6,agent_2,0,0.0
288,6,agent_1,1,0.0
288,12,agent_1,0,0.0
288,12,agent_0,1,0.0
288,11,agent_2,1,0.0
287,23,agent_1,1,0.0
288,11,agent_0,1,0.0
288,10,agent_2,1,0.0
288,10,agent_0,1,0.0
288,9,agent_2,1,0.0
2,24,agent_2,1,0.0
287,24,agent_2,1,0.0
287,24,agent_1,1,0.0
287,24,agent_0,1,0.0
288,11,agent_1,0,0.0
287,15,agent_2,1,0.0
287,15,agent_1,1,0.0
287,15,agent_0,1,0.0
287,14,agent_2,1,0.0
287,14,agent_1,1,0.0
287,13,agent_2,1,0.0
287,13,agent_1,1,0.0
287,12,agent_2,1,0.0
3,3,agent_2,1,0.0
287,18,agent_0,1,0.0
287,17,agent_2,1,0.0
287,17,agent_1,1,0.0
287,17,agent_0,1,0.0
287,16,agent_1,1,0.0
287,16,agent_0,1,0.0
287,21,agent_1,1,0.0
287,21,agent_0,1,0.0
287,18,agent_1,1,0.0
3,3,agent_1,1,0.0
3,3,agent_0,0,0.0
3,10,agent_0,1,0.0
3,9,agent_0,1,0.0
3,8,agent_1,0,0.0
3,8,agent_0,1,0.0
3,7,agent_1,1,0.0
3,7,agent_0,1,0.0
287,9,agent_0,1,0.0
3,6,agent_0,1,0.0
287,12,agent_1,1,0.0
287,11,agent_2,1,0.0
287,11,agent_1,1,0.0
287,10,agent_2,1,0.0
287,10,agent_1,1,0.0
287,10,agent_0,1,0.0
287,9,agent_1,1,0.0
3,6,agent_1,0,0.0
285,12,agent_1,1,0.0
285,12,agent_0,1,0.0
285,11,agent_1,1,0.0
285,11,agent_0,1,0.0
285,10,agent_1,1,0.0
3,21,agent_0,1,0.0
285,0,agent_0,1,0.0
285,24,agent_1,0,0.0
284,24,agent_1,1,0.0
284,24,agent_0,1,0.0
284,23,agent_1,1,0.0
284,23,agent_0,0,0.0
284,22,agent_1,1,0.0
4,1,agent_0,1,0.0
4,0,agent_2,0,0.0
4,0,agent_1,1,0.0
284,24,agent_2,0,0.0
285,6,agent_0,1,0.0
285,5,agent_2,1,0.0
285,5,agent_1,1,0.0
285,4,agent_2,1,0.0
285,4,agent_1,1,0.0
285,4,agent_0,1,0.0
285,3,agent_2,1,0.0
285,10,agent_0,1,0.0
285,12,agent_2,0,0.0
285,9,agent_1,1,0.0
285,8,agent_2,1,0.0
285,8,agent_1,1,0.0
285,7,agent_2,1,0.0
285,7,agent_1,0,0.0
285,6,agent_2,1,0.0
285,14,agent_2,1,0.0
285,13,agent_0,1,0.0
285,9,agent_2,0,0.0
4,4,agent_2,0,0.0
4,4,agent_1,1,0.0
284,7,agent_1,0,0.0
284,7,agent_0,1,0.0
284,6,agent_1,0,0.0
284,6,agent_0,1,0.0
284,5,agent_2,1,0.0
284,5,agent_1,0,0.0
3,24,agent_2,1,0.0
284,4,agent_2,1,0.0
284,12,agent_0,1,0.0
284,11,agent_2,1,0.0
284,11,agent_1,1,0.0
284,10,agent_1,1,0.0
284,9,agent_2,1,0.0
284,9,agent_1,1,0.0
284,9,agent_0,0,0.0
284,5,agent_0,1,0.0
3,24,agent_1,1,0.0
3,24,agent_0,1,0.0
3,23,agent_0,1,0.0
3,22,agent_0,1,0.0
4,4,agent_0,1,0.0
4,3,agent_2,0,0.0
4,3,agent_1,1,0.0
4,3,agent_0,1,0.0
4,5,agent_0,0,0.0
4,2,agent_1,1,0.0
4,1,agent_2,1,0.0
4,1,agent_1,1,0.0
285,0,agent_1,0,0.0
4,6,agent_1,1,0.0
4,6,agent_0,1,0.0
4,5,agent_2,1,0.0
4,5,agent_1,1,0.0
4,2,agent_2,0,0.0
286,3,agent_2,1,0.0
286,3,agent_1,0,0.0
286,3,agent_0,1,0.0
286,2,agent_2,1,0.0
286,9,agent_0,1,0.0
286,8,agent_1,0,0.0
286,7,agent_2,1,0.0
285,6,agent_1,0,0.0
286,6,agent_1,0,0.0
286,6,agent_0,1,0.0
286,5,agent_2,1,0.0
286,5,agent_1,1,0.0
285,19,agent_0,1,0.0
285,18,agent_2,0,0.0
285,18,agent_1,1,0.0
285,18,agent_0,1,0.0
286,7,agent_1,0,0.0
285,24,agent_0,1,0.0
285,23,agent_2,0,0.0
285,23,agent_1,0,0.0
285,23,agent_0,1,0.0
285,22,agent_1,0,0.0
285,22,agent_0,1,0.0
286,2,agent_1,0,0.0
286,2,agent_0,1,0.0
286,4,agent_0,1,0.0
286,1,agent_1,0,0.0
286,1,agent_0,1,0.0
286,0,agent_2,1,0.0
286,0,agent_1,0,0.0
286,0,agent_0,1,0.0
286,5,agent_0,1,0.0
286,4,agent_2,1,0.0
286,4,agent_1,0,0.0
286,1,agent_2,1,0.0
3,13,agent_0,1,0.0
285,21,agent_2,0,0.0
3,20,agent_1,1,0.0
3,20,agent_0,1,0.0
3,19,agent_1,1,0.0
3,19,agent_0,1,0.0
3,18,agent_1,1,0.0
3,18,agent_0,1,0.0
285,17,agent_0,0,0.0
285,3,agent_1,0,0.0
285,2,agent_2,0,0.0
285,2,agent_1,0,0.0
285,2,agent_0,1,0.0
285,1,agent_2,0,0.0
285,1,agent_1,0,0.0
285,1,agent_0,1,0.0
285,0,agent_2,0,0.0
3,17,agent_1,1,0.0
285,16,agent_2,1,0.0
285,16,agent_0,0,0.0
285,15,agent_0,0,0.0
3,12,agent_0,1,0.0
3,11,agent_0,1,0.0
3,10,agent_1,1,0.0
285,21,agent_1,0,0.0
285,21,agent_0,1,0.0
3,13,agent_1,0,0.0
285,20,agent_0,1,0.0
285,19,agent_1,1,0.0
3,17,agent_0,1,0.0
3,16,agent_1,1,0.0
3,16,agent_0,1,0.0
3,15,agent_1,0,0.0
3,15,agent_0,1,0.0
3,14,agent_0,1,0.0
285,20,agent_2,0,0.0
291,2,agent_1,0,0.0
291,1,agent_1,1,0.0
291,1,agent_0,1,0.0
291,0,agent_0,1,0.0
290,24,agent_2,1,0.0
290,24,agent_1,1,0.0
290,24,agent_0,1,0.0
288,8,agent_2,1,0.0
291,5,agent_2,0,0.0
291,5,agent_0,1,0.0
291,4,agent_2,1,0.0
291,4,agent_1,1,0.0
291,4,agent_0,1,0.0
291,3,agent_2,1,0.0
291,3,agent_0,1,0.0
290,5,agent_2,1,0.0
290,23,agent_2,1,0.0
2,10,agent_0,1,0.0
2,9,agent_2,1,0.0
290,20,agent_0,1,0.0
290,19,agent_2,0,0.0
290,19,agent_0,1,0.0
290,18,agent_2,1,0.0
290,18,agent_1,1,0.0
290,18,agent_0,1,0.0
290,20,agent_2,1,0.0
290,17,agent_0,1,0.0
290,23,agent_1,1,0.0
290,23,agent_0,1,0.0
290,22,agent_2,0,0.0
290,22,agent_0,1,0.0
290,21,agent_2,1,0.0
290,21,agent_1,1,0.0
290,21,agent_0,1,0.0
290,17,agent_2,0,0.0
290,11,agent_0,1,0.0
290,10,agent_0,1,0.0
290,9,agent_2,1,0.0
290,9,agent_0,1,0.0
290,16,agent_2,1,0.0
290,16,agent_0,1,0.0
290,15,agent_2,1,0.0
290,5,agent_1,1,0.0
290,15,agent_0,1,0.0
290,14,agent_2,0,0.0
290,14,agent_0,1,0.0
290,13,agent_2,1,0.0
2,16,agent_0,1,0.0
2,15,agent_2,1,0.0
2,15,agent_1,1,0.0
2,15,agent_0,1,0.0
290,15,agent_1,0,0.0
290,5,agent_0,1,0.0
290,4,agent_2,0,0.0
290,4,agent_1,1,0.0
290,3,agent_2,1,0.0
290,3,agent_1,0,0.0
2,24,agent_1,1,0.0
290,8,agent_2,1,0.0
290,8,agent_1,1,0.0
290,11,agent_1,1,0.0
290,7,agent_2,1,0.0
290,7,agent_1,0,0.0
290,7,agent_0,1,0.0
290,6,agent_2,1,0.0
290,6,agent_1,1,0.0
290,13,agent_0,1,0.0
290,12,agent_2,1,0.0
290,12,agent_0,1,0.0
290,8,agent_0,1,0.0
291,15,agent_2,0,0.0
291,15,agent_1,1,0.0
291,14,agent_2,0,0.0
291,14,agent_1,1,0.0
291,13,agent_2,1,0.0
291,13,agent_1,0,0.0
291,12,agent_2,1,0.0
2,11,agent_0,1,0.0
291,19,agent_1,1,0.0
291,19,agent_0,1,0.0
291,18,agent_2,0,0.0
291,18,agent_1,1,0.0
291,18,agent_0,1,0.0
291,17,agent_2,0,0.0
291,17,agent_1,1,0.0
291,23,agent_2,1,0.0
291,19,agent_2,0,0.0
292,4,agent_2,0,0.0
292,10,agent_2,0,0.0
292,10,agent_1,1,0.0
292,10,agent_0,1,0.0
292,9,agent_1,1,0.0
292,9,agent_0,1,0.0
292,8,agent_1,1,0.0
292,8,agent_0,1,0.0
291,17,agent_0,1,0.0
291,12,agent_1,1,0.0
291,12,agent_0,1,0.0
291,11,agent_2,1,0.0
291,11,agent_1,1,0.0
291,10,agent_1,1,0.0
2,13,agent_2,1,0.0
2,13,agent_1,1,0.0
2,13,agent_0,1,0.0
292,7,agent_2,0,0.0
2,4,agent_0,1,0.0
2,3,agent_2,0,0.0
2,3,agent_1,1,0.0
291,10,agent_0,1,0.0
2,9,agent_1,1,0.0
2,9,agent_0,1,0.0
2,8,agent_2,0,0.0
2,8,agent_0,1,0.0
291,23,agent_1,1,0.0
2,7,agent_0,1,0.0
2,6,agent_2,0,0.0
2,6,agent_0,1,0.0
2,12,agent_2,1,0.0
2,12,agent_1,1,0.0
2,12,agent_0,1,0.0
2,11,agent_2,1,0.0
2,11,agent_1,1,0.0
2,7,agent_2,0,0.0
291,22,agent_2,0,0.0
291,22,agent_1,1,0.0
291,21,agent_2,0,0.0
291,21,agent_1,0,0.0
291,20,agent_2,0,0.0
291,20,agent_1,1,0.0
291,9,agent_2,0,0.0
291,9,agent_1,1,0.0
2,4,agent_1,1,0.0
291,8,agent_0,0,0.0
291,7,agent_2,1,0.0
291,7,agent_0,1,0.0
291,6,agent_1,1,0.0
291,6,agent_0,1,0.0
2,5,agent_2,0,0.0
2,5,agent_0,1,0.0
2,4,agent_2,0,0.0
291,8,agent_2,0,0.0
289,12,agent_2,1,0.0
289,12,agent_0,1,0.0
288,16,agent_2,0,0.0
288,16,agent_1,1,0.0
288,15,agent_2,0,0.0
288,15,agent_1,0,0.0
288,14,agent_1,1,0.0
2,14,agent_2,1,0.0
288,13,agent_1,0,0.0
288,13,agent_0,1,0.0
288,19,agent_2,0,0.0
288,19,agent_1,1,0.0
288,19,agent_0,1,0.0
288,18,agent_2,0,0.0
288,18,agent_1,1,0.0
288,17,agent_2,0,0.0
288,13,agent_2,0,0.0
289,5,agent_2,1,0.0
289,5,agent_0,0,0.0
289,4,agent_2,1,0.0
289,4,agent_0,1,0.0
289,11,agent_2,1,0.0
289,11,agent_0,1,0.0
289,10,agent_2,1,0.0
289,10,agent_1,1,0.0
289,13,agent_0,1,0.0
289,9,agent_2,1,0.0
289,8,agent_0,0,0.0
289,7,agent_2,1,0.0
289,15,agent_2,1,0.0
289,15,agent_0,0,0.0
289,14,agent_2,1,0.0
289,14,agent_0,0,0.0
289,13,agent_2,1,0.0
289,10,agent_0,0,0.0
288,2,agent_1,0,0.0
288,2,agent_0,0,0.0
288,1,agent_1,0,0.0
288,1,agent_0,0,0.0
288,0,agent_2,0,0.0
288,0,agent_1,0,0.0
288,0,agent_0,0,0.0
288,6,agent_0,0,0.0
288,17,agent_1,1,0.0
288,5,agent_1,0,0.0
288,5,agent_0,0,0.0
288,4,agent_2,0,0.0
288,4,agent_1,0,0.0
288,4,agent_0,0,0.0
288,3,agent_1,0,0.0
288,9,agent_1,1,0.0
288,9,agent_0,1,0.0
288,5,agent_2,0,0.0
288,17,agent_0,0,0.0
288,22,agent_1,1,0.0
288,22,agent_0,1,0.0
288,21,agent_2,0,0.0
288,21,agent_1,1,0.0
288,21,agent_0,1,0.0
288,20,agent_2,0,0.0
288,20,agent_1,0,0.0
288,3,agent_0,0,0.0
289,0,agent_1,1,0.0
289,0,agent_0,1,0.0
288,24,agent_2,1,0.0
288,24,agent_1,1,0.0
288,24,agent_0,1,0.0
288,23,agent_2,0,0.0
288,23,agent_0,1,0.0
288,22,agent_2,0,0.0
288,20,agent_0,1,0.0
2,19,agent_0,1,0.0
2,24,agent_0,1,0.0
2,23,agent_2,1,0.0
2,23,agent_1,1,0.0
2,23,agent_0,1,0.0
2,22,agent_2,1,0.0
2,22,agent_1,1,0.0
289,6,agent_0,0,0.0
2,21,agent_2,1,0.0
289,18,agent_2,1,0.0
289,18,agent_1,1,0.0
289,18,agent_0,1,0.0
289,17,agent_2,1,0.0
289,17,agent_0,0,0.0
289,16,agent_2,1,0.0
289,16,agent_1,1,0.0
2,22,agent_0,1,0.0
2,14,agent_1,1,0.0
2,14,agent_0,1,0.0
290,2,agent_2,0,0.0
2,18,agent_2,1,0.0
2,18,agent_1,1,0.0
2,18,agent_0,1,0.0
2,17,agent_2,1,0.0
2,17,agent_1,1,0.0
2,19,agent_1,1,0.0
2,16,agent_2,1,0.0
2,16,agent_1,1,0.0
2,21,agent_1,1,0.0
2,21,agent_0,1,0.0
2,20,agent_2,1,0.0
2,20,agent_1,1,0.0
2,20,agent_0,1,0.0
2,19,agent_2,1,0.0
2,17,agent_0,1,0.0
290,1,agent_1,1,0.0
290,1,agent_0,0,0.0
290,0,agent_2,0,0.0
290,0,agent_1,0,0.0
290,0,agent_0,0,0.0
289,24,agent_2,1,0.0
289,3,agent_2,1,0.0
289,3,agent_1,1,0.0
289,16,agent_0,1,0.0
289,2,agent_2,1,0.0
289,2,agent_0,1,0.0
289,1,agent_2,1,0.0
289,1,agent_1,1,0.0
289,0,agent_2,1,0.0
289,7,agent_0,1,0.0
289,6,agent_2,1,0.0
289,6,agent_1,1,0.0
289,3,agent_0,1,0.0
289,21,agent_2,1,0.0
289,21,agent_1,1,0.0
289,21,agent_0,1,0.0
289,20,agent_2,1,0.0
289,20,agent_0,0,0.0
289,19,agent_2,1,0.0
289,19,agent_1,1,0.0
289,19,agent_0,0,0.0
290,1,agent_2,0,0.0
289,24,agent_0,0,0.0
289,23,agent_2,1,0.0
289,23,agent_1,1,0.0
289,23,agent_0,1,0.0
289,22,agent_2,1,0.0
289,22,agent_1,1,0.0
289,22,agent_0,0,0.0
290,2,agent_1,0,0.0
289,24,agent_1,1,0.0
249,5,agent_0,1,0.0
249,4,agent_2,1,0.0
249,4,agent_0,1,0.0
249,3,agent_2,1,0.0
249,3,agent_1,1,0.0
249,3,agent_0,1,0.0
249,2,agent_2,1,0.0
269,16,agent_0,1,0.0
249,7,agent_2,1,0.0
249,7,agent_1,1,0.0
249,7,agent_0,1,0.0
249,6,agent_2,1,0.0
249,6,agent_1,1,0.0
249,6,agent_0,1,0.0
249,5,agent_2,0,0.0
249,10,agent_2,1,0.0
249,8,agent_0,1,0.0
249,16,agent_1,1,0.0
249,21,agent_1,1,0.0
249,21,agent_0,1,0.0
249,20,agent_2,1,0.0
249,20,agent_1,1,0.0
249,20,agent_0,1,0.0
249,19,agent_2,1,0.0
249,19,agent_1,1,0.0
249,5,agent_1,1,0.0
249,2,agent_1,1,0.0
249,2,agent_0,1,0.0
249,1,agent_2,1,0.0
249,1,agent_1,1,0.0
249,1,agent_0,1,0.0
249,0,agent_2,1,0.0
249,0,agent_1,1,0.0
249,0,agent_0,1,0.0
249,19,agent_0,1,0.0
248,16,agent_2,1,0.0
248,16,agent_1,1,0.0
248,16,agent_0,1,0.0
248,15,agent_2,1,0.0
248,22,agent_0,1,0.0
248,21,agent_1,1,0.0
248,21,agent_0,1,0.0
249,10,agent_1,1,0.0
248,20,agent_0,1,0.0
248,19,agent_1,1,0.0
248,19,agent_0,1,0.0
248,18,agent_1,1,0.0
248,24,agent_2,0,0.0
248,24,agent_1,1,0.0
248,24,agent_0,1,0.0
248,23,agent_2,1,0.0
248,20,agent_1,1,0.0
249,10,agent_0,1,0.0
249,9,agent_2,1,0.0
249,9,agent_1,1,0.0
249,9,agent_0,1,0.0
249,8,agent_2,1,0.0
249,8,agent_1,1,0.0
248,15,agent_1,1,0.0
248,15,agent_0,1,0.0
248,17,agent_0,1,0.0
248,14,agent_0,1,0.0
248,13,agent_2,1,0.0
248,13,agent_0,1,0.0
248,12,agent_2,1,0.0
248,12,agent_0,1,0.0
248,18,agent_0,1,0.0
248,17,agent_2,1,0.0
248,17,agent_1,1,0.0
248,14,agent_2,1,0.0
249,23,agent_1,1,0.0
249,23,agent_0,1,0.0
249,22,agent_2,1,0.0
249,22,agent_1,1,0.0
249,22,agent_0,1,0.0
249,21,agent_2,1,0.0
250,2,agent_0,0,0.0
249,16,agent_2,1,0.0
250,1,agent_1,1,0.0
250,1,agent_0,0,0.0
250,0,agent_2,0,0.0
250,0,agent_0,0,0.0
249,24,agent_2,1,0.0
249,24,agent_1,1,0.0
250,6,agent_1,1,0.0
250,5,agent_2,1,0.0
250,1,agent_2,0,0.0
13,24,agent_0,1,0.0
13,23,agent_1,1,0.0
13,23,agent_0,1,0.0
13,22,agent_2,0,0.0
13,22,agent_1,1,0.0
13,22,agent_0,1,0.0
13,21,agent_1,1,0.0
13,21,agent_0,1,0.0
249,23,agent_2,1,0.0
14,1,agent_2,0,0.0
14,1,agent_0,0,0.0
14,0,agent_2,0,0.0
14,0,agent_1,1,0.0
14,0,agent_0,0,0.0
13,24,agent_2,0,0.0
13,24,agent_1,1,0.0
249,24,agent_0,1,0.0
250,11,agent_2,0,0.0
249,11,agent_2,1,0.0
249,11,agent_1,1,0.0
249,11,agent_0,1,0.0
249,16,agent_0,1,0.0
249,15,agent_2,1,0.0
249,15,agent_1,1,0.0
249,15,agent_0,1,0.0
249,14,agent_2,1,0.0
250,4,agent_2,0,0.0
249,14,agent_0,1,0.0
249,13,agent_2,1,0.0
249,18,agent_2,1,0.0
249,18,agent_1,1,0.0
249,18,agent_0,1,0.0
249,17,agent_2,1,0.0
249,17,agent_1,1,0.0
249,17,agent_0,1,0.0
249,14,agent_1,1,0.0
250,4,agent_1,1,0.0
250,4,agent_0,1,0.0
250,3,agent_2,0,0.0
250,3,agent_0,1,0.0
250,2,agent_2,0,0.0
250,9,agent_1,1,0.0
250,9,agent_0,1,0.0
250,8,agent_2,1,0.0
249,12,agent_0,1,0.0
250,8,agent_0,1,0.0
250,7,agent_2,0,0.0
250,7,agent_0,1,0.0
250,6,agent_2,0,0.0
249,13,agent_1,1,0.0
249,13,agent_0,1,0.0
249,12,agent_2,1,0.0
249,12,agent_1,1,0.0
250,8,agent_1,0,0.0
14,4,agent_1,1,0.0
14,4,agent_0,0,0.0
14,10,agent_2,0,0.0
14,10,agent_1,0,0.0
14,9,agent_1,1,0.0
14,9,agent_0,1,0.0
14,8,agent_2,1,0.0
248,23,agent_1,1,0.0
14,8,agent_0,1,0.0
14,7,agent_2,1,0.0
246,23,agent_0,1,0.0
246,22,agent_2,1,0.0
246,22,agent_0,1,0.0
246,21,agent_2,1,0.0
246,21,agent_0,1,0.0
246,20,agent_2,1,0.0
14,8,agent_1,1,0.0
247,9,agent_0,1,0.0
247,8,agent_2,1,0.0
247,8,agent_1,1,0.0
247,8,agent_0,1,0.0
14,3,agent_2,0,0.0
14,3,agent_0,1,0.0
14,2,agent_2,0,0.0
14,2,agent_1,1,0.0
14,4,agent_2,0,0.0
247,11,agent_1,1,0.0
247,11,agent_0,1,0.0
247,10,agent_2,1,0.0
14,7,agent_1,1,0.0
14,6,agent_2,0,0.0
14,6,agent_0,1,0.0
14,5,agent_2,1,0.0
14,5,agent_0,1,0.0
14,2,agent_0,1,0.0
247,7,agent_1,1,0.0
247,7,agent_0,1,0.0
247,6,agent_2,1,0.0
247,6,agent_1,0,0.0
247,6,agent_0,1,0.0
247,5,agent_1,1,0.0
247,5,agent_0,0,0.0
246,20,agent_1,1,0.0
246,10,agent_0,1,0.0
246,9,agent_2,1,0.0
246,9,agent_1,0,0.0
246,9,agent_0,1,0.0
246,8,agent_0,0,0.0
246,7,agent_2,0,0.0
246,7,agent_1,0,0.0
246,13,agent_2,0,0.0
246,10,agent_1,1,0.0
246,20,agent_0,1,0.0
247,1,agent_0,0,0.0
247,0,agent_2,0,0.0
247,0,agent_1,0,0.0
247,0,agent_0,1,0.0
246,24,agent_2,1,0.0
246,24,agent_1,1,0.0
246,24,agent_0,1,0.0
247,7,agent_2,1,0.0
247,4,agent_1,1,0.0
247,4,agent_0,1,0.0
247,3,agent_2,0,0.0
247,3,agent_1,0,0.0
247,3,agent_0,0,0.0
247,2,agent_1,0,0.0
247,1,agent_2,0,0.0
247,1,agent_1,0,0.0
246,23,agent_2,1,0.0
248,2,agent_0,1,0.0
248,7,agent_2,1,0.0
248,7,agent_1,1,0.0
248,7,agent_0,1,0.0
248,6,agent_2,1,0.0
248,6,agent_1,1,0.0
248,6,agent_0,1,0.0
247,9,agent_1,1,0.0
248,5,agent_0,1,0.0
248,11,agent_1,1,0.0
248,10,agent_1,0,0.0
248,10,agent_0,1,0.0
248,9,agent_2,1,0.0
248,9,agent_1,0,0.0
248,9,agent_0,1,0.0
248,8,agent_1,0,0.0
248,5,agent_2,1,0.0
248,23,agent_0,1,0.0
248,22,agent_2,1,0.0
248,22,agent_1,1,0.0
248,1,agent_2,0,0.0
248,1,agent_1,1,0.0
248,1,agent_0,1,0.0
248,0,agent_2,0,0.0
248,0,agent_1,1,0.0
248,2,agent_1,1,0.0
247,24,agent_2,1,0.0
247,24,agent_1,1,0.0
248,4,agent_2,1,0.0
248,4,agent_1,1,0.0
248,4,agent_0,1,0.0
248,3,agent_2,1,0.0
248,3,agent_0,1,0.0
248,2,agent_2,0,0.0
248,0,agent_0,1,0.0
247,18,agent_2,1,0.0
247,18,agent_1,1,0.0
247,18,agent_0,1,0.0
247,17,agent_2,1,0.0
247,17,agent_1,1,0.0
247,17,agent_0,1,0.0
247,24,agent_0,1,0.0
247,23,agent_2,1,0.0
248,8,agent_0,1,0.0
247,22,agent_2,1,0.0
247,22,agent_0,1,0.0
247,21,agent_0,1,0.0
247,20,agent_2,1,0.0
247,20,agent_0,1,0.0
247,10,agent_1,1,0.0
247,10,agent_0,1,0.0
247,9,agent_2,0,0.0
247,23,agent_0,1,0.0
247,13,agent_0,1,0.0
247,12,agent_2,1,0.0
247,12,agent_1,1,0.0
247,12,agent_0,1,0.0
247,11,agent_2,0,0.0
14,12,agent_0,1,0.0
14,11,agent_2,1,0.0
14,11,agent_0,1,0.0
247,19,agent_0,1,0.0
247,16,agent_0,1,0.0
247,15,agent_1,1,0.0
247,15,agent_0,1,0.0
247,14,agent_2,1,0.0
247,14,agent_1,1,0.0
247,14,agent_0,1,0.0
247,13,agent_2,1,0.0
247,19,agent_1,1,0.0
247,16,agent_1,1,0.0
252,21,agent_1,1,0.0
252,20,agent_2,1,0.0
253,1,agent_0,1,0.0
253,0,agent_2,1,0.0
253,0,agent_0,1,0.0
252,24,agent_2,1,0.0
252,24,agent_1,1,0.0
13,18,agent_0,1,0.0
252,23,agent_2,1,0.0
252,23,agent_1,1,0.0
253,5,agent_2,1,0.0
253,4,agent_0,1,0.0
253,3,agent_2,1,0.0
253,3,agent_1,1,0.0
253,3,agent_0,0,0.0
253,2,agent_2,1,0.0
252,24,agent_0,1,0.0
13,1,agent_2,1,0.0
13,1,agent_1,1,0.0
13,1,agent_0,1,0.0
13,0,agent_2,0,0.0
13,0,agent_0,1,0.0
252,20,agent_1,1,0.0
252,19,agent_2,1,0.0
252,19,agent_1,1,0.0
252,21,agent_2,1,0.0
252,18,agent_2,1,0.0
252,18,agent_1,1,0.0
252,18,agent_0,1,0.0
252,17,agent_2,1,0.0
252,23,agent_0,0,0.0
252,22,agent_2,1,0.0
252,22,agent_1,1,0.0
252,22,agent_0,0,0.0
252,19,agent_0,1,0.0
252,14,agent_1,1,0.0
252,14,agent_0,0,0.0
252,13,agent_2,1,0.0
252,13,agent_1,1,0.0
252,13,agent_0,0,0.0
252,12,agent_2,1,0.0
252,12,agent_1,1,0.0
253,2,agent_1,1,0.0
252,17,agent_0,1,0.0
252,16,agent_2,1,0.0
252,16,agent_1,1,0.0
252,16,agent_0,1,0.0
252,15,agent_2,1,0.0
252,15,agent_1,1,0.0
252,15,agent_0,1,0.0
252,3,agent_1,1,0.0
252,17,agent_1,1,0.0
253,2,agent_0,1,0.0
252,8,agent_2,1,0.0
252,8,agent_1,1,0.0
252,7,agent_1,1,0.0
252,7,agent_0,1,0.0
252,6,agent_1,1,0.0
252,5,agent_2,1,0.0
252,5,agent_1,1,0.0
252,14,agent_2,1,0.0
252,12,agent_0,1,0.0
252,11,agent_2,1,0.0
252,11,agent_1,1,0.0
252,11,agent_0,1,0.0
252,10,agent_2,1,0.0
252,10,agent_1,1,0.0
252,9,agent_2,1,0.0
252,9,agent_1,1,0.0
252,5,agent_0,1,0.0
13,3,agent_1,1,0.0
13,3,agent_0,1,0.0
253,14,agent_1,0,0.0
253,14,agent_0,1,0.0
253,13,agent_2,1,0.0
253,13,agent_0,1,0.0
253,12,agent_2,0,0.0
13,2,agent_0,1,0.0
253,12,agent_0,1,0.0
253,11,agent_2,1,0.0
253,18,agent_2,0,0.0
253,17,agent_0,1,0.0
253,16,agent_2,0,0.0
253,16,agent_1,0,0.0
253,16,agent_0,1,0.0
253,15,agent_2,1,0.0
253,12,agent_1,0,0.0
254,5,agent_0,0,0.0
254,4,agent_2,0,0.0
254,4,agent_1,0,0.0
254,4,agent_0,0,0.0
254,10,agent_1,0,0.0
254,10,agent_0,1,0.0
254,9,agent_0,1,0.0
254,8,agent_2,0,0.0
13,4,agent_0,1,0.0
254,7,agent_1,1,0.0
254,7,agent_0,1,0.0
254,6,agent_2,0,0.0
253,11,agent_0,1,0.0
13,5,agent_1,1,0.0
13,5,agent_0,1,0.0
13,4,agent_2,1,0.0
13,4,agent_1,1,0.0
254,8,agent_1,1,0.0
12,21,agent_1,1,0.0
12,21,agent_0,1,0.0
12,20,agent_2,1,0.0
12,20,agent_1,1,0.0
253,10,agent_2,0,0.0
253,10,agent_1,0,0.0
253,10,agent_0,1,0.0
12,24,agent_2,1,0.0
253,15,agent_0,1,0.0
12,24,agent_0,1,0.0
12,23,agent_2,1,0.0
12,23,agent_1,1,0.0
12,23,agent_0,1,0.0
12,22,agent_2,1,0.0
12,22,agent_1,1,0.0
13,2,agent_2,1,0.0
13,2,agent_1,1,0.0
12,24,agent_1,1,0.0
253,14,agent_2,0,0.0
253,23,agent_0,1,0.0
253,22,agent_2,1,0.0
253,22,agent_1,0,0.0
253,21,agent_2,1,0.0
253,20,agent_2,0,0.0
253,20,agent_1,0,0.0
253,19,agent_2,1,0.0
12,21,agent_2,1,0.0
253,9,agent_2,1,0.0
253,9,agent_0,1,0.0
253,8,agent_2,0,0.0
253,8,agent_1,0,0.0
253,8,agent_0,1,0.0
253,7,agent_0,1,0.0
253,6,agent_2,0,0.0
253,6,agent_0,1,0.0
253,19,agent_0,1,0.0
251,10,agent_2,1,0.0
251,10,agent_1,0,0.0
251,10,agent_0,1,0.0
251,9,agent_2,1,0.0
251,9,agent_1,1,0.0
250,14,agent_2,1,0.0
250,14,agent_1,0,0.0
252,3,agent_0,0,0.0
250,13,agent_2,1,0.0
250,13,agent_1,0,0.0
250,13,agent_0,1,0.0
250,12,agent_2,1,0.0
250,12,agent_0,1,0.0
250,18,agent_0,1,0.0
250,17,agent_1,1,0.0
250,17,agent_0,1,0.0
250,14,agent_0,1,0.0
251,4,agent_1,0,0.0
251,4,agent_0,0,0.0
251,3,agent_2,0,0.0
251,3,agent_1,0,0.0
251,3,agent_0,0,0.0
251,2,agent_2,1,0.0
251,2,agent_1,0,0.0
251,9,agent_0,1,0.0
251,11,agent_0,1,0.0
251,8,agent_0,1,0.0
251,7,agent_0,1,0.0
251,6,agent_2,0,0.0
251,6,agent_1,0,0.0
251,6,agent_0,0,0.0
251,5,agent_1,0,0.0
251,11,agent_2,1,0.0
251,11,agent_1,1,0.0
251,8,agent_1,0,0.0
250,22,agent_0,1,0.0
250,21,agent_2,1,0.0
13,17,agent_1,0,0.0
13,16,agent_2,1,0.0
13,16,agent_1,1,0.0
250,11,agent_0,1,0.0
250,10,agent_2,0,0.0
250,10,agent_1,0,0.0
250,16,agent_2,1,0.0
250,9,agent_2,1,0.0
13,20,agent_2,0,0.0
13,20,agent_1,1,0.0
13,20,agent_0,1,0.0
13,19,agent_1,0,0.0
13,19,agent_0,1,0.0
13,18,agent_2,1,0.0
13,18,agent_1,0,0.0
250,10,agent_0,1,0.0
250,16,agent_1,1,0.0
250,16,agent_0,1,0.0
250,15,agent_1,0,0.0
250,15,agent_0,1,0.0
250,21,agent_1,0,0.0
250,21,agent_0,1,0.0
250,20,agent_1,1,0.0
250,20,agent_0,1,0.0
250,22,agent_1,0,0.0
250,19,agent_1,1,0.0
250,19,agent_0,1,0.0
250,18,agent_1,1,0.0
250,24,agent_1,1,0.0
250,24,agent_0,1,0.0
250,23,agent_2,1,0.0
250,23,agent_1,0,0.0
250,23,agent_0,1,0.0
250,19,agent_2,1,0.0
13,10,agent_1,1,0.0
13,9,agent_1,1,0.0
13,8,agent_2,1,0.0
13,8,agent_1,1,0.0
252,4,agent_2,1,0.0
252,4,agent_1,1,0.0
252,4,agent_0,0,0.0
251,5,agent_0,0,0.0
13,15,agent_1,0,0.0
13,15,agent_0,0,0.0
13,14,agent_2,1,0.0
13,14,agent_1,0,0.0
251,15,agent_1,0,0.0
251,14,agent_1,1,0.0
251,14,agent_0,1,0.0
251,13,agent_2,1,0.0
13,16,agent_0,0,0.0
252,2,agent_1,1,0.0
252,2,agent_0,1,0.0
252,1,agent_1,1,0.0
252,1,agent_0,1,0.0
252,0,agent_1,1,0.0
252,0,agent_0,1,0.0
13,8,agent_0,1,0.0
13,7,agent_1,1,0.0
13,11,agent_1,1,0.0
13,6,agent_2,1,0.0
13,6,agent_1,0,0.0
13,6,agent_0,1,0.0
13,5,agent_2,1,0.0
252,3,agent_2,1,0.0
13,13,agent_1,1,0.0
13,12,agent_2,1,0.0
13,12,agent_1,1,0.0
13,7,agent_0,1,0.0
251,19,agent_0,0,0.0
251,24,agent_2,1,0.0
251,24,agent_1,1,0.0
251,24,agent_0,1,0.0
251,23,agent_2,1,0.0
251,23,agent_1,1,0.0
251,23,agent_0,1,0.0
251,22,agent_1,1,0.0
251,13,agent_1,1,0.0
251,2,agent_0,0,0.0
251,1,agent_2,1,0.0
251,1,agent_1,0,0.0
251,1,agent_0,0,0.0
251,0,agent_2,1,0.0
251,0,agent_1,0,0.0
251,0,agent_0,0,0.0
250,24,agent_2,1,0.0
251,22,agent_0,1,0.0
251,13,agent_0,1,0.0
251,12,agent_1,1,0.0
251,12,agent_0,1,0.0
251,18,agent_1,0,0.0
251,18,agent_0,0,0.0
251,17,agent_2,1,0.0
251,17,agent_1,0,0.0
251,17,agent_0,0,0.0
251,19,agent_1,1,0.0
251,16,agent_1,0,0.0
251,16,agent_0,0,0.0
251,21,agent_2,1,0.0
251,21,agent_1,1,0.0
251,21,agent_0,1,0.0
251,20,agent_2,1,0.0
251,20,agent_1,1,0.0
251,20,agent_0,0,0.0
251,16,agent_2,1,0.0
241,23,agent_1,1,0.0
15,10,agent_0,1,0.0
15,9,agent_2,1,0.0
15,9,agent_1,1,0.0
15,9,agent_0,1,0.0
241,12,agent_0,1,0.0
241,11,agent_1,1,0.0
246,13,agent_1,1,0.0
241,10,agent_2,0,0.0
15,12,agent_2,1,0.0
15,12,agent_1,0,0.0
15,12,agent_0,1,0.0
15,11,agent_2,0,0.0
15,11,agent_1,1,0.0
15,11,agent_0,1,0.0
15,10,agent_2,1,0.0
241,11,agent_0,1,0.0
241,17,agent_0,1,0.0
241,16,agent_1,1,0.0
241,15,agent_2,1,0.0
241,23,agent_0,1,0.0
241,22,agent_2,0,0.0
241,22,agent_1,1,0.0
241,22,agent_0,1,0.0
241,21,agent_1,1,0.0
241,23,agent_2,0,0.0
241,20,agent_2,0,0.0
241,20,agent_1,1,0.0
242,0,agent_2,0,0.0
242,0,agent_1,0,0.0
242,0,agent_0,0,0.0
241,24,agent_2,0,0.0
241,24,agent_1,1,0.0
241,24,agent_0,1,0.0
241,21,agent_0,1,0.0
241,1,agent_0,0,0.0
241,0,agent_2,0,0.0
241,0,agent_1,0,0.0
241,0,agent_0,0,0.0
240,24,agent_2,1,0.0
240,24,agent_1,1,0.0
241,4,agent_1,0,0.0
15,10,agent_1,0,0.0
241,3,agent_2,0,0.0
241,3,agent_1,0,0.0
241,3,agent_0,0,0.0
241,2,agent_2,0,0.0
241,2,agent_1,0,0.0
241,2,agent_0,0,0.0
241,7,agent_0,1,0.0
241,6,agent_2,1,0.0
241,4,agent_0,0,0.0
15,16,agent_0,1,0.0
15,15,agent_2,1,0.0
15,15,agent_1,1,0.0
15,15,agent_0,1,0.0
15,14,agent_1,1,0.0
15,13,agent_2,1,0.0
15,13,agent_1,1,0.0
15,13,agent_0,1,0.0
241,1,agent_1,0,0.0
15,19,agent_0,1,0.0
15,18,agent_2,1,0.0
15,18,agent_1,1,0.0
15,17,agent_2,1,0.0
15,17,agent_1,1,0.0
15,16,agent_2,1,0.0
15,16,agent_1,1,0.0
241,1,agent_2,0,0.0
15,19,agent_1,1,0.0
243,2,agent_0,1,0.0
243,1,agent_1,0,0.0
243,1,agent_0,1,0.0
243,0,agent_1,1,0.0
242,24,agent_2,1,0.0
242,24,agent_1,1,0.0
242,24,agent_0,1,0.0
241,17,agent_1,0,0.0
242,3,agent_1,0,0.0
242,3,agent_0,1,0.0
242,2,agent_2,1,0.0
242,2,agent_1,0,0.0
242,2,agent_0,1,0.0
242,1,agent_2,0,0.0
242,1,agent_1,0,0.0
242,1,agent_0,1,0.0
242,23,agent_1,1,0.0
242,15,agent_0,1,0.0
242,14,agent_2,0,0.0
242,20,agent_1,1,0.0
242,20,agent_0,1,0.0
242,19,agent_2,0,0.0
242,19,agent_1,1,0.0
242,19,agent_0,1,0.0
242,18,agent_1,1,0.0
242,20,agent_2,1,0.0
242,17,agent_1,1,0.0
242,23,agent_0,1,0.0
242,22,agent_2,1,0.0
242,22,agent_1,1,0.0
242,22,agent_0,1,0.0
242,21,agent_2,1,0.0
242,21,agent_1,1,0.0
242,21,agent_0,1,0.0
242,18,agent_0,1,0.0
242,13,agent_0,1,0.0
242,12,agent_2,1,0.0
242,12,agent_0,1,0.0
242,11,agent_2,1,0.0
242,11,agent_0,1,0.0
241,15,agent_1,0,0.0
241,14,agent_2,1,0.0
241,14,agent_1,0,0.0
242,6,agent_1,1,0.0
241,13,agent_2,1,0.0
241,13,agent_1,1,0.0
241,13,agent_0,1,0.0
241,12,agent_2,1,0.0
241,20,agent_0,1,0.0
241,19,agent_2,1,0.0
241,19,agent_0,1,0.0
241,18,agent_1,1,0.0
241,14,agent_0,1,0.0
242,6,agent_0,1,0.0
242,5,agent_1,1,0.0
242,5,agent_0,1,0.0
242,4,agent_2,0,0.0
242,4,agent_1,1,0.0
242,4,agent_0,1,0.0
242,3,agent_2,1,0.0
242,10,agent_2,1,0.0
242,13,agent_2,0,0.0
242,9,agent_2,1,0.0
242,9,agent_0,1,0.0
242,8,agent_0,1,0.0
242,7,agent_2,0,0.0
242,7,agent_0,1,0.0
242,6,agent_2,0,0.0
242,14,agent_1,1,0.0
242,14,agent_0,1,0.0
242,10,agent_0,1,0.0
239,13,agent_2,0,0.0
239,13,agent_1,1,0.0
239,13,agent_0,1,0.0
239,20,agent_0,1,0.0
239,19,agent_2,1,0.0
239,19,agent_0,0,0.0
239,18,agent_2,1,0.0
241,6,agent_1,0,0.0
239,18,agent_0,0,0.0
239,17,agent_2,1,0.0
239,17,agent_1,1,0.0
239,23,agent_2,0,0.0
239,23,agent_0,1,0.0
239,22,agent_2,1,0.0
239,22,agent_1,1,0.0
239,21,agent_2,1,0.0
239,18,agent_1,1,0.0
240,10,agent_2,0,0.0
240,10,agent_1,1,0.0
240,10,agent_0,1,0.0
240,9,agent_2,1,0.0
240,9,agent_1,1,0.0
239,12,agent_2,0,0.0
239,12,agent_1,1,0.0
239,12,agent_0,1,0.0
239,14,agent_0,1,0.0
239,11,agent_1,1,0.0
239,10,agent_2,0,0.0
239,9,agent_2,0,0.0
239,9,agent_1,1,0.0
239,17,agent_0,1,0.0
239,16,agent_2,1,0.0
239,15,agent_0,1,0.0
239,14,agent_2,1,0.0
239,11,agent_2,0,0.0
16,0,agent_0,1,0.0
15,24,agent_2,1,0.0
15,24,agent_1,1,0.0
15,24,agent_0,1,0.0
15,23,agent_2,1,0.0
16,4,agent_2,1,0.0
16,4,agent_1,1,0.0
16,4,agent_0,1,0.0
239,20,agent_2,1,0.0
16,3,agent_0,1,0.0
16,2,agent_1,1,0.0
16,2,agent_0,1,0.0
16,1,agent_2,1,0.0
238,22,agent_0,1,0.0
238,21,agent_2,1,0.0
238,21,agent_1,1,0.0
238,21,agent_0,1,0.0
16,3,agent_1,1,0.0
239,20,agent_1,1,0.0
15,20,agent_1,1,0.0
15,19,agent_2,1,0.0
239,8,agent_2,0,0.0
239,8,agent_1,0,0.0
239,8,agent_0,1,0.0
239,7,agent_2,0,0.0
239,7,agent_0,1,0.0
16,0,agent_1,0,0.0
15,23,agent_0,1,0.0
15,22,agent_2,1,0.0
15,22,agent_1,1,0.0
15,21,agent_2,1,0.0
15,21,agent_1,1,0.0
179,10,agent_1,1,0.0
16,1,agent_1,0,0.0
16,0,agent_2,0,0.0
15,23,agent_1,1,0.0
240,12,agent_2,1,0.0
240,12,agent_1,1,0.0
240,12,agent_0,0,0.0
240,17,agent_1,1,0.0
240,17,agent_0,1,0.0
240,16,agent_2,1,0.0
240,16,agent_1,1,0.0
240,11,agent_0,1,0.0
240,15,agent_2,0,0.0
240,15,agent_0,1,0.0
240,14,agent_2,1,0.0
240,20,agent_1,1,0.0
240,20,agent_0,1,0.0
240,19,agent_2,1,0.0
240,19,agent_0,0,0.0
240,18,agent_2,1,0.0
240,16,agent_0,1,0.0
241,6,agent_0,1,0.0
241,5,agent_2,0,0.0
241,5,agent_1,0,0.0
241,5,agent_0,1,0.0
241,4,agent_2,0,0.0
241,10,agent_1,1,0.0
241,10,agent_0,1,0.0
241,9,agent_2,0,0.0
240,13,agent_0,0,0.0
241,8,agent_2,0,0.0
241,8,agent_1,1,0.0
241,8,agent_0,1,0.0
241,7,agent_1,0,0.0
240,14,agent_1,1,0.0
240,14,agent_0,0,0.0
240,13,agent_2,0,0.0
240,13,agent_1,1,0.0
241,9,agent_1,1,0.0
240,4,agent_0,1,0.0
240,3,agent_2,1,0.0
240,3,agent_1,0,0.0
240,3,agent_0,1,0.0
240,2,agent_1,0,0.0
240,2,agent_0,0,0.0
240,1,agent_2,0,0.0
240,9,agent_0,1,0.0
240,18,agent_1,1,0.0
240,8,agent_1,1,0.0
240,7,agent_2,1,0.0
240,7,agent_1,1,0.0
240,6,agent_2,1,0.0
240,6,agent_1,1,0.0
240,5,agent_2,0,0.0
240,11,agent_2,0,0.0
240,11,agent_1,1,0.0
240,8,agent_2,0,0.0
240,18,agent_0,0,0.0
240,17,agent_2,1,0.0
240,24,agent_0,1,0.0
240,23,agent_2,1,0.0
240,23,agent_1,1,0.0
240,22,agent_2,1,0.0
240,22,agent_1,1,0.0
240,21,agent_2,1,0.0
240,4,agent_2,1,0.0
240,1,agent_1,0,0.0
240,1,agent_0,0,0.0
240,0,agent_2,0,0.0
240,0,agent_1,0,0.0
240,0,agent_0,1,0.0
239,24,agent_2,1,0.0
239,24,agent_1,1,0.0
239,24,agent_0,1,0.0
240,21,agent_0,0,0.0
245,4,agent_2,1,0.0
245,4,agent_1,0,0.0
245,3,agent_2,1,0.0
245,3,agent_1,0,0.0
245,3,agent_0,1,0.0
245,10,agent_2,1,0.0
245,10,agent_1,0,0.0
242,15,agent_1,1,0.0
245,9,agent_2,1,0.0
245,9,agent_1,1,0.0
245,8,agent_1,1,0.0
245,8,agent_0,1,0.0
245,7,agent_0,1,0.0
245,14,agent_0,1,0.0
245,13,agent_2,0,0.0
245,13,agent_1,1,0.0
245,10,agent_0,1,0.0
14,19,agent_2,0,0.0
14,19,agent_0,1,0.0
14,18,agent_2,1,0.0
14,18,agent_1,0,0.0
14,18,agent_0,1,0.0
14,17,agent_2,0,0.0
14,17,agent_0,1,0.0
14,23,agent_0,1,0.0
245,5,agent_1,0,0.0
14,22,agent_1,1,0.0
14,22,agent_0,1,0.0
14,21,agent_2,0,0.0
14,21,agent_1,1,0.0
14,21,agent_0,1,0.0
14,20,agent_2,1,0.0
245,6,agent_2,1,0.0
245,5,agent_2,1,0.0
14,22,agent_2,1,0.0
244,17,agent_1,0,0.0
244,16,agent_2,1,0.0
244,22,agent_0,1,0.0
244,21,agent_2,1,0.0
244,21,agent_1,1,0.0
244,21,agent_0,1,0.0
244,20,agent_2,1,0.0
245,12,agent_2,1,0.0
244,20,agent_0,1,0.0
244,19,agent_2,1,0.0
245,0,agent_0,0,0.0
244,24,agent_2,1,0.0
244,24,agent_1,1,0.0
244,24,agent_0,1,0.0
244,23,agent_1,1,0.0
244,23,agent_0,0,0.0
244,20,agent_1,1,0.0
245,12,agent_1,1,0.0
245,12,agent_0,1,0.0
245,11,agent_1,1,0.0
245,11,agent_0,1,0.0
245,16,agent_2,1,0.0
245,16,agent_1,0,0.0
245,16,agent_0,1,0.0
245,15,agent_2,0,0.0
244,17,agent_2,0,0.0
245,15,agent_0,1,0.0
245,14,agent_2,1,0.0
245,14,agent_1,1,0.0
244,19,agent_1,1,0.0
244,19,agent_0,1,0.0
244,18,agent_2,0,0.0
244,18,agent_1,0,0.0
244,18,agent_0,1,0.0
245,15,agent_1,1,0.0
246,18,agent_1,0,0.0
246,18,agent_0,1,0.0
246,17,agent_2,1,0.0
246,17,agent_1,1,0.0
245,22,agent_1,1,0.0
245,22,agent_0,1,0.0
245,21,agent_2,1,0.0
14,20,agent_0,1,0.0
245,20,agent_1,1,0.0
245,19,agent_2,1,0.0
245,19,agent_1,1,0.0
245,19,agent_0,0,0.0
246,0,agent_1,1,0.0
246,0,agent_0,1,0.0
245,24,agent_2,1,0.0
245,24,agent_1,1,0.0
245,21,agent_1,1,0.0
246,12,agent_2,0,0.0
246,12,agent_0,1,0.0
246,11,agent_2,0,0.0
246,11,agent_1,1,0.0
246,11,agent_0,1,0.0
246,10,agent_2,1,0.0
246,17,agent_0,1,0.0
246,16,agent_2,1,0.0
246,18,agent_2,1,0.0
246,16,agent_0,1,0.0
246,15,agent_2,1,0.0
246,15,agent_0,1,0.0
246,14,agent_2,0,0.0
246,14,agent_1,1,0.0
246,19,agent_2,1,0.0
246,19,agent_1,1,0.0
246,19,agent_0,1,0.0
246,16,agent_1,1,0.0
246,4,agent_0,0,0.0
14,13,agent_2,1,0.0
14,13,agent_0,1,0.0
14,12,agent_2,1,0.0
245,18,agent_1,1,0.0
245,18,agent_0,1,0.0
245,17,agent_2,1,0.0
245,17,agent_1,1,0.0
245,24,agent_0,1,0.0
14,16,agent_2,0,0.0
14,16,agent_1,0,0.0
14,16,agent_0,1,0.0
14,15,agent_1,0,0.0
14,15,agent_0,1,0.0
14,14,agent_2,0,0.0
14,14,agent_1,0,0.0
14,14,agent_0,1,0.0
245,17,agent_0,1,0.0
245,23,agent_2,1,0.0
245,23,agent_1,1,0.0
245,22,agent_2,1,0.0
246,3,agent_2,0,0.0
246,3,agent_1,1,0.0
246,3,agent_0,0,0.0
246,2,agent_2,0,0.0
246,2,agent_1,1,0.0
246,4,agent_1,1,0.0
246,1,agent_1,1,0.0
246,0,agent_2,0,0.0
246,6,agent_2,0,0.0
246,6,agent_1,0,0.0
246,6,agent_0,0,0.0
246,5,agent_2,0,0.0
246,5,agent_0,0,0.0
246,4,agent_2,0,0.0
246,1,agent_2,0,0.0
243,13,agent_2,0,0.0
243,13,agent_0,1,0.0
243,12,agent_0,1,0.0
243,11,agent_2,0,0.0
243,11,agent_0,1,0.0
243,10,agent_2,0,0.0
243,10,agent_1,1,0.0
244,22,agent_2,1,0.0
243,16,agent_2,0,0.0
243,16,agent_1,1,0.0
243,16,agent_0,1,0.0
243,15,agent_2,0,0.0
243,15,agent_1,1,0.0
243,15,agent_0,1,0.0
243,14,agent_1,1,0.0
14,23,agent_1,0,0.0
243,17,agent_0,1,0.0
244,2,agent_2,0,0.0
243,6,agent_2,0,0.0
243,6,agent_1,1,0.0
243,6,agent_0,1,0.0
243,5,agent_2,0,0.0
243,5,agent_0,1,0.0
15,8,agent_2,1,0.0
15,8,agent_1,1,0.0
243,14,agent_0,1,0.0
243,10,agent_0,1,0.0
243,9,agent_1,1,0.0
243,9,agent_0,1,0.0
243,8,agent_2,0,0.0
243,8,agent_1,1,0.0
243,8,agent_0,1,0.0
243,7,agent_1,1,0.0
243,7,agent_0,1,0.0
15,7,agent_1,0,0.0
15,2,agent_2,1,0.0
15,2,agent_1,0,0.0
15,1,agent_2,1,0.0
15,1,agent_1,0,0.0
15,7,agent_0,1,0.0
15,6,agent_2,0,0.0
15,6,agent_1,1,0.0
15,6,agent_0,1,0.0
243,4,agent_2,0,0.0
15,5,agent_1,1,0.0
15,5,agent_0,1,0.0
15,4,agent_2,1,0.0
242,17,agent_0,1,0.0
242,16,agent_2,1,0.0
242,16,agent_1,1,0.0
242,16,agent_0,1,0.0
242,15,agent_2,1,0.0
15,5,agent_2,0,0.0
243,4,agent_1,1,0.0
243,4,agent_0,1,0.0
243,3,agent_2,0,0.0
243,3,agent_1,1,0.0
243,3,agent_0,1,0.0
243,2,agent_1,0,0.0
15,1,agent_0,1,0.0
15,0,agent_2,1,0.0
15,3,agent_0,1,0.0
15,0,agent_0,1,0.0
14,24,agent_2,1,0.0
14,24,agent_1,0,0.0
14,24,agent_0,1,0.0
14,23,agent_2,1,0.0
15,4,agent_1,1,0.0
15,3,agent_2,1,0.0
15,3,agent_1,0,0.0
15,0,agent_1,0,0.0
244,10,agent_1,1,0.0
244,10,agent_0,1,0.0
244,9,agent_2,1,0.0
244,9,agent_1,1,0.0
244,9,agent_0,1,0.0
244,8,agent_2,1,0.0
244,8,agent_1,0,0.0
244,3,agent_0,0,0.0
244,13,agent_0,1,0.0
244,12,agent_2,1,0.0
244,12,agent_1,1,0.0
244,12,agent_0,1,0.0
244,11,agent_2,1,0.0
244,11,agent_1,1,0.0
244,11,agent_0,1,0.0
244,16,agent_1,1,0.0
244,13,agent_1,1,0.0
244,22,agent_1,1,0.0
245,2,agent_2,0,0.0
245,2,agent_1,0,0.0
245,2,agent_0,1,0.0
245,1,agent_2,0,0.0
245,1,agent_1,0,0.0
245,1,agent_0,0,0.0
245,0,agent_2,0,0.0
244,10,agent_2,1,0.0
244,8,agent_0,1,0.0
244,7,agent_2,0,0.0
244,7,agent_1,0,0.0
244,7,agent_0,1,0.0
244,6,agent_2,1,0.0
244,6,agent_1,1,0.0
244,6,agent_0,1,0.0
244,5,agent_2,1,0.0
245,0,agent_1,0,0.0
243,22,agent_2,1,0.0
243,22,agent_0,1,0.0
243,21,agent_2,1,0.0
244,2,agent_1,0,0.0
244,2,agent_0,0,0.0
244,1,agent_2,0,0.0
244,1,agent_1,0,0.0
244,1,agent_0,0,0.0
244,16,agent_0,1,0.0
244,0,agent_1,0,0.0
244,0,agent_0,0,0.0
244,5,agent_1,1,0.0
244,4,agent_2,1,0.0
244,4,agent_1,1,0.0
244,4,agent_0,1,0.0
244,3,agent_2,1,0.0
244,3,agent_1,1,0.0
244,0,agent_2,0,0.0
244,15,agent_2,1,0.0
244,15,agent_1,1,0.0
244,14,agent_2,1,0.0
244,14,agent_1,1,0.0
244,14,agent_0,1,0.0
244,13,agent_2,1,0.0
243,21,agent_0,1,0.0
243,20,agent_2,1,0.0
243,23,agent_0,1,0.0
243,20,agent_0,1,0.0
243,19,agent_0,1,0.0
243,18,agent_2,1,0.0
243,18,agent_1,1,0.0
243,18,agent_0,1,0.0
243,24,agent_2,1,0.0
243,24,agent_1,1,0.0
243,24,agent_0,1,0.0
243,20,agent_1,1,0.0
9,10,agent_1,1,0.0
9,10,agent_0,1,0.0
264,13,agent_0,1,0.0
9,18,agent_2,1,0.0
9,18,agent_1,1,0.0
9,18,agent_0,1,0.0
9,17,agent_1,1,0.0
254,5,agent_1,0,0.0
9,16,agent_0,1,0.0
9,15,agent_0,1,0.0
9,14,agent_1,1,0.0
263,20,agent_0,1,0.0
263,19,agent_2,0,0.0
263,19,agent_1,1,0.0
263,19,agent_0,1,0.0
263,18,agent_2,0,0.0
9,17,agent_0,1,0.0
264,6,agent_1,1,0.0
264,5,agent_1,0,0.0
264,5,agent_0,0,0.0
264,4,agent_2,0,0.0
264,4,agent_1,0,0.0
264,12,agent_0,1,0.0
264,11,agent_2,1,0.0
264,11,agent_1,0,0.0
9,11,agent_0,1,0.0
264,9,agent_2,1,0.0
264,8,agent_2,1,0.0
264,8,agent_1,1,0.0
264,7,agent_2,1,0.0
9,14,agent_0,1,0.0
9,13,agent_0,1,0.0
9,12,agent_2,1,0.0
9,12,agent_1,1,0.0
264,10,agent_1,1,0.0
264,4,agent_0,0,0.0
264,3,agent_2,0,0.0
264,3,agent_1,0,0.0
264,3,agent_0,0,0.0
264,2,agent_2,0,0.0
264,2,agent_1,0,0.0
264,2,agent_0,0,0.0
263,18,agent_1,1,0.0
9,21,agent_2,0,0.0
9,21,agent_1,1,0.0
9,21,agent_0,1,0.0
9,20,agent_2,0,0.0
263,16,agent_1,1,0.0
263,15,agent_2,1,0.0
263,15,agent_1,1,0.0
263,15,agent_0,1,0.0
264,1,agent_2,0,0.0
263,17,agent_2,0,0.0
263,17,agent_1,1,0.0
263,23,agent_2,1,0.0
263,23,agent_0,1,0.0
263,22,agent_2,1,0.0
263,22,agent_0,1,0.0
263,21,agent_2,1,0.0
263,21,agent_1,1,0.0
263,24,agent_0,1,0.0
263,20,agent_2,0,0.0
264,1,agent_1,0,0.0
264,1,agent_0,0,0.0
264,0,agent_2,0,0.0
264,0,agent_1,0,0.0
264,0,agent_0,0,0.0
263,24,agent_2,1,0.0
263,24,agent_1,1,0.0
263,21,agent_0,1,0.0
265,8,agent_0,1,0.0
265,7,agent_0,1,0.0
265,14,agent_2,1,0.0
265,14,agent_0,1,0.0
265,13,agent_1,1,0.0
265,13,agent_0,1,0.0
265,12,agent_1,1,0.0
264,6,agent_2,1,0.0
265,11,agent_2,0,0.0
265,11,agent_1,1,0.0
265,17,agent_2,1,0.0
265,17,agent_1,1,0.0
265,17,agent_0,1,0.0
265,16,agent_2,1,0.0
265,16,agent_1,1,0.0
265,16,agent_0,1,0.0
265,12,agent_0,1,0.0
266,3,agent_1,1,0.0
266,2,agent_2,1,0.0
266,2,agent_1,1,0.0
266,1,agent_2,1,0.0
265,6,agent_2,0,0.0
265,6,agent_0,1,0.0
265,5,agent_2,0,0.0
265,5,agent_0,0,0.0
265,8,agent_2,0,0.0
265,4,agent_0,1,0.0
265,3,agent_2,1,0.0
265,3,agent_0,0,0.0
265,11,agent_0,1,0.0
265,10,agent_1,1,0.0
265,10,agent_0,1,0.0
265,9,agent_2,0,0.0
265,9,agent_0,1,0.0
265,4,agent_2,0,0.0
264,23,agent_2,1,0.0
264,23,agent_0,1,0.0
264,22,agent_0,1,0.0
264,21,agent_0,1,0.0
264,20,agent_1,1,0.0
264,20,agent_0,1,0.0
264,19,agent_1,1,0.0
265,2,agent_1,1,0.0
265,15,agent_2,1,0.0
265,1,agent_1,0,0.0
265,1,agent_0,0,0.0
265,0,agent_2,1,0.0
265,0,agent_0,0,0.0
264,24,agent_2,1,0.0
264,24,agent_1,1,0.0
264,7,agent_1,1,0.0
264,7,agent_0,1,0.0
265,2,agent_0,0,0.0
265,15,agent_0,1,0.0
264,15,agent_0,1,0.0
264,14,agent_1,1,0.0
264,14,agent_0,1,0.0
264,13,agent_1,1,0.0
9,20,agent_0,1,0.0
9,19,agent_2,0,0.0
9,19,agent_1,1,0.0
264,24,agent_0,1,0.0
264,19,agent_0,1,0.0
264,18,agent_1,1,0.0
264,18,agent_0,1,0.0
264,17,agent_1,1,0.0
264,17,agent_0,1,0.0
264,16,agent_1,0,0.0
264,16,agent_0,1,0.0
264,15,agent_1,1,0.0
9,19,agent_0,1,0.0
10,16,agent_1,1,0.0
10,16,agent_0,1,0.0
10,15,agent_2,1,0.0
10,15,agent_1,1,0.0
10,15,agent_0,1,0.0
10,14,agent_2,1,0.0
262,3,agent_2,1,0.0
9,24,agent_1,1,0.0
262,2,agent_1,0,0.0
262,2,agent_0,0,0.0
262,1,agent_2,0,0.0
262,1,agent_1,1,0.0
262,0,agent_2,0,0.0
262,0,agent_1,1,0.0
262,8,agent_2,1,0.0
262,8,agent_0,1,0.0
262,2,agent_2,0,0.0
262,21,agent_2,1,0.0
262,21,agent_1,1,0.0
262,21,agent_0,1,0.0
262,20,agent_2,0,0.0
262,20,agent_1,1,0.0
262,20,agent_0,0,0.0
262,19,agent_2,1,0.0
262,19,agent_1,1,0.0
261,24,agent_1,0,0.0
262,24,agent_0,0,0.0
262,23,agent_2,0,0.0
262,23,agent_1,1,0.0
262,23,agent_0,1,0.0
262,22,agent_2,0,0.0
262,22,agent_1,1,0.0
262,22,agent_0,0,0.0
261,24,agent_2,1,0.0
262,24,agent_1,1,0.0
261,20,agent_2,0,0.0
261,20,agent_1,1,0.0
261,20,agent_0,1,0.0
10,7,agent_1,1,0.0
10,6,agent_2,1,0.0
10,6,agent_1,1,0.0
261,24,agent_0,1,0.0
262,7,agent_2,1,0.0
261,23,agent_0,1,0.0
261,22,agent_2,1,0.0
10,10,agent_2,1,0.0
10,10,agent_1,1,0.0
10,10,agent_0,1,0.0
10,9,agent_1,1,0.0
10,9,agent_0,1,0.0
10,8,agent_2,1,0.0
261,23,agent_1,1,0.0
262,6,agent_2,1,0.0
262,6,agent_1,1,0.0
262,6,agent_0,1,0.0
262,5,agent_2,1,0.0
262,4,agent_2,1,0.0
262,13,agent_1,1,0.0
262,12,agent_2,0,0.0
262,12,agent_0,1,0.0
261,21,agent_0,1,0.0
262,10,agent_2,0,0.0
262,10,agent_0,1,0.0
262,9,agent_2,1,0.0
262,9,agent_0,1,0.0
261,22,agent_1,1,0.0
261,22,agent_0,1,0.0
261,21,agent_2,1,0.0
261,21,agent_1,1,0.0
262,11,agent_1,1,0.0
10,5,agent_0,1,0.0
10,4,agent_2,1,0.0
10,4,agent_0,0,0.0
10,3,agent_1,1,0.0
10,3,agent_0,0,0.0
263,2,agent_2,0,0.0
263,2,agent_1,1,0.0
262,16,agent_2,1,0.0
263,1,agent_1,1,0.0
263,0,agent_2,0,0.0
263,0,agent_1,1,0.0
263,0,agent_0,0,0.0
262,24,agent_2,1,0.0
263,7,agent_0,1,0.0
263,6,agent_2,1,0.0
263,6,agent_1,0,0.0
263,2,agent_0,0,0.0
9,24,agent_0,1,0.0
9,23,agent_2,1,0.0
9,23,agent_1,1,0.0
9,23,agent_0,1,0.0
9,22,agent_2,0,0.0
9,22,agent_1,1,0.0
9,22,agent_0,1,0.0
10,2,agent_2,1,0.0
10,5,agent_1,1,0.0
10,1,agent_2,1,0.0
10,1,agent_1,1,0.0
10,1,agent_0,0,0.0
10,0,agent_2,1,0.0
10,0,agent_1,0,0.0
9,24,agent_2,1,0.0
263,17,agent_0,1,0.0
10,5,agent_2,1,0.0
10,2,agent_0,0,0.0
263,12,agent_0,1,0.0
263,11,agent_2,1,0.0
262,16,agent_1,1,0.0
262,16,agent_0,1,0.0
262,15,agent_2,0,0.0
262,15,agent_1,1,0.0
262,15,agent_0,1,0.0
262,14,agent_2,1,0.0
263,6,agent_0,1,0.0
262,13,agent_2,0,0.0
262,19,agent_0,0,0.0
262,18,agent_2,0,0.0
262,18,agent_1,1,0.0
262,18,agent_0,1,0.0
262,17,agent_2,0,0.0
262,17,agent_1,1,0.0
262,17,agent_0,0,0.0
262,14,agent_0,1,0.0
263,5,agent_2,1,0.0
263,5,agent_1,1,0.0
263,5,agent_0,1,0.0
263,3,agent_2,1,0.0
263,11,agent_1,1,0.0
263,10,agent_2,1,0.0
263,10,agent_0,1,0.0
263,9,agent_2,1,0.0
263,12,agent_1,1,0.0
263,8,agent_0,1,0.0
263,7,agent_2,1,0.0
263,7,agent_1,0,0.0
263,14,agent_1,1,0.0
263,13,agent_2,1,0.0
263,13,agent_1,1,0.0
263,13,agent_0,1,0.0
263,12,agent_2,0,0.0
263,8,agent_2,1,0.0
268,14,agent_1,0,0.0
268,14,agent_0,0,0.0
268,13,agent_2,0,0.0
268,13,agent_1,1,0.0
268,13,agent_0,0,0.0
268,12,agent_1,0,0.0
268,12,agent_0,0,0.0
266,3,agent_2,1,0.0
267,16,agent_1,1,0.0
267,16,agent_0,0,0.0
267,15,agent_2,1,0.0
267,15,agent_1,1,0.0
267,15,agent_0,0,0.0
267,14,agent_1,1,0.0
267,14,agent_0,0,0.0
267,20,agent_1,1,0.0
267,16,agent_2,0,0.0
268,2,agent_0,0,0.0
268,8,agent_0,0,0.0
268,7,agent_2,0,0.0
268,7,agent_1,1,0.0
268,7,agent_0,0,0.0
268,6,agent_2,0,0.0
268,6,agent_1,1,0.0
268,6,agent_0,0,0.0
268,15,agent_0,1,0.0
268,11,agent_2,0,0.0
268,11,agent_1,0,0.0
268,11,agent_0,0,0.0
268,10,agent_0,0,0.0
268,9,agent_2,0,0.0
268,9,agent_1,0,0.0
268,9,agent_0,1,0.0
268,8,agent_1,0,0.0
268,5,agent_1,0,0.0
267,24,agent_2,0,0.0
267,24,agent_1,0,0.0
267,24,agent_0,1,0.0
267,23,agent_2,1,0.0
8,14,agent_2,1,0.0
8,14,agent_1,1,0.0
8,14,agent_0,1,0.0
267,19,agent_1,1,0.0
267,12,agent_2,1,0.0
267,12,agent_1,1,0.0
267,12,agent_0,1,0.0
267,11,agent_2,0,0.0
8,18,agent_2,1,0.0
8,18,agent_0,1,0.0
8,17,agent_2,1,0.0
8,17,agent_0,1,0.0
8,13,agent_2,0,0.0
267,19,agent_0,1,0.0
267,18,agent_2,0,0.0
267,18,agent_1,0,0.0
267,17,agent_2,1,0.0
267,17,agent_1,1,0.0
267,17,agent_0,0,0.0
267,23,agent_1,0,0.0
267,23,agent_0,1,0.0
268,0,agent_0,0,0.0
267,22,agent_1,0,0.0
267,21,agent_2,1,0.0
267,21,agent_1,0,0.0
267,21,agent_0,1,0.0
267,20,agent_2,1,0.0
268,1,agent_1,1,0.0
268,1,agent_0,0,0.0
268,0,agent_1,1,0.0
267,22,agent_2,1,0.0
8,8,agent_1,1,0.0
8,8,agent_0,1,0.0
8,7,agent_2,1,0.0
8,7,agent_1,1,0.0
8,6,agent_2,0,0.0
8,6,agent_1,0,0.0
269,6,agent_0,1,0.0
268,2,agent_1,1,0.0
8,12,agent_2,0,0.0
8,12,agent_1,1,0.0
8,11,agent_1,1,0.0
8,10,agent_2,0,0.0
8,10,agent_0,1,0.0
8,9,agent_1,1,0.0
268,18,agent_0,1,0.0
268,17,agent_2,0,0.0
269,5,agent_2,1,0.0
8,2,agent_2,0,0.0
269,5,agent_1,1,0.0
269,5,agent_0,1,0.0
269,4,agent_2,1,0.0
269,4,agent_1,1,0.0
269,4,agent_0,1,0.0
269,3,agent_2,0,0.0
269,3,agent_1,1,0.0
8,8,agent_2,0,0.0
8,5,agent_1,0,0.0
8,5,agent_0,1,0.0
8,4,agent_1,1,0.0
8,4,agent_0,1,0.0
8,3,agent_2,1,0.0
8,3,agent_1,0,0.0
8,3,agent_0,1,0.0
8,9,agent_0,1,0.0
8,6,agent_0,1,0.0
268,23,agent_1,1,0.0
268,22,agent_2,0,0.0
268,22,agent_1,0,0.0
269,3,agent_0,1,0.0
269,2,agent_2,1,0.0
269,2,agent_1,1,0.0
269,2,agent_0,1,0.0
269,1,agent_2,1,0.0
268,17,agent_1,0,0.0
269,1,agent_0,1,0.0
269,0,agent_2,0,0.0
268,5,agent_0,0,0.0
268,4,agent_1,1,0.0
268,4,agent_0,0,0.0
268,3,agent_1,1,0.0
268,3,agent_0,0,0.0
268,2,agent_2,1,0.0
269,1,agent_1,1,0.0
268,17,agent_0,1,0.0
268,16,agent_1,0,0.0
268,16,agent_0,1,0.0
268,15,agent_2,0,0.0
268,15,agent_1,0,0.0
268,21,agent_1,0,0.0
268,20,agent_2,0,0.0
268,20,agent_1,0,0.0
268,24,agent_0,1,0.0
268,19,agent_2,0,0.0
268,19,agent_1,0,0.0
268,19,agent_0,1,0.0
268,18,agent_1,0,0.0
269,0,agent_1,1,0.0
269,0,agent_0,1,0.0
268,24,agent_2,0,0.0
268,24,agent_1,1,0.0
268,20,agent_0,1,0.0
8,24,agent_0,1,0.0
266,5,agent_2,1,0.0
9,3,agent_2,1,0.0
9,3,agent_1,0,0.0
9,3,agent_0,0,0.0
9,2,agent_2,0,0.0
9,2,agent_1,0,0.0
8,16,agent_2,1,0.0
9,1,agent_2,0,0.0
9,1,agent_1,0,0.0
9,7,agent_0,1,0.0
9,6,agent_2,1,0.0
9,6,agent_1,1,0.0
9,6,agent_0,1,0.0
9,5,agent_2,1,0.0
9,5,agent_1,0,0.0
9,2,agent_0,0,0.0
266,17,agent_1,0,0.0
266,17,agent_0,1,0.0
266,16,agent_2,0,0.0
266,16,agent_1,0,0.0
266,22,agent_2,0,0.0
266,22,agent_1,1,0.0
266,22,agent_0,1,0.0
266,21,agent_0,1,0.0
8,24,agent_1,1,0.0
266,20,agent_0,1,0.0
266,19,agent_2,0,0.0
266,19,agent_1,1,0.0
9,1,agent_0,0,0.0
9,0,agent_2,0,0.0
9,0,agent_1,0,0.0
9,0,agent_0,0,0.0
8,24,agent_2,0,0.0
266,20,agent_1,1,0.0
265,22,agent_2,1,0.0
265,22,agent_1,1,0.0
265,22,agent_0,1,0.0
265,21,agent_2,1,0.0
265,21,agent_1,1,0.0
265,21,agent_0,1,0.0
265,20,agent_2,1,0.0
266,1,agent_1,1,0.0
9,4,agent_2,1,0.0
265,24,agent_2,1,0.0
265,24,agent_1,1,0.0
265,24,agent_0,1,0.0
265,23,agent_2,1,0.0
265,23,agent_1,1,0.0
266,5,agent_0,1,0.0
266,4,agent_2,0,0.0
266,4,agent_1,1,0.0
266,0,agent_1,1,0.0
9,4,agent_1,0,0.0
266,7,agent_0,1,0.0
266,6,agent_2,0,0.0
266,6,agent_1,1,0.0
9,9,agent_1,1,0.0
9,9,agent_0,1,0.0
9,8,agent_1,1,0.0
9,8,agent_0,1,0.0
265,23,agent_0,1,0.0
265,20,agent_1,1,0.0
265,20,agent_0,1,0.0
265,19,agent_2,1,0.0
265,19,agent_1,1,0.0
265,19,agent_0,1,0.0
265,18,agent_2,1,0.0
265,18,agent_1,1,0.0
265,18,agent_0,1,0.0
9,7,agent_1,1,0.0
8,22,agent_0,1,0.0
267,0,agent_2,1,0.0
267,0,agent_1,1,0.0
266,24,agent_2,1,0.0
266,24,agent_1,1,0.0
266,24,agent_0,1,0.0
266,23,agent_2,1,0.0
266,17,agent_2,1,0.0
266,23,agent_0,1,0.0
267,5,agent_1,1,0.0
267,5,agent_0,1,0.0
267,4,agent_2,0,0.0
267,4,agent_0,1,0.0
267,3,agent_2,1,0.0
267,3,agent_1,0,0.0
267,2,agent_1,1,0.0
266,23,agent_1,1,0.0
8,16,agent_1,1,0.0
8,15,agent_1,1,0.0
8,15,agent_0,1,0.0
8,21,agent_2,1,0.0
8,21,agent_1,1,0.0
8,21,agent_0,1,0.0
8,20,agent_1,1,0.0
8,20,agent_0,1,0.0
8,22,agent_1,1,0.0
8,19,agent_1,1,0.0
8,19,agent_0,1,0.0
267,13,agent_1,1,0.0
267,13,agent_0,1,0.0
8,23,agent_2,1,0.0
8,23,agent_1,1,0.0
8,23,agent_0,1,0.0
8,22,agent_2,1,0.0
8,19,agent_2,1,0.0
266,10,agent_2,0,0.0
266,10,agent_1,1,0.0
266,10,agent_0,1,0.0
266,9,agent_0,1,0.0
266,8,agent_2,0,0.0
266,8,agent_1,1,0.0
266,15,agent_2,0,0.0
266,14,agent_2,0,0.0
267,1,agent_1,1,0.0
266,13,agent_2,0,0.0
266,13,agent_0,1,0.0
266,12,agent_2,0,0.0
266,12,agent_1,1,0.0
266,12,agent_0,1,0.0
266,19,agent_0,1,0.0
266,18,agent_1,0,0.0
266,18,agent_0,1,0.0
266,14,agent_1,1,0.0
267,8,agent_2,1,0.0
267,8,agent_1,1,0.0
267,7,agent_2,1,0.0
267,7,agent_1,1,0.0
267,7,agent_0,1,0.0
267,6,agent_1,1,0.0
267,6,agent_0,1,0.0
267,5,agent_2,0,0.0
266,11,agent_0,1,0.0
267,11,agent_0,1,0.0
267,10,agent_2,1,0.0
267,10,agent_1,1,0.0
267,10,agent_0,1,0.0
267,9,agent_2,0,0.0
267,9,agent_1,1,0.0
267,9,agent_0,1,0.0
266,11,agent_2,1,0.0
267,11,agent_1,1,0.0
256,23,agent_2,1,0.0
256,23,agent_1,1,0.0
256,23,agent_0,1,0.0
256,22,agent_2,1,0.0
256,22,agent_1,1,0.0
256,20,agent_1,1,0.0
256,19,agent_2,1,0.0
10,8,agent_1,0,0.0
257,1,agent_2,1,0.0
257,1,agent_1,0,0.0
257,1,agent_0,1,0.0
257,0,agent_1,0,0.0
257,0,agent_0,1,0.0
256,24,agent_2,1,0.0
256,24,agent_1,1,0.0
256,9,agent_0,0,0.0
257,2,agent_0,1,0.0
11,18,agent_0,1,0.0
11,17,agent_2,1,0.0
256,12,agent_1,1,0.0
256,11,agent_1,1,0.0
256,11,agent_0,1,0.0
12,9,agent_0,1,0.0
12,8,agent_1,1,0.0
12,7,agent_2,1,0.0
256,24,agent_0,1,0.0
256,18,agent_1,1,0.0
256,17,agent_2,1,0.0
256,17,agent_0,1,0.0
256,16,agent_1,1,0.0
256,15,agent_2,1,0.0
256,15,agent_0,1,0.0
256,14,agent_1,1,0.0
256,12,agent_2,1,0.0
12,7,agent_1,1,0.0
12,1,agent_2,0,0.0
12,1,agent_1,0,0.0
12,1,agent_0,0,0.0
12,0,agent_2,0,0.0
12,6,agent_2,1,0.0
12,6,agent_1,0,0.0
12,6,agent_0,1,0.0
256,8,agent_1,1,0.0
12,5,agent_1,1,0.0
12,4,agent_2,0,0.0
12,4,agent_1,0,0.0
12,4,agent_0,0,0.0
255,19,agent_2,1,0.0
255,19,agent_1,1,0.0
255,18,agent_2,1,0.0
255,18,agent_1,1,0.0
12,5,agent_2,1,0.0
256,8,agent_0,1,0.0
256,7,agent_2,1,0.0
256,7,agent_0,1,0.0
256,6,agent_0,1,0.0
256,5,agent_2,1,0.0
256,5,agent_1,1,0.0
12,0,agent_1,0,0.0
12,0,agent_0,0,0.0
12,2,agent_0,0,0.0
11,24,agent_1,1,0.0
11,24,agent_0,1,0.0
11,23,agent_2,1,0.0
256,9,agent_2,1,0.0
256,9,agent_1,1,0.0
12,3,agent_2,0,0.0
12,3,agent_1,0,0.0
12,2,agent_2,0,0.0
11,24,agent_2,1,0.0
257,11,agent_2,0,0.0
257,11,agent_0,1,0.0
257,10,agent_1,1,0.0
257,9,agent_2,1,0.0
257,9,agent_1,1,0.0
257,8,agent_1,1,0.0
257,7,agent_2,1,0.0
11,18,agent_1,1,0.0
257,15,agent_0,1,0.0
257,14,agent_1,1,0.0
257,14,agent_0,1,0.0
257,13,agent_1,1,0.0
257,13,agent_0,1,0.0
257,12,agent_2,1,0.0
257,12,agent_1,1,0.0
257,19,agent_2,1,0.0
257,15,agent_2,1,0.0
258,0,agent_1,1,0.0
258,5,agent_1,0,0.0
258,5,agent_0,1,0.0
258,4,agent_2,0,0.0
258,4,agent_1,0,0.0
258,4,agent_0,1,0.0
258,3,agent_2,0,0.0
258,3,agent_1,1,0.0
257,12,agent_0,1,0.0
257,7,agent_1,1,0.0
257,7,agent_0,1,0.0
11,23,agent_0,0,0.0
11,22,agent_2,0,0.0
11,22,agent_1,1,0.0
11,22,agent_0,0,0.0
11,21,agent_2,0,0.0
11,21,agent_1,1,0.0
258,3,agent_0,1,0.0
11,13,agent_0,1,0.0
257,6,agent_2,1,0.0
257,6,agent_1,1,0.0
257,6,agent_0,1,0.0
11,17,agent_1,1,0.0
11,17,agent_0,0,0.0
11,16,agent_2,1,0.0
11,16,agent_1,1,0.0
257,19,agent_0,1,0.0
11,15,agent_2,1,0.0
11,15,agent_1,1,0.0
11,15,agent_0,1,0.0
11,20,agent_1,1,0.0
11,20,agent_0,0,0.0
11,19,agent_2,1,0.0
11,19,agent_1,1,0.0
11,18,agent_2,1,0.0
11,16,agent_0,1,0.0
257,18,agent_2,1,0.0
257,18,agent_0,1,0.0
257,17,agent_2,1,0.0
257,17,agent_0,1,0.0
257,16,agent_2,1,0.0
257,16,agent_0,1,0.0
257,5,agent_1,1,0.0
257,5,agent_0,1,0.0
11,13,agent_2,1,0.0
257,4,agent_1,1,0.0
257,4,agent_0,1,0.0
257,3,agent_1,0,0.0
257,3,agent_0,1,0.0
257,2,agent_1,0,0.0
11,14,agent_2,1,0.0
11,14,agent_1,1,0.0
11,14,agent_0,0,0.0
257,4,agent_2,1,0.0
12,17,agent_0,1,0.0
12,16,agent_2,1,0.0
254,14,agent_1,0,0.0
254,14,agent_0,1,0.0
254,13,agent_2,0,0.0
254,13,agent_1,0,0.0
254,12,agent_1,0,0.0
255,18,agent_0,0,0.0
254,11,agent_2,1,0.0
254,11,agent_1,0,0.0
254,18,agent_1,1,0.0
254,18,agent_0,1,0.0
254,17,agent_1,1,0.0
254,16,agent_1,1,0.0
254,15,agent_2,1,0.0
254,15,agent_1,0,0.0
254,12,agent_0,1,0.0
12,11,agent_1,1,0.0
12,11,agent_0,1,0.0
12,10,agent_1,1,0.0
12,9,agent_2,1,0.0
12,16,agent_0,1,0.0
12,15,agent_2,1,0.0
12,15,agent_1,1,0.0
12,15,agent_0,1,0.0
12,17,agent_1,1,0.0
12,14,agent_0,1,0.0
12,13,agent_2,1,0.0
12,13,agent_1,1,0.0
255,3,agent_2,1,0.0
12,19,agent_2,1,0.0
12,19,agent_1,1,0.0
12,19,agent_0,1,0.0
12,18,agent_1,1,0.0
12,14,agent_2,1,0.0
254,0,agent_0,1,0.0
253,24,agent_2,0,0.0
253,24,agent_1,0,0.0
253,24,agent_0,1,0.0
253,23,agent_2,0,0.0
253,23,agent_1,0,0.0
254,3,agent_2,0,0.0
254,3,agent_1,0,0.0
254,15,agent_0,1,0.0
254,2,agent_1,0,0.0
254,2,agent_0,1,0.0
254,1,agent_2,0,0.0
254,1,agent_1,0,0.0
254,1,agent_0,0,0.0
254,6,agent_1,0,0.0
254,6,agent_0,0,0.0
254,5,agent_2,0,0.0
254,2,agent_2,0,0.0
254,14,agent_2,1,0.0
254,21,agent_0,0,0.0
254,20,agent_2,0,0.0
254,20,agent_1,1,0.0
254,20,agent_0,1,0.0
254,19,agent_2,1,0.0
254,19,agent_1,1,0.0
254,19,agent_0,1,0.0
254,0,agent_1,0,0.0
255,0,agent_0,1,0.0
254,24,agent_2,1,0.0
254,24,agent_1,1,0.0
254,24,agent_0,1,0.0
254,23,agent_2,1,0.0
254,22,agent_2,0,0.0
254,22,agent_0,1,0.0
254,0,agent_2,0,0.0
254,18,agent_2,0,0.0
255,24,agent_0,1,0.0
256,5,agent_0,0,0.0
256,4,agent_2,1,0.0
256,4,agent_1,0,0.0
256,4,agent_0,0,0.0
256,3,agent_1,0,0.0
256,3,agent_0,0,0.0
12,11,agent_2,0,0.0
256,2,agent_1,0,0.0
255,6,agent_2,1,0.0
255,6,agent_0,0,0.0
255,5,agent_2,1,0.0
255,5,agent_1,1,0.0
255,5,agent_0,0,0.0
255,4,agent_2,0,0.0
255,4,agent_1,1,0.0
256,2,agent_2,1,0.0
255,17,agent_2,0,0.0
255,17,agent_0,1,0.0
255,16,agent_1,1,0.0
255,23,agent_2,1,0.0
255,23,agent_1,1,0.0
255,22,agent_2,1,0.0
255,22,agent_1,1,0.0
255,21,agent_2,1,0.0
255,24,agent_1,1,0.0
255,20,agent_2,1,0.0
255,20,agent_1,1,0.0
256,2,agent_0,0,0.0
256,1,agent_1,0,0.0
256,1,agent_0,0,0.0
256,0,agent_1,0,0.0
256,0,agent_0,0,0.0
255,24,agent_2,1,0.0
255,21,agent_1,0,0.0
255,15,agent_0,1,0.0
255,14,agent_2,1,0.0
255,14,agent_1,1,0.0
255,13,agent_2,1,0.0
255,13,agent_1,0,0.0
255,12,agent_2,1,0.0
12,9,agent_1,1,0.0
255,3,agent_1,1,0.0
255,4,agent_0,1,0.0
255,2,agent_1,1,0.0
255,1,agent_2,0,0.0
255,1,agent_0,1,0.0
255,0,agent_2,0,0.0
255,0,agent_1,0,0.0
12,13,agent_0,1,0.0
12,12,agent_2,1,0.0
12,12,agent_1,1,0.0
255,2,agent_2,1,0.0
255,9,agent_1,0,0.0
255,9,agent_0,1,0.0
255,8,agent_2,1,0.0
255,8,agent_1,0,0.0
255,8,agent_0,1,0.0
255,7,agent_2,0,0.0
255,7,agent_1,1,0.0
255,7,agent_0,0,0.0
255,15,agent_1,1,0.0
255,12,agent_0,1,0.0
255,11,agent_1,0,0.0
255,11,agent_0,1,0.0
255,10,agent_2,1,0.0
255,10,agent_1,0,0.0
255,10,agent_0,1,0.0
255,9,agent_2,1,0.0
255,16,agent_0,1,0.0
255,12,agent_1,0,0.0
10,23,agent_0,1,0.0
10,22,agent_2,1,0.0
10,22,agent_1,1,0.0
10,21,agent_2,1,0.0
10,21,agent_1,1,0.0
260,18,agent_1,1,0.0
260,17,agent_2,1,0.0
258,0,agent_2,0,0.0
11,2,agent_0,1,0.0
11,1,agent_0,1,0.0
11,0,agent_2,0,0.0
10,24,agent_2,1,0.0
10,24,agent_1,0,0.0
260,2,agent_0,1,0.0
260,1,agent_2,0,0.0
260,1,agent_1,0,0.0
260,17,agent_1,1,0.0
10,17,agent_1,1,0.0
10,17,agent_0,1,0.0
10,16,agent_2,1,0.0
260,16,agent_2,1,0.0
260,16,agent_1,1,0.0
260,15,agent_1,1,0.0
260,14,agent_1,1,0.0
260,14,agent_0,1,0.0
10,23,agent_1,1,0.0
10,20,agent_2,1,0.0
10,19,agent_2,1,0.0
10,19,agent_1,1,0.0
10,19,agent_0,1,0.0
10,18,agent_2,1,0.0
10,18,agent_0,1,0.0
10,24,agent_0,1,0.0
10,23,agent_2,1,0.0
10,21,agent_0,1,0.0
260,6,agent_1,1,0.0
260,5,agent_2,1,0.0
260,13,agent_2,1,0.0
260,12,agent_2,1,0.0
260,11,agent_2,1,0.0
260,11,agent_1,1,0.0
260,11,agent_0,1,0.0
260,1,agent_0,1,0.0
260,10,agent_0,1,0.0
260,9,agent_2,1,0.0
259,14,agent_1,1,0.0
259,14,agent_0,1,0.0
259,13,agent_2,0,0.0
259,13,agent_1,1,0.0
259,12,agent_2,1,0.0
259,12,agent_1,1,0.0
260,10,agent_1,1,0.0
260,0,agent_2,0,0.0
260,0,agent_1,0,0.0
260,0,agent_0,0,0.0
259,24,agent_2,1,0.0
260,4,agent_2,1,0.0
260,4,agent_1,1,0.0
260,4,agent_0,1,0.0
260,3,agent_2,1,0.0
260,7,agent_1,1,0.0
260,3,agent_0,1,0.0
260,2,agent_2,0,0.0
260,2,agent_1,0,0.0
260,9,agent_1,0,0.0
260,8,agent_2,1,0.0
260,8,agent_1,1,0.0
260,8,agent_0,1,0.0
260,7,agent_2,1,0.0
260,3,agent_1,1,0.0
261,12,agent_2,1,0.0
261,12,agent_1,1,0.0
261,12,agent_0,1,0.0
261,11,agent_2,1,0.0
261,11,agent_1,1,0.0
261,11,agent_0,1,0.0
261,10,agent_1,1,0.0
261,4,agent_0,1,0.0
261,16,agent_1,1,0.0
261,16,agent_0,1,0.0
261,15,agent_2,0,0.0
261,15,agent_1,0,0.0
261,15,agent_0,0,0.0
261,14,agent_2,0,0.0
261,14,agent_1,1,0.0
261,19,agent_2,0,0.0
261,16,agent_2,0,0.0
10,7,agent_2,1,0.0
10,14,agent_0,1,0.0
10,13,agent_2,1,0.0
10,13,agent_1,1,0.0
10,13,agent_0,1,0.0
10,12,agent_2,1,0.0
10,12,agent_0,1,0.0
10,11,agent_1,1,0.0
261,14,agent_0,1,0.0
261,10,agent_0,1,0.0
261,9,agent_2,1,0.0
261,9,agent_1,1,0.0
261,9,agent_0,1,0.0
261,8,agent_0,1,0.0
261,7,agent_2,1,0.0
261,7,agent_1,1,0.0
261,7,agent_0,1,0.0
10,11,agent_0,1,0.0
260,23,agent_0,1,0.0
260,22,agent_2,1,0.0
261,3,agent_2,1,0.0
261,3,agent_0,1,0.0
261,2,agent_2,1,0.0
261,2,agent_1,0,0.0
261,2,agent_0,1,0.0
261,1,agent_2,0,0.0
261,19,agent_1,1,0.0
261,0,agent_1,0,0.0
261,6,agent_1,0,0.0
261,6,agent_0,0,0.0
261,5,agent_2,1,0.0
261,5,agent_1,0,0.0
261,5,agent_0,0,0.0
261,4,agent_2,1,0.0
261,4,agent_1,0,0.0
261,0,agent_2,0,0.0
261,19,agent_0,1,0.0
261,18,agent_2,1,0.0
261,18,agent_0,1,0.0
261,17,agent_2,1,0.0
261,17,agent_1,0,0.0
261,17,agent_0,1,0.0
260,21,agent_2,1,0.0
260,21,agent_1,1,0.0
260,23,agent_2,1,0.0
260,20,agent_1,1,0.0
260,19,agent_2,1,0.0
260,19,agent_1,1,0.0
260,18,agent_2,1,0.0
261,0,agent_0,1,0.0
260,24,agent_2,1,0.0
260,24,agent_1,1,0.0
260,24,agent_0,1,0.0
260,20,agent_2,1,0.0
258,7,agent_2,1,0.0
258,7,agent_0,1,0.0
258,6,agent_2,1,0.0
258,6,agent_1,0,0.0
258,6,agent_0,1,0.0
258,5,agent_2,0,0.0
258,13,agent_0,1,0.0
259,11,agent_1,1,0.0
258,12,agent_0,1,0.0
258,11,agent_2,1,0.0
258,11,agent_0,1,0.0
258,10,agent_0,1,0.0
258,9,agent_2,1,0.0
258,9,agent_0,1,0.0
258,17,agent_0,1,0.0
258,16,agent_2,0,0.0
258,12,agent_2,1,0.0
259,3,agent_2,0,0.0
259,3,agent_0,1,0.0
259,2,agent_2,0,0.0
259,2,agent_0,0,0.0
259,1,agent_2,0,0.0
259,1,agent_1,0,0.0
259,1,agent_0,0,0.0
259,0,agent_2,0,0.0
258,8,agent_0,1,0.0
259,7,agent_0,0,0.0
259,6,agent_2,1,0.0
259,6,agent_0,1,0.0
259,5,agent_2,0,0.0
259,5,agent_1,1,0.0
259,4,agent_2,0,0.0
259,4,agent_0,1,0.0
258,8,agent_2,1,0.0
259,7,agent_1,1,0.0
257,20,agent_2,1,0.0
257,20,agent_1,1,0.0
257,20,agent_0,1,0.0
258,0,agent_0,0,0.0
257,24,agent_2,1,0.0
257,24,agent_1,1,0.0
257,24,agent_0,1,0.0
257,23,agent_2,1,0.0
258,16,agent_0,1,0.0
257,23,agent_0,1,0.0
257,22,agent_2,1,0.0
258,2,agent_2,0,0.0
258,2,agent_1,1,0.0
258,2,agent_0,1,0.0
258,1,agent_2,0,0.0
258,1,agent_1,1,0.0
258,1,agent_0,1,0.0
257,23,agent_1,1,0.0
258,15,agent_2,1,0.0
258,15,agent_0,1,0.0
258,14,agent_2,1,0.0
258,14,agent_0,1,0.0
258,13,agent_2,1,0.0
258,20,agent_0,1,0.0
258,19,agent_2,1,0.0
258,19,agent_1,1,0.0
257,21,agent_0,1,0.0
258,18,agent_2,1,0.0
258,18,agent_1,1,0.0
258,18,agent_0,1,0.0
258,17,agent_2,1,0.0
257,22,agent_1,1,0.0
257,22,agent_0,1,0.0
257,21,agent_2,1,0.0
257,21,agent_1,1,0.0
258,19,agent_0,1,0.0
259,23,agent_2,1,0.0
259,23,agent_0,1,0.0
259,22,agent_0,1,0.0
259,21,agent_2,1,0.0
259,21,agent_0,1,0.0
11,3,agent_0,0,0.0
11,2,agent_2,1,0.0
258,23,agent_0,1,0.0
259,9,agent_1,1,0.0
259,9,agent_0,0,0.0
259,8,agent_2,0,0.0
259,8,agent_0,0,0.0
259,7,agent_2,1,0.0
11,5,agent_2,1,0.0
11,5,agent_1,0,0.0
11,5,agent_0,0,0.0
11,2,agent_1,0,0.0
259,10,agent_2,1,0.0
259,17,agent_1,1,0.0
259,17,agent_0,1,0.0
259,16,agent_2,1,0.0
259,16,agent_1,1,0.0
259,15,agent_2,1,0.0
259,15,agent_1,1,0.0
259,14,agent_2,0,0.0
259,24,agent_0,1,0.0
259,20,agent_0,0,0.0
259,19,agent_2,1,0.0
259,19,agent_1,1,0.0
259,19,agent_0,0,0.0
259,18,agent_1,1,0.0
259,18,agent_0,0,0.0
259,17,agent_2,1,0.0
259,24,agent_1,1,0.0
259,20,agent_1,1,0.0
11,9,agent_0,1,0.0
11,8,agent_2,1,0.0
258,22,agent_2,1,0.0
258,22,agent_1,1,0.0
258,22,agent_0,1,0.0
258,21,agent_2,1,0.0
258,21,agent_1,1,0.0
258,21,agent_0,1,0.0
11,4,agent_2,0,0.0
258,20,agent_1,1,0.0
259,0,agent_1,0,0.0
259,0,agent_0,0,0.0
258,24,agent_2,1,0.0
258,24,agent_1,1,0.0
258,24,agent_0,1,0.0
258,23,agent_2,1,0.0
258,23,agent_1,1,0.0
258,20,agent_2,1,0.0
11,4,agent_1,0,0.0
11,4,agent_0,0,0.0
11,3,agent_2,0,0.0
11,3,agent_1,0,0.0
11,8,agent_1,1,0.0
11,8,agent_0,1,0.0
11,7,agent_2,1,0.0
11,7,agent_1,1,0.0
11,10,agent_0,1,0.0
11,6,agent_2,0,0.0
11,6,agent_1,1,0.0
11,6,agent_0,0,0.0
11,12,agent_2,1,0.0
11,12,agent_1,1,0.0
11,11,agent_2,1,0.0
11,11,agent_1,1,0.0
11,10,agent_2,1,0.0
11,7,agent_0,0,0.0
98,13,agent_2,1,0.0
49,13,agent_2,1,0.0
49,13,agent_1,1,0.0
49,13,agent_0,1,0.0
49,12,agent_2,1,0.0
49,12,agent_1,1,0.0
98,3,agent_0,1,0.0
178,10,agent_1,1,0.0
98,2,agent_0,1,0.0
49,17,agent_0,1,0.0
49,16,agent_2,1,0.0
49,16,agent_1,1,0.0
49,16,agent_0,1,0.0
49,15,agent_2,1,0.0
49,15,agent_0,1,0.0
49,14,agent_1,1,0.0
98,2,agent_1,1,0.0
98,7,agent_2,1,0.0
98,7,agent_0,1,0.0
98,6,agent_2,1,0.0
98,13,agent_1,1,0.0
98,12,agent_2,0,0.0
98,12,agent_0,1,0.0
98,11,agent_2,1,0.0
98,11,agent_0,1,0.0
98,14,agent_2,1,0.0
98,10,agent_1,0,0.0
98,10,agent_0,0,0.0
98,17,agent_2,1,0.0
98,17,agent_0,1,0.0
98,16,agent_2,1,0.0
98,16,agent_0,0,0.0
98,15,agent_2,1,0.0
98,15,agent_0,0,0.0
98,10,agent_2,1,0.0
97,17,agent_0,1,0.0
97,16,agent_2,1,0.0
97,16,agent_1,1,0.0
97,16,agent_0,0,0.0
97,15,agent_2,1,0.0
97,15,agent_1,1,0.0
97,20,agent_1,1,0.0
49,14,agent_0,1,0.0
97,19,agent_2,1,0.0
97,19,agent_1,1,0.0
97,19,agent_0,0,0.0
97,18,agent_2,1,0.0
97,18,agent_1,1,0.0
97,18,agent_0,0,0.0
97,23,agent_0,0,0.0
97,22,agent_2,0,0.0
97,20,agent_0,1,0.0
49,19,agent_2,1,0.0
49,19,agent_1,0,0.0
49,19,agent_0,1,0.0
49,18,agent_2,1,0.0
49,18,agent_1,1,0.0
49,18,agent_0,1,0.0
49,17,agent_2,1,0.0
49,17,agent_1,0,0.0
97,17,agent_1,1,0.0
49,22,agent_0,1,0.0
49,21,agent_2,1,0.0
49,21,agent_1,0,0.0
49,21,agent_0,1,0.0
49,20,agent_2,1,0.0
49,20,agent_1,1,0.0
49,20,agent_0,1,0.0
97,17,agent_2,0,0.0
49,22,agent_1,0,0.0
99,18,agent_2,1,0.0
99,18,agent_1,1,0.0
99,18,agent_0,1,0.0
99,17,agent_2,1,0.0
99,17,agent_1,1,0.0
99,17,agent_0,1,0.0
99,16,agent_2,1,0.0
98,8,agent_1,0,0.0
98,20,agent_1,1,0.0
98,20,agent_0,1,0.0
98,19,agent_2,0,0.0
98,19,agent_1,1,0.0
98,19,agent_0,0,0.0
98,18,agent_2,1,0.0
98,18,agent_1,0,0.0
98,18,agent_0,1,0.0
99,16,agent_1,1,0.0
99,6,agent_2,0,0.0
99,6,agent_0,0,0.0
99,13,agent_0,1,0.0
99,12,agent_2,0,0.0
99,12,agent_0,1,0.0
99,11,agent_2,1,0.0
99,11,agent_0,1,0.0
99,10,agent_2,1,0.0
99,13,agent_2,0,0.0
99,10,agent_0,1,0.0
99,16,agent_0,1,0.0
99,15,agent_2,1,0.0
99,15,agent_1,1,0.0
99,15,agent_0,1,0.0
99,14,agent_2,1,0.0
99,14,agent_1,1,0.0
99,14,agent_0,1,0.0
99,10,agent_1,1,0.0
99,4,agent_0,0,0.0
99,3,agent_2,0,0.0
99,3,agent_1,1,0.0
99,3,agent_0,0,0.0
99,2,agent_1,1,0.0
98,6,agent_1,1,0.0
98,5,agent_1,1,0.0
98,5,agent_0,1,0.0
98,23,agent_0,0,0.0
98,4,agent_0,1,0.0
98,3,agent_2,1,0.0
98,3,agent_1,1,0.0
49,22,agent_2,1,0.0
98,9,agent_2,0,0.0
98,9,agent_1,0,0.0
98,9,agent_0,0,0.0
98,8,agent_2,0,0.0
98,4,agent_2,1,0.0
98,22,agent_2,1,0.0
98,22,agent_1,1,0.0
98,22,agent_0,1,0.0
98,21,agent_2,0,0.0
98,21,agent_1,1,0.0
98,21,agent_0,0,0.0
98,20,agent_2,1,0.0
99,2,agent_0,0,0.0
99,4,agent_1,1,0.0
99,0,agent_1,1,0.0
98,24,agent_2,1,0.0
98,24,agent_1,1,0.0
98,24,agent_0,1,0.0
98,23,agent_2,0,0.0
98,23,agent_1,1,0.0
99,5,agent_2,0,0.0
99,4,agent_2,0,0.0
99,1,agent_0,0,0.0
96,7,agent_0,1,0.0
96,6,agent_2,0,0.0
96,6,agent_0,1,0.0
96,5,agent_2,1,0.0
96,12,agent_2,0,0.0
96,12,agent_1,1,0.0
96,12,agent_0,1,0.0
97,22,agent_1,1,0.0
96,11,agent_0,1,0.0
96,10,agent_0,1,0.0
96,9,agent_2,1,0.0
96,8,agent_2,0,0.0
96,15,agent_1,1,0.0
96,15,agent_0,1,0.0
96,14,agent_2,1,0.0
96,14,agent_1,1,0.0
96,11,agent_2,0,0.0
97,1,agent_2,0,0.0
97,1,agent_1,0,0.0
97,1,agent_0,0,0.0
97,0,agent_2,0,0.0
97,0,agent_1,0,0.0
97,0,agent_0,0,0.0
96,5,agent_0,1,0.0
96,4,agent_2,1,0.0
96,7,agent_1,1,0.0
96,4,agent_0,1,0.0
96,3,agent_1,1,0.0
96,3,agent_0,1,0.0
96,2,agent_1,0,0.0
96,2,agent_0,1,0.0
96,8,agent_1,1,0.0
96,8,agent_0,1,0.0
96,7,agent_2,1,0.0
96,4,agent_1,1,0.0
95,15,agent_2,1,0.0
95,24,agent_0,1,0.0
95,23,agent_2,1,0.0
95,23,agent_0,1,0.0
95,22,agent_2,1,0.0
95,22,agent_0,1,0.0
95,21,agent_2,1,0.0
96,14,agent_0,1,0.0
95,20,agent_0,1,0.0
96,1,agent_2,0,0.0
96,1,agent_1,0,0.0
96,1,agent_0,1,0.0
96,0,agent_2,0,0.0
96,0,agent_1,0,0.0
96,0,agent_0,1,0.0
95,24,agent_2,1,0.0
95,21,agent_0,1,0.0
96,13,agent_2,1,0.0
96,13,agent_1,0,0.0
96,13,agent_0,1,0.0
95,15,agent_0,1,0.0
95,14,agent_2,1,0.0
50,8,agent_1,0,0.0
50,7,agent_2,0,0.0
50,7,agent_1,1,0.0
95,16,agent_0,1,0.0
50,6,agent_2,1,0.0
50,6,agent_1,0,0.0
95,19,agent_2,1,0.0
95,19,agent_1,1,0.0
95,19,agent_0,1,0.0
95,18,agent_0,1,0.0
95,17,agent_2,1,0.0
95,17,agent_0,1,0.0
50,7,agent_0,1,0.0
97,3,agent_2,1,0.0
97,3,agent_0,1,0.0
97,2,agent_2,0,0.0
97,9,agent_1,1,0.0
97,9,agent_0,1,0.0
97,8,agent_2,1,0.0
97,8,agent_1,1,0.0
97,2,agent_0,0,0.0
97,7,agent_1,1,0.0
97,7,agent_0,0,0.0
97,6,agent_1,1,0.0
97,12,agent_0,0,0.0
97,11,agent_2,0,0.0
97,11,agent_1,1,0.0
97,11,agent_0,0,0.0
97,10,agent_2,0,0.0
97,8,agent_0,1,0.0
97,22,agent_0,1,0.0
97,21,agent_2,0,0.0
97,21,agent_1,1,0.0
97,21,agent_0,0,0.0
97,20,agent_2,0,0.0
98,1,agent_1,1,0.0
98,1,agent_0,1,0.0
98,0,agent_2,0,0.0
97,4,agent_0,0,0.0
97,24,agent_1,1,0.0
97,24,agent_0,1,0.0
97,23,agent_2,0,0.0
97,23,agent_1,1,0.0
97,5,agent_2,1,0.0
97,5,agent_1,1,0.0
97,4,agent_2,1,0.0
97,4,agent_1,1,0.0
97,24,agent_2,0,0.0
96,21,agent_2,0,0.0
96,21,agent_1,0,0.0
96,21,agent_0,1,0.0
96,20,agent_2,1,0.0
96,20,agent_1,1,0.0
96,20,agent_0,1,0.0
96,19,agent_2,1,0.0
96,19,agent_1,1,0.0
97,10,agent_1,1,0.0
96,24,agent_1,1,0.0
96,24,agent_0,1,0.0
96,23,agent_2,1,0.0
96,23,agent_0,1,0.0
96,22,agent_2,0,0.0
96,22,agent_1,0,0.0
96,22,agent_0,1,0.0
97,2,agent_1,1,0.0
96,24,agent_2,1,0.0
97,10,agent_0,1,0.0
97,9,agent_2,1,0.0
97,15,agent_0,1,0.0
97,14,agent_2,1,0.0
97,14,agent_0,0,0.0
97,13,agent_2,1,0.0
97,13,agent_1,1,0.0
97,13,agent_0,1,0.0
96,15,agent_2,1,0.0
97,12,agent_1,1,0.0
96,19,agent_0,1,0.0
96,18,agent_2,1,0.0
96,18,agent_0,1,0.0
96,17,agent_1,1,0.0
96,17,agent_0,1,0.0
96,16,agent_2,1,0.0
96,16,agent_0,1,0.0
97,12,agent_2,1,0.0
101,13,agent_2,1,0.0
49,1,agent_1,0,0.0
49,1,agent_0,0,0.0
49,0,agent_2,0,0.0
49,0,agent_1,0,0.0
101,20,agent_2,1,0.0
101,20,agent_0,1,0.0
99,7,agent_0,1,0.0
101,18,agent_0,1,0.0
101,17,agent_0,1,0.0
101,16,agent_2,1,0.0
101,16,agent_0,1,0.0
101,15,agent_1,1,0.0
101,24,agent_0,1,0.0
101,23,agent_1,1,0.0
101,23,agent_0,1,0.0
101,19,agent_0,1,0.0
102,12,agent_0,1,0.0
102,11,agent_2,0,0.0
102,11,agent_1,1,0.0
102,10,agent_1,0,0.0
102,9,agent_2,1,0.0
102,9,agent_1,1,0.0
102,8,agent_2,1,0.0
102,15,agent_2,1,0.0
101,14,agent_0,1,0.0
102,14,agent_2,1,0.0
102,14,agent_1,1,0.0
102,13,agent_2,0,0.0
102,13,agent_1,0,0.0
102,13,agent_0,1,0.0
102,12,agent_2,1,0.0
101,15,agent_0,1,0.0
101,14,agent_1,1,0.0
102,15,agent_1,1,0.0
101,8,agent_1,1,0.0
101,8,agent_0,1,0.0
48,16,agent_2,1,0.0
48,16,agent_1,1,0.0
101,13,agent_1,1,0.0
101,13,agent_0,1,0.0
101,12,agent_1,1,0.0
101,22,agent_2,1,0.0
101,11,agent_2,0,0.0
101,11,agent_0,1,0.0
48,21,agent_1,1,0.0
48,20,agent_2,1,0.0
48,20,agent_1,1,0.0
48,20,agent_0,1,0.0
48,19,agent_1,1,0.0
48,18,agent_2,1,0.0
101,12,agent_0,1,0.0
101,22,agent_1,1,0.0
101,22,agent_0,1,0.0
101,21,agent_2,1,0.0
101,21,agent_0,1,0.0
102,1,agent_2,0,0.0
102,1,agent_1,1,0.0
102,1,agent_0,1,0.0
102,0,agent_2,0,0.0
101,8,agent_2,1,0.0
102,0,agent_0,1,0.0
101,24,agent_2,1,0.0
101,24,agent_1,1,0.0
101,10,agent_2,1,0.0
101,10,agent_0,1,0.0
101,9,agent_2,0,0.0
101,9,agent_1,1,0.0
101,9,agent_0,1,0.0
102,0,agent_1,1,0.0
48,13,agent_2,0,0.0
48,13,agent_1,0,0.0
48,12,agent_1,0,0.0
48,11,agent_2,1,0.0
102,19,agent_0,1,0.0
102,18,agent_2,1,0.0
102,18,agent_1,1,0.0
102,12,agent_1,1,0.0
102,17,agent_1,1,0.0
102,17,agent_0,1,0.0
102,16,agent_2,0,0.0
102,16,agent_1,1,0.0
102,22,agent_0,1,0.0
102,21,agent_1,0,0.0
102,21,agent_0,1,0.0
102,20,agent_2,1,0.0
102,17,agent_2,1,0.0
48,7,agent_0,1,0.0
48,6,agent_2,0,0.0
48,6,agent_1,0,0.0
48,6,agent_0,1,0.0
48,5,agent_2,1,0.0
48,5,agent_1,0,0.0
48,11,agent_0,1,0.0
48,10,agent_2,1,0.0
48,14,agent_1,0,0.0
48,10,agent_0,1,0.0
48,9,agent_1,0,0.0
48,9,agent_0,1,0.0
48,8,agent_1,0,0.0
48,8,agent_0,1,0.0
103,6,agent_1,0,0.0
48,15,agent_1,1,0.0
48,14,agent_2,1,0.0
48,10,agent_1,1,0.0
103,0,agent_1,0,0.0
102,5,agent_0,1,0.0
102,4,agent_2,0,0.0
102,4,agent_1,0,0.0
102,3,agent_2,1,0.0
102,3,agent_1,1,0.0
102,2,agent_2,1,0.0
102,2,agent_1,1,0.0
102,20,agent_1,1,0.0
102,8,agent_1,1,0.0
102,8,agent_0,1,0.0
102,7,agent_2,0,0.0
102,7,agent_1,1,0.0
102,6,agent_2,1,0.0
102,6,agent_0,0,0.0
102,5,agent_2,1,0.0
102,5,agent_1,0,0.0
102,2,agent_0,1,0.0
102,20,agent_0,1,0.0
102,19,agent_2,1,0.0
102,19,agent_1,1,0.0
103,0,agent_0,0,0.0
102,24,agent_2,1,0.0
102,24,agent_1,1,0.0
102,24,agent_0,1,0.0
102,23,agent_2,1,0.0
103,0,agent_2,0,0.0
102,23,agent_0,1,0.0
102,22,agent_1,0,0.0
103,2,agent_2,0,0.0
103,2,agent_1,1,0.0
103,2,agent_0,0,0.0
103,1,agent_2,0,0.0
103,1,agent_1,1,0.0
103,1,agent_0,0,0.0
102,23,agent_1,0,0.0
49,9,agent_2,1,0.0
49,9,agent_1,1,0.0
49,9,agent_0,1,0.0
49,8,agent_2,1,0.0
49,8,agent_0,1,0.0
49,7,agent_2,1,0.0
49,7,agent_0,1,0.0
48,18,agent_1,1,0.0
100,7,agent_1,1,0.0
100,6,agent_2,0,0.0
49,12,agent_0,1,0.0
49,11,agent_0,1,0.0
49,10,agent_2,1,0.0
49,10,agent_1,1,0.0
49,10,agent_0,1,0.0
99,21,agent_2,1,0.0
49,6,agent_0,1,0.0
100,17,agent_0,1,0.0
100,16,agent_2,1,0.0
49,2,agent_2,0,0.0
49,2,agent_1,0,0.0
49,2,agent_0,0,0.0
49,1,agent_2,0,0.0
100,6,agent_0,1,0.0
100,5,agent_2,0,0.0
49,3,agent_0,0,0.0
100,5,agent_0,1,0.0
49,5,agent_2,0,0.0
49,5,agent_1,1,0.0
49,5,agent_0,1,0.0
49,4,agent_2,0,0.0
49,4,agent_0,1,0.0
49,3,agent_2,0,0.0
49,3,agent_1,0,0.0
100,5,agent_1,1,0.0
100,0,agent_2,0,0.0
100,0,agent_1,0,0.0
100,0,agent_0,0,0.0
99,24,agent_2,1,0.0
100,4,agent_2,0,0.0
100,4,agent_1,1,0.0
100,4,agent_0,0,0.0
100,3,agent_2,0,0.0
99,21,agent_1,1,0.0
100,3,agent_0,0,0.0
100,2,agent_2,0,0.0
100,2,agent_1,0,0.0
99,9,agent_2,0,0.0
99,8,agent_2,1,0.0
99,8,agent_1,1,0.0
99,7,agent_2,0,0.0
99,7,agent_1,1,0.0
100,3,agent_1,1,0.0
99,21,agent_0,1,0.0
99,20,agent_2,1,0.0
99,20,agent_0,1,0.0
99,19,agent_2,1,0.0
99,19,agent_1,1,0.0
99,19,agent_0,1,0.0
99,24,agent_1,1,0.0
99,24,agent_0,1,0.0
100,1,agent_0,0,0.0
99,23,agent_1,1,0.0
99,23,agent_0,1,0.0
99,22,agent_2,1,0.0
99,22,agent_1,1,0.0
99,22,agent_0,1,0.0
100,2,agent_0,0,0.0
100,1,agent_2,0,0.0
100,1,agent_1,0,0.0
99,23,agent_2,1,0.0
101,0,agent_1,1,0.0
100,24,agent_2,1,0.0
100,24,agent_1,1,0.0
100,24,agent_0,1,0.0
100,23,agent_1,0,0.0
100,23,agent_0,1,0.0
100,22,agent_2,0,0.0
100,17,agent_1,1,0.0
101,4,agent_0,0,0.0
101,3,agent_2,1,0.0
101,3,agent_1,1,0.0
101,2,agent_2,0,0.0
101,2,agent_0,1,0.0
101,1,agent_2,0,0.0
101,1,agent_0,1,0.0
101,7,agent_2,0,0.0
101,4,agent_1,1,0.0
48,17,agent_1,1,0.0
49,0,agent_0,1,0.0
48,24,agent_2,1,0.0
48,24,agent_1,1,0.0
48,24,agent_0,1,0.0
48,23,agent_1,1,0.0
48,22,agent_2,1,0.0
48,22,agent_1,1,0.0
101,0,agent_2,0,0.0
100,22,agent_1,1,0.0
100,22,agent_0,1,0.0
100,21,agent_0,1,0.0
100,20,agent_2,0,0.0
100,20,agent_1,1,0.0
100,20,agent_0,1,0.0
100,19,agent_2,1,0.0
100,19,agent_1,1,0.0
48,22,agent_0,1,0.0
100,12,agent_1,0,0.0
100,12,agent_0,1,0.0
100,11,agent_2,1,0.0
100,11,agent_0,1,0.0
100,16,agent_1,1,0.0
100,16,agent_0,1,0.0
100,15,agent_2,1,0.0
100,15,agent_1,1,0.0
101,7,agent_1,1,0.0
100,14,agent_2,1,0.0
100,14,agent_1,1,0.0
100,14,agent_0,1,0.0
100,19,agent_0,1,0.0
100,18,agent_2,1,0.0
100,18,agent_1,1,0.0
100,18,agent_0,1,0.0
100,17,agent_2,1,0.0
100,15,agent_0,1,0.0
101,7,agent_0,1,0.0
101,6,agent_2,1,0.0
101,6,agent_1,1,0.0
101,6,agent_0,1,0.0
101,5,agent_2,0,0.0
101,5,agent_0,1,0.0
100,10,agent_2,1,0.0
100,10,agent_1,0,0.0
100,12,agent_2,1,0.0
100,9,agent_2,0,0.0
100,9,agent_1,1,0.0
100,9,agent_0,1,0.0
100,8,agent_2,1,0.0
100,8,agent_0,1,0.0
100,13,agent_2,1,0.0
100,13,agent_1,0,0.0
100,13,agent_0,1,0.0
100,10,agent_0,1,0.0
90,18,agent_1,1,0.0
90,18,agent_0,1,0.0
90,17,agent_1,1,0.0
90,23,agent_0,1,0.0
90,22,agent_2,1,0.0
90,22,agent_1,1,0.0
90,22,agent_0,1,0.0
95,24,agent_1,1,0.0
90,21,agent_0,1,0.0
90,20,agent_2,1,0.0
90,20,agent_1,1,0.0
51,6,agent_0,1,0.0
51,5,agent_2,1,0.0
51,5,agent_1,1,0.0
51,5,agent_0,1,0.0
90,10,agent_2,1,0.0
90,21,agent_1,1,0.0
90,12,agent_0,1,0.0
51,15,agent_1,1,0.0
51,15,agent_0,1,0.0
51,14,agent_2,1,0.0
51,14,agent_1,1,0.0
90,17,agent_0,1,0.0
90,16,agent_0,1,0.0
90,15,agent_2,1,0.0
90,18,agent_2,1,0.0
90,15,agent_0,1,0.0
90,14,agent_1,1,0.0
90,14,agent_0,1,0.0
90,13,agent_2,1,0.0
90,20,agent_0,1,0.0
90,19,agent_2,1,0.0
90,19,agent_1,1,0.0
90,19,agent_0,1,0.0
90,15,agent_1,1,0.0
51,14,agent_0,1,0.0
51,13,agent_2,1,0.0
51,13,agent_1,1,0.0
51,13,agent_0,1,0.0
51,12,agent_2,1,0.0
51,12,agent_1,1,0.0
51,12,agent_0,1,0.0
90,10,agent_0,1,0.0
89,21,agent_2,1,0.0
89,21,agent_1,1,0.0
89,21,agent_0,1,0.0
89,20,agent_2,1,0.0
89,20,agent_1,0,0.0
89,19,agent_1,0,0.0
89,18,agent_1,1,0.0
89,18,agent_0,1,0.0
51,11,agent_2,1,0.0
90,9,agent_1,1,0.0
90,8,agent_2,1,0.0
51,8,agent_2,1,0.0
51,8,agent_1,1,0.0
51,8,agent_0,0,0.0
51,7,agent_2,1,0.0
51,7,agent_1,1,0.0
51,7,agent_0,1,0.0
51,9,agent_0,1,0.0
51,6,agent_1,1,0.0
51,11,agent_1,1,0.0
51,11,agent_0,0,0.0
51,10,agent_2,1,0.0
51,10,agent_1,1,0.0
51,10,agent_0,0,0.0
51,9,agent_2,1,0.0
51,9,agent_1,1,0.0
51,6,agent_2,1,0.0
91,19,agent_0,1,0.0
91,18,agent_2,1,0.0
91,24,agent_0,1,0.0
91,23,agent_2,1,0.0
91,23,agent_1,1,0.0
91,22,agent_2,1,0.0
91,22,agent_1,1,0.0
90,12,agent_1,1,0.0
91,21,agent_2,1,0.0
91,21,agent_1,1,0.0
92,1,agent_2,1,0.0
92,1,agent_1,0,0.0
92,1,agent_0,1,0.0
92,0,agent_2,1,0.0
92,0,agent_1,0,0.0
92,0,agent_0,0,0.0
91,22,agent_0,1,0.0
92,13,agent_2,1,0.0
92,13,agent_1,1,0.0
92,13,agent_0,1,0.0
92,12,agent_2,1,0.0
91,18,agent_0,1,0.0
91,17,agent_2,1,0.0
91,17,agent_1,1,0.0
91,17,agent_0,1,0.0
91,19,agent_1,1,0.0
91,16,agent_1,1,0.0
91,16,agent_0,1,0.0
91,15,agent_2,1,0.0
91,21,agent_0,1,0.0
91,20,agent_2,1,0.0
91,20,agent_1,1,0.0
91,20,agent_0,1,0.0
91,19,agent_2,1,0.0
91,16,agent_2,1,0.0
91,9,agent_2,1,0.0
91,9,agent_1,1,0.0
91,8,agent_2,1,0.0
91,8,agent_0,1,0.0
91,7,agent_1,1,0.0
91,7,agent_0,1,0.0
91,6,agent_1,1,0.0
91,15,agent_0,1,0.0
91,24,agent_2,1,0.0
91,14,agent_0,1,0.0
91,13,agent_0,1,0.0
91,12,agent_2,1,0.0
91,12,agent_0,1,0.0
91,11,agent_0,1,0.0
91,10,agent_1,1,0.0
90,13,agent_1,1,0.0
90,12,agent_2,1,0.0
91,14,agent_1,1,0.0
91,24,agent_1,1,0.0
91,1,agent_1,1,0.0
91,1,agent_0,0,0.0
91,0,agent_2,0,0.0
91,0,agent_0,0,0.0
90,24,agent_2,1,0.0
90,24,agent_1,1,0.0
90,24,agent_0,1,0.0
91,10,agent_0,0,0.0
91,5,agent_1,0,0.0
91,5,agent_0,1,0.0
91,4,agent_0,1,0.0
91,3,agent_0,1,0.0
91,2,agent_2,1,0.0
91,2,agent_1,1,0.0
91,2,agent_0,1,0.0
91,1,agent_2,0,0.0
90,23,agent_1,1,0.0
88,18,agent_1,1,0.0
88,18,agent_0,1,0.0
88,17,agent_2,1,0.0
88,17,agent_1,1,0.0
88,17,agent_0,1,0.0
88,16,agent_2,0,0.0
88,22,agent_1,1,0.0
90,0,agent_2,0,0.0
88,21,agent_2,1,0.0
88,21,agent_1,1,0.0
88,21,agent_0,1,0.0
88,20,agent_1,1,0.0
88,20,agent_0,1,0.0
88,19,agent_2,1,0.0
89,0,agent_1,1,0.0
89,0,agent_0,0,0.0
88,22,agent_0,1,0.0
51,22,agent_1,1,0.0
51,22,agent_0,0,0.0
51,21,agent_2,1,0.0
51,21,agent_1,1,0.0
51,21,agent_0,1,0.0
51,20,agent_2,1,0.0
51,20,agent_1,1,0.0
51,20,agent_0,1,0.0
88,19,agent_0,1,0.0
51,24,agent_2,1,0.0
51,24,agent_1,1,0.0
51,24,agent_0,1,0.0
51,23,agent_2,1,0.0
51,23,agent_1,1,0.0
51,23,agent_0,1,0.0
51,22,agent_2,1,0.0
88,19,agent_1,1,0.0
52,0,agent_0,1,0.0
88,5,agent_2,1,0.0
88,5,agent_1,1,0.0
88,5,agent_0,1,0.0
88,10,agent_0,1,0.0
88,9,agent_2,1,0.0
88,9,agent_1,1,0.0
88,9,agent_0,1,0.0
88,8,agent_2,1,0.0
88,24,agent_2,1,0.0
88,8,agent_0,1,0.0
88,7,agent_2,0,0.0
88,13,agent_1,1,0.0
88,13,agent_0,1,0.0
88,12,agent_2,0,0.0
88,12,agent_0,1,0.0
88,11,agent_2,0,0.0
88,11,agent_1,1,0.0
88,8,agent_1,1,0.0
88,24,agent_1,0,0.0
88,24,agent_0,1,0.0
88,23,agent_1,1,0.0
88,23,agent_0,1,0.0
88,22,agent_2,1,0.0
89,3,agent_0,1,0.0
89,2,agent_2,1,0.0
89,2,agent_1,1,0.0
88,6,agent_0,1,0.0
89,1,agent_2,0,0.0
89,1,agent_1,1,0.0
89,1,agent_0,0,0.0
89,0,agent_2,0,0.0
88,7,agent_1,1,0.0
88,7,agent_0,1,0.0
88,6,agent_2,1,0.0
88,6,agent_1,1,0.0
89,2,agent_0,0,0.0
90,6,agent_1,1,0.0
90,6,agent_0,1,0.0
90,5,agent_2,0,0.0
90,5,agent_1,1,0.0
90,5,agent_0,0,0.0
89,7,agent_2,1,0.0
89,7,agent_1,1,0.0
51,17,agent_1,1,0.0
89,6,agent_1,1,0.0
89,6,agent_0,1,0.0
89,4,agent_2,1,0.0
89,4,agent_1,1,0.0
52,0,agent_2,1,0.0
89,11,agent_0,1,0.0
89,10,agent_1,1,0.0
89,9,agent_2,1,0.0
89,6,agent_2,0,0.0
90,0,agent_1,0,0.0
89,24,agent_2,1,0.0
89,24,agent_1,1,0.0
89,24,agent_0,1,0.0
89,23,agent_1,1,0.0
89,23,agent_0,1,0.0
89,22,agent_1,0,0.0
90,4,agent_2,0,0.0
90,7,agent_1,1,0.0
90,4,agent_0,1,0.0
90,3,agent_2,1,0.0
90,2,agent_2,0,0.0
90,2,agent_0,1,0.0
90,1,agent_2,0,0.0
90,1,agent_1,0,0.0
90,8,agent_0,1,0.0
90,7,agent_2,1,0.0
90,4,agent_1,1,0.0
89,14,agent_2,1,0.0
89,14,agent_1,1,0.0
51,17,agent_0,1,0.0
51,16,agent_2,1,0.0
51,16,agent_1,1,0.0
51,16,agent_0,1,0.0
51,15,agent_2,1,0.0
89,4,agent_0,1,0.0
89,9,agent_1,1,0.0
89,3,agent_1,1,0.0
51,19,agent_2,1,0.0
51,19,agent_1,1,0.0
51,19,agent_0,1,0.0
51,18,agent_2,1,0.0
51,18,agent_1,1,0.0
51,18,agent_0,0,0.0
51,17,agent_2,1,0.0
89,3,agent_2,1,0.0
89,9,agent_0,1,0.0
89,8,agent_2,1,0.0
89,8,agent_1,1,0.0
89,8,agent_0,1,0.0
89,14,agent_0,1,0.0
89,13,agent_1,1,0.0
89,13,agent_0,1,0.0
89,12,agent_2,1,0.0
89,15,agent_0,1,0.0
89,12,agent_0,1,0.0
89,11,agent_2,1,0.0
89,11,agent_1,1,0.0
89,17,agent_1,1,0.0
89,17,agent_0,1,0.0
89,16,agent_1,1,0.0
89,16,agent_0,1,0.0
89,15,agent_1,1,0.0
89,12,agent_1,1,0.0
94,22,agent_1,1,0.0
94,22,agent_0,1,0.0
94,21,agent_1,1,0.0
94,21,agent_0,1,0.0
94,20,agent_2,1,0.0
94,20,agent_1,1,0.0
94,20,agent_0,1,0.0
92,14,agent_0,1,0.0
94,2,agent_0,1,0.0
94,1,agent_1,1,0.0
94,1,agent_0,1,0.0
94,0,agent_0,1,0.0
93,24,agent_2,1,0.0
93,24,agent_1,1,0.0
94,6,agent_1,1,0.0
94,5,agent_2,1,0.0
94,2,agent_2,1,0.0
94,12,agent_0,1,0.0
94,17,agent_0,1,0.0
94,16,agent_2,1,0.0
94,16,agent_1,1,0.0
94,16,agent_0,1,0.0
94,15,agent_2,1,0.0
94,15,agent_1,1,0.0
94,15,agent_0,1,0.0
94,22,agent_2,1,0.0
94,19,agent_2,1,0.0
94,19,agent_1,1,0.0
94,19,agent_0,1,0.0
94,18,agent_2,1,0.0
94,18,agent_1,1,0.0
94,18,agent_0,1,0.0
94,17,agent_2,1,0.0
94,17,agent_1,1,0.0
94,14,agent_2,1,0.0
94,10,agent_0,1,0.0
94,9,agent_2,1,0.0
94,9,agent_1,1,0.0
50,18,agent_2,1,0.0
50,18,agent_1,1,0.0
50,18,agent_0,0,0.0
50,17,agent_2,1,0.0
94,5,agent_0,1,0.0
50,16,agent_2,1,0.0
50,16,agent_0,1,0.0
50,15,agent_2,1,0.0
93,16,agent_0,1,0.0
93,15,agent_0,1,0.0
93,14,agent_2,1,0.0
93,14,agent_0,1,0.0
93,12,agent_0,0,0.0
50,17,agent_1,1,0.0
94,4,agent_2,1,0.0
94,4,agent_0,1,0.0
94,3,agent_2,1,0.0
94,3,agent_1,1,0.0
94,3,agent_0,1,0.0
94,9,agent_0,1,0.0
94,8,agent_2,1,0.0
94,8,agent_1,1,0.0
94,10,agent_1,1,0.0
94,7,agent_2,1,0.0
94,7,agent_1,1,0.0
94,7,agent_0,1,0.0
94,6,agent_2,1,0.0
94,11,agent_2,1,0.0
94,11,agent_1,1,0.0
94,11,agent_0,1,0.0
94,10,agent_2,1,0.0
94,8,agent_0,1,0.0
50,2,agent_2,1,0.0
50,2,agent_1,1,0.0
50,2,agent_0,0,0.0
50,1,agent_2,1,0.0
50,1,agent_1,1,0.0
50,1,agent_0,0,0.0
50,6,agent_0,1,0.0
94,12,agent_1,1,0.0
50,5,agent_1,1,0.0
50,5,agent_0,1,0.0
50,4,agent_2,1,0.0
50,4,agent_1,1,0.0
50,4,agent_0,1,0.0
50,3,agent_2,0,0.0
95,0,agent_1,0,0.0
95,0,agent_0,1,0.0
50,5,agent_2,0,0.0
49,23,agent_0,1,0.0
95,14,agent_0,1,0.0
95,13,agent_0,1,0.0
95,12,agent_0,1,0.0
95,11,agent_2,1,0.0
95,11,agent_0,1,0.0
95,10,agent_2,1,0.0
95,10,agent_0,1,0.0
50,3,agent_0,1,0.0
50,0,agent_1,0,0.0
50,0,agent_0,0,0.0
49,24,agent_2,1,0.0
49,24,agent_1,0,0.0
49,24,agent_0,1,0.0
49,23,agent_2,1,0.0
49,23,agent_1,1,0.0
50,3,agent_1,1,0.0
50,0,agent_2,1,0.0
95,4,agent_2,1,0.0
95,4,agent_1,1,0.0
95,4,agent_0,1,0.0
95,9,agent_2,1,0.0
95,9,agent_0,1,0.0
95,8,agent_2,1,0.0
95,8,agent_0,1,0.0
95,7,agent_2,1,0.0
94,24,agent_2,1,0.0
95,7,agent_0,1,0.0
95,6,agent_2,1,0.0
94,14,agent_1,1,0.0
94,14,agent_0,1,0.0
94,13,agent_2,1,0.0
94,13,agent_1,1,0.0
94,13,agent_0,1,0.0
94,12,agent_2,1,0.0
95,7,agent_1,1,0.0
94,24,agent_1,1,0.0
94,24,agent_0,1,0.0
94,23,agent_2,1,0.0
94,23,agent_1,1,0.0
94,23,agent_0,0,0.0
95,3,agent_1,1,0.0
95,3,agent_0,1,0.0
95,2,agent_2,0,0.0
95,5,agent_0,1,0.0
95,2,agent_0,1,0.0
95,1,agent_1,0,0.0
95,1,agent_0,1,0.0
95,0,agent_2,0,0.0
95,6,agent_1,1,0.0
95,6,agent_0,1,0.0
95,5,agent_2,1,0.0
95,5,agent_1,1,0.0
95,2,agent_1,0,0.0
50,20,agent_0,0,0.0
51,0,agent_1,1,0.0
51,0,agent_0,1,0.0
50,24,agent_2,1,0.0
50,24,agent_1,1,0.0
50,24,agent_0,1,0.0
50,23,agent_2,1,0.0
93,11,agent_2,1,0.0
50,23,agent_0,1,0.0
51,3,agent_0,1,0.0
51,2,agent_2,1,0.0
51,2,agent_1,1,0.0
51,2,agent_0,1,0.0
51,1,agent_2,1,0.0
51,1,agent_1,1,0.0
51,1,agent_0,1,0.0
50,23,agent_1,1,0.0
92,24,agent_2,1,0.0
92,24,agent_1,1,0.0
92,24,agent_0,1,0.0
93,4,agent_1,0,0.0
93,3,agent_2,0,0.0
93,3,agent_1,0,0.0
93,3,agent_0,0,0.0
93,2,agent_2,0,0.0
50,20,agent_1,0,0.0
93,2,agent_0,0,0.0
93,1,agent_2,0,0.0
50,22,agent_1,1,0.0
50,22,agent_0,1,0.0
50,21,agent_2,0,0.0
50,21,agent_1,0,0.0
50,21,agent_0,1,0.0
50,20,agent_2,0,0.0
93,2,agent_1,1,0.0
92,7,agent_0,1,0.0
92,6,agent_2,1,0.0
92,6,agent_1,1,0.0
92,6,agent_0,1,0.0
92,5,agent_2,1,0.0
92,5,agent_1,0,0.0
92,12,agent_0,1,0.0
92,11,agent_2,0,0.0
51,0,agent_2,1,0.0
92,11,agent_0,1,0.0
92,10,agent_2,1,0.0
92,10,agent_0,1,0.0
92,9,agent_2,1,0.0
92,9,agent_0,1,0.0
50,19,agent_2,1,0.0
50,19,agent_1,0,0.0
92,14,agent_1,1,0.0
92,11,agent_1,1,0.0
92,15,agent_1,1,0.0
92,15,agent_0,1,0.0
92,14,agent_2,1,0.0
51,4,agent_2,1,0.0
51,4,agent_1,1,0.0
51,4,agent_0,1,0.0
51,3,agent_2,1,0.0
51,3,agent_1,1,0.0
92,7,agent_2,1,0.0
92,4,agent_2,1,0.0
92,4,agent_1,0,0.0
92,3,agent_2,0,0.0
92,3,agent_1,0,0.0
92,2,agent_2,0,0.0
92,2,agent_1,0,0.0
92,2,agent_0,1,0.0
92,8,agent_0,1,0.0
92,5,agent_0,1,0.0
93,7,agent_1,0,0.0
93,7,agent_0,1,0.0
93,6,agent_1,0,0.0
93,6,agent_0,1,0.0
93,5,agent_2,1,0.0
93,5,agent_1,0,0.0
93,5,agent_0,1,0.0
93,0,agent_0,0,0.0
93,10,agent_1,1,0.0
93,10,agent_0,0,0.0
93,9,agent_2,1,0.0
93,9,agent_1,1,0.0
93,9,agent_0,1,0.0
93,8,agent_2,1,0.0
93,8,agent_1,1,0.0
93,7,agent_2,1,0.0
93,4,agent_2,1,0.0
93,11,agent_0,0,0.0
50,19,agent_0,0,0.0
93,20,agent_2,1,0.0
93,20,agent_1,1,0.0
93,20,agent_0,1,0.0
93,19,agent_2,0,0.0
93,19,agent_1,1,0.0
93,18,agent_0,1,0.0
93,21,agent_0,1,0.0
93,17,agent_1,0,0.0
93,24,agent_0,1,0.0
93,23,agent_2,0,0.0
93,23,agent_1,0,0.0
93,23,agent_0,1,0.0
93,22,agent_1,1,0.0
93,22,agent_0,1,0.0
93,21,agent_2,0,0.0
93,17,agent_2,0,0.0
92,17,agent_1,1,0.0
92,17,agent_0,1,0.0
92,16,agent_2,0,0.0
92,16,agent_1,1,0.0
92,15,agent_2,1,0.0
92,23,agent_2,1,0.0
92,23,agent_0,1,0.0
92,22,agent_2,1,0.0
50,11,agent_1,1,0.0
92,21,agent_0,1,0.0
92,20,agent_2,1,0.0
92,19,agent_2,1,0.0
92,19,agent_0,1,0.0
93,1,agent_1,0,0.0
93,1,agent_0,0,0.0
93,0,agent_2,0,0.0
93,0,agent_1,0,0.0
92,21,agent_2,1,0.0
50,11,agent_0,1,0.0
50,10,agent_2,0,0.0
50,10,agent_0,1,0.0
50,9,agent_1,1,0.0
50,9,agent_0,0,0.0
50,8,agent_2,0,0.0
93,10,agent_2,1,0.0
50,15,agent_1,1,0.0
92,17,agent_2,0,0.0
50,14,agent_1,1,0.0
50,13,agent_1,1,0.0
50,12,agent_2,0,0.0
50,12,agent_1,1,0.0
50,12,agent_0,1,0.0
50,11,agent_2,0,0.0
92,18,agent_2,1,0.0
92,18,agent_1,0,0.0
50,15,agent_0,1,0.0
113,10,agent_1,1,0.0
113,10,agent_0,1,0.0
113,9,agent_2,1,0.0
113,9,agent_1,1,0.0
113,9,agent_0,1,0.0
113,8,agent_2,0,0.0
113,8,agent_1,1,0.0
48,7,agent_1,0,0.0
113,14,agent_2,1,0.0
113,14,agent_0,1,0.0
113,13,agent_2,1,0.0
113,12,agent_1,1,0.0
113,12,agent_0,1,0.0
113,11,agent_1,1,0.0
45,17,agent_1,1,0.0
45,17,agent_0,1,0.0
113,15,agent_0,1,0.0
114,0,agent_1,0,0.0
113,4,agent_2,1,0.0
113,4,agent_1,0,0.0
113,4,agent_0,0,0.0
113,3,agent_2,0,0.0
113,3,agent_1,0,0.0
113,3,agent_0,0,0.0
113,2,agent_2,0,0.0
113,11,agent_0,1,0.0
113,8,agent_0,1,0.0
113,7,agent_1,1,0.0
113,7,agent_0,1,0.0
113,6,agent_1,1,0.0
113,6,agent_0,1,0.0
113,5,agent_2,0,0.0
113,5,agent_1,1,0.0
113,5,agent_0,1,0.0
113,2,agent_1,0,0.0
45,22,agent_1,0,0.0
45,22,agent_0,1,0.0
45,21,agent_2,1,0.0
113,2,agent_0,0,0.0
113,1,agent_2,0,0.0
46,1,agent_2,1,0.0
46,1,agent_1,1,0.0
45,16,agent_1,1,0.0
46,0,agent_2,1,0.0
46,0,agent_1,1,0.0
45,24,agent_2,1,0.0
112,14,agent_1,1,0.0
112,14,agent_0,1,0.0
112,13,agent_2,1,0.0
112,12,agent_2,1,0.0
112,12,agent_1,1,0.0
46,1,agent_0,0,0.0
113,1,agent_1,0,0.0
113,1,agent_0,0,0.0
113,0,agent_2,0,0.0
113,0,agent_1,0,0.0
113,0,agent_0,0,0.0
45,21,agent_0,0,0.0
45,20,agent_2,0,0.0
45,20,agent_1,0,0.0
45,23,agent_0,1,0.0
45,19,agent_0,1,0.0
45,18,agent_2,1,0.0
45,18,agent_0,0,0.0
45,17,agent_2,0,0.0
45,24,agent_1,0,0.0
45,24,agent_0,1,0.0
45,23,agent_2,1,0.0
45,23,agent_1,0,0.0
45,20,agent_0,1,0.0
114,8,agent_0,1,0.0
114,7,agent_2,1,0.0
114,7,agent_0,1,0.0
114,6,agent_2,1,0.0
114,6,agent_0,0,0.0
114,5,agent_2,1,0.0
114,12,agent_1,1,0.0
114,0,agent_2,0,0.0
114,11,agent_1,1,0.0
114,10,agent_2,1,0.0
114,10,agent_1,1,0.0
114,9,agent_2,1,0.0
114,9,agent_1,1,0.0
114,9,agent_0,1,0.0
114,15,agent_1,1,0.0
114,15,agent_0,1,0.0
114,11,agent_2,1,0.0
114,19,agent_2,1,0.0
114,19,agent_1,1,0.0
45,15,agent_2,1,0.0
45,15,agent_1,1,0.0
45,15,agent_0,1,0.0
45,14,agent_2,0,0.0
45,14,agent_1,1,0.0
45,14,agent_0,1,0.0
114,8,agent_1,1,0.0
114,5,agent_0,0,0.0
114,4,agent_2,0,0.0
114,4,agent_1,0,0.0
114,4,agent_0,0,0.0
114,3,agent_2,1,0.0
114,3,agent_1,0,0.0
114,3,agent_0,0,0.0
114,8,agent_2,0,0.0
114,5,agent_1,0,0.0
113,20,agent_0,1,0.0
113,19,agent_1,1,0.0
113,18,agent_1,1,0.0
114,0,agent_0,0,0.0
113,24,agent_2,1,0.0
113,24,agent_1,1,0.0
113,24,agent_0,1,0.0
113,23,agent_2,0,0.0
114,14,agent_2,0,0.0
113,23,agent_0,1,0.0
113,22,agent_2,1,0.0
114,2,agent_2,0,0.0
114,2,agent_1,0,0.0
114,2,agent_0,0,0.0
114,1,agent_2,0,0.0
114,1,agent_1,0,0.0
114,1,agent_0,0,0.0
113,23,agent_1,1,0.0
114,14,agent_1,1,0.0
114,14,agent_0,1,0.0
114,13,agent_2,1,0.0
114,13,agent_1,1,0.0
114,12,agent_2,1,0.0
113,18,agent_0,1,0.0
113,17,agent_2,1,0.0
113,17,agent_1,1,0.0
113,20,agent_1,1,0.0
113,16,agent_2,1,0.0
113,16,agent_1,1,0.0
113,15,agent_2,1,0.0
113,15,agent_1,1,0.0
113,22,agent_1,1,0.0
113,21,agent_2,1,0.0
113,21,agent_1,1,0.0
113,20,agent_2,1,0.0
113,17,agent_0,1,0.0
111,19,agent_1,1,0.0
46,12,agent_0,1,0.0
46,11,agent_2,1,0.0
46,11,agent_0,1,0.0
46,10,agent_2,0,0.0
46,10,agent_1,1,0.0
46,10,agent_0,1,0.0
112,12,agent_0,1,0.0
46,9,agent_1,1,0.0
111,2,agent_0,1,0.0
111,1,agent_0,1,0.0
111,0,agent_2,1,0.0
111,0,agent_0,1,0.0
110,24,agent_2,1,0.0
110,24,agent_1,1,0.0
110,24,agent_0,1,0.0
46,9,agent_2,1,0.0
111,14,agent_2,1,0.0
111,14,agent_1,1,0.0
111,14,agent_0,1,0.0
111,19,agent_0,1,0.0
111,18,agent_2,1,0.0
111,18,agent_1,1,0.0
111,18,agent_0,1,0.0
111,17,agent_2,1,0.0
111,19,agent_2,1,0.0
111,17,agent_0,1,0.0
111,16,agent_2,1,0.0
111,22,agent_0,1,0.0
111,21,agent_2,1,0.0
111,21,agent_1,1,0.0
111,21,agent_0,1,0.0
111,20,agent_1,1,0.0
111,20,agent_0,1,0.0
111,17,agent_1,1,0.0
110,19,agent_1,1,0.0
110,19,agent_0,1,0.0
110,18,agent_2,1,0.0
110,18,agent_1,1,0.0
110,18,agent_0,1,0.0
110,17,agent_2,1,0.0
46,2,agent_1,1,0.0
110,23,agent_1,1,0.0
110,22,agent_2,0,0.0
110,22,agent_1,1,0.0
110,22,agent_0,1,0.0
110,21,agent_1,1,0.0
110,21,agent_0,1,0.0
110,20,agent_2,0,0.0
46,5,agent_1,0,0.0
46,5,agent_0,1,0.0
110,23,agent_0,1,0.0
111,6,agent_0,1,0.0
111,5,agent_2,1,0.0
111,5,agent_0,1,0.0
111,4,agent_2,1,0.0
111,4,agent_0,1,0.0
111,3,agent_2,1,0.0
111,3,agent_0,1,0.0
111,2,agent_2,1,0.0
110,20,agent_0,1,0.0
111,10,agent_0,1,0.0
111,9,agent_2,1,0.0
111,9,agent_0,1,0.0
111,8,agent_0,1,0.0
111,7,agent_2,1,0.0
111,7,agent_0,1,0.0
111,6,agent_2,1,0.0
110,20,agent_1,1,0.0
111,10,agent_2,1,0.0
112,24,agent_2,1,0.0
112,24,agent_1,1,0.0
112,24,agent_0,1,0.0
112,23,agent_2,1,0.0
112,23,agent_1,1,0.0
112,23,agent_0,1,0.0
112,22,agent_2,1,0.0
111,15,agent_0,1,0.0
111,24,agent_2,1,0.0
111,24,agent_1,1,0.0
111,24,agent_0,0,0.0
111,23,agent_2,1,0.0
111,23,agent_1,1,0.0
111,23,agent_0,1,0.0
111,22,agent_2,1,0.0
111,22,agent_1,1,0.0
112,22,agent_1,1,0.0
112,11,agent_2,1,0.0
112,11,agent_1,1,0.0
112,18,agent_2,1,0.0
112,18,agent_1,1,0.0
112,18,agent_0,1,0.0
112,16,agent_2,1,0.0
112,16,agent_0,1,0.0
112,15,agent_2,1,0.0
112,19,agent_1,1,0.0
112,14,agent_2,1,0.0
112,22,agent_0,0,0.0
112,21,agent_2,1,0.0
112,21,agent_1,1,0.0
112,21,agent_0,1,0.0
112,20,agent_2,1,0.0
112,20,agent_0,1,0.0
112,19,agent_2,1,0.0
112,15,agent_1,1,0.0
112,9,agent_1,1,0.0
112,9,agent_0,0,0.0
112,8,agent_2,1,0.0
112,8,agent_1,1,0.0
112,7,agent_2,1,0.0
111,13,agent_2,1,0.0
111,13,agent_1,1,0.0
111,13,agent_0,1,0.0
112,3,agent_2,1,0.0
111,12,agent_1,1,0.0
111,12,agent_0,1,0.0
111,11,agent_2,1,0.0
111,11,agent_0,1,0.0
111,16,agent_1,1,0.0
111,16,agent_0,1,0.0
111,15,agent_2,1,0.0
111,15,agent_1,1,0.0
111,12,agent_2,1,0.0
112,3,agent_1,1,0.0
112,3,agent_0,1,0.0
112,2,agent_2,1,0.0
112,2,agent_1,1,0.0
112,1,agent_2,1,0.0
112,1,agent_1,1,0.0
112,0,agent_1,1,0.0
112,7,agent_0,1,0.0
112,9,agent_2,1,0.0
112,6,agent_1,1,0.0
112,6,agent_0,1,0.0
112,5,agent_2,1,0.0
112,5,agent_0,1,0.0
112,4,agent_2,1,0.0
112,4,agent_0,1,0.0
112,10,agent_2,1,0.0
112,10,agent_0,1,0.0
112,6,agent_2,1,0.0
117,7,agent_0,1,0.0
117,6,agent_1,1,0.0
117,12,agent_2,1,0.0
117,12,agent_1,1,0.0
117,12,agent_0,1,0.0
117,11,agent_2,1,0.0
117,11,agent_0,1,0.0
45,9,agent_0,1,0.0
117,10,agent_1,1,0.0
117,10,agent_0,1,0.0
116,15,agent_1,1,0.0
116,15,agent_0,1,0.0
116,14,agent_2,1,0.0
116,14,agent_1,1,0.0
116,14,agent_0,1,0.0
116,13,agent_2,1,0.0
117,10,agent_2,0,0.0
117,0,agent_2,1,0.0
117,0,agent_1,0,0.0
117,0,agent_0,0,0.0
116,24,agent_2,1,0.0
117,5,agent_2,1,0.0
117,5,agent_0,1,0.0
117,4,agent_1,0,0.0
117,4,agent_0,1,0.0
117,7,agent_1,1,0.0
117,3,agent_1,1,0.0
117,3,agent_0,0,0.0
117,2,agent_2,1,0.0
117,9,agent_1,1,0.0
117,8,agent_2,1,0.0
117,8,agent_1,1,0.0
117,8,agent_0,1,0.0
117,7,agent_2,1,0.0
117,3,agent_2,1,0.0
116,24,agent_0,1,0.0
116,23,agent_0,1,0.0
116,22,agent_2,1,0.0
116,22,agent_1,1,0.0
116,22,agent_0,1,0.0
116,21,agent_2,1,0.0
116,21,agent_1,1,0.0
116,13,agent_1,0,0.0
44,22,agent_0,1,0.0
44,21,agent_0,1,0.0
44,20,agent_2,1,0.0
44,20,agent_0,1,0.0
116,11,agent_2,1,0.0
116,11,agent_1,1,0.0
116,11,agent_0,1,0.0
45,0,agent_2,0,0.0
44,22,agent_1,1,0.0
116,13,agent_0,1,0.0
116,18,agent_0,1,0.0
116,17,agent_2,1,0.0
116,17,agent_1,1,0.0
116,17,agent_0,1,0.0
116,16,agent_2,1,0.0
116,16,agent_1,0,0.0
116,16,agent_0,1,0.0
116,24,agent_1,1,0.0
116,21,agent_0,1,0.0
116,20,agent_2,1,0.0
116,20,agent_1,1,0.0
116,20,agent_0,1,0.0
116,19,agent_2,1,0.0
116,19,agent_1,1,0.0
116,19,agent_0,1,0.0
116,18,agent_1,0,0.0
116,15,agent_2,1,0.0
118,3,agent_1,1,0.0
118,10,agent_1,1,0.0
118,10,agent_0,1,0.0
118,9,agent_2,1,0.0
118,9,agent_1,1,0.0
118,9,agent_0,0,0.0
118,8,agent_2,0,0.0
117,1,agent_0,0,0.0
118,8,agent_0,0,0.0
118,13,agent_1,1,0.0
118,13,agent_0,1,0.0
118,12,agent_2,1,0.0
118,12,agent_0,1,0.0
118,11,agent_2,0,0.0
118,11,agent_1,1,0.0
118,11,agent_0,0,0.0
118,8,agent_1,1,0.0
44,18,agent_0,1,0.0
44,17,agent_2,1,0.0
44,17,agent_1,1,0.0
118,3,agent_0,1,0.0
118,2,agent_2,1,0.0
118,2,agent_1,1,0.0
118,2,agent_0,1,0.0
118,1,agent_2,0,0.0
118,4,agent_0,1,0.0
118,1,agent_0,1,0.0
118,0,agent_2,0,0.0
118,7,agent_2,0,0.0
118,6,agent_2,0,0.0
118,6,agent_0,0,0.0
118,5,agent_2,1,0.0
118,5,agent_1,1,0.0
118,5,agent_0,0,0.0
118,1,agent_1,1,0.0
117,21,agent_2,1,0.0
117,21,agent_1,1,0.0
117,21,agent_0,1,0.0
117,20,agent_2,0,0.0
117,20,agent_1,0,0.0
117,20,agent_0,1,0.0
118,0,agent_1,1,0.0
117,24,agent_2,1,0.0
118,10,agent_2,0,0.0
117,24,agent_0,1,0.0
117,23,agent_2,1,0.0
117,23,agent_1,1,0.0
117,23,agent_0,1,0.0
117,22,agent_2,1,0.0
117,2,agent_0,0,0.0
117,1,agent_2,1,0.0
117,1,agent_1,0,0.0
117,24,agent_1,1,0.0
117,16,agent_2,0,0.0
117,16,agent_1,1,0.0
117,16,agent_0,1,0.0
117,15,agent_0,1,0.0
117,14,agent_2,1,0.0
117,14,agent_0,1,0.0
117,13,agent_2,1,0.0
117,13,agent_1,1,0.0
117,22,agent_0,1,0.0
117,19,agent_1,0,0.0
117,19,agent_0,1,0.0
117,18,agent_2,1,0.0
117,18,agent_1,0,0.0
117,18,agent_0,1,0.0
117,17,agent_2,1,0.0
117,17,agent_1,1,0.0
117,22,agent_1,1,0.0
117,19,agent_2,1,0.0
114,22,agent_2,1,0.0
114,22,agent_1,1,0.0
114,21,agent_2,1,0.0
114,21,agent_1,1,0.0
114,20,agent_1,1,0.0
115,1,agent_2,0,0.0
115,1,agent_1,0,0.0
45,0,agent_1,0,0.0
115,0,agent_2,0,0.0
115,0,agent_1,0,0.0
115,0,agent_0,0,0.0
114,24,agent_2,1,0.0
114,24,agent_1,1,0.0
115,4,agent_1,0,0.0
115,4,agent_0,0,0.0
115,3,agent_2,0,0.0
115,1,agent_0,0,0.0
115,18,agent_0,1,0.0
115,17,agent_1,0,0.0
115,17,agent_0,1,0.0
115,16,agent_1,1,0.0
115,16,agent_0,0,0.0
115,15,agent_2,1,0.0
115,15,agent_1,0,0.0
115,21,agent_1,0,0.0
114,23,agent_1,1,0.0
115,20,agent_2,1,0.0
115,20,agent_1,1,0.0
115,19,agent_2,1,0.0
115,19,agent_1,1,0.0
115,19,agent_0,1,0.0
115,18,agent_2,1,0.0
114,24,agent_0,1,0.0
114,23,agent_2,1,0.0
115,21,agent_0,1,0.0
114,16,agent_0,1,0.0
114,15,agent_2,0,0.0
45,8,agent_2,1,0.0
45,8,agent_0,1,0.0
45,7,agent_1,1,0.0
45,7,agent_0,1,0.0
45,6,agent_1,1,0.0
45,6,agent_0,1,0.0
115,3,agent_1,0,0.0
114,18,agent_1,1,0.0
45,13,agent_0,1,0.0
45,12,agent_0,1,0.0
45,11,agent_1,1,0.0
45,11,agent_0,1,0.0
45,10,agent_2,1,0.0
45,10,agent_1,1,0.0
45,10,agent_0,1,0.0
114,19,agent_0,1,0.0
115,3,agent_0,0,0.0
115,2,agent_2,0,0.0
115,2,agent_1,0,0.0
115,2,agent_0,0,0.0
115,7,agent_2,0,0.0
115,7,agent_0,1,0.0
115,6,agent_1,0,0.0
115,6,agent_0,1,0.0
114,16,agent_1,1,0.0
115,5,agent_1,0,0.0
115,5,agent_0,0,0.0
115,4,agent_2,0,0.0
114,18,agent_0,1,0.0
114,17,agent_2,1,0.0
114,17,agent_1,1,0.0
114,17,agent_0,1,0.0
114,16,agent_2,1,0.0
115,5,agent_2,0,0.0
45,4,agent_2,0,0.0
45,4,agent_1,1,0.0
45,4,agent_0,1,0.0
45,3,agent_2,0,0.0
115,24,agent_2,1,0.0
115,24,agent_1,1,0.0
115,24,agent_0,1,0.0
115,18,agent_1,1,0.0
115,23,agent_0,1,0.0
115,22,agent_2,1,0.0
115,22,agent_1,1,0.0
115,21,agent_2,1,0.0
116,3,agent_0,1,0.0
116,2,agent_1,1,0.0
116,1,agent_2,0,0.0
116,1,agent_1,0,0.0
115,23,agent_2,1,0.0
45,0,agent_0,1,0.0
44,24,agent_2,1,0.0
44,24,agent_1,1,0.0
44,24,agent_0,1,0.0
44,23,agent_1,1,0.0
44,23,agent_0,1,0.0
45,3,agent_1,0,0.0
45,3,agent_0,1,0.0
45,5,agent_0,1,0.0
45,2,agent_1,0,0.0
45,2,agent_0,1,0.0
45,1,agent_2,0,0.0
45,1,agent_1,0,0.0
45,1,agent_0,1,0.0
116,12,agent_2,1,0.0
116,12,agent_1,1,0.0
45,5,agent_1,1,0.0
45,2,agent_2,0,0.0
116,7,agent_1,0,0.0
115,11,agent_1,1,0.0
115,10,agent_1,1,0.0
115,10,agent_0,1,0.0
115,9,agent_2,1,0.0
115,9,agent_1,1,0.0
115,8,agent_2,0,0.0
115,8,agent_1,1,0.0
116,1,agent_0,1,0.0
115,15,agent_0,1,0.0
115,14,agent_2,1,0.0
115,13,agent_2,1,0.0
115,13,agent_1,1,0.0
115,12,agent_2,0,0.0
115,12,agent_1,1,0.0
115,12,agent_0,1,0.0
115,11,agent_2,1,0.0
115,8,agent_0,1,0.0
116,0,agent_2,0,0.0
116,0,agent_1,0,0.0
116,0,agent_0,1,0.0
116,7,agent_0,1,0.0
116,6,agent_2,1,0.0
116,6,agent_1,1,0.0
116,6,agent_0,1,0.0
116,5,agent_2,1,0.0
116,8,agent_1,1,0.0
116,4,agent_2,1,0.0
116,3,agent_2,1,0.0
116,10,agent_2,1,0.0
116,10,agent_1,1,0.0
116,9,agent_2,1,0.0
116,9,agent_1,1,0.0
116,9,agent_0,1,0.0
116,8,agent_2,0,0.0
116,5,agent_1,1,0.0
105,23,agent_1,1,0.0
105,22,agent_2,0,0.0
105,22,agent_1,1,0.0
105,22,agent_0,1,0.0
105,21,agent_1,1,0.0
105,20,agent_2,0,0.0
105,20,agent_1,1,0.0
46,4,agent_2,1,0.0
106,1,agent_0,1,0.0
106,0,agent_2,0,0.0
106,0,agent_1,0,0.0
106,0,agent_0,1,0.0
105,24,agent_2,1,0.0
105,24,agent_1,1,0.0
105,24,agent_0,1,0.0
105,23,agent_2,1,0.0
105,19,agent_1,1,0.0
47,14,agent_1,1,0.0
47,14,agent_0,1,0.0
47,13,agent_2,1,0.0
106,6,agent_0,1,0.0
47,19,agent_1,1,0.0
47,19,agent_0,1,0.0
47,18,agent_2,1,0.0
47,18,agent_1,1,0.0
105,14,agent_0,1,0.0
47,17,agent_1,1,0.0
47,17,agent_0,1,0.0
105,19,agent_0,1,0.0
105,18,agent_2,0,0.0
105,16,agent_2,0,0.0
105,16,agent_0,1,0.0
105,15,agent_0,1,0.0
105,14,agent_2,0,0.0
47,18,agent_0,1,0.0
105,4,agent_2,1,0.0
105,4,agent_1,1,0.0
105,4,agent_0,0,0.0
105,3,agent_1,0,0.0
105,3,agent_0,0,0.0
105,9,agent_0,1,0.0
105,8,agent_1,1,0.0
106,3,agent_2,0,0.0
105,7,agent_2,1,0.0
105,7,agent_1,1,0.0
105,7,agent_0,0,0.0
105,6,agent_2,1,0.0
105,6,agent_1,1,0.0
105,13,agent_0,1,0.0
105,12,agent_2,0,0.0
105,12,agent_0,1,0.0
105,8,agent_0,0,0.0
106,3,agent_1,1,0.0
106,3,agent_0,1,0.0
106,2,agent_2,0,0.0
106,2,agent_1,1,0.0
106,2,agent_0,1,0.0
106,1,agent_2,0,0.0
106,1,agent_1,1,0.0
105,2,agent_2,0,0.0
105,5,agent_0,0,0.0
105,2,agent_0,0,0.0
105,1,agent_2,0,0.0
105,1,agent_1,0,0.0
105,1,agent_0,0,0.0
105,0,agent_2,0,0.0
105,0,agent_1,0,0.0
105,6,agent_0,0,0.0
105,5,agent_2,0,0.0
105,2,agent_1,0,0.0
106,8,agent_2,1,0.0
106,8,agent_1,0,0.0
106,8,agent_0,1,0.0
106,7,agent_2,0,0.0
106,7,agent_1,0,0.0
106,7,agent_0,1,0.0
106,6,agent_2,0,0.0
47,14,agent_2,1,0.0
106,12,agent_0,1,0.0
106,11,agent_0,1,0.0
106,10,agent_2,1,0.0
106,10,agent_1,1,0.0
106,10,agent_0,1,0.0
106,9,agent_2,0,0.0
106,9,agent_1,1,0.0
106,9,agent_0,1,0.0
106,6,agent_1,0,0.0
106,24,agent_0,1,0.0
106,23,agent_2,1,0.0
107,4,agent_0,1,0.0
107,3,agent_2,1,0.0
107,3,agent_1,1,0.0
107,3,agent_0,1,0.0
107,2,agent_2,0,0.0
107,2,agent_1,1,0.0
107,4,agent_1,1,0.0
107,1,agent_1,1,0.0
107,6,agent_2,1,0.0
107,6,agent_1,0,0.0
107,6,agent_0,1,0.0
107,5,agent_2,1,0.0
107,5,agent_1,1,0.0
107,5,agent_0,1,0.0
107,4,agent_2,1,0.0
107,1,agent_2,0,0.0
106,5,agent_2,0,0.0
106,5,agent_0,1,0.0
106,4,agent_2,0,0.0
106,4,agent_1,1,0.0
106,4,agent_0,1,0.0
47,13,agent_1,1,0.0
47,13,agent_0,1,0.0
47,12,agent_2,1,0.0
106,16,agent_2,1,0.0
47,12,agent_0,1,0.0
47,11,agent_2,1,0.0
47,11,agent_0,1,0.0
47,10,agent_2,1,0.0
47,16,agent_1,1,0.0
47,16,agent_0,1,0.0
47,15,agent_1,1,0.0
47,15,agent_0,1,0.0
47,12,agent_1,1,0.0
106,16,agent_1,1,0.0
106,16,agent_0,1,0.0
106,15,agent_0,1,0.0
106,14,agent_2,1,0.0
106,14,agent_0,1,0.0
106,13,agent_2,1,0.0
106,13,agent_0,1,0.0
106,20,agent_0,1,0.0
47,9,agent_0,1,0.0
106,19,agent_0,1,0.0
106,18,agent_2,1,0.0
106,18,agent_1,1,0.0
106,18,agent_0,1,0.0
106,17,agent_2,1,0.0
106,17,agent_0,1,0.0
47,10,agent_0,1,0.0
47,9,agent_2,1,0.0
106,19,agent_1,1,0.0
104,2,agent_2,1,0.0
104,2,agent_1,1,0.0
104,2,agent_0,1,0.0
104,9,agent_0,1,0.0
104,8,agent_2,1,0.0
104,8,agent_1,1,0.0
104,7,agent_2,1,0.0
105,11,agent_1,1,0.0
104,6,agent_1,1,0.0
104,5,agent_2,1,0.0
104,5,agent_1,1,0.0
103,9,agent_1,1,0.0
103,9,agent_0,1,0.0
103,8,agent_2,0,0.0
103,8,agent_1,0,0.0
103,8,agent_0,1,0.0
104,6,agent_2,1,0.0
103,23,agent_0,1,0.0
103,22,agent_2,1,0.0
103,22,agent_1,1,0.0
103,21,agent_2,1,0.0
103,21,agent_1,1,0.0
104,1,agent_2,0,0.0
104,1,agent_1,1,0.0
104,1,agent_0,0,0.0
104,3,agent_1,1,0.0
104,0,agent_1,1,0.0
104,0,agent_0,0,0.0
103,24,agent_2,1,0.0
103,24,agent_1,1,0.0
104,4,agent_2,1,0.0
104,4,agent_1,1,0.0
104,4,agent_0,1,0.0
104,3,agent_2,1,0.0
104,0,agent_2,0,0.0
103,21,agent_0,1,0.0
103,20,agent_2,1,0.0
103,20,agent_1,1,0.0
103,19,agent_2,1,0.0
103,19,agent_1,0,0.0
103,18,agent_1,1,0.0
103,17,agent_2,1,0.0
103,17,agent_1,1,0.0
103,7,agent_2,0,0.0
103,5,agent_1,0,0.0
103,5,agent_0,1,0.0
103,4,agent_2,0,0.0
103,4,agent_1,0,0.0
103,3,agent_2,0,0.0
103,3,agent_1,0,0.0
103,3,agent_0,1,0.0
48,7,agent_2,1,0.0
103,5,agent_2,0,0.0
103,7,agent_1,0,0.0
103,6,agent_2,0,0.0
103,13,agent_0,1,0.0
103,12,agent_1,1,0.0
103,11,agent_2,0,0.0
103,11,agent_1,1,0.0
103,11,agent_0,1,0.0
103,10,agent_2,0,0.0
103,13,agent_1,0,0.0
103,9,agent_2,0,0.0
103,16,agent_2,1,0.0
103,16,agent_1,0,0.0
103,16,agent_0,1,0.0
103,15,agent_2,1,0.0
103,15,agent_1,0,0.0
103,14,agent_1,0,0.0
103,13,agent_2,1,0.0
103,10,agent_1,1,0.0
104,15,agent_2,1,0.0
104,15,agent_1,1,0.0
104,22,agent_1,1,0.0
104,21,agent_2,0,0.0
104,21,agent_1,1,0.0
104,21,agent_0,1,0.0
104,20,agent_2,0,0.0
103,23,agent_1,1,0.0
104,20,agent_0,1,0.0
104,19,agent_2,1,0.0
105,0,agent_0,0,0.0
104,24,agent_2,0,0.0
104,24,agent_1,1,0.0
104,24,agent_0,1,0.0
104,23,agent_2,1,0.0
104,23,agent_1,1,0.0
104,20,agent_1,1,0.0
105,11,agent_0,1,0.0
105,10,agent_2,1,0.0
105,10,agent_0,1,0.0
105,9,agent_2,1,0.0
104,15,agent_0,1,0.0
104,14,agent_2,0,0.0
104,13,agent_2,1,0.0
48,5,agent_0,1,0.0
104,16,agent_1,1,0.0
48,4,agent_0,1,0.0
48,3,agent_2,1,0.0
48,3,agent_1,1,0.0
104,18,agent_2,0,0.0
104,18,agent_1,1,0.0
104,17,agent_2,1,0.0
104,17,agent_0,1,0.0
104,16,agent_2,0,0.0
48,4,agent_1,1,0.0
47,24,agent_0,1,0.0
47,23,agent_2,1,0.0
47,23,agent_1,1,0.0
47,23,agent_0,1,0.0
47,22,agent_2,1,0.0
47,22,agent_1,1,0.0
47,22,agent_0,1,0.0
48,3,agent_0,1,0.0
104,23,agent_0,1,0.0
48,2,agent_0,1,0.0
48,1,agent_1,1,0.0
48,1,agent_0,1,0.0
48,0,agent_2,0,0.0
48,0,agent_0,1,0.0
47,24,agent_2,1,0.0
103,24,agent_0,1,0.0
103,23,agent_2,1,0.0
48,2,agent_2,1,0.0
104,22,agent_2,0,0.0
104,12,agent_2,0,0.0
104,11,agent_2,1,0.0
104,11,agent_1,1,0.0
104,11,agent_0,1,0.0
104,10,agent_2,1,0.0
104,10,agent_1,1,0.0
104,9,agent_2,1,0.0
47,24,agent_1,1,0.0
47,21,agent_2,1,0.0
47,21,agent_1,1,0.0
47,21,agent_0,1,0.0
47,20,agent_2,1,0.0
47,20,agent_1,1,0.0
47,20,agent_0,1,0.0
47,19,agent_2,1,0.0
104,13,agent_0,1,0.0
104,9,agent_1,1,0.0
109,17,agent_0,0,0.0
109,16,agent_2,1,0.0
109,15,agent_2,1,0.0
109,14,agent_2,1,0.0
109,22,agent_1,1,0.0
109,22,agent_0,0,0.0
109,21,agent_2,0,0.0
106,24,agent_1,1,0.0
109,21,agent_0,1,0.0
109,20,agent_2,1,0.0
109,20,agent_0,0,0.0
109,19,agent_2,0,0.0
110,0,agent_0,0,0.0
109,24,agent_2,0,0.0
109,24,agent_1,1,0.0
109,24,agent_0,0,0.0
109,21,agent_1,1,0.0
110,2,agent_0,1,0.0
46,22,agent_2,0,0.0
46,22,agent_1,1,0.0
46,22,agent_0,1,0.0
46,21,agent_2,1,0.0
46,21,agent_1,1,0.0
109,13,agent_2,1,0.0
109,13,agent_0,1,0.0
109,17,agent_1,1,0.0
109,12,agent_0,0,0.0
109,11,agent_2,1,0.0
109,11,agent_0,0,0.0
109,10,agent_2,1,0.0
109,9,agent_2,1,0.0
109,19,agent_1,1,0.0
109,18,agent_2,1,0.0
109,17,agent_2,1,0.0
109,12,agent_2,1,0.0
109,0,agent_0,1,0.0
109,5,agent_0,1,0.0
109,4,agent_2,0,0.0
109,4,agent_1,0,0.0
109,4,agent_0,1,0.0
109,3,agent_2,1,0.0
109,3,agent_1,0,0.0
109,23,agent_2,0,0.0
109,2,agent_2,0,0.0
109,9,agent_1,1,0.0
109,9,agent_0,0,0.0
109,8,agent_2,0,0.0
109,8,agent_1,1,0.0
109,7,agent_2,1,0.0
109,6,agent_2,1,0.0
109,5,agent_2,1,0.0
109,3,agent_0,1,0.0
109,23,agent_1,1,0.0
109,23,agent_0,1,0.0
109,22,agent_2,1,0.0
108,24,agent_2,1,0.0
108,24,agent_1,1,0.0
108,24,agent_0,1,0.0
108,23,agent_2,1,0.0
108,23,agent_1,1,0.0
109,0,agent_1,0,0.0
108,22,agent_2,1,0.0
108,22,agent_1,1,0.0
109,2,agent_1,0,0.0
109,2,agent_0,1,0.0
109,1,agent_2,0,0.0
109,1,agent_1,0,0.0
109,1,agent_0,1,0.0
109,0,agent_2,0,0.0
108,23,agent_0,1,0.0
110,3,agent_2,1,0.0
110,3,agent_1,1,0.0
110,3,agent_0,1,0.0
110,9,agent_0,1,0.0
110,8,agent_2,1,0.0
110,8,agent_0,1,0.0
110,7,agent_2,1,0.0
110,2,agent_1,1,0.0
110,6,agent_2,1,0.0
110,6,agent_1,1,0.0
110,6,agent_0,1,0.0
110,12,agent_2,1,0.0
110,12,agent_0,1,0.0
110,11,agent_2,1,0.0
110,11,agent_0,1,0.0
110,10,agent_2,0,0.0
110,7,agent_0,1,0.0
46,4,agent_1,0,0.0
46,4,agent_0,1,0.0
46,3,agent_2,1,0.0
46,3,agent_1,0,0.0
46,3,agent_0,0,0.0
46,9,agent_0,1,0.0
46,8,agent_2,1,0.0
46,8,agent_0,1,0.0
110,4,agent_0,1,0.0
46,7,agent_0,1,0.0
46,6,agent_2,1,0.0
46,6,agent_1,0,0.0
46,5,agent_2,1,0.0
110,5,agent_2,1,0.0
110,5,agent_1,1,0.0
110,5,agent_0,1,0.0
110,4,agent_2,1,0.0
46,7,agent_1,1,0.0
46,17,agent_1,1,0.0
46,16,agent_2,0,0.0
46,16,agent_1,1,0.0
46,16,agent_0,1,0.0
46,15,agent_2,1,0.0
46,15,agent_1,1,0.0
46,14,agent_2,0,0.0
46,14,agent_1,1,0.0
110,10,agent_1,1,0.0
46,20,agent_1,1,0.0
46,20,agent_0,1,0.0
46,19,agent_2,1,0.0
46,19,agent_1,1,0.0
46,18,agent_2,0,0.0
46,18,agent_0,1,0.0
46,17,agent_2,1,0.0
110,2,agent_2,1,0.0
46,20,agent_2,0,0.0
110,10,agent_0,1,0.0
110,9,agent_2,1,0.0
110,17,agent_1,1,0.0
110,17,agent_0,1,0.0
110,16,agent_0,1,0.0
110,15,agent_0,1,0.0
110,14,agent_2,1,0.0
110,14,agent_0,1,0.0
110,0,agent_1,1,0.0
110,13,agent_0,1,0.0
46,14,agent_0,1,0.0
46,13,agent_2,1,0.0
46,13,agent_1,1,0.0
46,12,agent_2,0,0.0
110,1,agent_1,1,0.0
110,1,agent_0,0,0.0
110,0,agent_2,1,0.0
110,13,agent_2,1,0.0
108,5,agent_2,0,0.0
108,5,agent_1,1,0.0
108,5,agent_0,1,0.0
108,4,agent_2,0,0.0
108,4,agent_1,1,0.0
108,4,agent_0,1,0.0
108,3,agent_2,0,0.0
109,5,agent_1,0,0.0
107,9,agent_0,1,0.0
107,8,agent_2,1,0.0
107,8,agent_1,0,0.0
107,8,agent_0,1,0.0
107,7,agent_2,1,0.0
107,7,agent_1,1,0.0
107,7,agent_0,1,0.0
107,12,agent_0,1,0.0
107,9,agent_1,1,0.0
107,19,agent_2,1,0.0
108,0,agent_2,0,0.0
108,0,agent_1,0,0.0
108,0,agent_0,0,0.0
107,24,agent_2,1,0.0
107,24,agent_1,1,0.0
107,24,agent_0,1,0.0
107,23,agent_2,1,0.0
108,6,agent_0,1,0.0
108,3,agent_1,0,0.0
108,3,agent_0,1,0.0
108,2,agent_2,0,0.0
108,2,agent_1,0,0.0
108,2,agent_0,0,0.0
108,1,agent_2,0,0.0
108,1,agent_1,0,0.0
108,1,agent_0,0,0.0
107,23,agent_1,1,0.0
107,17,agent_0,1,0.0
107,16,agent_2,1,0.0
107,16,agent_1,1,0.0
107,16,agent_0,1,0.0
106,23,agent_1,1,0.0
106,23,agent_0,1,0.0
106,22,agent_1,1,0.0
106,22,agent_0,1,0.0
107,11,agent_2,1,0.0
106,21,agent_1,1,0.0
106,21,agent_0,1,0.0
106,20,agent_1,1,0.0
107,1,agent_0,1,0.0
107,0,agent_2,0,0.0
107,0,agent_1,0,0.0
107,0,agent_0,0,0.0
106,24,agent_2,1,0.0
106,21,agent_2,1,0.0
107,11,agent_1,1,0.0
107,11,agent_0,1,0.0
107,10,agent_2,1,0.0
107,10,agent_1,0,0.0
107,10,agent_0,1,0.0
107,9,agent_2,1,0.0
107,15,agent_1,1,0.0
107,14,agent_2,1,0.0
107,18,agent_0,1,0.0
107,14,agent_0,1,0.0
107,13,agent_1,1,0.0
107,13,agent_0,1,0.0
107,12,agent_2,0,0.0
107,12,agent_1,0,0.0
107,19,agent_1,1,0.0
107,19,agent_0,1,0.0
107,18,agent_2,1,0.0
107,14,agent_1,0,0.0
108,18,agent_0,1,0.0
108,17,agent_0,1,0.0
108,16,agent_2,1,0.0
108,16,agent_0,1,0.0
108,15,agent_2,1,0.0
108,15,agent_0,1,0.0
108,22,agent_0,1,0.0
107,20,agent_0,1,0.0
108,21,agent_1,1,0.0
108,21,agent_0,1,0.0
108,20,agent_1,1,0.0
108,20,agent_0,1,0.0
108,19,agent_1,1,0.0
108,19,agent_0,1,0.0
108,9,agent_0,1,0.0
108,8,agent_2,0,0.0
108,21,agent_2,0,0.0
108,10,agent_2,1,0.0
108,10,agent_1,1,0.0
108,10,agent_0,1,0.0
108,9,agent_2,1,0.0
108,9,agent_1,1,0.0
47,8,agent_2,1,0.0
47,8,agent_0,1,0.0
47,7,agent_2,1,0.0
108,18,agent_1,1,0.0
108,14,agent_0,1,0.0
108,13,agent_2,1,0.0
108,13,agent_0,1,0.0
108,12,agent_2,1,0.0
108,12,agent_0,1,0.0
108,11,agent_2,1,0.0
108,11,agent_0,1,0.0
108,18,agent_2,1,0.0
108,14,agent_2,1,0.0
47,2,agent_0,1,0.0
47,1,agent_2,0,0.0
47,1,agent_0,1,0.0
47,7,agent_0,1,0.0
47,6,agent_2,1,0.0
47,6,agent_1,1,0.0
47,6,agent_0,1,0.0
47,5,agent_2,1,0.0
108,8,agent_1,0,0.0
47,5,agent_0,1,0.0
47,4,agent_2,1,0.0
107,23,agent_0,1,0.0
107,22,agent_2,1,0.0
107,22,agent_0,1,0.0
107,21,agent_1,1,0.0
107,21,agent_0,1,0.0
107,20,agent_2,1,0.0
47,5,agent_1,1,0.0
108,8,agent_0,1,0.0
108,7,agent_2,0,0.0
108,7,agent_1,0,0.0
108,7,agent_0,1,0.0
108,6,agent_2,0,0.0
47,0,agent_2,1,0.0
47,0,agent_1,1,0.0
47,0,agent_0,1,0.0
47,2,agent_2,1,0.0
46,24,agent_1,1,0.0
46,24,agent_0,1,0.0
46,23,agent_2,0,0.0
46,23,agent_1,1,0.0
47,4,agent_1,1,0.0
47,4,agent_0,1,0.0
47,3,agent_1,1,0.0
47,3,agent_0,1,0.0
46,24,agent_2,1,0.0
56,15,agent_1,0,0.0
56,15,agent_0,1,0.0
56,14,agent_2,0,0.0
56,14,agent_1,1,0.0
56,14,agent_0,1,0.0
56,13,agent_2,0,0.0
56,13,agent_1,1,0.0
88,11,agent_0,1,0.0
67,10,agent_2,1,0.0
56,18,agent_1,1,0.0
56,17,agent_1,1,0.0
56,17,agent_0,1,0.0
56,16,agent_2,0,0.0
56,16,agent_1,0,0.0
56,16,agent_0,1,0.0
67,17,agent_0,1,0.0
67,11,agent_0,1,0.0
68,1,agent_1,0,0.0
68,8,agent_2,1,0.0
68,8,agent_1,0,0.0
68,7,agent_2,1,0.0
68,6,agent_2,1,0.0
68,6,agent_1,1,0.0
68,6,agent_0,0,0.0
68,5,agent_2,1,0.0
56,15,agent_2,1,0.0
68,11,agent_1,0,0.0
68,11,agent_0,1,0.0
68,10,agent_2,1,0.0
68,10,agent_1,0,0.0
68,10,agent_0,1,0.0
68,9,agent_2,0,0.0
68,9,agent_1,1,0.0
68,9,agent_0,0,0.0
68,5,agent_1,1,0.0
67,5,agent_0,1,0.0
67,4,agent_1,0,0.0
67,4,agent_0,1,0.0
67,3,agent_2,0,0.0
67,9,agent_2,1,0.0
67,9,agent_0,1,0.0
67,8,agent_2,1,0.0
67,16,agent_2,0,0.0
67,8,agent_0,1,0.0
67,7,agent_2,1,0.0
67,7,agent_0,1,0.0
67,6,agent_2,1,0.0
56,10,agent_1,1,0.0
56,10,agent_0,1,0.0
56,9,agent_2,1,0.0
56,9,agent_1,1,0.0
67,8,agent_1,1,0.0
67,16,agent_0,1,0.0
67,15,agent_0,1,0.0
67,14,agent_2,0,0.0
67,14,agent_0,1,0.0
67,12,agent_0,1,0.0
67,11,agent_2,0,0.0
67,22,agent_2,1,0.0
67,22,agent_0,1,0.0
67,5,agent_1,0,0.0
67,21,agent_0,1,0.0
67,20,agent_2,0,0.0
67,19,agent_0,1,0.0
67,18,agent_2,0,0.0
67,18,agent_0,1,0.0
67,6,agent_1,1,0.0
67,6,agent_0,1,0.0
67,5,agent_2,1,0.0
67,21,agent_2,1,0.0
69,11,agent_2,0,0.0
69,11,agent_1,1,0.0
69,11,agent_0,1,0.0
69,10,agent_2,1,0.0
69,10,agent_0,1,0.0
69,9,agent_2,1,0.0
68,15,agent_0,1,0.0
68,1,agent_2,1,0.0
68,14,agent_1,1,0.0
68,14,agent_0,1,0.0
68,13,agent_2,1,0.0
68,13,agent_1,0,0.0
68,12,agent_2,1,0.0
68,12,agent_1,0,0.0
68,17,agent_2,0,0.0
68,17,agent_1,1,0.0
68,14,agent_2,1,0.0
69,5,agent_1,1,0.0
69,5,agent_0,0,0.0
69,4,agent_2,0,0.0
69,4,agent_0,1,0.0
69,3,agent_2,1,0.0
69,3,agent_1,1,0.0
69,3,agent_0,1,0.0
69,2,agent_1,0,0.0
69,12,agent_0,1,0.0
69,8,agent_0,1,0.0
69,7,agent_2,1,0.0
69,7,agent_1,1,0.0
69,6,agent_2,1,0.0
69,6,agent_1,1,0.0
69,6,agent_0,1,0.0
69,5,agent_2,1,0.0
69,12,agent_2,1,0.0
69,8,agent_2,1,0.0
68,21,agent_2,1,0.0
68,21,agent_0,1,0.0
68,20,agent_2,1,0.0
68,1,agent_0,1,0.0
68,0,agent_2,0,0.0
68,0,agent_1,0,0.0
68,0,agent_0,0,0.0
67,24,agent_2,0,0.0
68,17,agent_0,1,0.0
67,24,agent_0,1,0.0
67,23,agent_0,1,0.0
68,5,agent_0,0,0.0
68,4,agent_2,1,0.0
68,4,agent_1,1,0.0
68,3,agent_1,0,0.0
68,2,agent_2,1,0.0
68,2,agent_1,0,0.0
67,24,agent_1,1,0.0
68,16,agent_2,1,0.0
68,16,agent_1,1,0.0
68,16,agent_0,1,0.0
68,15,agent_2,1,0.0
68,15,agent_1,0,0.0
68,20,agent_1,1,0.0
68,20,agent_0,1,0.0
68,19,agent_2,1,0.0
68,22,agent_0,1,0.0
68,19,agent_0,1,0.0
68,18,agent_2,1,0.0
68,18,agent_1,1,0.0
68,18,agent_0,1,0.0
68,24,agent_0,1,0.0
68,23,agent_2,1,0.0
68,23,agent_0,1,0.0
68,22,agent_2,1,0.0
68,19,agent_1,1,0.0
56,21,agent_0,1,0.0
57,2,agent_0,0,0.0
57,1,agent_2,0,0.0
57,1,agent_1,0,0.0
57,1,agent_0,0,0.0
57,0,agent_2,0,0.0
57,0,agent_1,0,0.0
56,9,agent_0,1,0.0
56,24,agent_2,1,0.0
66,4,agent_0,0,0.0
66,3,agent_2,0,0.0
66,3,agent_1,1,0.0
57,4,agent_0,0,0.0
57,3,agent_2,0,0.0
57,3,agent_0,0,0.0
57,2,agent_2,0,0.0
57,0,agent_0,1,0.0
66,15,agent_0,0,0.0
66,14,agent_2,1,0.0
66,14,agent_1,1,0.0
56,20,agent_2,1,0.0
56,20,agent_1,1,0.0
56,19,agent_2,1,0.0
56,19,agent_1,0,0.0
56,19,agent_0,1,0.0
56,21,agent_1,0,0.0
66,3,agent_0,0,0.0
66,2,agent_2,0,0.0
56,24,agent_1,0,0.0
56,24,agent_0,1,0.0
56,23,agent_1,0,0.0
56,23,agent_0,1,0.0
56,22,agent_2,1,0.0
56,22,agent_1,1,0.0
56,18,agent_2,1,0.0
65,23,agent_2,0,0.0
65,23,agent_1,1,0.0
65,22,agent_2,1,0.0
65,22,agent_1,1,0.0
65,22,agent_0,1,0.0
65,21,agent_1,1,0.0
66,2,agent_1,0,0.0
57,2,agent_1,1,0.0
66,1,agent_2,0,0.0
66,1,agent_0,1,0.0
66,0,agent_2,0,0.0
66,0,agent_1,0,0.0
66,0,agent_0,1,0.0
65,24,agent_2,0,0.0
65,1,agent_2,0,0.0
65,1,agent_1,0,0.0
66,2,agent_0,0,0.0
65,16,agent_1,1,0.0
65,15,agent_1,0,0.0
65,14,agent_1,1,0.0
65,13,agent_2,1,0.0
65,13,agent_1,1,0.0
65,12,agent_2,1,0.0
65,12,agent_1,1,0.0
65,11,agent_2,1,0.0
65,24,agent_0,1,0.0
65,20,agent_1,1,0.0
65,20,agent_0,1,0.0
65,19,agent_1,1,0.0
65,19,agent_0,1,0.0
65,18,agent_1,1,0.0
65,18,agent_0,1,0.0
65,17,agent_1,1,0.0
65,24,agent_1,1,0.0
65,21,agent_0,1,0.0
66,17,agent_1,0,0.0
66,22,agent_2,1,0.0
66,22,agent_1,1,0.0
66,21,agent_2,1,0.0
66,21,agent_1,1,0.0
66,21,agent_0,0,0.0
66,20,agent_2,1,0.0
66,15,agent_1,1,0.0
67,0,agent_2,0,0.0
67,0,agent_1,0,0.0
67,0,agent_0,0,0.0
66,24,agent_2,1,0.0
66,24,agent_1,1,0.0
66,24,agent_0,1,0.0
66,23,agent_1,0,0.0
66,23,agent_0,1,0.0
66,20,agent_1,0,0.0
56,8,agent_1,0,0.0
56,8,agent_0,1,0.0
67,10,agent_0,1,0.0
56,13,agent_0,1,0.0
56,12,agent_2,0,0.0
56,12,agent_1,0,0.0
56,12,agent_0,1,0.0
56,11,agent_2,0,0.0
66,17,agent_2,1,0.0
56,11,agent_0,1,0.0
56,10,agent_2,1,0.0
66,20,agent_0,1,0.0
66,19,agent_2,1,0.0
66,19,agent_1,0,0.0
66,18,agent_2,1,0.0
66,18,agent_1,1,0.0
66,18,agent_0,1,0.0
56,11,agent_1,0,0.0
66,8,agent_2,0,0.0
66,8,agent_1,1,0.0
66,8,agent_0,0,0.0
66,7,agent_2,1,0.0
66,7,agent_1,0,0.0
66,14,agent_0,0,0.0
66,13,agent_1,1,0.0
66,13,agent_0,0,0.0
67,3,agent_1,0,0.0
66,12,agent_0,1,0.0
66,11,agent_1,0,0.0
66,11,agent_0,1,0.0
66,10,agent_1,1,0.0
66,17,agent_0,1,0.0
66,16,agent_2,1,0.0
66,16,agent_1,1,0.0
66,16,agent_0,1,0.0
66,12,agent_1,0,0.0
67,3,agent_0,1,0.0
67,2,agent_2,0,0.0
67,2,agent_1,0,0.0
67,2,agent_0,1,0.0
67,1,agent_2,0,0.0
67,1,agent_1,0,0.0
67,1,agent_0,0,0.0
66,7,agent_0,0,0.0
66,9,agent_0,0,0.0
66,6,agent_1,0,0.0
66,6,agent_0,0,0.0
66,5,agent_2,1,0.0
66,5,agent_1,0,0.0
66,4,agent_2,0,0.0
66,4,agent_1,0,0.0
66,10,agent_0,0,0.0
66,9,agent_1,1,0.0
66,6,agent_2,1,0.0
71,14,agent_0,1,0.0
71,13,agent_2,1,0.0
71,12,agent_2,1,0.0
55,14,agent_2,1,0.0
55,14,agent_0,1,0.0
55,13,agent_2,1,0.0
55,12,agent_2,1,0.0
68,24,agent_1,1,0.0
55,12,agent_0,1,0.0
55,11,agent_2,1,0.0
71,16,agent_2,1,0.0
55,17,agent_2,1,0.0
55,17,agent_1,1,0.0
55,17,agent_0,1,0.0
55,16,agent_2,1,0.0
55,16,agent_0,1,0.0
55,12,agent_1,1,0.0
71,24,agent_2,1,0.0
71,24,agent_1,1,0.0
71,24,agent_0,1,0.0
71,23,agent_2,0,0.0
71,23,agent_1,1,0.0
72,4,agent_0,1,0.0
72,3,agent_2,0,0.0
72,3,agent_1,1,0.0
71,14,agent_2,1,0.0
72,2,agent_1,1,0.0
72,2,agent_0,1,0.0
72,1,agent_1,1,0.0
72,1,agent_0,1,0.0
71,16,agent_0,0,0.0
71,15,agent_2,1,0.0
71,15,agent_1,1,0.0
71,15,agent_0,0,0.0
72,3,agent_0,1,0.0
71,5,agent_2,0,0.0
71,5,agent_0,0,0.0
71,4,agent_2,0,0.0
71,4,agent_1,1,0.0
71,4,agent_0,0,0.0
71,3,agent_2,0,0.0
71,3,agent_1,1,0.0
55,15,agent_2,1,0.0
71,8,agent_2,0,0.0
71,8,agent_1,1,0.0
71,8,agent_0,1,0.0
71,7,agent_2,0,0.0
71,7,agent_1,0,0.0
71,7,agent_0,0,0.0
71,6,agent_2,0,0.0
71,6,agent_0,0,0.0
71,3,agent_0,1,0.0
55,15,agent_1,1,0.0
55,15,agent_0,1,0.0
55,21,agent_1,1,0.0
55,21,agent_0,1,0.0
55,20,agent_1,1,0.0
55,20,agent_0,1,0.0
55,19,agent_1,1,0.0
55,19,agent_0,1,0.0
71,0,agent_1,0,0.0
55,18,agent_0,1,0.0
71,2,agent_2,0,0.0
71,2,agent_1,0,0.0
71,2,agent_0,0,0.0
71,1,agent_2,0,0.0
71,1,agent_1,0,0.0
71,1,agent_0,1,0.0
71,0,agent_2,0,0.0
55,18,agent_1,1,0.0
73,2,agent_1,0,0.0
73,2,agent_0,0,0.0
73,1,agent_2,0,0.0
73,1,agent_1,0,0.0
72,6,agent_2,0,0.0
72,6,agent_1,0,0.0
72,6,agent_0,0,0.0
72,0,agent_0,1,0.0
72,5,agent_1,0,0.0
72,5,agent_0,0,0.0
72,4,agent_2,0,0.0
72,4,agent_1,1,0.0
72,9,agent_2,1,0.0
72,9,agent_0,0,0.0
72,8,agent_2,0,0.0
72,8,agent_1,0,0.0
72,5,agent_2,0,0.0
72,22,agent_2,0,0.0
72,22,agent_1,1,0.0
72,22,agent_0,0,0.0
72,21,agent_2,1,0.0
72,21,agent_1,1,0.0
72,21,agent_0,1,0.0
73,1,agent_0,0,0.0
73,0,agent_2,0,0.0
73,2,agent_2,0,0.0
73,0,agent_0,0,0.0
72,24,agent_2,0,0.0
72,24,agent_1,1,0.0
72,24,agent_0,0,0.0
72,23,agent_2,0,0.0
73,3,agent_2,0,0.0
73,3,agent_1,0,0.0
73,3,agent_0,0,0.0
73,0,agent_1,0,0.0
72,14,agent_0,1,0.0
71,19,agent_0,1,0.0
71,18,agent_2,1,0.0
71,18,agent_1,1,0.0
71,18,agent_0,1,0.0
71,17,agent_2,1,0.0
71,17,agent_1,1,0.0
71,17,agent_0,0,0.0
72,8,agent_0,1,0.0
71,22,agent_1,1,0.0
71,22,agent_0,1,0.0
71,21,agent_2,1,0.0
71,21,agent_1,1,0.0
71,20,agent_2,1,0.0
71,20,agent_1,1,0.0
71,19,agent_2,1,0.0
71,19,agent_1,1,0.0
55,22,agent_0,1,0.0
72,7,agent_2,0,0.0
72,7,agent_1,1,0.0
72,7,agent_0,0,0.0
72,13,agent_2,1,0.0
72,13,agent_0,0,0.0
72,12,agent_2,1,0.0
72,12,agent_1,0,0.0
72,12,agent_0,0,0.0
72,14,agent_2,1,0.0
72,11,agent_0,1,0.0
72,10,agent_0,1,0.0
72,17,agent_0,0,0.0
72,16,agent_2,1,0.0
72,16,agent_1,0,0.0
72,16,agent_0,1,0.0
72,15,agent_2,1,0.0
72,15,agent_0,0,0.0
72,11,agent_2,0,0.0
69,23,agent_1,1,0.0
69,23,agent_0,1,0.0
69,22,agent_2,0,0.0
69,22,agent_1,1,0.0
69,22,agent_0,0,0.0
70,2,agent_0,0,0.0
70,1,agent_2,0,0.0
71,12,agent_1,1,0.0
70,1,agent_0,0,0.0
70,0,agent_2,1,0.0
70,0,agent_1,0,0.0
70,0,agent_0,0,0.0
69,24,agent_2,0,0.0
55,24,agent_2,1,0.0
55,24,agent_1,1,0.0
55,24,agent_0,1,0.0
70,1,agent_1,0,0.0
69,18,agent_2,0,0.0
69,18,agent_1,1,0.0
69,18,agent_0,0,0.0
69,17,agent_2,0,0.0
69,17,agent_0,0,0.0
69,16,agent_0,0,0.0
69,15,agent_1,1,0.0
69,21,agent_2,0,0.0
69,23,agent_2,0,0.0
69,21,agent_0,0,0.0
69,20,agent_2,0,0.0
69,20,agent_1,1,0.0
69,20,agent_0,0,0.0
69,19,agent_2,0,0.0
69,19,agent_1,1,0.0
69,24,agent_1,1,0.0
69,24,agent_0,1,0.0
69,21,agent_1,1,0.0
56,3,agent_0,1,0.0
56,2,agent_2,1,0.0
69,15,agent_0,1,0.0
69,14,agent_0,0,0.0
69,13,agent_2,1,0.0
56,7,agent_2,1,0.0
56,7,agent_1,0,0.0
56,7,agent_0,1,0.0
55,23,agent_2,1,0.0
56,6,agent_1,1,0.0
69,1,agent_2,1,0.0
69,1,agent_1,0,0.0
69,1,agent_0,1,0.0
69,0,agent_2,1,0.0
69,0,agent_1,0,0.0
69,0,agent_0,1,0.0
68,24,agent_2,1,0.0
56,6,agent_2,0,0.0
55,23,agent_1,1,0.0
55,23,agent_0,1,0.0
55,22,agent_1,1,0.0
69,13,agent_1,0,0.0
56,2,agent_1,1,0.0
56,2,agent_0,1,0.0
56,1,agent_2,1,0.0
56,1,agent_1,1,0.0
56,3,agent_1,0,0.0
56,0,agent_2,0,0.0
56,0,agent_1,1,0.0
56,0,agent_0,1,0.0
56,6,agent_0,1,0.0
56,5,agent_0,0,0.0
56,4,agent_2,1,0.0
56,4,agent_1,1,0.0
56,4,agent_0,0,0.0
56,1,agent_0,1,0.0
70,17,agent_0,0,0.0
70,16,agent_1,1,0.0
70,16,agent_0,0,0.0
70,15,agent_2,0,0.0
70,21,agent_2,0,0.0
70,21,agent_1,1,0.0
70,21,agent_0,1,0.0
69,19,agent_0,1,0.0
70,20,agent_1,0,0.0
70,20,agent_0,1,0.0
70,19,agent_2,1,0.0
70,19,agent_1,0,0.0
71,0,agent_0,0,0.0
70,24,agent_2,1,0.0
70,24,agent_1,0,0.0
70,24,agent_0,1,0.0
70,20,agent_2,1,0.0
71,12,agent_0,1,0.0
71,11,agent_2,1,0.0
71,11,agent_1,1,0.0
71,10,agent_2,0,0.0
71,10,agent_1,1,0.0
71,10,agent_0,1,0.0
71,9,agent_1,1,0.0
70,15,agent_1,1,0.0
70,17,agent_1,0,0.0
70,14,agent_2,0,0.0
70,14,agent_1,1,0.0
70,14,agent_0,0,0.0
70,13,agent_2,1,0.0
70,13,agent_1,1,0.0
70,13,agent_0,0,0.0
70,19,agent_0,1,0.0
70,18,agent_1,0,0.0
70,15,agent_0,1,0.0
70,5,agent_0,0,0.0
70,10,agent_0,1,0.0
70,9,agent_2,1,0.0
70,9,agent_1,0,0.0
70,9,agent_0,0,0.0
70,8,agent_2,1,0.0
70,8,agent_1,1,0.0
70,8,agent_0,0,0.0
70,23,agent_1,1,0.0
70,12,agent_2,0,0.0
70,12,agent_1,0,0.0
70,12,agent_0,0,0.0
70,11,agent_2,1,0.0
70,11,agent_1,0,0.0
70,11,agent_0,1,0.0
70,10,agent_2,1,0.0
70,10,agent_1,0,0.0
70,7,agent_2,1,0.0
70,23,agent_0,1,0.0
70,22,agent_1,0,0.0
70,22,agent_0,1,0.0
70,4,agent_2,0,0.0
70,4,agent_1,0,0.0
70,4,agent_0,0,0.0
70,3,agent_2,0,0.0
70,3,agent_1,1,0.0
70,5,agent_1,1,0.0
70,2,agent_2,0,0.0
70,2,agent_1,1,0.0
70,7,agent_1,1,0.0
70,7,agent_0,0,0.0
70,6,agent_2,1,0.0
70,6,agent_1,1,0.0
70,6,agent_0,0,0.0
70,5,agent_2,0,0.0
70,3,agent_0,0,0.0
60,15,agent_2,1,0.0
60,15,agent_1,1,0.0
60,15,agent_0,1,0.0
60,14,agent_2,0,0.0
60,14,agent_0,1,0.0
60,13,agent_2,1,0.0
60,13,agent_0,1,0.0
65,1,agent_0,0,0.0
58,1,agent_1,0,0.0
58,1,agent_0,1,0.0
58,0,agent_2,0,0.0
60,3,agent_2,0,0.0
60,3,agent_1,0,0.0
60,3,agent_0,1,0.0
60,2,agent_1,1,0.0
58,4,agent_1,0,0.0
58,1,agent_2,0,0.0
58,10,agent_2,1,0.0
60,8,agent_2,0,0.0
60,8,agent_1,0,0.0
60,8,agent_0,1,0.0
60,7,agent_2,0,0.0
60,7,agent_1,1,0.0
60,7,agent_0,1,0.0
60,6,agent_2,0,0.0
60,16,agent_0,1,0.0
60,12,agent_2,0,0.0
60,12,agent_0,1,0.0
60,11,agent_2,0,0.0
60,11,agent_0,1,0.0
60,10,agent_2,0,0.0
60,10,agent_0,1,0.0
60,9,agent_2,0,0.0
60,9,agent_0,1,0.0
60,6,agent_1,1,0.0
58,8,agent_2,1,0.0
58,8,agent_0,1,0.0
58,7,agent_2,1,0.0
58,7,agent_1,1,0.0
59,18,agent_0,1,0.0
59,17,agent_2,1,0.0
59,17,agent_1,1,0.0
58,4,agent_0,1,0.0
59,16,agent_0,1,0.0
59,15,agent_2,1,0.0
59,15,agent_1,1,0.0
59,14,agent_0,1,0.0
59,21,agent_0,1,0.0
59,20,agent_2,0,0.0
59,20,agent_1,1,0.0
59,20,agent_0,1,0.0
59,16,agent_2,1,0.0
58,3,agent_2,0,0.0
58,3,agent_1,0,0.0
58,3,agent_0,1,0.0
58,2,agent_2,0,0.0
58,2,agent_1,0,0.0
58,2,agent_0,1,0.0
58,7,agent_0,1,0.0
58,6,agent_2,0,0.0
58,9,agent_0,1,0.0
58,6,agent_0,1,0.0
58,5,agent_2,0,0.0
58,5,agent_1,0,0.0
58,5,agent_0,1,0.0
58,4,agent_2,0,0.0
58,10,agent_1,1,0.0
58,10,agent_0,1,0.0
58,9,agent_2,1,0.0
58,6,agent_1,0,0.0
61,13,agent_0,1,0.0
61,12,agent_2,1,0.0
61,12,agent_0,1,0.0
61,11,agent_0,1,0.0
61,10,agent_2,1,0.0
61,10,agent_0,1,0.0
61,18,agent_0,1,0.0
60,4,agent_0,1,0.0
61,17,agent_0,1,0.0
61,16,agent_2,1,0.0
61,16,agent_1,1,0.0
61,16,agent_0,1,0.0
61,15,agent_2,1,0.0
61,14,agent_2,1,0.0
60,18,agent_2,1,0.0
60,18,agent_1,1,0.0
61,17,agent_1,1,0.0
61,6,agent_2,0,0.0
61,6,agent_1,1,0.0
61,6,agent_0,1,0.0
61,5,agent_1,1,0.0
61,5,agent_0,1,0.0
61,4,agent_2,0,0.0
61,4,agent_1,1,0.0
61,3,agent_2,0,0.0
61,13,agent_2,1,0.0
61,9,agent_1,1,0.0
61,9,agent_0,1,0.0
61,8,agent_2,0,0.0
61,8,agent_1,1,0.0
61,8,agent_0,1,0.0
61,7,agent_2,0,0.0
61,7,agent_0,1,0.0
61,14,agent_0,1,0.0
61,9,agent_2,1,0.0
60,22,agent_2,1,0.0
60,22,agent_1,1,0.0
60,22,agent_0,1,0.0
61,3,agent_1,1,0.0
61,3,agent_0,1,0.0
61,2,agent_2,1,0.0
61,2,agent_1,1,0.0
61,2,agent_0,1,0.0
60,18,agent_0,1,0.0
61,0,agent_2,0,0.0
61,0,agent_1,0,0.0
60,6,agent_0,1,0.0
60,5,agent_2,0,0.0
60,5,agent_1,1,0.0
60,5,agent_0,1,0.0
60,4,agent_2,0,0.0
60,4,agent_1,1,0.0
61,1,agent_0,1,0.0
60,17,agent_2,1,0.0
60,17,agent_1,1,0.0
60,17,agent_0,1,0.0
60,16,agent_2,1,0.0
60,16,agent_1,1,0.0
60,21,agent_1,1,0.0
60,21,agent_0,1,0.0
60,20,agent_2,1,0.0
60,23,agent_0,1,0.0
60,20,agent_0,1,0.0
60,19,agent_2,1,0.0
60,19,agent_1,1,0.0
60,19,agent_0,1,0.0
60,24,agent_2,1,0.0
60,24,agent_1,1,0.0
60,24,agent_0,1,0.0
60,23,agent_1,1,0.0
60,20,agent_1,1,0.0
299,13,agent_1,1,0.0
299,13,agent_0,0,0.0
299,18,agent_1,0,0.0
299,18,agent_0,1,0.0
299,17,agent_2,1,0.0
299,17,agent_1,0,0.0
299,17,agent_0,1,0.0
59,19,agent_1,1,0.0
299,16,agent_1,1,0.0
299,15,agent_2,1,0.0
299,22,agent_0,1,0.0
299,21,agent_1,1,0.0
299,20,agent_2,1,0.0
299,20,agent_1,1,0.0
299,19,agent_2,1,0.0
299,19,agent_1,1,0.0
299,16,agent_2,1,0.0
58,20,agent_1,1,0.0
58,20,agent_0,1,0.0
58,19,agent_2,1,0.0
58,19,agent_1,1,0.0
58,24,agent_1,1,0.0
58,24,agent_0,1,0.0
58,23,agent_2,1,0.0
58,23,agent_1,1,0.0
299,13,agent_2,1,0.0
58,22,agent_2,1,0.0
58,22,agent_1,1,0.0
58,22,agent_0,1,0.0
0,0,agent_0,1,0.0
299,15,agent_0,1,0.0
299,14,agent_2,0,0.0
299,14,agent_1,1,0.0
299,14,agent_0,0,0.0
58,23,agent_0,1,0.0
0,8,agent_1,1,0.0
0,8,agent_0,1,0.0
0,7,agent_1,1,0.0
0,7,agent_0,1,0.0
0,6,agent_2,0,0.0
0,6,agent_0,1,0.0
0,5,agent_1,1,0.0
0,5,agent_0,1,0.0
299,19,agent_0,1,0.0
0,4,agent_1,1,0.0
0,4,agent_0,1,0.0
0,3,agent_2,1,0.0
0,3,agent_1,1,0.0
0,3,agent_0,1,0.0
0,2,agent_2,0,0.0
0,2,agent_1,1,0.0
0,2,agent_0,1,0.0
0,4,agent_2,1,0.0
299,18,agent_2,1,0.0
0,1,agent_1,1,0.0
58,12,agent_2,1,0.0
58,12,agent_0,0,0.0
58,11,agent_2,1,0.0
299,23,agent_1,0,0.0
299,23,agent_0,1,0.0
299,22,agent_2,1,0.0
0,8,agent_2,1,0.0
299,15,agent_1,1,0.0
0,19,agent_2,1,0.0
299,5,agent_0,0,0.0
58,13,agent_0,1,0.0
299,0,agent_1,0,0.0
0,10,agent_0,1,0.0
0,9,agent_1,1,0.0
0,9,agent_0,1,0.0
299,22,agent_1,1,0.0
59,24,agent_2,0,0.0
59,2,agent_2,0,0.0
59,2,agent_1,0,0.0
59,1,agent_2,0,0.0
59,1,agent_0,1,0.0
59,0,agent_2,0,0.0
59,0,agent_1,0,0.0
58,20,agent_2,1,0.0
58,24,agent_2,1,0.0
59,5,agent_2,1,0.0
59,5,agent_1,0,0.0
59,5,agent_0,0,0.0
59,4,agent_2,0,0.0
59,4,agent_1,0,0.0
59,4,agent_0,1,0.0
59,3,agent_2,0,0.0
59,0,agent_0,0,0.0
59,19,agent_0,1,0.0
59,18,agent_2,0,0.0
59,18,agent_1,1,0.0
59,24,agent_1,1,0.0
59,24,agent_0,1,0.0
59,23,agent_2,0,0.0
59,22,agent_2,0,0.0
59,22,agent_1,1,0.0
60,0,agent_0,0,0.0
59,21,agent_2,0,0.0
59,21,agent_1,1,0.0
60,2,agent_0,0,0.0
60,1,agent_2,0,0.0
60,1,agent_1,0,0.0
60,1,agent_0,0,0.0
60,0,agent_2,0,0.0
60,0,agent_1,0,0.0
59,22,agent_0,1,0.0
58,15,agent_2,0,0.0
58,15,agent_1,0,0.0
58,15,agent_0,1,0.0
58,14,agent_2,0,0.0
58,14,agent_0,1,0.0
58,13,agent_2,1,0.0
58,19,agent_0,1,0.0
58,18,agent_2,1,0.0
59,3,agent_0,0,0.0
58,18,agent_0,1,0.0
58,17,agent_2,1,0.0
58,17,agent_1,0,0.0
58,17,agent_0,1,0.0
58,16,agent_2,1,0.0
58,21,agent_2,1,0.0
58,21,agent_1,1,0.0
58,21,agent_0,1,0.0
58,18,agent_1,1,0.0
59,9,agent_2,1,0.0
59,9,agent_1,1,0.0
59,9,agent_0,1,0.0
59,8,agent_1,0,0.0
59,7,agent_2,1,0.0
59,7,agent_1,0,0.0
59,6,agent_2,1,0.0
59,6,agent_0,1,0.0
58,16,agent_0,1,0.0
59,13,agent_0,1,0.0
59,12,agent_1,1,0.0
59,11,agent_1,1,0.0
59,11,agent_0,1,0.0
59,10,agent_2,0,0.0
59,10,agent_1,1,0.0
59,10,agent_0,0,0.0
58,16,agent_1,0,0.0
59,13,agent_1,1,0.0
57,13,agent_0,1,0.0
57,12,agent_2,1,0.0
57,12,agent_0,1,0.0
57,11,agent_2,1,0.0
63,20,agent_1,1,0.0
63,20,agent_0,1,0.0
63,19,agent_2,1,0.0
62,1,agent_1,0,0.0
63,18,agent_2,1,0.0
63,18,agent_1,1,0.0
63,18,agent_0,1,0.0
63,24,agent_0,1,0.0
63,23,agent_1,1,0.0
63,23,agent_0,1,0.0
63,22,agent_1,1,0.0
63,22,agent_0,1,0.0
63,19,agent_0,1,0.0
57,5,agent_2,0,0.0
57,5,agent_0,0,0.0
57,4,agent_2,0,0.0
64,10,agent_1,1,0.0
64,10,agent_0,1,0.0
64,9,agent_2,1,0.0
57,11,agent_0,1,0.0
57,10,agent_0,1,0.0
57,13,agent_2,1,0.0
57,9,agent_0,1,0.0
57,8,agent_2,1,0.0
57,8,agent_0,1,0.0
57,7,agent_2,1,0.0
57,7,agent_0,1,0.0
64,11,agent_0,1,0.0
64,10,agent_2,0,0.0
57,14,agent_2,1,0.0
57,9,agent_2,1,0.0
63,8,agent_0,1,0.0
63,7,agent_2,0,0.0
63,7,agent_1,1,0.0
63,7,agent_0,1,0.0
63,6,agent_2,0,0.0
63,6,agent_1,1,0.0
63,6,agent_0,0,0.0
63,21,agent_0,1,0.0
63,10,agent_2,1,0.0
63,10,agent_1,0,0.0
63,10,agent_0,1,0.0
63,9,agent_2,1,0.0
63,9,agent_1,1,0.0
63,9,agent_0,1,0.0
63,8,agent_2,1,0.0
63,13,agent_2,1,0.0
63,11,agent_0,1,0.0
63,20,agent_2,1,0.0
64,2,agent_1,0,0.0
64,2,agent_0,0,0.0
64,1,agent_2,0,0.0
64,1,agent_1,1,0.0
64,1,agent_0,0,0.0
64,0,agent_2,0,0.0
63,24,agent_2,1,0.0
63,8,agent_1,1,0.0
64,5,agent_1,1,0.0
64,5,agent_0,0,0.0
64,4,agent_2,0,0.0
64,4,agent_1,0,0.0
64,3,agent_2,0,0.0
64,3,agent_1,0,0.0
64,3,agent_0,0,0.0
64,2,agent_2,0,0.0
63,24,agent_1,1,0.0
65,6,agent_0,1,0.0
65,5,agent_2,0,0.0
65,5,agent_1,0,0.0
65,11,agent_1,1,0.0
65,11,agent_0,1,0.0
65,10,agent_2,1,0.0
65,10,agent_1,1,0.0
57,6,agent_0,0,0.0
65,9,agent_1,1,0.0
65,9,agent_0,1,0.0
65,8,agent_2,0,0.0
64,14,agent_0,1,0.0
64,13,agent_2,1,0.0
64,13,agent_1,1,0.0
64,13,agent_0,1,0.0
64,12,agent_1,1,0.0
65,9,agent_2,1,0.0
65,0,agent_2,0,0.0
65,0,agent_1,0,0.0
65,0,agent_0,0,0.0
64,24,agent_2,1,0.0
64,24,agent_1,1,0.0
65,5,agent_0,1,0.0
65,4,agent_2,0,0.0
65,4,agent_1,1,0.0
65,6,agent_1,1,0.0
65,3,agent_0,1,0.0
65,2,agent_2,0,0.0
65,2,agent_1,0,0.0
65,2,agent_0,0,0.0
65,8,agent_0,1,0.0
65,7,agent_2,0,0.0
65,7,agent_1,1,0.0
65,6,agent_2,0,0.0
65,3,agent_2,0,0.0
64,24,agent_0,1,0.0
64,23,agent_2,0,0.0
64,23,agent_1,1,0.0
64,23,agent_0,1,0.0
64,22,agent_2,1,0.0
64,22,agent_1,1,0.0
64,22,agent_0,1,0.0
64,21,agent_2,1,0.0
64,12,agent_0,1,0.0
64,9,agent_0,1,0.0
64,8,agent_2,0,0.0
64,8,agent_1,0,0.0
64,6,agent_2,1,0.0
64,6,agent_1,1,0.0
64,6,agent_0,0,0.0
64,5,agent_2,1,0.0
57,6,agent_2,0,0.0
64,9,agent_1,1,0.0
64,11,agent_2,1,0.0
64,11,agent_1,1,0.0
64,18,agent_0,1,0.0
64,17,agent_2,1,0.0
64,17,agent_0,1,0.0
64,16,agent_2,1,0.0
64,16,agent_0,1,0.0
64,15,agent_2,1,0.0
64,18,agent_2,0,0.0
64,14,agent_1,1,0.0
64,21,agent_1,1,0.0
64,21,agent_0,1,0.0
64,20,agent_1,1,0.0
64,20,agent_0,1,0.0
64,19,agent_2,1,0.0
64,19,agent_1,1,0.0
64,19,agent_0,1,0.0
64,15,agent_0,1,0.0
57,16,agent_2,1,0.0
57,16,agent_1,1,0.0
57,16,agent_0,1,0.0
62,7,agent_0,1,0.0
62,6,agent_2,1,0.0
57,21,agent_0,1,0.0
57,20,agent_2,1,0.0
63,13,agent_1,0,0.0
57,20,agent_0,0,0.0
57,19,agent_2,1,0.0
57,19,agent_0,1,0.0
57,18,agent_2,1,0.0
57,18,agent_1,1,0.0
57,23,agent_2,1,0.0
57,23,agent_1,1,0.0
57,23,agent_0,0,0.0
57,20,agent_1,1,0.0
62,19,agent_0,1,0.0
62,18,agent_2,1,0.0
62,18,agent_0,1,0.0
62,17,agent_2,1,0.0
62,17,agent_0,1,0.0
62,16,agent_0,1,0.0
62,15,agent_0,1,0.0
62,6,agent_1,1,0.0
57,17,agent_0,0,0.0
62,5,agent_2,0,0.0
62,5,agent_1,0,0.0
62,5,agent_0,1,0.0
62,4,agent_2,0,0.0
62,4,agent_1,0,0.0
62,4,agent_0,1,0.0
57,18,agent_0,0,0.0
57,17,agent_2,1,0.0
62,6,agent_0,1,0.0
61,21,agent_1,1,0.0
61,21,agent_0,1,0.0
62,1,agent_0,0,0.0
62,0,agent_2,0,0.0
62,0,agent_1,0,0.0
62,0,agent_0,0,0.0
61,24,agent_2,1,0.0
61,24,agent_1,1,0.0
57,22,agent_2,1,0.0
61,23,agent_2,1,0.0
62,3,agent_2,0,0.0
62,3,agent_1,0,0.0
62,3,agent_0,1,0.0
62,2,agent_2,0,0.0
62,2,agent_1,0,0.0
62,2,agent_0,0,0.0
62,1,agent_2,0,0.0
61,24,agent_0,1,0.0
57,22,agent_1,1,0.0
57,22,agent_0,0,0.0
57,21,agent_2,1,0.0
57,21,agent_1,1,0.0
61,20,agent_2,1,0.0
61,20,agent_1,1,0.0
61,20,agent_0,1,0.0
61,19,agent_2,1,0.0
61,21,agent_2,1,0.0
61,19,agent_0,1,0.0
61,18,agent_2,1,0.0
61,18,agent_1,1,0.0
61,23,agent_1,1,0.0
61,23,agent_0,1,0.0
61,22,agent_2,1,0.0
61,22,agent_1,1,0.0
61,22,agent_0,1,0.0
61,19,agent_1,1,0.0
62,21,agent_1,1,0.0
62,21,agent_0,1,0.0
62,20,agent_2,1,0.0
62,20,agent_0,1,0.0
63,0,agent_1,0,0.0
63,0,agent_0,0,0.0
62,24,agent_2,1,0.0
62,19,agent_2,1,0.0
62,24,agent_0,1,0.0
62,23,agent_2,1,0.0
62,23,agent_1,1,0.0
62,23,agent_0,1,0.0
63,3,agent_0,0,0.0
63,2,agent_2,0,0.0
63,2,agent_1,0,0.0
63,2,agent_0,0,0.0
62,24,agent_1,1,0.0
63,13,agent_0,1,0.0
63,12,agent_2,0,0.0
63,12,agent_1,0,0.0
63,12,agent_0,1,0.0
63,11,agent_2,1,0.0
63,11,agent_1,0,0.0
63,17,agent_0,1,0.0
63,16,agent_1,1,0.0
62,21,agent_2,1,0.0
63,15,agent_1,0,0.0
63,15,agent_0,1,0.0
63,14,agent_2,1,0.0
63,14,agent_1,1,0.0
63,14,agent_0,1,0.0
62,22,agent_2,1,0.0
62,22,agent_1,1,0.0
62,22,agent_0,1,0.0
63,16,agent_0,1,0.0
57,24,agent_0,1,0.0
62,11,agent_0,1,0.0
62,10,agent_2,0,0.0
62,10,agent_1,0,0.0
62,10,agent_0,1,0.0
62,9,agent_2,0,0.0
62,9,agent_1,1,0.0
62,9,agent_0,1,0.0
63,1,agent_2,0,0.0
62,14,agent_1,1,0.0
62,14,agent_0,1,0.0
62,13,agent_1,1,0.0
62,13,agent_0,1,0.0
62,12,agent_1,1,0.0
62,12,agent_0,1,0.0
62,11,agent_2,1,0.0
62,11,agent_1,1,0.0
62,8,agent_2,0,0.0
63,1,agent_1,0,0.0
63,1,agent_0,0,0.0
63,0,agent_2,0,0.0
63,5,agent_2,0,0.0
63,5,agent_1,0,0.0
63,5,agent_0,0,0.0
63,4,agent_2,0,0.0
63,4,agent_1,0,0.0
57,24,agent_1,1,0.0
63,3,agent_2,0,0.0
63,3,agent_1,0,0.0
62,8,agent_0,1,0.0
62,7,agent_2,1,0.0
62,7,agent_1,1,0.0
58,0,agent_1,0,0.0
58,0,agent_0,1,0.0
57,24,agent_2,1,0.0
63,4,agent_0,0,0.0
52,24,agent_2,1,0.0
52,24,agent_1,1,0.0
52,24,agent_0,1,0.0
53,5,agent_2,1,0.0
53,5,agent_1,1,0.0
53,5,agent_0,1,0.0
53,3,agent_2,1,0.0
72,23,agent_0,0,0.0
53,3,agent_0,0,0.0
53,2,agent_2,0,0.0
53,2,agent_0,0,0.0
83,5,agent_1,0,0.0
83,5,agent_0,1,0.0
53,8,agent_0,1,0.0
53,7,agent_2,1,0.0
53,7,agent_1,1,0.0
53,3,agent_1,1,0.0
83,17,agent_2,1,0.0
83,17,agent_1,0,0.0
83,17,agent_0,1,0.0
83,16,agent_2,1,0.0
83,16,agent_1,0,0.0
52,23,agent_2,1,0.0
52,23,agent_1,1,0.0
52,23,agent_0,1,0.0
53,0,agent_0,1,0.0
83,4,agent_2,1,0.0
83,4,agent_1,0,0.0
83,3,agent_2,1,0.0
83,3,agent_1,0,0.0
53,1,agent_2,1,0.0
53,1,agent_0,0,0.0
53,0,agent_2,0,0.0
53,0,agent_1,1,0.0
52,22,agent_2,1,0.0
82,24,agent_2,0,0.0
82,24,agent_1,1,0.0
82,24,agent_0,1,0.0
82,23,agent_2,0,0.0
82,23,agent_1,1,0.0
82,22,agent_2,0,0.0
82,22,agent_1,1,0.0
53,7,agent_0,1,0.0
83,2,agent_2,0,0.0
83,2,agent_1,0,0.0
83,2,agent_0,1,0.0
83,1,agent_2,0,0.0
83,1,agent_1,0,0.0
83,1,agent_0,1,0.0
83,0,agent_2,0,0.0
82,2,agent_2,1,0.0
83,3,agent_0,1,0.0
53,6,agent_1,1,0.0
53,6,agent_0,1,0.0
82,17,agent_0,1,0.0
82,16,agent_2,1,0.0
82,16,agent_0,1,0.0
82,15,agent_2,0,0.0
82,15,agent_1,0,0.0
82,15,agent_0,1,0.0
83,0,agent_1,0,0.0
82,14,agent_0,1,0.0
82,21,agent_2,1,0.0
82,21,agent_0,1,0.0
82,20,agent_2,1,0.0
82,19,agent_1,1,0.0
82,19,agent_0,1,0.0
82,18,agent_1,1,0.0
82,18,agent_0,1,0.0
82,14,agent_2,1,0.0
83,19,agent_2,0,0.0
83,19,agent_0,1,0.0
84,1,agent_0,1,0.0
84,0,agent_2,1,0.0
84,0,agent_1,1,0.0
84,0,agent_0,1,0.0
83,24,agent_2,1,0.0
83,18,agent_0,1,0.0
83,24,agent_0,0,0.0
83,23,agent_2,1,0.0
84,4,agent_0,1,0.0
84,3,agent_2,0,0.0
84,3,agent_1,1,0.0
84,3,agent_0,1,0.0
84,2,agent_2,1,0.0
84,2,agent_0,1,0.0
83,24,agent_1,1,0.0
84,16,agent_0,1,0.0
84,15,agent_2,1,0.0
84,15,agent_1,1,0.0
84,15,agent_0,1,0.0
84,21,agent_1,0,0.0
84,21,agent_0,0,0.0
84,20,agent_1,0,0.0
84,19,agent_2,1,0.0
83,20,agent_0,1,0.0
84,18,agent_2,1,0.0
84,18,agent_1,0,0.0
84,18,agent_0,1,0.0
83,23,agent_0,1,0.0
83,22,agent_2,0,0.0
83,22,agent_0,1,0.0
83,21,agent_2,0,0.0
83,21,agent_0,1,0.0
84,19,agent_1,0,0.0
83,12,agent_0,1,0.0
83,11,agent_2,1,0.0
83,11,agent_1,0,0.0
83,11,agent_0,1,0.0
83,10,agent_2,1,0.0
83,10,agent_0,1,0.0
83,9,agent_2,1,0.0
83,16,agent_0,1,0.0
84,1,agent_2,0,0.0
83,14,agent_2,1,0.0
83,14,agent_1,1,0.0
83,14,agent_0,1,0.0
83,13,agent_2,1,0.0
83,13,agent_1,0,0.0
83,13,agent_0,1,0.0
83,18,agent_2,1,0.0
83,18,agent_1,0,0.0
83,15,agent_1,1,0.0
84,1,agent_1,0,0.0
84,7,agent_0,1,0.0
84,6,agent_2,1,0.0
84,6,agent_1,1,0.0
84,6,agent_0,1,0.0
84,5,agent_2,1,0.0
84,5,agent_1,1,0.0
84,4,agent_2,0,0.0
83,12,agent_2,1,0.0
83,8,agent_2,1,0.0
83,8,agent_0,1,0.0
83,7,agent_2,1,0.0
83,7,agent_1,1,0.0
83,7,agent_0,1,0.0
83,6,agent_2,1,0.0
83,6,agent_1,1,0.0
83,6,agent_0,1,0.0
84,4,agent_1,1,0.0
53,18,agent_2,1,0.0
53,18,agent_1,1,0.0
53,18,agent_0,1,0.0
53,17,agent_2,1,0.0
53,17,agent_1,1,0.0
80,24,agent_0,1,0.0
80,23,agent_1,1,0.0
82,2,agent_1,1,0.0
80,22,agent_1,1,0.0
80,22,agent_0,0,0.0
80,21,agent_2,1,0.0
80,21,agent_1,1,0.0
80,21,agent_0,1,0.0
81,2,agent_0,0,0.0
81,1,agent_2,0,0.0
81,1,agent_1,1,0.0
80,22,agent_2,1,0.0
53,13,agent_0,1,0.0
53,12,agent_2,1,0.0
53,12,agent_1,1,0.0
53,11,agent_2,1,0.0
53,10,agent_2,1,0.0
53,10,agent_1,1,0.0
53,10,agent_0,1,0.0
53,17,agent_0,1,0.0
81,12,agent_1,1,0.0
53,16,agent_0,1,0.0
53,15,agent_2,1,0.0
53,15,agent_1,1,0.0
53,14,agent_2,1,0.0
53,14,agent_1,1,0.0
53,13,agent_2,0,0.0
81,13,agent_0,0,0.0
81,12,agent_2,1,0.0
53,16,agent_2,1,0.0
81,6,agent_2,1,0.0
81,6,agent_1,0,0.0
80,12,agent_0,0,0.0
80,11,agent_2,0,0.0
80,10,agent_2,0,0.0
80,10,agent_0,0,0.0
80,9,agent_2,0,0.0
81,1,agent_0,0,0.0
80,8,agent_2,0,0.0
80,7,agent_2,0,0.0
80,15,agent_0,1,0.0
80,14,agent_2,1,0.0
80,14,agent_1,0,0.0
80,13,agent_2,1,0.0
80,13,agent_1,0,0.0
80,13,agent_0,1,0.0
80,9,agent_0,0,0.0
81,0,agent_2,0,0.0
81,0,agent_0,0,0.0
80,24,agent_2,1,0.0
80,24,agent_1,0,0.0
81,6,agent_0,1,0.0
81,5,agent_2,1,0.0
81,5,agent_0,1,0.0
81,4,agent_2,1,0.0
81,7,agent_0,0,0.0
81,3,agent_2,1,0.0
81,3,agent_0,0,0.0
81,2,agent_2,0,0.0
81,10,agent_1,1,0.0
81,9,agent_2,0,0.0
81,9,agent_0,1,0.0
81,8,agent_2,1,0.0
81,8,agent_1,1,0.0
81,4,agent_0,0,0.0
82,8,agent_0,1,0.0
82,7,agent_2,0,0.0
82,7,agent_0,1,0.0
82,6,agent_2,1,0.0
82,13,agent_2,1,0.0
82,13,agent_0,1,0.0
82,12,agent_2,1,0.0
53,13,agent_1,1,0.0
82,11,agent_2,0,0.0
82,11,agent_1,1,0.0
82,10,agent_2,1,0.0
82,10,agent_0,1,0.0
81,16,agent_0,1,0.0
81,15,agent_2,0,0.0
81,15,agent_1,1,0.0
81,14,agent_2,1,0.0
82,12,agent_0,1,0.0
82,1,agent_2,1,0.0
82,1,agent_1,0,0.0
82,0,agent_1,0,0.0
82,0,agent_0,1,0.0
81,24,agent_2,1,0.0
81,24,agent_1,1,0.0
82,6,agent_1,1,0.0
82,6,agent_0,1,0.0
82,8,agent_1,1,0.0
82,5,agent_1,1,0.0
82,5,agent_0,1,0.0
82,4,agent_2,1,0.0
82,4,agent_0,1,0.0
82,3,agent_0,1,0.0
82,9,agent_2,1,0.0
82,9,agent_0,1,0.0
82,8,agent_2,0,0.0
82,5,agent_2,1,0.0
81,19,agent_0,1,0.0
81,24,agent_0,1,0.0
81,23,agent_2,0,0.0
81,23,agent_1,1,0.0
81,23,agent_0,1,0.0
81,22,agent_2,1,0.0
81,22,agent_1,1,0.0
81,22,agent_0,0,0.0
81,14,agent_1,1,0.0
53,9,agent_2,1,0.0
53,9,agent_0,0,0.0
53,8,agent_1,1,0.0
81,12,agent_0,1,0.0
81,11,agent_2,0,0.0
81,11,agent_1,1,0.0
81,11,agent_0,0,0.0
81,10,agent_2,1,0.0
81,21,agent_2,1,0.0
81,14,agent_0,0,0.0
81,13,agent_2,1,0.0
81,13,agent_1,1,0.0
81,18,agent_2,1,0.0
81,18,agent_1,1,0.0
81,18,agent_0,0,0.0
81,17,agent_2,0,0.0
81,17,agent_1,1,0.0
81,19,agent_1,1,0.0
81,16,agent_2,1,0.0
81,16,agent_1,1,0.0
81,21,agent_1,1,0.0
81,21,agent_0,0,0.0
81,20,agent_2,1,0.0
81,20,agent_1,1,0.0
81,20,agent_0,1,0.0
81,19,agent_2,0,0.0
81,17,agent_0,0,0.0
86,24,agent_1,1,0.0
86,24,agent_0,1,0.0
86,23,agent_2,1,0.0
86,23,agent_1,1,0.0
86,23,agent_0,1,0.0
86,22,agent_2,1,0.0
86,22,agent_1,0,0.0
84,16,agent_2,1,0.0
87,2,agent_0,1,0.0
87,1,agent_2,1,0.0
87,1,agent_1,1,0.0
87,1,agent_0,1,0.0
87,0,agent_2,1,0.0
87,0,agent_1,1,0.0
87,0,agent_0,1,0.0
52,2,agent_2,1,0.0
87,2,agent_1,1,0.0
87,12,agent_2,1,0.0
86,18,agent_2,0,0.0
86,18,agent_1,1,0.0
86,18,agent_0,1,0.0
86,17,agent_2,0,0.0
86,17,agent_1,1,0.0
86,17,agent_0,1,0.0
86,16,agent_2,0,0.0
86,24,agent_2,1,0.0
86,22,agent_0,1,0.0
86,21,agent_2,1,0.0
86,21,agent_1,0,0.0
86,21,agent_0,0,0.0
86,20,agent_2,1,0.0
86,20,agent_1,0,0.0
86,19,agent_1,1,0.0
86,19,agent_0,1,0.0
86,16,agent_1,1,0.0
52,7,agent_1,1,0.0
52,7,agent_0,1,0.0
52,6,agent_2,1,0.0
86,16,agent_0,1,0.0
86,15,agent_2,0,0.0
86,15,agent_1,1,0.0
52,11,agent_1,1,0.0
52,2,agent_0,1,0.0
52,10,agent_2,0,0.0
52,10,agent_1,1,0.0
52,10,agent_0,1,0.0
86,2,agent_2,0,0.0
86,2,agent_1,1,0.0
86,2,agent_0,1,0.0
86,1,agent_2,1,0.0
86,1,agent_1,1,0.0
52,11,agent_0,1,0.0
52,1,agent_1,1,0.0
86,15,agent_0,1,0.0
86,14,agent_2,0,0.0
86,14,agent_1,1,0.0
86,14,agent_0,1,0.0
86,13,agent_2,1,0.0
52,6,agent_1,1,0.0
52,6,agent_0,1,0.0
52,7,agent_2,1,0.0
52,5,agent_1,0,0.0
52,5,agent_0,0,0.0
52,4,agent_2,1,0.0
52,3,agent_2,1,0.0
52,9,agent_1,1,0.0
52,9,agent_0,1,0.0
52,8,agent_2,0,0.0
52,8,agent_0,1,0.0
52,5,agent_2,1,0.0
87,23,agent_1,1,0.0
87,23,agent_0,1,0.0
87,22,agent_1,1,0.0
87,22,agent_0,1,0.0
87,21,agent_2,1,0.0
87,21,agent_1,1,0.0
87,21,agent_0,1,0.0
87,13,agent_0,1,0.0
88,1,agent_2,0,0.0
88,1,agent_0,1,0.0
88,0,agent_2,1,0.0
88,0,agent_0,1,0.0
87,24,agent_2,1,0.0
87,24,agent_1,1,0.0
87,24,agent_0,1,0.0
88,4,agent_2,0,0.0
88,2,agent_0,1,0.0
88,10,agent_2,1,0.0
88,16,agent_1,1,0.0
88,16,agent_0,1,0.0
88,15,agent_2,1,0.0
88,15,agent_1,0,0.0
88,15,agent_0,1,0.0
88,14,agent_2,0,0.0
88,14,agent_0,1,0.0
87,23,agent_2,1,0.0
87,20,agent_0,1,0.0
87,19,agent_2,1,0.0
87,19,agent_1,1,0.0
87,19,agent_0,1,0.0
87,18,agent_1,1,0.0
87,18,agent_0,1,0.0
87,17,agent_2,0,0.0
87,17,agent_0,1,0.0
88,13,agent_2,1,0.0
87,6,agent_2,1,0.0
87,6,agent_1,1,0.0
87,6,agent_0,1,0.0
87,12,agent_0,1,0.0
87,11,agent_1,1,0.0
87,11,agent_0,1,0.0
87,10,agent_2,1,0.0
87,10,agent_1,1,0.0
88,4,agent_1,1,0.0
87,9,agent_2,0,0.0
87,9,agent_0,1,0.0
87,16,agent_2,1,0.0
87,16,agent_0,1,0.0
87,15,agent_0,1,0.0
87,14,agent_2,1,0.0
87,14,agent_0,1,0.0
87,13,agent_2,1,0.0
87,10,agent_0,1,0.0
88,4,agent_0,1,0.0
88,3,agent_2,0,0.0
88,3,agent_1,1,0.0
88,3,agent_0,1,0.0
88,2,agent_2,0,0.0
87,5,agent_1,0,0.0
87,5,agent_0,1,0.0
87,4,agent_2,1,0.0
87,7,agent_0,1,0.0
87,4,agent_0,1,0.0
87,3,agent_1,1,0.0
87,3,agent_0,1,0.0
87,2,agent_2,1,0.0
87,8,agent_2,1,0.0
87,8,agent_1,1,0.0
87,8,agent_0,1,0.0
87,7,agent_1,0,0.0
87,4,agent_1,0,0.0
85,8,agent_0,1,0.0
52,13,agent_1,1,0.0
52,13,agent_0,1,0.0
52,12,agent_2,1,0.0
52,12,agent_1,1,0.0
52,12,agent_0,1,0.0
84,22,agent_1,1,0.0
86,0,agent_2,1,0.0
84,21,agent_2,0,0.0
52,16,agent_0,1,0.0
52,15,agent_2,1,0.0
52,15,agent_1,1,0.0
52,15,agent_0,1,0.0
52,14,agent_2,1,0.0
52,14,agent_1,1,0.0
52,14,agent_0,1,0.0
84,22,agent_0,1,0.0
85,0,agent_2,1,0.0
85,0,agent_0,1,0.0
84,24,agent_2,1,0.0
85,7,agent_2,1,0.0
85,7,agent_0,1,0.0
85,6,agent_2,1,0.0
85,6,agent_0,1,0.0
85,5,agent_2,1,0.0
85,8,agent_1,1,0.0
85,4,agent_2,1,0.0
85,3,agent_2,0,0.0
85,11,agent_2,1,0.0
85,10,agent_2,1,0.0
85,10,agent_1,1,0.0
85,10,agent_0,1,0.0
85,9,agent_2,1,0.0
85,8,agent_2,1,0.0
85,5,agent_0,1,0.0
84,9,agent_2,1,0.0
84,9,agent_1,1,0.0
84,8,agent_2,1,0.0
84,8,agent_1,1,0.0
84,7,agent_2,1,0.0
84,7,agent_1,1,0.0
84,14,agent_2,0,0.0
84,14,agent_1,1,0.0
52,13,agent_2,1,0.0
84,13,agent_2,1,0.0
84,13,agent_1,0,0.0
84,12,agent_2,1,0.0
84,12,agent_1,1,0.0
84,11,agent_2,1,0.0
84,17,agent_2,1,0.0
84,17,agent_1,0,0.0
84,17,agent_0,1,0.0
84,14,agent_0,1,0.0
52,18,agent_2,1,0.0
52,18,agent_1,1,0.0
52,18,agent_0,1,0.0
52,17,agent_2,1,0.0
52,17,agent_1,1,0.0
52,17,agent_0,1,0.0
52,16,agent_2,1,0.0
52,16,agent_1,1,0.0
84,10,agent_0,1,0.0
52,21,agent_0,1,0.0
52,20,agent_2,1,0.0
52,20,agent_1,1,0.0
52,20,agent_0,1,0.0
52,19,agent_2,1,0.0
52,19,agent_1,1,0.0
52,19,agent_0,1,0.0
84,10,agent_2,1,0.0
52,21,agent_1,1,0.0
86,12,agent_2,1,0.0
86,12,agent_1,1,0.0
86,12,agent_0,1,0.0
86,11,agent_1,1,0.0
86,11,agent_0,1,0.0
86,10,agent_2,0,0.0
86,10,agent_1,1,0.0
85,1,agent_0,1,0.0
85,15,agent_2,0,0.0
85,15,agent_1,1,0.0
85,14,agent_2,1,0.0
85,14,agent_0,1,0.0
85,13,agent_2,1,0.0
85,13,agent_1,1,0.0
85,12,agent_2,0,0.0
85,12,agent_0,1,0.0
86,10,agent_0,1,0.0
86,0,agent_1,1,0.0
86,0,agent_0,1,0.0
86,5,agent_2,1,0.0
86,5,agent_1,1,0.0
86,5,agent_0,1,0.0
86,4,agent_2,1,0.0
86,4,agent_1,1,0.0
86,4,agent_0,1,0.0
86,6,agent_1,0,0.0
86,3,agent_0,0,0.0
86,9,agent_2,1,0.0
86,9,agent_1,1,0.0
86,8,agent_2,0,0.0
86,8,agent_1,0,0.0
86,8,agent_0,1,0.0
86,7,agent_1,1,0.0
86,6,agent_2,1,0.0
86,3,agent_1,1,0.0
85,23,agent_2,1,0.0
85,23,agent_1,1,0.0
85,23,agent_0,1,0.0
85,22,agent_2,0,0.0
85,22,agent_1,1,0.0
84,24,agent_1,1,0.0
84,24,agent_0,1,0.0
84,23,agent_2,0,0.0
85,19,agent_1,1,0.0
84,23,agent_0,1,0.0
52,22,agent_1,1,0.0
52,22,agent_0,1,0.0
52,21,agent_2,1,0.0
85,2,agent_2,1,0.0
85,2,agent_0,1,0.0
85,1,agent_2,1,0.0
85,1,agent_1,1,0.0
84,23,agent_1,1,0.0
85,19,agent_0,1,0.0
85,18,agent_2,0,0.0
85,18,agent_1,1,0.0
85,18,agent_0,1,0.0
85,17,agent_2,0,0.0
85,16,agent_2,1,0.0
85,16,agent_0,1,0.0
85,22,agent_0,1,0.0
85,24,agent_0,1,0.0
85,21,agent_1,1,0.0
85,21,agent_0,1,0.0
85,20,agent_2,1,0.0
85,20,agent_1,1,0.0
85,20,agent_0,1,0.0
85,19,agent_2,0,0.0
85,24,agent_2,1,0.0
85,24,agent_1,1,0.0
85,21,agent_2,0,0.0
75,16,agent_1,0,0.0
75,16,agent_0,1,0.0
75,15,agent_2,1,0.0
75,15,agent_1,1,0.0
75,15,agent_0,1,0.0
75,14,agent_1,0,0.0
75,14,agent_0,1,0.0
80,12,agent_2,0,0.0
75,19,agent_2,1,0.0
75,19,agent_1,1,0.0
75,19,agent_0,0,0.0
75,18,agent_1,1,0.0
75,18,agent_0,1,0.0
75,17,agent_2,1,0.0
75,17,agent_1,1,0.0
75,17,agent_0,1,0.0
75,13,agent_2,1,0.0
54,21,agent_1,1,0.0
54,20,agent_2,1,0.0
75,24,agent_2,1,0.0
75,24,agent_1,1,0.0
75,24,agent_0,1,0.0
55,0,agent_2,1,0.0
55,0,agent_1,1,0.0
54,24,agent_2,1,0.0
75,10,agent_1,0,0.0
54,24,agent_0,1,0.0
75,13,agent_1,1,0.0
75,13,agent_0,1,0.0
75,12,agent_2,1,0.0
75,12,agent_1,0,0.0
75,12,agent_0,1,0.0
75,11,agent_1,1,0.0
75,11,agent_0,1,0.0
54,24,agent_1,1,0.0
75,3,agent_1,1,0.0
75,3,agent_0,1,0.0
75,2,agent_1,1,0.0
75,2,agent_0,1,0.0
75,1,agent_2,1,0.0
75,7,agent_1,1,0.0
75,7,agent_0,1,0.0
75,22,agent_1,1,0.0
75,6,agent_1,0,0.0
75,6,agent_0,1,0.0
75,5,agent_2,1,0.0
75,5,agent_1,1,0.0
75,5,agent_0,1,0.0
75,10,agent_0,1,0.0
75,9,agent_2,0,0.0
75,9,agent_1,0,0.0
75,6,agent_2,1,0.0
75,22,agent_0,1,0.0
75,21,agent_2,1,0.0
75,21,agent_1,1,0.0
75,21,agent_0,0,0.0
75,20,agent_2,1,0.0
75,20,agent_1,1,0.0
75,20,agent_0,1,0.0
75,1,agent_1,1,0.0
75,4,agent_0,1,0.0
75,0,agent_2,0,0.0
75,0,agent_1,1,0.0
75,0,agent_0,1,0.0
74,24,agent_2,1,0.0
74,24,agent_1,1,0.0
74,24,agent_0,1,0.0
75,4,agent_2,1,0.0
75,4,agent_1,0,0.0
75,1,agent_0,1,0.0
76,22,agent_1,1,0.0
76,3,agent_0,1,0.0
76,2,agent_2,1,0.0
76,2,agent_0,1,0.0
76,1,agent_2,0,0.0
76,1,agent_0,1,0.0
76,0,agent_2,0,0.0
54,21,agent_2,1,0.0
76,0,agent_0,1,0.0
76,6,agent_0,1,0.0
76,5,agent_2,1,0.0
76,5,agent_0,1,0.0
76,4,agent_2,1,0.0
76,4,agent_1,1,0.0
76,4,agent_0,1,0.0
76,3,agent_2,0,0.0
76,0,agent_1,1,0.0
76,17,agent_2,1,0.0
76,17,agent_1,1,0.0
76,17,agent_0,1,0.0
76,22,agent_0,1,0.0
76,21,agent_2,1,0.0
76,21,agent_1,1,0.0
76,21,agent_0,1,0.0
76,20,agent_2,0,0.0
76,22,agent_2,0,0.0
76,20,agent_0,1,0.0
76,19,agent_2,1,0.0
76,24,agent_2,0,0.0
76,24,agent_1,1,0.0
76,24,agent_0,1,0.0
76,23,agent_2,1,0.0
76,23,agent_1,1,0.0
76,23,agent_0,1,0.0
76,20,agent_1,1,0.0
54,15,agent_2,1,0.0
54,15,agent_1,1,0.0
75,23,agent_1,1,0.0
75,23,agent_0,0,0.0
75,22,agent_2,1,0.0
54,20,agent_1,1,0.0
54,19,agent_2,1,0.0
54,19,agent_1,1,0.0
76,3,agent_1,1,0.0
54,18,agent_1,1,0.0
54,18,agent_0,1,0.0
54,17,agent_2,1,0.0
54,17,agent_1,1,0.0
54,23,agent_2,1,0.0
54,23,agent_1,1,0.0
54,22,agent_2,1,0.0
54,22,agent_1,1,0.0
54,18,agent_2,1,0.0
76,9,agent_1,1,0.0
76,8,agent_2,1,0.0
76,8,agent_1,1,0.0
76,8,agent_0,1,0.0
76,7,agent_1,1,0.0
76,6,agent_2,1,0.0
76,6,agent_1,1,0.0
76,14,agent_0,1,0.0
54,16,agent_0,0,0.0
76,12,agent_2,1,0.0
76,12,agent_0,1,0.0
76,11,agent_0,1,0.0
76,10,agent_2,1,0.0
76,10,agent_1,1,0.0
76,10,agent_0,1,0.0
54,17,agent_0,0,0.0
54,16,agent_2,1,0.0
76,13,agent_2,1,0.0
73,16,agent_1,1,0.0
73,16,agent_0,1,0.0
73,15,agent_2,1,0.0
73,21,agent_2,1,0.0
73,21,agent_1,1,0.0
73,20,agent_2,1,0.0
73,20,agent_1,0,0.0
75,9,agent_0,1,0.0
73,19,agent_2,1,0.0
73,19,agent_1,1,0.0
73,19,agent_0,1,0.0
73,6,agent_2,1,0.0
73,6,agent_1,1,0.0
73,6,agent_0,1,0.0
73,5,agent_2,0,0.0
73,5,agent_1,1,0.0
73,20,agent_0,1,0.0
73,11,agent_0,1,0.0
73,10,agent_2,1,0.0
73,10,agent_1,1,0.0
73,9,agent_2,1,0.0
55,11,agent_0,1,0.0
73,15,agent_1,1,0.0
73,15,agent_0,1,0.0
73,14,agent_2,0,0.0
73,16,agent_2,1,0.0
73,14,agent_0,1,0.0
73,13,agent_2,1,0.0
73,13,agent_1,1,0.0
73,13,agent_0,1,0.0
73,18,agent_2,1,0.0
73,18,agent_0,1,0.0
73,17,agent_2,1,0.0
73,17,agent_1,1,0.0
73,14,agent_1,1,0.0
55,10,agent_2,1,0.0
55,10,agent_0,1,0.0
55,9,agent_2,1,0.0
55,9,agent_0,1,0.0
55,8,agent_2,1,0.0
55,8,agent_1,1,0.0
55,8,agent_0,1,0.0
55,7,agent_2,1,0.0
73,4,agent_2,0,0.0
72,20,agent_0,0,0.0
72,19,agent_2,0,0.0
72,19,agent_1,1,0.0
72,19,agent_0,1,0.0
72,18,agent_2,1,0.0
72,18,agent_0,0,0.0
72,17,agent_2,0,0.0
72,23,agent_1,1,0.0
72,20,agent_2,0,0.0
73,4,agent_1,1,0.0
73,4,agent_0,1,0.0
55,2,agent_2,1,0.0
55,1,agent_2,1,0.0
73,9,agent_0,1,0.0
73,8,agent_2,1,0.0
73,8,agent_0,1,0.0
73,7,agent_2,1,0.0
55,3,agent_2,1,0.0
73,7,agent_0,1,0.0
55,7,agent_0,1,0.0
55,6,agent_2,0,0.0
55,6,agent_0,1,0.0
55,5,agent_2,1,0.0
55,5,agent_0,1,0.0
55,4,agent_2,1,0.0
55,4,agent_0,1,0.0
73,7,agent_1,1,0.0
74,14,agent_2,1,0.0
74,14,agent_1,1,0.0
74,21,agent_0,1,0.0
74,20,agent_2,1,0.0
74,20,agent_1,1,0.0
74,20,agent_0,1,0.0
74,19,agent_2,1,0.0
73,11,agent_2,1,0.0
74,18,agent_1,1,0.0
74,18,agent_0,1,0.0
74,23,agent_2,1,0.0
74,23,agent_1,1,0.0
74,23,agent_0,1,0.0
74,22,agent_2,1,0.0
74,22,agent_1,1,0.0
74,22,agent_0,1,0.0
74,19,agent_0,1,0.0
75,8,agent_2,0,0.0
75,8,agent_1,1,0.0
75,8,agent_0,1,0.0
75,7,agent_2,1,0.0
74,14,agent_0,1,0.0
74,13,agent_2,0,0.0
74,13,agent_1,1,0.0
74,13,agent_0,1,0.0
74,15,agent_1,1,0.0
74,12,agent_1,1,0.0
74,11,agent_2,0,0.0
74,11,agent_1,1,0.0
74,17,agent_1,1,0.0
74,17,agent_0,1,0.0
74,16,agent_2,0,0.0
74,16,agent_1,1,0.0
74,16,agent_0,1,0.0
74,12,agent_2,1,0.0
74,7,agent_1,1,0.0
74,6,agent_2,1,0.0
74,6,agent_0,1,0.0
74,5,agent_2,1,0.0
74,4,agent_1,1,0.0
74,4,agent_0,1,0.0
74,3,agent_2,1,0.0
74,11,agent_0,1,0.0
74,21,agent_2,1,0.0
74,10,agent_1,1,0.0
74,10,agent_0,1,0.0
74,9,agent_2,1,0.0
74,9,agent_1,1,0.0
74,9,agent_0,1,0.0
74,8,agent_0,0,0.0
73,12,agent_2,1,0.0
73,12,agent_0,1,0.0
74,10,agent_2,0,0.0
74,21,agent_1,1,0.0
74,0,agent_0,1,0.0
73,24,agent_2,1,0.0
73,24,agent_1,1,0.0
73,24,agent_0,1,0.0
73,23,agent_2,1,0.0
73,22,agent_2,1,0.0
73,22,agent_1,0,0.0
74,7,agent_2,1,0.0
74,3,agent_1,0,0.0
74,3,agent_0,1,0.0
74,2,agent_2,1,0.0
74,2,agent_1,0,0.0
74,1,agent_2,1,0.0
74,1,agent_1,0,0.0
74,0,agent_2,0,0.0
74,0,agent_1,0,0.0
73,22,agent_0,1,0.0
79,12,agent_0,1,0.0
79,11,agent_2,1,0.0
79,11,agent_1,1,0.0
79,10,agent_2,0,0.0
79,10,agent_0,1,0.0
79,9,agent_2,1,0.0
79,9,agent_0,1,0.0
76,18,agent_0,1,0.0
79,15,agent_1,0,0.0
79,14,agent_2,1,0.0
79,14,agent_1,0,0.0
79,14,agent_0,1,0.0
79,13,agent_2,1,0.0
79,13,agent_1,0,0.0
79,12,agent_2,0,0.0
79,12,agent_1,0,0.0
79,8,agent_2,1,0.0
53,23,agent_2,0,0.0
53,23,agent_1,1,0.0
54,3,agent_2,1,0.0
54,3,agent_1,1,0.0
54,2,agent_2,1,0.0
54,2,agent_1,1,0.0
54,2,agent_0,0,0.0
54,1,agent_2,1,0.0
79,5,agent_1,0,0.0
54,1,agent_0,0,0.0
79,8,agent_0,1,0.0
79,7,agent_2,1,0.0
79,7,agent_0,1,0.0
79,6,agent_2,1,0.0
79,6,agent_1,0,0.0
79,6,agent_0,0,0.0
79,5,agent_2,1,0.0
54,1,agent_1,0,0.0
78,23,agent_1,1,0.0
78,23,agent_0,1,0.0
78,22,agent_2,1,0.0
78,22,agent_1,1,0.0
79,2,agent_1,0,0.0
79,2,agent_0,0,0.0
79,1,agent_2,0,0.0
79,18,agent_0,1,0.0
79,1,agent_0,0,0.0
79,0,agent_2,0,0.0
79,0,agent_1,0,0.0
79,0,agent_0,0,0.0
79,5,agent_0,0,0.0
79,4,agent_2,1,0.0
79,4,agent_1,0,0.0
79,4,agent_0,0,0.0
79,1,agent_1,0,0.0
79,17,agent_2,1,0.0
79,17,agent_1,1,0.0
79,17,agent_0,1,0.0
79,16,agent_2,1,0.0
79,16,agent_1,1,0.0
79,16,agent_0,1,0.0
79,15,agent_2,1,0.0
78,22,agent_0,1,0.0
78,24,agent_0,1,0.0
78,21,agent_1,1,0.0
78,21,agent_0,1,0.0
78,20,agent_2,1,0.0
78,20,agent_1,1,0.0
78,20,agent_0,1,0.0
78,19,agent_2,1,0.0
78,24,agent_2,1,0.0
78,24,agent_1,1,0.0
78,21,agent_2,1,0.0
79,22,agent_1,1,0.0
79,21,agent_2,1,0.0
79,20,agent_2,1,0.0
79,20,agent_1,0,0.0
79,20,agent_0,1,0.0
79,19,agent_2,1,0.0
54,4,agent_1,1,0.0
53,24,agent_0,0,0.0
80,0,agent_2,0,0.0
80,0,agent_1,0,0.0
80,0,agent_0,1,0.0
79,24,agent_2,0,0.0
79,24,agent_1,1,0.0
79,24,agent_0,1,0.0
79,23,agent_2,1,0.0
80,4,agent_0,1,0.0
80,1,agent_0,1,0.0
80,12,agent_1,0,0.0
80,18,agent_0,1,0.0
80,17,agent_2,1,0.0
80,17,agent_1,0,0.0
80,17,agent_0,1,0.0
80,16,agent_2,1,0.0
80,16,agent_1,0,0.0
80,15,agent_2,1,0.0
79,22,agent_2,1,0.0
80,20,agent_2,0,0.0
80,20,agent_1,1,0.0
80,20,agent_0,1,0.0
80,19,agent_2,1,0.0
80,19,agent_1,1,0.0
80,19,agent_0,1,0.0
80,18,agent_2,1,0.0
80,18,agent_1,1,0.0
80,15,agent_1,0,0.0
79,19,agent_1,0,0.0
79,19,agent_0,1,0.0
79,18,agent_2,1,0.0
79,18,agent_1,0,0.0
53,23,agent_0,1,0.0
53,22,agent_2,0,0.0
53,22,agent_1,1,0.0
53,22,agent_0,1,0.0
80,3,agent_2,0,0.0
53,21,agent_1,1,0.0
53,21,agent_0,1,0.0
53,20,agent_2,1,0.0
54,0,agent_2,1,0.0
54,0,agent_1,0,0.0
54,0,agent_0,0,0.0
53,24,agent_2,1,0.0
53,24,agent_1,1,0.0
53,21,agent_2,0,0.0
80,3,agent_1,1,0.0
80,3,agent_0,1,0.0
80,2,agent_2,1,0.0
80,2,agent_1,1,0.0
80,2,agent_0,1,0.0
80,1,agent_1,1,0.0
80,7,agent_0,1,0.0
80,6,agent_2,0,0.0
53,19,agent_0,1,0.0
80,6,agent_0,1,0.0
80,5,agent_2,0,0.0
80,5,agent_1,0,0.0
80,5,agent_0,1,0.0
80,4,agent_1,1,0.0
53,20,agent_1,1,0.0
53,20,agent_0,1,0.0
53,19,agent_1,1,0.0
80,6,agent_1,0,0.0
54,14,agent_2,1,0.0
54,14,agent_1,1,0.0
54,14,agent_0,1,0.0
54,13,agent_2,1,0.0
54,13,agent_1,1,0.0
54,13,agent_0,0,0.0
54,12,agent_2,0,0.0
79,3,agent_2,1,0.0
77,2,agent_1,0,0.0
77,2,agent_0,0,0.0
77,1,agent_2,0,0.0
77,1,agent_1,0,0.0
77,1,agent_0,0,0.0
77,0,agent_2,0,0.0
77,0,agent_1,0,0.0
77,0,agent_0,0,0.0
54,12,agent_1,1,0.0
77,15,agent_0,0,0.0
77,14,agent_2,1,0.0
54,9,agent_0,1,0.0
54,8,agent_2,1,0.0
54,8,agent_1,1,0.0
54,8,agent_0,1,0.0
54,7,agent_1,1,0.0
54,7,agent_0,1,0.0
54,9,agent_1,1,0.0
54,6,agent_1,1,0.0
54,12,agent_0,1,0.0
54,11,agent_1,1,0.0
54,11,agent_0,1,0.0
54,10,agent_2,1,0.0
54,10,agent_1,1,0.0
54,10,agent_0,1,0.0
54,9,agent_2,1,0.0
54,6,agent_2,1,0.0
77,12,agent_2,1,0.0
77,12,agent_0,1,0.0
77,11,agent_2,0,0.0
77,11,agent_1,1,0.0
77,10,agent_2,1,0.0
76,16,agent_2,0,0.0
76,16,agent_1,1,0.0
76,16,agent_0,1,0.0
77,5,agent_1,1,0.0
76,15,agent_1,1,0.0
76,15,agent_0,1,0.0
76,14,agent_2,1,0.0
76,14,agent_1,1,0.0
76,19,agent_1,1,0.0
76,19,agent_0,1,0.0
76,18,agent_2,0,0.0
76,18,agent_1,1,0.0
76,15,agent_2,0,0.0
77,5,agent_0,0,0.0
77,4,agent_2,1,0.0
77,4,agent_0,0,0.0
77,3,agent_2,0,0.0
77,3,agent_1,0,0.0
77,3,agent_0,0,0.0
77,2,agent_2,1,0.0
77,9,agent_2,0,0.0
77,13,agent_0,0,0.0
77,8,agent_2,1,0.0
77,7,agent_2,0,0.0
77,7,agent_1,1,0.0
77,6,agent_1,1,0.0
77,6,agent_0,1,0.0
77,5,agent_2,0,0.0
77,14,agent_0,0,0.0
77,13,agent_2,0,0.0
77,9,agent_0,1,0.0
78,15,agent_1,1,0.0
78,15,agent_0,1,0.0
78,14,agent_2,1,0.0
78,14,agent_1,1,0.0
78,14,agent_0,1,0.0
78,13,agent_2,1,0.0
78,13,agent_1,1,0.0
77,15,agent_1,1,0.0
78,19,agent_1,1,0.0
78,19,agent_0,1,0.0
78,18,agent_2,1,0.0
78,18,agent_0,1,0.0
78,17,agent_2,1,0.0
78,17,agent_0,1,0.0
78,16,agent_2,1,0.0
78,15,agent_2,1,0.0
78,13,agent_0,0,0.0
79,3,agent_1,0,0.0
79,3,agent_0,0,0.0
79,2,agent_2,1,0.0
78,9,agent_0,0,0.0
78,8,agent_2,1,0.0
78,8,agent_1,1,0.0
78,8,agent_0,1,0.0
78,7,agent_0,0,0.0
78,9,agent_1,1,0.0
78,6,agent_0,1,0.0
78,5,agent_1,1,0.0
78,12,agent_1,1,0.0
78,12,agent_0,1,0.0
78,11,agent_2,0,0.0
78,11,agent_0,0,0.0
78,10,agent_2,1,0.0
78,9,agent_2,1,0.0
78,6,agent_1,1,0.0
78,0,agent_2,1,0.0
78,0,agent_1,0,0.0
78,0,agent_0,1,0.0
77,24,agent_2,1,0.0
78,5,agent_0,1,0.0
78,4,agent_2,1,0.0
78,4,agent_1,1,0.0
78,4,agent_0,1,0.0
77,21,agent_1,1,0.0
78,3,agent_0,1,0.0
78,2,agent_2,1,0.0
78,2,agent_1,1,0.0
54,5,agent_2,1,0.0
54,5,agent_1,1,0.0
54,4,agent_2,1,0.0
77,16,agent_0,0,0.0
77,15,agent_2,0,0.0
78,3,agent_1,0,0.0
77,21,agent_0,1,0.0
77,19,agent_2,0,0.0
77,19,agent_1,1,0.0
77,18,agent_1,1,0.0
77,17,agent_2,0,0.0
77,17,agent_0,1,0.0
54,15,agent_0,1,0.0
77,24,agent_1,1,0.0
78,1,agent_0,1,0.0
77,23,agent_2,0,0.0
77,23,agent_0,0,0.0
77,22,agent_2,1,0.0
77,22,agent_0,0,0.0
77,21,agent_2,0,0.0
78,2,agent_0,1,0.0
78,1,agent_2,1,0.0
78,1,agent_1,0,0.0
77,24,agent_0,0,0.0
158,14,agent_2,1,0.0
158,14,agent_1,1,0.0
158,14,agent_0,1,0.0
158,13,agent_2,1,0.0
158,18,agent_2,1,0.0
158,18,agent_1,1,0.0
158,18,agent_0,1,0.0
44,18,agent_1,1,0.0
158,17,agent_1,1,0.0
158,17,agent_0,1,0.0
158,16,agent_2,1,0.0
158,16,agent_1,1,0.0
158,21,agent_1,1,0.0
158,21,agent_0,1,0.0
158,20,agent_2,0,0.0
158,20,agent_1,1,0.0
158,17,agent_2,1,0.0
159,7,agent_2,0,0.0
159,7,agent_1,1,0.0
159,6,agent_2,1,0.0
159,6,agent_1,1,0.0
159,6,agent_0,1,0.0
159,5,agent_2,0,0.0
159,12,agent_0,1,0.0
159,11,agent_1,1,0.0
158,15,agent_0,1,0.0
159,10,agent_2,0,0.0
159,10,agent_0,1,0.0
159,9,agent_2,0,0.0
159,9,agent_1,1,0.0
159,9,agent_0,1,0.0
158,16,agent_0,1,0.0
158,15,agent_2,1,0.0
158,15,agent_1,1,0.0
159,11,agent_0,1,0.0
157,24,agent_1,1,0.0
158,5,agent_0,1,0.0
158,4,agent_1,0,0.0
158,4,agent_0,0,0.0
158,3,agent_2,1,0.0
158,3,agent_1,1,0.0
158,2,agent_2,0,0.0
158,20,agent_0,1,0.0
158,2,agent_0,0,0.0
158,7,agent_2,0,0.0
158,7,agent_1,0,0.0
158,7,agent_0,0,0.0
158,6,agent_2,0,0.0
158,6,agent_1,1,0.0
158,6,agent_0,0,0.0
158,5,agent_2,0,0.0
158,2,agent_1,0,0.0
158,19,agent_2,1,0.0
158,19,agent_1,1,0.0
158,19,agent_0,1,0.0
158,24,agent_0,1,0.0
158,23,agent_2,1,0.0
158,23,agent_1,0,0.0
158,23,agent_0,1,0.0
158,22,agent_2,0,0.0
157,24,agent_2,1,0.0
158,22,agent_0,1,0.0
158,21,agent_2,1,0.0
158,1,agent_2,0,0.0
158,1,agent_1,1,0.0
158,1,agent_0,0,0.0
158,0,agent_2,0,0.0
158,0,agent_1,0,0.0
158,0,agent_0,0,0.0
158,22,agent_1,1,0.0
160,0,agent_0,0,0.0
159,24,agent_2,1,0.0
159,24,agent_1,1,0.0
35,0,agent_2,0,0.0
35,0,agent_1,0,0.0
35,0,agent_0,0,0.0
34,24,agent_2,1,0.0
159,8,agent_0,1,0.0
159,13,agent_2,1,0.0
159,13,agent_1,1,0.0
159,12,agent_2,0,0.0
35,3,agent_1,0,0.0
35,3,agent_0,0,0.0
35,2,agent_2,0,0.0
35,2,agent_1,0,0.0
35,2,agent_0,0,0.0
159,14,agent_0,1,0.0
159,18,agent_2,1,0.0
159,18,agent_0,1,0.0
159,17,agent_2,1,0.0
159,17,agent_1,1,0.0
159,17,agent_0,1,0.0
159,24,agent_0,1,0.0
159,23,agent_2,1,0.0
159,23,agent_1,1,0.0
160,0,agent_1,0,0.0
159,22,agent_1,1,0.0
159,22,agent_0,1,0.0
159,21,agent_1,1,0.0
159,21,agent_0,1,0.0
160,1,agent_2,0,0.0
160,1,agent_1,1,0.0
160,1,agent_0,0,0.0
160,0,agent_2,0,0.0
159,22,agent_2,1,0.0
159,1,agent_2,1,0.0
159,1,agent_1,1,0.0
159,1,agent_0,1,0.0
159,0,agent_2,1,0.0
159,0,agent_1,1,0.0
159,0,agent_0,1,0.0
158,24,agent_2,1,0.0
158,24,agent_1,0,0.0
35,1,agent_2,0,0.0
159,5,agent_0,1,0.0
159,4,agent_2,1,0.0
159,4,agent_0,1,0.0
159,3,agent_2,0,0.0
159,3,agent_0,1,0.0
159,2,agent_2,1,0.0
159,2,agent_0,1,0.0
159,8,agent_2,1,0.0
159,5,agent_1,1,0.0
35,1,agent_1,0,0.0
35,1,agent_0,0,0.0
35,6,agent_0,0,0.0
35,5,agent_2,1,0.0
35,5,agent_1,0,0.0
35,5,agent_0,1,0.0
35,4,agent_2,0,0.0
35,4,agent_1,0,0.0
35,6,agent_1,0,0.0
35,3,agent_2,0,0.0
35,9,agent_0,1,0.0
35,8,agent_2,1,0.0
35,8,agent_1,0,0.0
35,8,agent_0,1,0.0
35,7,agent_2,1,0.0
35,7,agent_1,0,0.0
35,6,agent_2,0,0.0
35,4,agent_0,0,0.0
157,0,agent_2,0,0.0
157,0,agent_1,0,0.0
157,0,agent_0,0,0.0
156,24,agent_2,1,0.0
156,24,agent_1,1,0.0
156,24,agent_0,1,0.0
156,23,agent_2,1,0.0
158,5,agent_1,1,0.0
157,6,agent_0,1,0.0
157,5,agent_2,1,0.0
157,5,agent_1,1,0.0
157,3,agent_1,1,0.0
157,2,agent_1,0,0.0
157,1,agent_2,0,0.0
157,1,agent_1,0,0.0
156,7,agent_2,0,0.0
157,6,agent_2,1,0.0
35,18,agent_2,1,0.0
156,20,agent_0,0,0.0
156,19,agent_2,1,0.0
156,19,agent_1,1,0.0
156,18,agent_2,1,0.0
156,18,agent_1,1,0.0
156,18,agent_0,1,0.0
156,17,agent_2,1,0.0
157,1,agent_0,1,0.0
156,23,agent_1,1,0.0
156,22,agent_2,1,0.0
156,22,agent_1,1,0.0
156,22,agent_0,0,0.0
156,21,agent_2,1,0.0
156,21,agent_1,1,0.0
156,20,agent_2,0,0.0
156,20,agent_1,1,0.0
156,17,agent_1,1,0.0
156,12,agent_1,1,0.0
156,12,agent_0,1,0.0
156,11,agent_2,1,0.0
156,11,agent_1,1,0.0
156,17,agent_0,1,0.0
156,16,agent_2,1,0.0
156,16,agent_1,1,0.0
156,7,agent_1,0,0.0
156,15,agent_2,1,0.0
156,15,agent_1,1,0.0
156,15,agent_0,1,0.0
156,14,agent_2,1,0.0
35,22,agent_2,0,0.0
35,22,agent_1,1,0.0
35,22,agent_0,1,0.0
35,21,agent_2,0,0.0
156,16,agent_0,1,0.0
156,7,agent_0,1,0.0
156,6,agent_2,1,0.0
156,6,agent_1,1,0.0
156,5,agent_0,1,0.0
156,4,agent_2,1,0.0
156,4,agent_0,1,0.0
156,10,agent_2,1,0.0
156,10,agent_1,1,0.0
156,12,agent_2,1,0.0
156,9,agent_2,1,0.0
156,9,agent_0,1,0.0
156,8,agent_2,0,0.0
156,8,agent_1,1,0.0
156,8,agent_0,1,0.0
156,14,agent_1,1,0.0
156,14,agent_0,1,0.0
156,13,agent_1,1,0.0
156,10,agent_0,0,0.0
157,17,agent_1,1,0.0
157,17,agent_0,1,0.0
157,16,agent_1,1,0.0
157,16,agent_0,1,0.0
157,15,agent_2,1,0.0
157,15,agent_1,1,0.0
157,20,agent_2,1,0.0
35,19,agent_0,1,0.0
157,20,agent_0,1,0.0
157,19,agent_2,1,0.0
157,19,agent_1,1,0.0
157,19,agent_0,1,0.0
157,18,agent_2,1,0.0
157,18,agent_1,1,0.0
157,24,agent_0,1,0.0
157,23,agent_1,1,0.0
157,20,agent_1,1,0.0
158,12,agent_2,1,0.0
158,12,agent_0,1,0.0
158,11,agent_2,0,0.0
158,10,agent_2,0,0.0
158,10,agent_0,1,0.0
158,9,agent_2,1,0.0
158,8,agent_2,0,0.0
158,8,agent_0,0,0.0
157,17,agent_2,1,0.0
157,14,agent_2,1,0.0
157,14,agent_1,1,0.0
157,14,agent_0,1,0.0
157,13,agent_2,1,0.0
157,13,agent_1,1,0.0
157,13,agent_0,1,0.0
157,12,agent_2,1,0.0
157,18,agent_0,1,0.0
157,15,agent_0,1,0.0
35,10,agent_1,1,0.0
157,10,agent_2,1,0.0
157,10,agent_1,1,0.0
35,18,agent_0,1,0.0
35,17,agent_1,1,0.0
35,16,agent_2,1,0.0
35,16,agent_1,1,0.0
35,15,agent_2,0,0.0
157,23,agent_0,1,0.0
35,13,agent_1,1,0.0
35,13,agent_0,1,0.0
157,12,agent_0,1,0.0
157,11,agent_0,1,0.0
35,20,agent_2,0,0.0
35,20,agent_0,1,0.0
35,19,agent_2,1,0.0
35,19,agent_1,1,0.0
35,14,agent_1,1,0.0
157,22,agent_2,1,0.0
157,22,agent_1,1,0.0
157,22,agent_0,1,0.0
157,21,agent_1,1,0.0
157,21,agent_0,1,0.0
157,10,agent_0,1,0.0
157,9,agent_2,1,0.0
157,9,agent_0,1,0.0
35,11,agent_1,1,0.0
157,8,agent_0,1,0.0
157,7,agent_2,1,0.0
157,7,agent_1,1,0.0
157,7,agent_0,1,0.0
35,12,agent_2,1,0.0
35,12,agent_1,1,0.0
35,12,agent_0,1,0.0
35,11,agent_2,1,0.0
157,8,agent_2,1,0.0
34,13,agent_2,1,0.0
34,13,agent_0,1,0.0
162,8,agent_2,1,0.0
162,8,agent_1,0,0.0
162,8,agent_0,1,0.0
162,7,agent_2,1,0.0
162,7,agent_1,0,0.0
159,19,agent_0,1,0.0
162,6,agent_1,1,0.0
162,6,agent_0,0,0.0
162,12,agent_2,1,0.0
162,11,agent_2,1,0.0
162,11,agent_1,1,0.0
162,10,agent_2,1,0.0
162,10,agent_1,1,0.0
162,9,agent_2,1,0.0
162,7,agent_0,0,0.0
163,0,agent_2,0,0.0
163,0,agent_1,0,0.0
162,24,agent_2,0,0.0
162,24,agent_1,1,0.0
163,5,agent_1,1,0.0
163,4,agent_2,1,0.0
163,4,agent_1,1,0.0
163,4,agent_0,0,0.0
162,3,agent_1,0,0.0
163,3,agent_1,1,0.0
163,2,agent_2,1,0.0
163,2,agent_1,1,0.0
162,5,agent_2,1,0.0
162,5,agent_0,1,0.0
162,4,agent_2,1,0.0
162,4,agent_0,1,0.0
162,3,agent_2,0,0.0
163,3,agent_2,1,0.0
34,4,agent_2,0,0.0
34,4,agent_1,0,0.0
34,4,agent_0,1,0.0
34,3,agent_2,1,0.0
34,3,agent_1,0,0.0
162,3,agent_0,0,0.0
162,2,agent_2,1,0.0
162,9,agent_1,0,0.0
34,8,agent_1,0,0.0
34,8,agent_0,0,0.0
34,7,agent_2,1,0.0
34,7,agent_0,0,0.0
34,6,agent_2,1,0.0
34,6,agent_0,0,0.0
34,5,agent_2,0,0.0
34,12,agent_1,1,0.0
34,9,agent_0,0,0.0
162,9,agent_0,1,0.0
162,17,agent_0,1,0.0
162,16,agent_2,1,0.0
162,15,agent_2,0,0.0
162,15,agent_0,1,0.0
162,14,agent_1,1,0.0
162,14,agent_0,1,0.0
162,13,agent_2,1,0.0
34,5,agent_0,0,0.0
162,2,agent_1,0,0.0
162,2,agent_0,0,0.0
162,1,agent_2,0,0.0
162,1,agent_1,1,0.0
162,1,agent_0,0,0.0
162,0,agent_2,1,0.0
162,0,agent_0,0,0.0
161,24,agent_2,1,0.0
162,13,agent_1,1,0.0
163,19,agent_1,1,0.0
163,8,agent_2,1,0.0
163,8,agent_0,1,0.0
163,7,agent_2,1,0.0
163,7,agent_1,1,0.0
163,7,agent_0,1,0.0
163,6,agent_2,1,0.0
163,1,agent_0,1,0.0
163,5,agent_2,1,0.0
33,20,agent_2,0,0.0
33,20,agent_0,1,0.0
33,19,agent_2,0,0.0
33,19,agent_0,1,0.0
33,18,agent_0,1,0.0
163,10,agent_0,1,0.0
163,9,agent_1,1,0.0
163,6,agent_1,1,0.0
163,14,agent_1,1,0.0
163,13,agent_2,1,0.0
163,13,agent_1,1,0.0
163,19,agent_0,1,0.0
163,18,agent_2,1,0.0
163,18,agent_1,1,0.0
163,18,agent_0,0,0.0
163,17,agent_1,1,0.0
163,19,agent_2,0,0.0
163,16,agent_2,0,0.0
163,16,agent_1,1,0.0
163,22,agent_2,1,0.0
163,22,agent_0,1,0.0
163,21,agent_2,1,0.0
163,21,agent_0,1,0.0
163,20,agent_2,1,0.0
163,20,agent_1,0,0.0
163,17,agent_0,1,0.0
162,19,agent_1,1,0.0
162,19,agent_0,1,0.0
162,18,agent_1,1,0.0
162,18,agent_0,1,0.0
162,17,agent_2,1,0.0
162,17,agent_1,1,0.0
162,24,agent_0,1,0.0
162,23,agent_2,0,0.0
163,9,agent_0,1,0.0
162,23,agent_0,1,0.0
162,22,agent_0,1,0.0
162,21,agent_2,1,0.0
162,21,agent_0,1,0.0
162,20,agent_2,1,0.0
163,2,agent_0,1,0.0
163,1,agent_2,0,0.0
163,1,agent_1,1,0.0
162,23,agent_1,1,0.0
33,24,agent_1,1,0.0
33,24,agent_0,1,0.0
33,23,agent_2,0,0.0
33,23,agent_0,1,0.0
33,22,agent_2,0,0.0
33,22,agent_0,1,0.0
33,21,agent_2,0,0.0
33,21,agent_0,1,0.0
162,19,agent_2,1,0.0
34,1,agent_2,0,0.0
34,1,agent_1,0,0.0
34,1,agent_0,0,0.0
34,0,agent_2,0,0.0
34,0,agent_1,0,0.0
34,0,agent_0,0,0.0
33,24,agent_2,0,0.0
162,20,agent_0,1,0.0
34,2,agent_0,0,0.0
34,14,agent_2,1,0.0
34,14,agent_0,1,0.0
34,23,agent_0,1,0.0
34,22,agent_2,0,0.0
34,21,agent_2,1,0.0
34,21,agent_0,1,0.0
34,20,agent_2,1,0.0
34,11,agent_2,0,0.0
34,19,agent_0,1,0.0
34,18,agent_2,1,0.0
160,4,agent_2,0,0.0
160,4,agent_1,1,0.0
160,4,agent_0,0,0.0
160,3,agent_2,0,0.0
160,3,agent_1,1,0.0
160,2,agent_2,1,0.0
34,19,agent_2,1,0.0
160,16,agent_0,1,0.0
160,15,agent_2,0,0.0
160,15,agent_0,1,0.0
160,14,agent_0,1,0.0
160,21,agent_0,1,0.0
160,20,agent_2,1,0.0
160,20,agent_0,1,0.0
160,19,agent_2,1,0.0
34,15,agent_0,1,0.0
160,18,agent_2,0,0.0
160,18,agent_0,1,0.0
160,17,agent_2,1,0.0
34,18,agent_0,1,0.0
34,17,agent_2,0,0.0
34,16,agent_1,1,0.0
34,15,agent_2,1,0.0
34,15,agent_1,1,0.0
160,19,agent_0,1,0.0
160,13,agent_0,1,0.0
160,12,agent_2,1,0.0
160,12,agent_1,1,0.0
160,12,agent_0,1,0.0
160,11,agent_2,1,0.0
160,11,agent_1,1,0.0
160,11,agent_0,1,0.0
159,16,agent_2,0,0.0
160,2,agent_1,1,0.0
159,15,agent_2,1,0.0
159,15,agent_1,1,0.0
159,15,agent_0,1,0.0
159,14,agent_2,0,0.0
35,9,agent_2,1,0.0
35,9,agent_1,0,0.0
159,20,agent_2,1,0.0
159,19,agent_1,1,0.0
159,16,agent_0,1,0.0
160,2,agent_0,1,0.0
160,7,agent_1,1,0.0
160,7,agent_0,1,0.0
160,6,agent_2,1,0.0
160,6,agent_1,1,0.0
160,6,agent_0,0,0.0
160,5,agent_2,1,0.0
160,5,agent_1,1,0.0
160,13,agent_2,0,0.0
160,10,agent_2,1,0.0
160,10,agent_1,1,0.0
160,10,agent_0,1,0.0
160,9,agent_1,1,0.0
160,8,agent_2,1,0.0
160,8,agent_1,0,0.0
160,8,agent_0,1,0.0
160,7,agent_2,0,0.0
160,5,agent_0,0,0.0
161,15,agent_2,1,0.0
161,15,agent_0,1,0.0
161,14,agent_2,1,0.0
161,21,agent_0,1,0.0
161,20,agent_2,1,0.0
161,20,agent_1,1,0.0
161,20,agent_0,1,0.0
160,16,agent_1,1,0.0
161,19,agent_0,1,0.0
161,18,agent_2,1,0.0
161,18,agent_1,1,0.0
161,24,agent_1,1,0.0
161,24,agent_0,1,0.0
161,23,agent_1,0,0.0
161,23,agent_0,1,0.0
161,22,agent_1,0,0.0
161,19,agent_2,1,0.0
34,11,agent_0,0,0.0
34,10,agent_2,0,0.0
34,10,agent_1,1,0.0
34,10,agent_0,0,0.0
34,9,agent_1,1,0.0
161,14,agent_0,1,0.0
161,13,agent_2,1,0.0
161,13,agent_0,1,0.0
161,16,agent_0,1,0.0
161,12,agent_0,1,0.0
161,11,agent_2,1,0.0
161,11,agent_1,1,0.0
161,10,agent_2,1,0.0
161,18,agent_0,1,0.0
161,17,agent_1,1,0.0
161,17,agent_0,1,0.0
161,16,agent_1,1,0.0
161,12,agent_2,1,0.0
161,5,agent_0,1,0.0
161,4,agent_2,1,0.0
161,4,agent_1,0,0.0
161,3,agent_2,0,0.0
161,3,agent_1,0,0.0
161,2,agent_2,0,0.0
161,2,agent_1,0,0.0
161,10,agent_1,1,0.0
161,22,agent_0,1,0.0
161,9,agent_1,1,0.0
161,9,agent_0,1,0.0
161,8,agent_2,0,0.0
161,8,agent_1,0,0.0
161,7,agent_0,1,0.0
161,6,agent_1,0,0.0
160,17,agent_1,1,0.0
160,17,agent_0,1,0.0
161,10,agent_0,1,0.0
161,21,agent_2,1,0.0
161,21,agent_1,0,0.0
160,23,agent_1,1,0.0
160,23,agent_0,1,0.0
160,22,agent_2,1,0.0
160,22,agent_0,1,0.0
34,24,agent_1,1,0.0
34,24,agent_0,1,0.0
161,5,agent_2,1,0.0
161,1,agent_2,0,0.0
161,1,agent_1,0,0.0
161,0,agent_2,0,0.0
161,0,agent_1,0,0.0
161,0,agent_0,1,0.0
160,24,agent_2,1,0.0
160,24,agent_1,1,0.0
160,24,agent_0,1,0.0
34,23,agent_2,1,0.0
37,2,agent_2,1,0.0
37,2,agent_0,0,0.0
37,1,agent_1,1,0.0
37,1,agent_0,0,0.0
37,0,agent_1,1,0.0
37,0,agent_0,0,0.0
36,24,agent_2,1,0.0
35,21,agent_1,1,0.0
150,24,agent_0,1,0.0
150,23,agent_2,1,0.0
150,23,agent_1,1,0.0
150,23,agent_0,0,0.0
150,22,agent_2,0,0.0
150,22,agent_1,1,0.0
151,2,agent_0,1,0.0
151,1,agent_2,0,0.0
150,24,agent_1,1,0.0
151,8,agent_1,1,0.0
36,20,agent_2,1,0.0
36,20,agent_1,0,0.0
36,20,agent_0,1,0.0
36,19,agent_1,1,0.0
36,19,agent_0,1,0.0
36,18,agent_2,1,0.0
36,18,agent_1,1,0.0
151,12,agent_0,1,0.0
36,24,agent_1,1,0.0
36,24,agent_0,1,0.0
36,23,agent_2,1,0.0
36,23,agent_0,1,0.0
36,22,agent_2,1,0.0
36,22,agent_0,1,0.0
36,21,agent_1,1,0.0
36,21,agent_0,1,0.0
36,18,agent_0,1,0.0
151,6,agent_1,1,0.0
151,6,agent_0,1,0.0
151,5,agent_2,0,0.0
150,12,agent_0,1,0.0
150,11,agent_2,1,0.0
150,11,agent_0,1,0.0
150,10,agent_2,1,0.0
151,1,agent_1,0,0.0
150,10,agent_0,1,0.0
150,9,agent_2,1,0.0
150,9,agent_1,0,0.0
150,15,agent_1,1,0.0
150,15,agent_0,0,0.0
150,14,agent_2,1,0.0
150,14,agent_1,1,0.0
150,14,agent_0,1,0.0
150,10,agent_1,1,0.0
151,1,agent_0,0,0.0
151,0,agent_2,0,0.0
151,0,agent_1,0,0.0
151,0,agent_0,0,0.0
150,24,agent_2,0,0.0
151,5,agent_1,1,0.0
151,5,agent_0,1,0.0
151,4,agent_1,1,0.0
151,6,agent_2,1,0.0
151,3,agent_1,0,0.0
151,3,agent_0,0,0.0
151,2,agent_2,0,0.0
151,2,agent_1,0,0.0
151,8,agent_0,1,0.0
151,7,agent_2,0,0.0
151,7,agent_1,1,0.0
151,7,agent_0,1,0.0
151,4,agent_0,1,0.0
152,6,agent_2,1,0.0
152,6,agent_1,1,0.0
152,6,agent_0,0,0.0
152,5,agent_2,1,0.0
152,5,agent_1,1,0.0
152,5,agent_0,0,0.0
152,10,agent_0,1,0.0
151,9,agent_0,1,0.0
152,9,agent_1,0,0.0
152,9,agent_0,1,0.0
152,8,agent_2,1,0.0
152,8,agent_1,1,0.0
152,8,agent_0,0,0.0
152,7,agent_2,1,0.0
151,15,agent_0,1,0.0
151,14,agent_2,1,0.0
152,9,agent_2,0,0.0
152,1,agent_2,0,0.0
152,1,agent_1,0,0.0
152,1,agent_0,0,0.0
152,0,agent_2,1,0.0
152,0,agent_1,0,0.0
152,0,agent_0,0,0.0
151,24,agent_2,1,0.0
151,24,agent_1,1,0.0
152,7,agent_0,0,0.0
152,4,agent_1,1,0.0
152,4,agent_0,0,0.0
152,3,agent_1,1,0.0
152,3,agent_0,0,0.0
152,2,agent_2,0,0.0
152,2,agent_1,0,0.0
152,2,agent_0,0,0.0
152,7,agent_1,1,0.0
152,4,agent_2,1,0.0
151,19,agent_0,1,0.0
151,18,agent_1,1,0.0
151,18,agent_0,1,0.0
151,24,agent_0,1,0.0
151,23,agent_2,1,0.0
151,23,agent_1,1,0.0
151,23,agent_0,1,0.0
151,22,agent_2,1,0.0
151,14,agent_1,0,0.0
151,22,agent_0,1,0.0
151,21,agent_2,1,0.0
36,17,agent_1,1,0.0
151,11,agent_0,1,0.0
151,10,agent_2,1,0.0
151,10,agent_0,1,0.0
151,9,agent_2,0,0.0
151,9,agent_1,1,0.0
151,22,agent_1,1,0.0
151,14,agent_0,1,0.0
151,13,agent_1,1,0.0
151,13,agent_0,1,0.0
151,12,agent_2,1,0.0
151,12,agent_1,0,0.0
151,17,agent_2,0,0.0
151,17,agent_1,1,0.0
151,17,agent_0,1,0.0
151,19,agent_2,1,0.0
151,16,agent_1,1,0.0
151,16,agent_0,1,0.0
151,15,agent_2,1,0.0
151,15,agent_1,1,0.0
151,21,agent_1,1,0.0
151,21,agent_0,1,0.0
151,20,agent_2,1,0.0
151,20,agent_0,1,0.0
151,16,agent_2,1,0.0
149,3,agent_0,0,0.0
149,9,agent_0,1,0.0
149,8,agent_2,1,0.0
149,8,agent_1,1,0.0
149,8,agent_0,1,0.0
149,7,agent_1,0,0.0
149,7,agent_0,1,0.0
150,13,agent_0,1,0.0
149,6,agent_1,0,0.0
149,11,agent_2,1,0.0
149,11,agent_1,1,0.0
149,11,agent_0,1,0.0
149,10,agent_2,1,0.0
149,10,agent_1,0,0.0
149,10,agent_0,1,0.0
149,9,agent_2,1,0.0
149,6,agent_2,1,0.0
37,8,agent_0,1,0.0
37,7,agent_2,1,0.0
37,7,agent_0,1,0.0
149,19,agent_0,1,0.0
37,13,agent_1,1,0.0
37,12,agent_2,0,0.0
37,12,agent_1,1,0.0
37,12,agent_0,1,0.0
149,3,agent_1,0,0.0
37,11,agent_0,1,0.0
37,10,agent_2,1,0.0
149,6,agent_0,1,0.0
149,5,agent_2,1,0.0
149,5,agent_1,0,0.0
149,5,agent_0,1,0.0
149,4,agent_2,1,0.0
149,4,agent_0,0,0.0
37,11,agent_2,0,0.0
148,20,agent_1,1,0.0
148,19,agent_2,1,0.0
148,19,agent_1,1,0.0
148,19,agent_0,1,0.0
148,18,agent_2,1,0.0
148,18,agent_1,1,0.0
149,0,agent_0,0,0.0
148,24,agent_2,1,0.0
149,9,agent_1,1,0.0
148,24,agent_0,1,0.0
148,23,agent_2,1,0.0
148,23,agent_1,1,0.0
148,22,agent_2,1,0.0
148,22,agent_1,1,0.0
149,2,agent_2,1,0.0
149,2,agent_1,0,0.0
149,2,agent_0,0,0.0
148,24,agent_1,1,0.0
149,15,agent_2,1,0.0
149,15,agent_0,1,0.0
149,14,agent_1,1,0.0
149,14,agent_0,1,0.0
149,13,agent_0,1,0.0
149,12,agent_2,1,0.0
149,12,agent_1,1,0.0
149,12,agent_0,1,0.0
148,20,agent_2,1,0.0
148,17,agent_1,1,0.0
148,16,agent_2,1,0.0
148,16,agent_1,1,0.0
148,15,agent_2,1,0.0
148,15,agent_1,1,0.0
148,15,agent_0,1,0.0
148,14,agent_1,1,0.0
148,21,agent_2,1,0.0
148,17,agent_2,1,0.0
149,23,agent_1,1,0.0
149,23,agent_0,1,0.0
149,22,agent_2,1,0.0
149,22,agent_0,1,0.0
149,21,agent_2,0,0.0
149,21,agent_0,1,0.0
149,20,agent_2,0,0.0
37,8,agent_1,1,0.0
150,1,agent_2,1,0.0
150,1,agent_1,1,0.0
150,0,agent_2,0,0.0
150,0,agent_1,0,0.0
149,24,agent_2,1,0.0
149,24,agent_1,1,0.0
149,24,agent_0,1,0.0
149,23,agent_2,1,0.0
149,20,agent_0,1,0.0
150,12,agent_2,1,0.0
150,12,agent_1,1,0.0
150,18,agent_1,1,0.0
150,18,agent_0,0,0.0
150,17,agent_2,1,0.0
150,17,agent_1,1,0.0
150,17,agent_0,0,0.0
150,16,agent_2,1,0.0
150,18,agent_2,1,0.0
150,16,agent_0,0,0.0
150,21,agent_2,1,0.0
150,21,agent_1,1,0.0
150,21,agent_0,0,0.0
150,20,agent_2,0,0.0
150,20,agent_1,1,0.0
150,19,agent_1,1,0.0
150,19,agent_0,1,0.0
150,16,agent_1,1,0.0
149,17,agent_2,1,0.0
149,17,agent_0,1,0.0
149,16,agent_2,1,0.0
149,16,agent_1,1,0.0
149,16,agent_0,1,0.0
37,6,agent_2,1,0.0
37,6,agent_0,1,0.0
37,5,agent_2,1,0.0
150,4,agent_1,1,0.0
37,4,agent_2,1,0.0
37,4,agent_0,1,0.0
37,3,agent_2,1,0.0
37,3,agent_1,0,0.0
37,10,agent_0,1,0.0
37,9,agent_2,1,0.0
37,9,agent_0,1,0.0
37,8,agent_2,0,0.0
37,5,agent_1,1,0.0
150,4,agent_0,1,0.0
150,3,agent_2,1,0.0
150,3,agent_1,1,0.0
150,3,agent_0,1,0.0
150,2,agent_2,0,0.0
150,2,agent_1,1,0.0
150,2,agent_0,1,0.0
150,9,agent_0,1,0.0
149,18,agent_0,1,0.0
150,8,agent_0,1,0.0
150,7,agent_2,1,0.0
150,7,agent_0,1,0.0
150,6,agent_0,1,0.0
150,5,agent_2,1,0.0
150,5,agent_0,1,0.0
37,3,agent_0,0,0.0
149,18,agent_2,1,0.0
150,8,agent_2,1,0.0
155,13,agent_2,1,0.0
155,13,agent_1,0,0.0
154,16,agent_2,1,0.0
154,15,agent_2,1,0.0
154,14,agent_2,1,0.0
154,14,agent_1,1,0.0
154,14,agent_0,1,0.0
152,19,agent_2,0,0.0
154,13,agent_0,1,0.0
154,12,agent_2,1,0.0
154,20,agent_1,1,0.0
154,19,agent_2,0,0.0
154,19,agent_1,1,0.0
154,18,agent_2,1,0.0
154,18,agent_1,1,0.0
154,17,agent_2,1,0.0
154,13,agent_2,1,0.0
155,6,agent_1,0,0.0
155,6,agent_0,0,0.0
155,5,agent_2,1,0.0
155,5,agent_0,0,0.0
155,12,agent_2,1,0.0
155,12,agent_1,1,0.0
155,12,agent_0,1,0.0
155,11,agent_1,1,0.0
155,14,agent_0,1,0.0
155,9,agent_2,1,0.0
155,9,agent_1,1,0.0
155,8,agent_1,1,0.0
155,16,agent_0,0,0.0
155,15,agent_2,1,0.0
155,15,agent_1,1,0.0
155,14,agent_2,1,0.0
155,14,agent_1,1,0.0
155,10,agent_2,1,0.0
36,8,agent_1,1,0.0
36,8,agent_0,1,0.0
36,7,agent_0,1,0.0
36,6,agent_2,0,0.0
154,10,agent_2,1,0.0
154,10,agent_1,1,0.0
154,10,agent_0,1,0.0
154,17,agent_1,0,0.0
36,11,agent_2,0,0.0
36,11,agent_0,1,0.0
36,10,agent_2,1,0.0
36,10,agent_1,1,0.0
36,10,agent_0,1,0.0
36,9,agent_2,0,0.0
36,9,agent_0,1,0.0
36,15,agent_0,1,0.0
36,12,agent_0,1,0.0
154,17,agent_0,1,0.0
154,23,agent_0,1,0.0
154,22,agent_2,0,0.0
154,22,agent_1,1,0.0
154,22,agent_0,1,0.0
154,21,agent_2,0,0.0
154,21,agent_1,1,0.0
154,21,agent_0,1,0.0
36,8,agent_2,1,0.0
155,1,agent_2,1,0.0
155,1,agent_0,1,0.0
155,0,agent_2,1,0.0
154,24,agent_2,1,0.0
154,24,agent_1,1,0.0
154,24,agent_0,1,0.0
154,23,agent_2,0,0.0
154,23,agent_1,1,0.0
154,20,agent_2,1,0.0
36,1,agent_1,0,0.0
36,6,agent_1,1,0.0
36,6,agent_0,1,0.0
36,5,agent_2,0,0.0
36,5,agent_1,0,0.0
36,5,agent_0,1,0.0
36,4,agent_2,0,0.0
155,6,agent_2,1,0.0
36,4,agent_0,1,0.0
155,18,agent_2,0,0.0
155,18,agent_1,1,0.0
155,18,agent_0,1,0.0
155,17,agent_2,1,0.0
155,17,agent_1,0,0.0
155,17,agent_0,0,0.0
155,16,agent_2,1,0.0
36,4,agent_1,0,0.0
35,21,agent_0,1,0.0
156,3,agent_2,0,0.0
156,3,agent_0,1,0.0
36,1,agent_0,0,0.0
36,0,agent_1,0,0.0
36,0,agent_0,0,0.0
35,24,agent_2,0,0.0
35,24,agent_1,1,0.0
36,1,agent_2,0,0.0
35,23,agent_1,1,0.0
35,23,agent_0,1,0.0
36,3,agent_2,0,0.0
36,3,agent_1,0,0.0
36,3,agent_0,1,0.0
36,2,agent_2,0,0.0
36,2,agent_1,0,0.0
36,2,agent_0,0,0.0
35,24,agent_0,1,0.0
156,2,agent_0,1,0.0
156,1,agent_2,0,0.0
156,1,agent_1,1,0.0
156,0,agent_2,0,0.0
156,0,agent_1,1,0.0
156,0,agent_0,1,0.0
155,4,agent_1,1,0.0
155,4,agent_0,1,0.0
155,16,agent_1,1,0.0
155,3,agent_1,0,0.0
155,3,agent_0,1,0.0
155,2,agent_2,1,0.0
155,2,agent_1,1,0.0
155,2,agent_0,1,0.0
155,8,agent_0,0,0.0
155,7,agent_1,1,0.0
155,7,agent_0,0,0.0
155,3,agent_2,1,0.0
155,22,agent_0,1,0.0
155,21,agent_2,0,0.0
155,21,agent_1,1,0.0
155,21,agent_0,1,0.0
155,20,agent_2,1,0.0
155,20,agent_1,1,0.0
155,19,agent_2,0,0.0
155,19,agent_1,1,0.0
156,2,agent_1,1,0.0
155,24,agent_1,1,0.0
155,24,agent_0,1,0.0
155,23,agent_2,0,0.0
155,23,agent_1,1,0.0
155,23,agent_0,1,0.0
155,22,agent_2,1,0.0
155,22,agent_1,0,0.0
156,2,agent_2,0,0.0
155,24,agent_2,1,0.0
153,2,agent_1,1,0.0
153,2,agent_0,0,0.0
153,1,agent_2,1,0.0
153,1,agent_0,0,0.0
153,0,agent_2,1,0.0
153,6,agent_2,1,0.0
153,6,agent_1,1,0.0
36,14,agent_2,1,0.0
153,5,agent_2,1,0.0
153,5,agent_1,1,0.0
153,5,agent_0,0,0.0
153,4,agent_2,1,0.0
153,4,agent_0,0,0.0
153,9,agent_1,1,0.0
153,9,agent_0,1,0.0
153,8,agent_2,1,0.0
153,6,agent_0,0,0.0
153,22,agent_0,1,0.0
153,21,agent_1,1,0.0
153,21,agent_0,1,0.0
153,20,agent_2,1,0.0
153,20,agent_1,1,0.0
153,19,agent_2,0,0.0
153,19,agent_1,1,0.0
153,0,agent_1,1,0.0
153,2,agent_2,1,0.0
152,24,agent_2,1,0.0
152,24,agent_1,1,0.0
152,24,agent_0,1,0.0
152,23,agent_2,0,0.0
152,23,agent_1,0,0.0
152,23,agent_0,1,0.0
153,3,agent_2,1,0.0
153,3,agent_0,0,0.0
153,0,agent_0,0,0.0
152,13,agent_2,0,0.0
152,13,agent_1,0,0.0
152,19,agent_1,0,0.0
152,19,agent_0,1,0.0
152,18,agent_1,1,0.0
152,18,agent_0,0,0.0
152,17,agent_2,0,0.0
152,17,agent_1,0,0.0
153,8,agent_1,1,0.0
152,16,agent_1,1,0.0
152,22,agent_1,1,0.0
152,22,agent_0,1,0.0
152,21,agent_2,0,0.0
152,21,agent_1,0,0.0
152,21,agent_0,0,0.0
152,20,agent_1,1,0.0
152,20,agent_0,0,0.0
152,17,agent_0,1,0.0
153,8,agent_0,1,0.0
153,7,agent_2,1,0.0
153,7,agent_1,1,0.0
153,7,agent_0,0,0.0
152,13,agent_0,0,0.0
152,12,agent_2,1,0.0
152,12,agent_1,0,0.0
152,12,agent_0,1,0.0
152,14,agent_0,0,0.0
152,11,agent_1,1,0.0
152,11,agent_0,0,0.0
152,10,agent_1,1,0.0
152,16,agent_0,0,0.0
152,15,agent_2,0,0.0
152,15,agent_1,0,0.0
152,15,agent_0,1,0.0
152,14,agent_1,1,0.0
152,11,agent_2,1,0.0
153,23,agent_2,1,0.0
153,23,agent_1,1,0.0
153,23,agent_0,1,0.0
153,22,agent_2,1,0.0
154,3,agent_2,0,0.0
154,3,agent_0,1,0.0
154,2,agent_2,0,0.0
153,22,agent_1,1,0.0
154,1,agent_2,0,0.0
154,1,agent_0,1,0.0
154,0,agent_2,0,0.0
154,0,agent_1,1,0.0
154,6,agent_1,0,0.0
154,6,agent_0,1,0.0
154,5,agent_2,1,0.0
154,5,agent_1,0,0.0
154,2,agent_0,1,0.0
36,14,agent_0,1,0.0
36,13,agent_2,1,0.0
36,13,agent_1,1,0.0
36,13,agent_0,1,0.0
36,12,agent_2,1,0.0
36,12,agent_1,0,0.0
154,12,agent_0,1,0.0
154,11,agent_2,1,0.0
153,24,agent_0,1,0.0
36,17,agent_0,1,0.0
36,16,agent_2,1,0.0
36,16,agent_1,1,0.0
36,16,agent_0,1,0.0
36,15,agent_1,1,0.0
154,0,agent_0,1,0.0
153,24,agent_2,1,0.0
153,24,agent_1,1,0.0
154,11,agent_1,1,0.0
153,9,agent_2,1,0.0
153,15,agent_2,1,0.0
153,15,agent_1,1,0.0
153,15,agent_0,1,0.0
153,14,agent_2,1,0.0
153,14,agent_1,1,0.0
153,14,agent_0,1,0.0
153,13,agent_1,1,0.0
154,5,agent_0,1,0.0
153,19,agent_0,1,0.0
153,18,agent_2,1,0.0
153,18,agent_1,1,0.0
153,18,agent_0,0,0.0
153,17,agent_2,1,0.0
153,17,agent_1,1,0.0
153,16,agent_1,1,0.0
153,16,agent_0,1,0.0
153,13,agent_0,1,0.0
154,4,agent_2,0,0.0
154,4,agent_1,1,0.0
154,4,agent_0,1,0.0
154,9,agent_2,1,0.0
154,9,agent_1,1,0.0
154,8,agent_2,1,0.0
154,8,agent_0,1,0.0
154,7,agent_2,0,0.0
153,10,agent_0,1,0.0
154,7,agent_0,1,0.0
154,6,agent_2,0,0.0
153,12,agent_1,1,0.0
153,12,agent_0,1,0.0
153,11,agent_1,1,0.0
153,11,agent_0,1,0.0
153,10,agent_2,1,0.0
153,10,agent_1,1,0.0
154,7,agent_1,1,0.0
174,3,agent_2,1,0.0
174,3,agent_1,1,0.0
174,3,agent_0,1,0.0
174,2,agent_2,1,0.0
174,2,agent_1,1,0.0
174,2,agent_0,1,0.0
174,1,agent_2,1,0.0
163,14,agent_2,1,0.0
174,8,agent_0,1,0.0
174,7,agent_2,0,0.0
174,7,agent_0,1,0.0
174,6,agent_2,0,0.0
174,6,agent_1,1,0.0
174,5,agent_1,1,0.0
174,4,agent_2,1,0.0
173,11,agent_0,1,0.0
174,8,agent_1,1,0.0
174,18,agent_2,0,0.0
173,23,agent_2,0,0.0
173,23,agent_1,1,0.0
173,23,agent_0,1,0.0
173,22,agent_2,1,0.0
173,22,agent_1,1,0.0
173,22,agent_0,0,0.0
173,21,agent_2,1,0.0
174,4,agent_1,1,0.0
174,1,agent_1,1,0.0
174,1,agent_0,1,0.0
174,0,agent_2,1,0.0
174,0,agent_1,0,0.0
174,0,agent_0,1,0.0
173,24,agent_2,0,0.0
173,24,agent_1,1,0.0
173,24,agent_0,1,0.0
173,20,agent_2,1,0.0
173,15,agent_1,1,0.0
173,15,agent_0,1,0.0
173,14,agent_2,0,0.0
173,14,agent_1,1,0.0
173,19,agent_2,1,0.0
173,19,agent_1,1,0.0
173,19,agent_0,0,0.0
173,10,agent_2,0,0.0
173,18,agent_1,1,0.0
173,18,agent_0,1,0.0
173,17,agent_2,1,0.0
173,17,agent_1,0,0.0
172,24,agent_1,1,0.0
172,24,agent_0,1,0.0
172,23,agent_2,1,0.0
172,23,agent_1,1,0.0
173,18,agent_2,1,0.0
173,10,agent_1,0,0.0
173,10,agent_0,1,0.0
173,9,agent_1,0,0.0
173,9,agent_0,1,0.0
173,8,agent_2,0,0.0
173,8,agent_1,0,0.0
173,14,agent_0,1,0.0
173,13,agent_2,0,0.0
173,16,agent_0,1,0.0
173,13,agent_0,1,0.0
173,12,agent_1,1,0.0
173,12,agent_0,1,0.0
173,11,agent_2,0,0.0
173,11,agent_1,1,0.0
173,17,agent_0,1,0.0
173,16,agent_2,1,0.0
173,16,agent_1,0,0.0
173,13,agent_1,1,0.0
31,19,agent_1,1,0.0
31,19,agent_0,1,0.0
31,18,agent_1,1,0.0
31,18,agent_0,1,0.0
31,17,agent_2,0,0.0
31,17,agent_1,1,0.0
31,17,agent_0,1,0.0
174,19,agent_0,1,0.0
31,22,agent_1,1,0.0
31,22,agent_0,1,0.0
31,21,agent_2,0,0.0
31,21,agent_1,1,0.0
31,21,agent_0,1,0.0
31,20,agent_2,1,0.0
31,20,agent_1,1,0.0
174,23,agent_2,1,0.0
31,22,agent_2,0,0.0
175,4,agent_1,1,0.0
175,10,agent_1,1,0.0
175,10,agent_0,1,0.0
175,9,agent_2,0,0.0
175,9,agent_1,1,0.0
175,9,agent_0,1,0.0
175,8,agent_2,0,0.0
175,8,agent_1,1,0.0
31,19,agent_2,0,0.0
31,16,agent_1,1,0.0
31,16,agent_0,1,0.0
31,15,agent_2,0,0.0
31,15,agent_1,1,0.0
31,14,agent_1,1,0.0
174,23,agent_0,1,0.0
174,22,agent_2,1,0.0
174,22,agent_1,1,0.0
175,7,agent_2,0,0.0
174,13,agent_0,1,0.0
174,12,agent_2,0,0.0
174,12,agent_1,1,0.0
174,18,agent_1,1,0.0
174,18,agent_0,1,0.0
174,17,agent_2,1,0.0
174,17,agent_0,1,0.0
174,16,agent_2,1,0.0
174,23,agent_1,1,0.0
174,16,agent_0,1,0.0
174,15,agent_2,1,0.0
174,21,agent_1,1,0.0
174,21,agent_0,1,0.0
174,20,agent_2,0,0.0
174,20,agent_1,1,0.0
174,20,agent_0,1,0.0
174,19,agent_1,1,0.0
174,16,agent_1,1,0.0
31,24,agent_2,1,0.0
31,24,agent_1,1,0.0
31,24,agent_0,1,0.0
31,23,agent_2,1,0.0
31,23,agent_1,1,0.0
31,23,agent_0,1,0.0
174,12,agent_0,1,0.0
174,11,agent_2,0,0.0
174,13,agent_1,1,0.0
174,11,agent_0,1,0.0
174,10,agent_2,1,0.0
174,9,agent_2,0,0.0
174,9,agent_0,0,0.0
174,15,agent_0,1,0.0
174,14,agent_2,1,0.0
174,14,agent_1,1,0.0
174,14,agent_0,1,0.0
174,11,agent_1,1,0.0
171,23,agent_0,1,0.0
171,22,agent_2,1,0.0
171,22,agent_1,1,0.0
171,22,agent_0,1,0.0
171,21,agent_2,1,0.0
171,21,agent_1,1,0.0
171,21,agent_0,1,0.0
172,23,agent_0,1,0.0
172,0,agent_2,0,0.0
172,0,agent_1,0,0.0
172,0,agent_0,0,0.0
171,24,agent_2,1,0.0
171,24,agent_1,1,0.0
171,24,agent_0,1,0.0
171,23,agent_2,1,0.0
171,23,agent_1,1,0.0
171,20,agent_2,1,0.0
32,1,agent_2,1,0.0
32,1,agent_1,0,0.0
32,7,agent_0,1,0.0
32,6,agent_2,1,0.0
32,6,agent_1,0,0.0
32,6,agent_0,1,0.0
32,5,agent_1,0,0.0
32,5,agent_0,0,0.0
32,8,agent_0,1,0.0
32,4,agent_1,0,0.0
172,9,agent_1,1,0.0
32,10,agent_1,0,0.0
32,10,agent_0,1,0.0
32,9,agent_1,0,0.0
32,9,agent_0,1,0.0
32,8,agent_2,1,0.0
32,8,agent_1,0,0.0
32,4,agent_2,1,0.0
171,8,agent_1,0,0.0
171,8,agent_0,1,0.0
171,7,agent_2,1,0.0
171,7,agent_1,0,0.0
171,7,agent_0,1,0.0
171,12,agent_1,1,0.0
171,12,agent_0,1,0.0
172,3,agent_1,0,0.0
171,11,agent_1,1,0.0
171,11,agent_0,1,0.0
171,10,agent_2,1,0.0
171,10,agent_1,1,0.0
171,10,agent_0,1,0.0
171,15,agent_1,1,0.0
171,15,agent_0,1,0.0
171,14,agent_1,1,0.0
171,11,agent_2,1,0.0
172,3,agent_0,0,0.0
172,2,agent_2,0,0.0
172,2,agent_1,0,0.0
172,2,agent_0,0,0.0
172,1,agent_2,0,0.0
172,1,agent_1,0,0.0
172,1,agent_0,0,0.0
172,7,agent_2,0,0.0
171,8,agent_2,0,0.0
172,5,agent_2,0,0.0
172,5,agent_1,1,0.0
172,5,agent_0,1,0.0
172,4,agent_1,1,0.0
172,4,agent_0,0,0.0
172,3,agent_2,0,0.0
171,9,agent_1,0,0.0
171,9,agent_0,1,0.0
172,7,agent_0,1,0.0
173,8,agent_0,0,0.0
173,7,agent_2,1,0.0
173,7,agent_1,0,0.0
173,7,agent_0,0,0.0
173,6,agent_2,0,0.0
173,6,agent_1,0,0.0
173,6,agent_0,0,0.0
32,2,agent_0,1,0.0
172,12,agent_2,1,0.0
172,12,agent_1,1,0.0
172,12,agent_0,1,0.0
172,11,agent_2,1,0.0
172,11,agent_1,1,0.0
172,10,agent_1,1,0.0
172,10,agent_0,1,0.0
172,15,agent_2,1,0.0
173,5,agent_2,1,0.0
172,22,agent_1,1,0.0
172,22,agent_0,1,0.0
172,21,agent_2,1,0.0
173,2,agent_0,0,0.0
173,1,agent_1,1,0.0
173,1,agent_0,0,0.0
173,0,agent_2,0,0.0
173,0,agent_1,0,0.0
173,2,agent_1,1,0.0
172,24,agent_2,1,0.0
173,5,agent_1,0,0.0
173,5,agent_0,0,0.0
173,4,agent_2,0,0.0
173,4,agent_1,0,0.0
173,4,agent_0,0,0.0
173,3,agent_2,1,0.0
173,3,agent_0,0,0.0
173,0,agent_0,0,0.0
172,20,agent_0,1,0.0
172,19,agent_2,0,0.0
172,19,agent_1,1,0.0
172,19,agent_0,0,0.0
32,1,agent_0,1,0.0
32,0,agent_2,1,0.0
32,0,agent_1,0,0.0
32,0,agent_0,1,0.0
172,15,agent_1,1,0.0
172,8,agent_2,0,0.0
172,8,agent_1,1,0.0
172,8,agent_0,1,0.0
32,4,agent_0,0,0.0
32,3,agent_1,0,0.0
32,3,agent_0,0,0.0
32,2,agent_2,1,0.0
32,2,agent_1,0,0.0
172,9,agent_0,1,0.0
172,15,agent_0,1,0.0
172,14,agent_2,1,0.0
172,14,agent_1,1,0.0
172,13,agent_2,1,0.0
172,13,agent_1,1,0.0
172,13,agent_0,1,0.0
172,18,agent_2,1,0.0
172,18,agent_1,1,0.0
172,20,agent_1,1,0.0
172,17,agent_1,1,0.0
172,17,agent_0,0,0.0
172,16,agent_2,1,0.0
172,16,agent_1,1,0.0
172,16,agent_0,1,0.0
172,21,agent_1,1,0.0
172,21,agent_0,1,0.0
172,20,agent_2,1,0.0
172,17,agent_2,1,0.0
177,22,agent_1,1,0.0
177,22,agent_0,1,0.0
177,21,agent_2,1,0.0
178,2,agent_1,0,0.0
178,2,agent_0,1,0.0
178,1,agent_2,0,0.0
178,1,agent_1,0,0.0
175,4,agent_2,1,0.0
178,0,agent_1,0,0.0
178,0,agent_0,0,0.0
177,24,agent_2,1,0.0
177,4,agent_2,1,0.0
177,4,agent_1,1,0.0
177,4,agent_0,0,0.0
177,3,agent_0,0,0.0
177,2,agent_2,0,0.0
178,1,agent_0,0,0.0
177,16,agent_1,1,0.0
177,15,agent_2,0,0.0
177,15,agent_1,1,0.0
177,15,agent_0,1,0.0
177,14,agent_2,0,0.0
177,21,agent_1,1,0.0
177,20,agent_2,1,0.0
177,20,agent_1,1,0.0
177,22,agent_2,1,0.0
177,19,agent_2,1,0.0
177,19,agent_1,1,0.0
177,18,agent_2,1,0.0
177,18,agent_1,1,0.0
177,24,agent_1,1,0.0
177,24,agent_0,1,0.0
177,23,agent_1,1,0.0
177,23,agent_0,1,0.0
177,20,agent_0,1,0.0
177,14,agent_1,1,0.0
177,14,agent_0,1,0.0
177,13,agent_2,0,0.0
177,13,agent_0,1,0.0
177,12,agent_2,0,0.0
177,12,agent_0,1,0.0
177,11,agent_2,0,0.0
177,2,agent_1,1,0.0
177,0,agent_1,0,0.0
177,0,agent_0,1,0.0
176,24,agent_2,1,0.0
176,24,agent_1,1,0.0
176,24,agent_0,1,0.0
176,23,agent_2,0,0.0
176,23,agent_1,1,0.0
176,23,agent_0,1,0.0
177,11,agent_1,1,0.0
177,2,agent_0,1,0.0
177,1,agent_2,0,0.0
177,8,agent_1,1,0.0
177,7,agent_2,1,0.0
177,7,agent_1,1,0.0
177,6,agent_2,1,0.0
177,6,agent_1,0,0.0
177,6,agent_0,1,0.0
177,8,agent_2,1,0.0
177,5,agent_0,0,0.0
177,11,agent_0,1,0.0
177,10,agent_2,0,0.0
177,10,agent_1,1,0.0
177,10,agent_0,1,0.0
177,9,agent_2,1,0.0
177,9,agent_1,1,0.0
177,9,agent_0,1,0.0
177,5,agent_2,1,0.0
178,11,agent_0,1,0.0
0,1,agent_2,0,0.0
178,10,agent_0,1,0.0
178,9,agent_1,1,0.0
178,18,agent_0,1,0.0
178,17,agent_1,0,0.0
178,16,agent_2,0,0.0
177,16,agent_2,0,0.0
178,15,agent_2,0,0.0
178,15,agent_1,1,0.0
178,15,agent_0,1,0.0
178,14,agent_1,1,0.0
178,21,agent_1,1,0.0
178,21,agent_0,1,0.0
178,20,agent_1,0,0.0
178,20,agent_0,1,0.0
178,16,agent_1,0,0.0
179,10,agent_0,1,0.0
179,9,agent_1,1,0.0
179,8,agent_1,1,0.0
179,7,agent_2,1,0.0
179,6,agent_2,0,0.0
179,6,agent_1,1,0.0
178,9,agent_0,1,0.0
178,8,agent_2,0,0.0
178,12,agent_1,0,0.0
31,3,agent_0,0,0.0
31,2,agent_2,0,0.0
31,2,agent_1,0,0.0
31,2,agent_0,0,0.0
31,1,agent_2,0,0.0
178,14,agent_0,0,0.0
178,13,agent_1,1,0.0
178,13,agent_0,0,0.0
31,3,agent_1,0,0.0
178,6,agent_2,1,0.0
30,23,agent_2,1,0.0
30,22,agent_0,1,0.0
30,21,agent_2,1,0.0
30,21,agent_1,1,0.0
30,20,agent_1,1,0.0
30,20,agent_0,1,0.0
31,1,agent_1,0,0.0
178,19,agent_1,0,0.0
31,0,agent_2,0,0.0
31,0,agent_1,0,0.0
31,0,agent_0,0,0.0
30,24,agent_2,1,0.0
30,24,agent_1,1,0.0
30,24,agent_0,1,0.0
177,18,agent_0,1,0.0
177,17,agent_2,1,0.0
31,1,agent_0,0,0.0
178,19,agent_0,1,0.0
178,18,agent_2,1,0.0
178,18,agent_1,0,0.0
178,6,agent_0,0,0.0
178,5,agent_2,1,0.0
178,5,agent_0,0,0.0
178,4,agent_0,0,0.0
178,3,agent_2,1,0.0
178,7,agent_1,1,0.0
178,3,agent_0,0,0.0
178,2,agent_2,1,0.0
30,19,agent_2,1,0.0
30,19,agent_1,1,0.0
30,18,agent_1,1,0.0
30,18,agent_0,1,0.0
178,8,agent_1,0,0.0
178,7,agent_2,1,0.0
178,3,agent_1,0,0.0
175,12,agent_2,0,0.0
175,12,agent_1,1,0.0
175,12,agent_0,1,0.0
175,11,agent_2,0,0.0
175,11,agent_1,0,0.0
175,10,agent_2,0,0.0
175,16,agent_0,1,0.0
31,6,agent_0,0,0.0
175,15,agent_1,0,0.0
175,15,agent_0,1,0.0
175,14,agent_2,0,0.0
175,14,agent_1,1,0.0
175,14,agent_0,1,0.0
175,13,agent_2,0,0.0
175,19,agent_0,1,0.0
175,18,agent_2,1,0.0
175,15,agent_2,1,0.0
176,8,agent_0,1,0.0
176,7,agent_2,1,0.0
176,7,agent_1,0,0.0
176,7,agent_0,1,0.0
176,6,agent_2,1,0.0
176,6,agent_0,1,0.0
176,5,agent_2,1,0.0
176,5,agent_1,1,0.0
175,13,agent_0,1,0.0
176,11,agent_0,1,0.0
176,10,agent_2,1,0.0
176,10,agent_0,0,0.0
176,9,agent_2,1,0.0
176,9,agent_1,1,0.0
176,9,agent_0,1,0.0
176,8,agent_2,1,0.0
175,13,agent_1,0,0.0
176,11,agent_1,1,0.0
174,24,agent_2,1,0.0
174,24,agent_1,1,0.0
174,24,agent_0,1,0.0
175,4,agent_0,0,0.0
175,3,agent_2,1,0.0
175,3,agent_1,1,0.0
175,3,agent_0,0,0.0
175,2,agent_2,1,0.0
175,18,agent_1,1,0.0
175,2,agent_0,0,0.0
175,1,agent_2,1,0.0
175,7,agent_1,1,0.0
175,7,agent_0,0,0.0
175,6,agent_2,1,0.0
175,6,agent_1,1,0.0
175,5,agent_1,1,0.0
175,5,agent_0,0,0.0
175,2,agent_1,1,0.0
175,18,agent_0,1,0.0
175,17,agent_2,1,0.0
175,17,agent_1,1,0.0
175,17,agent_0,1,0.0
175,16,agent_1,1,0.0
175,23,agent_0,1,0.0
175,22,agent_1,1,0.0
175,22,agent_0,1,0.0
175,0,agent_0,0,0.0
175,21,agent_0,1,0.0
175,20,agent_1,1,0.0
175,20,agent_0,1,0.0
175,19,agent_1,1,0.0
175,1,agent_1,1,0.0
175,1,agent_0,0,0.0
175,0,agent_2,0,0.0
175,0,agent_1,0,0.0
175,21,agent_1,1,0.0
31,13,agent_0,1,0.0
31,12,agent_0,1,0.0
31,11,agent_2,0,0.0
31,11,agent_1,1,0.0
31,11,agent_0,1,0.0
176,14,agent_2,0,0.0
176,14,agent_0,0,0.0
176,1,agent_2,0,0.0
176,13,agent_1,1,0.0
176,13,agent_0,1,0.0
176,12,agent_2,1,0.0
176,12,agent_0,0,0.0
176,11,agent_2,0,0.0
176,17,agent_1,1,0.0
176,17,agent_0,1,0.0
176,16,agent_2,0,0.0
176,13,agent_2,1,0.0
31,5,agent_1,1,0.0
31,5,agent_0,0,0.0
31,4,agent_1,0,0.0
31,4,agent_0,0,0.0
31,3,agent_2,0,0.0
177,1,agent_0,0,0.0
177,0,agent_2,0,0.0
31,10,agent_0,1,0.0
31,13,agent_1,1,0.0
31,9,agent_1,1,0.0
31,7,agent_2,0,0.0
31,7,agent_1,1,0.0
31,7,agent_0,1,0.0
31,6,agent_2,1,0.0
31,6,agent_1,1,0.0
31,14,agent_0,1,0.0
31,13,agent_2,0,0.0
31,9,agent_2,0,0.0
176,20,agent_2,1,0.0
176,20,agent_1,1,0.0
176,1,agent_1,1,0.0
176,1,agent_0,1,0.0
176,0,agent_2,0,0.0
176,0,agent_0,1,0.0
175,24,agent_2,1,0.0
175,24,agent_1,1,0.0
176,16,agent_1,1,0.0
175,23,agent_1,1,0.0
176,5,agent_0,1,0.0
176,4,agent_2,0,0.0
176,3,agent_2,0,0.0
176,3,agent_1,1,0.0
176,2,agent_2,0,0.0
176,2,agent_1,1,0.0
176,2,agent_0,1,0.0
175,24,agent_0,1,0.0
176,16,agent_0,1,0.0
176,15,agent_2,1,0.0
176,15,agent_1,1,0.0
176,15,agent_0,1,0.0
176,20,agent_0,1,0.0
176,19,agent_2,0,0.0
176,19,agent_1,1,0.0
176,19,agent_0,1,0.0
176,21,agent_0,1,0.0
176,18,agent_1,1,0.0
176,18,agent_0,1,0.0
176,17,agent_2,1,0.0
176,22,agent_2,0,0.0
176,22,agent_1,1,0.0
176,22,agent_0,1,0.0
176,21,agent_2,1,0.0
176,21,agent_1,1,0.0
176,18,agent_2,0,0.0
166,3,agent_0,1,0.0
166,2,agent_2,0,0.0
166,2,agent_1,0,0.0
166,2,agent_0,1,0.0
166,1,agent_2,0,0.0
166,8,agent_0,1,0.0
166,7,agent_2,1,0.0
171,14,agent_0,1,0.0
166,6,agent_2,1,0.0
166,6,agent_1,1,0.0
166,6,agent_0,1,0.0
166,5,agent_0,1,0.0
166,4,agent_2,0,0.0
166,11,agent_1,1,0.0
166,11,agent_0,1,0.0
166,10,agent_2,1,0.0
166,7,agent_0,1,0.0
166,24,agent_1,1,0.0
166,24,agent_0,1,0.0
166,23,agent_2,1,0.0
166,23,agent_1,1,0.0
166,23,agent_0,1,0.0
166,22,agent_1,1,0.0
166,22,agent_0,1,0.0
166,1,agent_1,0,0.0
166,3,agent_1,0,0.0
166,0,agent_1,0,0.0
165,24,agent_2,1,0.0
165,24,agent_1,1,0.0
33,17,agent_1,1,0.0
33,17,agent_0,1,0.0
33,16,agent_2,1,0.0
166,4,agent_0,1,0.0
166,3,agent_2,0,0.0
166,0,agent_2,0,0.0
33,7,agent_1,1,0.0
33,7,agent_0,1,0.0
33,12,agent_1,0,0.0
33,12,agent_0,1,0.0
33,11,agent_1,0,0.0
33,11,agent_0,1,0.0
33,10,agent_2,1,0.0
166,10,agent_1,1,0.0
33,10,agent_0,1,0.0
33,9,agent_2,0,0.0
33,16,agent_1,0,0.0
33,16,agent_0,1,0.0
33,15,agent_1,0,0.0
33,15,agent_0,1,0.0
33,14,agent_1,0,0.0
33,14,agent_0,1,0.0
33,10,agent_1,1,0.0
166,10,agent_0,1,0.0
166,9,agent_2,0,0.0
166,9,agent_1,1,0.0
166,8,agent_1,1,0.0
165,24,agent_0,1,0.0
165,23,agent_2,1,0.0
165,23,agent_1,1,0.0
165,23,agent_0,1,0.0
33,7,agent_2,0,0.0
165,22,agent_1,1,0.0
165,22,agent_0,1,0.0
165,21,agent_2,1,0.0
33,9,agent_1,1,0.0
33,9,agent_0,1,0.0
33,8,agent_2,0,0.0
33,8,agent_1,1,0.0
33,8,agent_0,1,0.0
165,22,agent_2,0,0.0
167,1,agent_0,0,0.0
167,0,agent_2,0,0.0
167,0,agent_1,0,0.0
167,0,agent_0,0,0.0
167,5,agent_2,1,0.0
167,5,agent_1,1,0.0
167,4,agent_2,1,0.0
166,24,agent_2,1,0.0
167,4,agent_0,1,0.0
167,3,agent_2,0,0.0
167,3,agent_1,0,0.0
167,3,agent_0,1,0.0
167,9,agent_1,1,0.0
167,9,agent_0,1,0.0
167,8,agent_2,1,0.0
167,8,agent_1,1,0.0
167,4,agent_1,1,0.0
167,23,agent_0,1,0.0
167,22,agent_2,1,0.0
167,22,agent_1,1,0.0
167,22,agent_0,1,0.0
167,21,agent_1,1,0.0
167,21,agent_0,1,0.0
168,1,agent_1,0,0.0
168,1,agent_0,0,0.0
167,1,agent_1,0,0.0
168,0,agent_1,0,0.0
168,0,agent_0,1,0.0
167,24,agent_2,1,0.0
167,24,agent_1,1,0.0
167,24,agent_0,1,0.0
167,2,agent_2,0,0.0
167,2,agent_1,0,0.0
167,1,agent_2,0,0.0
168,0,agent_2,0,0.0
166,11,agent_2,1,0.0
166,17,agent_2,0,0.0
166,17,agent_0,1,0.0
166,16,agent_2,0,0.0
166,16,agent_0,1,0.0
166,15,agent_2,1,0.0
166,15,agent_1,1,0.0
166,15,agent_0,1,0.0
167,8,agent_0,1,0.0
166,21,agent_2,1,0.0
166,21,agent_1,1,0.0
166,21,agent_0,1,0.0
166,20,agent_2,1,0.0
166,20,agent_0,1,0.0
166,19,agent_0,1,0.0
166,18,agent_2,1,0.0
166,18,agent_0,1,0.0
166,14,agent_1,1,0.0
167,7,agent_1,1,0.0
167,7,agent_0,1,0.0
167,6,agent_1,1,0.0
167,13,agent_0,1,0.0
167,12,agent_1,1,0.0
167,12,agent_0,0,0.0
167,11,agent_2,1,0.0
167,11,agent_1,1,0.0
166,12,agent_0,1,0.0
167,10,agent_0,1,0.0
167,9,agent_2,1,0.0
166,14,agent_0,1,0.0
166,13,agent_2,1,0.0
166,13,agent_1,1,0.0
166,13,agent_0,1,0.0
166,12,agent_2,0,0.0
166,12,agent_1,1,0.0
167,10,agent_2,1,0.0
164,24,agent_1,1,0.0
164,24,agent_0,0,0.0
164,23,agent_2,0,0.0
164,22,agent_2,1,0.0
164,22,agent_1,1,0.0
164,22,agent_0,0,0.0
164,21,agent_2,0,0.0
33,13,agent_1,0,0.0
164,1,agent_0,1,0.0
164,0,agent_2,1,0.0
164,0,agent_1,1,0.0
164,0,agent_0,1,0.0
163,24,agent_2,1,0.0
163,24,agent_1,1,0.0
163,24,agent_0,1,0.0
163,23,agent_2,1,0.0
164,20,agent_2,1,0.0
164,11,agent_2,1,0.0
164,11,agent_1,1,0.0
164,17,agent_2,0,0.0
164,17,agent_0,1,0.0
164,16,agent_2,1,0.0
164,16,agent_1,1,0.0
164,16,agent_0,0,0.0
164,15,agent_2,0,0.0
164,18,agent_0,1,0.0
164,14,agent_2,1,0.0
164,20,agent_1,1,0.0
164,20,agent_0,0,0.0
164,19,agent_2,0,0.0
164,19,agent_1,0,0.0
164,19,agent_0,0,0.0
164,18,agent_2,1,0.0
164,18,agent_1,1,0.0
164,15,agent_0,1,0.0
164,9,agent_2,1,0.0
164,9,agent_1,1,0.0
164,8,agent_2,1,0.0
164,8,agent_1,1,0.0
164,8,agent_0,1,0.0
163,12,agent_2,0,0.0
163,12,agent_1,1,0.0
163,11,agent_2,1,0.0
164,4,agent_2,1,0.0
163,10,agent_2,1,0.0
34,3,agent_0,0,0.0
34,2,agent_2,0,0.0
34,2,agent_1,0,0.0
163,16,agent_0,0,0.0
163,15,agent_2,0,0.0
163,15,agent_1,1,0.0
163,15,agent_0,1,0.0
163,11,agent_0,1,0.0
164,4,agent_1,1,0.0
164,4,agent_0,1,0.0
164,3,agent_2,1,0.0
164,3,agent_0,1,0.0
164,2,agent_2,1,0.0
164,2,agent_0,1,0.0
164,1,agent_2,1,0.0
164,7,agent_2,1,0.0
164,10,agent_1,1,0.0
164,7,agent_0,1,0.0
164,6,agent_2,1,0.0
164,6,agent_0,1,0.0
164,5,agent_2,1,0.0
164,5,agent_1,1,0.0
164,5,agent_0,1,0.0
164,11,agent_0,0,0.0
164,10,agent_2,1,0.0
164,7,agent_1,1,0.0
165,18,agent_1,1,0.0
165,18,agent_0,1,0.0
165,17,agent_2,0,0.0
165,17,agent_1,1,0.0
165,17,agent_0,1,0.0
165,16,agent_1,1,0.0
165,16,agent_0,1,0.0
164,12,agent_1,1,0.0
165,21,agent_0,1,0.0
165,20,agent_2,1,0.0
165,20,agent_1,1,0.0
165,20,agent_0,1,0.0
165,19,agent_2,0,0.0
165,19,agent_1,1,0.0
165,19,agent_0,1,0.0
165,2,agent_1,1,0.0
165,21,agent_1,1,0.0
33,13,agent_0,1,0.0
165,13,agent_0,1,0.0
165,12,agent_2,1,0.0
165,12,agent_1,1,0.0
165,12,agent_0,1,0.0
165,11,agent_2,0,0.0
165,11,agent_1,1,0.0
165,11,agent_0,1,0.0
165,18,agent_2,1,0.0
165,15,agent_2,1,0.0
165,15,agent_1,1,0.0
165,15,agent_0,1,0.0
165,14,agent_2,1,0.0
165,14,agent_1,1,0.0
165,14,agent_0,1,0.0
165,13,agent_2,0,0.0
165,13,agent_1,1,0.0
165,10,agent_2,1,0.0
165,6,agent_1,1,0.0
165,6,agent_0,1,0.0
165,5,agent_2,0,0.0
165,5,agent_1,1,0.0
165,10,agent_1,1,0.0
165,10,agent_0,1,0.0
165,9,agent_2,0,0.0
165,9,agent_1,1,0.0
165,2,agent_0,1,0.0
165,8,agent_2,1,0.0
165,8,agent_1,1,0.0
165,8,agent_0,1,0.0
164,14,agent_1,1,0.0
164,14,agent_0,0,0.0
164,13,agent_1,1,0.0
164,13,agent_0,0,0.0
164,12,agent_2,1,0.0
165,9,agent_0,1,0.0
165,1,agent_2,1,0.0
165,1,agent_1,1,0.0
165,1,agent_0,1,0.0
165,0,agent_2,0,0.0
165,0,agent_0,1,0.0
164,24,agent_2,1,0.0
165,5,agent_0,1,0.0
165,4,agent_2,0,0.0
165,6,agent_2,1,0.0
165,4,agent_0,1,0.0
165,3,agent_2,1,0.0
165,3,agent_1,1,0.0
165,3,agent_0,1,0.0
165,2,agent_2,1,0.0
165,7,agent_2,1,0.0
165,7,agent_1,1,0.0
165,7,agent_0,1,0.0
165,4,agent_1,1,0.0
170,5,agent_2,1,0.0
32,16,agent_1,1,0.0
32,16,agent_0,1,0.0
32,15,agent_2,1,0.0
32,15,agent_0,1,0.0
32,14,agent_1,1,0.0
32,14,agent_0,1,0.0
167,23,agent_1,1,0.0
32,13,agent_0,1,0.0
32,20,agent_0,1,0.0
32,19,agent_2,1,0.0
32,19,agent_0,1,0.0
32,18,agent_0,1,0.0
32,17,agent_2,0,0.0
32,17,agent_1,1,0.0
32,17,agent_0,1,0.0
32,13,agent_1,1,0.0
170,16,agent_1,1,0.0
170,15,agent_2,1,0.0
170,15,agent_0,1,0.0
170,5,agent_1,1,0.0
170,4,agent_0,0,0.0
170,3,agent_2,0,0.0
170,3,agent_0,0,0.0
170,2,agent_2,0,0.0
32,10,agent_2,1,0.0
170,2,agent_0,0,0.0
170,1,agent_2,0,0.0
32,12,agent_2,1,0.0
32,12,agent_1,1,0.0
32,12,agent_0,1,0.0
32,11,agent_2,1,0.0
32,11,agent_1,0,0.0
32,11,agent_0,1,0.0
170,2,agent_1,1,0.0
169,22,agent_1,1,0.0
169,22,agent_0,1,0.0
169,21,agent_2,1,0.0
169,21,agent_1,1,0.0
169,21,agent_0,1,0.0
169,20,agent_2,1,0.0
170,1,agent_0,0,0.0
32,16,agent_2,1,0.0
170,0,agent_0,0,0.0
169,24,agent_2,1,0.0
169,24,agent_1,1,0.0
169,24,agent_0,1,0.0
169,23,agent_2,1,0.0
169,23,agent_1,0,0.0
169,4,agent_2,0,0.0
169,4,agent_0,0,0.0
170,0,agent_2,0,0.0
169,17,agent_1,1,0.0
169,17,agent_0,1,0.0
169,16,agent_2,1,0.0
169,16,agent_1,1,0.0
169,16,agent_0,1,0.0
169,15,agent_1,1,0.0
169,15,agent_0,1,0.0
169,14,agent_1,0,0.0
169,22,agent_2,1,0.0
169,20,agent_0,1,0.0
169,19,agent_2,1,0.0
169,19,agent_1,1,0.0
169,19,agent_0,1,0.0
169,18,agent_2,1,0.0
169,18,agent_1,0,0.0
169,18,agent_0,1,0.0
169,23,agent_0,1,0.0
169,20,agent_1,0,0.0
170,20,agent_1,1,0.0
170,19,agent_2,1,0.0
171,1,agent_1,0,0.0
171,1,agent_0,1,0.0
171,0,agent_2,0,0.0
171,0,agent_1,0,0.0
171,0,agent_0,0,0.0
170,16,agent_2,1,0.0
170,24,agent_1,1,0.0
170,24,agent_0,1,0.0
171,4,agent_0,1,0.0
171,3,agent_2,0,0.0
171,3,agent_1,0,0.0
171,3,agent_0,1,0.0
171,2,agent_2,0,0.0
171,2,agent_1,0,0.0
170,24,agent_2,1,0.0
171,13,agent_2,1,0.0
171,13,agent_1,1,0.0
171,13,agent_0,1,0.0
171,12,agent_2,1,0.0
171,20,agent_1,1,0.0
171,20,agent_0,1,0.0
171,19,agent_0,1,0.0
171,18,agent_2,1,0.0
170,20,agent_2,1,0.0
171,17,agent_0,1,0.0
171,16,agent_2,1,0.0
171,16,agent_0,1,0.0
170,23,agent_1,1,0.0
170,23,agent_0,1,0.0
170,22,agent_2,1,0.0
170,22,agent_1,1,0.0
170,21,agent_1,1,0.0
171,18,agent_0,1,0.0
170,11,agent_0,1,0.0
170,10,agent_2,0,0.0
170,10,agent_0,1,0.0
170,9,agent_2,1,0.0
170,9,agent_1,1,0.0
170,9,agent_0,1,0.0
170,14,agent_2,1,0.0
170,14,agent_1,1,0.0
171,2,agent_0,1,0.0
170,13,agent_2,0,0.0
170,13,agent_1,1,0.0
170,13,agent_0,1,0.0
170,12,agent_2,1,0.0
170,12,agent_1,1,0.0
170,19,agent_1,1,0.0
170,18,agent_0,1,0.0
170,17,agent_0,1,0.0
170,14,agent_0,1,0.0
171,1,agent_2,0,0.0
171,6,agent_2,1,0.0
171,6,agent_1,0,0.0
171,6,agent_0,1,0.0
171,5,agent_2,0,0.0
171,5,agent_1,0,0.0
171,5,agent_0,1,0.0
171,4,agent_2,0,0.0
170,11,agent_1,1,0.0
170,8,agent_2,1,0.0
170,8,agent_1,1,0.0
170,8,agent_0,1,0.0
170,7,agent_0,1,0.0
170,6,agent_0,0,0.0
32,21,agent_0,1,0.0
32,20,agent_2,1,0.0
170,11,agent_2,0,0.0
171,4,agent_1,0,0.0
33,6,agent_0,1,0.0
33,5,agent_2,0,0.0
33,5,agent_1,0,0.0
33,5,agent_0,1,0.0
168,4,agent_1,1,0.0
168,4,agent_0,0,0.0
168,3,agent_2,0,0.0
169,3,agent_0,0,0.0
168,2,agent_2,0,0.0
168,2,agent_1,0,0.0
168,2,agent_0,0,0.0
168,1,agent_2,0,0.0
168,7,agent_1,0,0.0
168,7,agent_0,0,0.0
168,6,agent_2,1,0.0
168,6,agent_0,0,0.0
168,3,agent_0,1,0.0
33,1,agent_0,0,0.0
33,0,agent_2,0,0.0
33,0,agent_1,0,0.0
33,0,agent_0,0,0.0
32,24,agent_2,1,0.0
32,24,agent_1,1,0.0
33,4,agent_2,0,0.0
33,4,agent_1,0,0.0
33,6,agent_1,1,0.0
33,3,agent_1,0,0.0
33,3,agent_0,1,0.0
33,2,agent_2,0,0.0
33,2,agent_1,0,0.0
33,2,agent_0,1,0.0
168,13,agent_2,1,0.0
168,13,agent_1,0,0.0
33,6,agent_2,0,0.0
33,3,agent_2,0,0.0
167,16,agent_2,0,0.0
167,16,agent_0,1,0.0
167,15,agent_2,0,0.0
167,15,agent_0,1,0.0
167,14,agent_2,0,0.0
167,14,agent_1,1,0.0
167,14,agent_0,1,0.0
167,13,agent_2,0,0.0
168,5,agent_2,0,0.0
167,20,agent_0,1,0.0
167,19,agent_2,1,0.0
167,19,agent_0,1,0.0
167,18,agent_2,1,0.0
167,18,agent_0,1,0.0
167,17,agent_2,1,0.0
167,17,agent_0,1,0.0
167,23,agent_2,1,0.0
167,20,agent_2,1,0.0
168,5,agent_0,0,0.0
168,4,agent_2,0,0.0
168,10,agent_0,1,0.0
168,9,agent_2,1,0.0
168,9,agent_1,0,0.0
168,9,agent_0,1,0.0
168,8,agent_2,0,0.0
168,8,agent_1,0,0.0
168,10,agent_1,1,0.0
168,7,agent_2,1,0.0
168,13,agent_0,1,0.0
168,12,agent_2,1,0.0
168,12,agent_1,1,0.0
168,12,agent_0,0,0.0
168,11,agent_2,1,0.0
168,11,agent_1,1,0.0
168,11,agent_0,0,0.0
168,8,agent_0,0,0.0
169,9,agent_1,1,0.0
169,9,agent_0,1,0.0
169,8,agent_2,1,0.0
169,14,agent_0,1,0.0
169,13,agent_2,1,0.0
169,13,agent_1,1,0.0
169,13,agent_0,1,0.0
33,1,agent_1,0,0.0
169,12,agent_1,1,0.0
169,11,agent_2,0,0.0
169,11,agent_1,1,0.0
168,17,agent_0,1,0.0
168,16,agent_2,1,0.0
168,16,agent_1,1,0.0
168,15,agent_2,1,0.0
168,15,agent_0,1,0.0
169,12,agent_2,1,0.0
169,2,agent_2,1,0.0
169,1,agent_2,0,0.0
169,1,agent_1,1,0.0
169,1,agent_0,0,0.0
169,0,agent_2,0,0.0
169,8,agent_1,1,0.0
169,8,agent_0,1,0.0
169,7,agent_1,1,0.0
169,9,agent_2,1,0.0
169,6,agent_1,1,0.0
169,5,agent_2,1,0.0
169,5,agent_1,0,0.0
169,5,agent_0,1,0.0
169,11,agent_0,1,0.0
169,10,agent_2,0,0.0
169,10,agent_1,1,0.0
169,10,agent_0,1,0.0
169,6,agent_2,1,0.0
169,0,agent_1,0,0.0
169,0,agent_0,0,0.0
168,24,agent_2,0,0.0
168,24,agent_1,1,0.0
168,24,agent_0,1,0.0
168,23,agent_2,0,0.0
168,23,agent_1,1,0.0
168,23,agent_0,1,0.0
168,14,agent_2,1,0.0
32,23,agent_2,1,0.0
32,23,agent_1,1,0.0
32,23,agent_0,1,0.0
32,22,agent_2,1,0.0
32,22,agent_1,1,0.0
32,22,agent_0,1,0.0
32,21,agent_1,1,0.0
33,1,agent_2,0,0.0
32,24,agent_0,1,0.0
168,14,agent_1,0,0.0
168,14,agent_0,1,0.0
168,19,agent_2,0,0.0
168,19,agent_1,1,0.0
168,19,agent_0,1,0.0
168,18,agent_2,1,0.0
168,18,agent_1,1,0.0
168,18,agent_0,1,0.0
168,20,agent_1,1,0.0
168,17,agent_1,0,0.0
168,22,agent_2,0,0.0
168,22,agent_1,0,0.0
168,22,agent_0,1,0.0
168,21,agent_2,0,0.0
168,21,agent_1,1,0.0
168,21,agent_0,1,0.0
168,20,agent_2,1,0.0
168,17,agent_2,1,0.0
128,7,agent_1,1,0.0
128,6,agent_2,1,0.0
128,6,agent_1,0,0.0
42,7,agent_2,1,0.0
42,7,agent_1,1,0.0
42,7,agent_0,1,0.0
42,6,agent_2,1,0.0
149,1,agent_2,1,0.0
128,10,agent_1,0,0.0
128,10,agent_0,1,0.0
128,9,agent_2,0,0.0
42,11,agent_2,1,0.0
42,11,agent_1,1,0.0
42,11,agent_0,0,0.0
42,10,agent_1,1,0.0
42,10,agent_0,1,0.0
42,6,agent_0,0,0.0
128,18,agent_1,0,0.0
128,18,agent_0,1,0.0
128,17,agent_2,1,0.0
128,17,agent_1,0,0.0
128,17,agent_0,1,0.0
128,22,agent_2,0,0.0
128,22,agent_1,0,0.0
128,22,agent_0,1,0.0
128,7,agent_2,1,0.0
128,21,agent_1,1,0.0
128,21,agent_0,1,0.0
128,20,agent_2,1,0.0
128,20,agent_1,1,0.0
128,9,agent_1,0,0.0
128,9,agent_0,1,0.0
128,8,agent_2,1,0.0
128,8,agent_1,1,0.0
128,21,agent_2,1,0.0
127,24,agent_0,1,0.0
127,23,agent_1,1,0.0
127,23,agent_0,1,0.0
127,22,agent_2,0,0.0
127,22,agent_1,1,0.0
127,22,agent_0,1,0.0
127,21,agent_1,1,0.0
42,9,agent_2,1,0.0
128,1,agent_2,0,0.0
128,1,agent_1,0,0.0
128,1,agent_0,1,0.0
128,0,agent_2,0,0.0
128,0,agent_1,0,0.0
128,0,agent_0,1,0.0
127,24,agent_2,1,0.0
128,5,agent_2,1,0.0
128,2,agent_1,0,0.0
42,9,agent_1,1,0.0
42,8,agent_2,1,0.0
42,15,agent_2,1,0.0
42,15,agent_0,1,0.0
42,14,agent_2,1,0.0
42,14,agent_1,1,0.0
42,13,agent_1,1,0.0
42,13,agent_0,1,0.0
127,24,agent_1,1,0.0
127,21,agent_0,1,0.0
127,20,agent_2,0,0.0
127,20,agent_1,1,0.0
127,20,agent_0,1,0.0
127,19,agent_0,1,0.0
127,18,agent_2,1,0.0
127,18,agent_1,1,0.0
127,18,agent_0,1,0.0
42,12,agent_2,1,0.0
129,20,agent_2,1,0.0
129,20,agent_1,1,0.0
129,0,agent_2,0,0.0
129,0,agent_1,0,0.0
129,0,agent_0,0,0.0
128,24,agent_2,0,0.0
128,24,agent_1,1,0.0
128,18,agent_2,1,0.0
128,23,agent_2,0,0.0
128,23,agent_1,0,0.0
129,3,agent_2,1,0.0
129,3,agent_1,1,0.0
129,3,agent_0,1,0.0
129,2,agent_1,0,0.0
129,2,agent_0,0,0.0
129,1,agent_2,0,0.0
128,24,agent_0,1,0.0
129,15,agent_0,0,0.0
129,14,agent_2,1,0.0
129,14,agent_1,0,0.0
129,14,agent_0,0,0.0
129,19,agent_2,1,0.0
129,19,agent_1,0,0.0
129,19,agent_0,1,0.0
129,18,agent_2,1,0.0
129,21,agent_1,1,0.0
129,18,agent_0,1,0.0
129,17,agent_1,1,0.0
129,17,agent_0,1,0.0
129,23,agent_0,1,0.0
129,22,agent_2,1,0.0
129,22,agent_1,1,0.0
129,22,agent_0,1,0.0
129,21,agent_2,1,0.0
129,18,agent_1,1,0.0
128,12,agent_2,1,0.0
128,12,agent_0,1,0.0
128,11,agent_2,0,0.0
128,11,agent_1,0,0.0
128,11,agent_0,1,0.0
128,10,agent_2,1,0.0
42,16,agent_1,1,0.0
128,16,agent_1,1,0.0
129,1,agent_1,0,0.0
128,15,agent_0,1,0.0
128,14,agent_2,1,0.0
128,14,agent_1,0,0.0
128,14,agent_0,1,0.0
128,13,agent_2,1,0.0
128,13,agent_1,0,0.0
128,19,agent_2,1,0.0
128,19,agent_1,1,0.0
128,16,agent_0,1,0.0
129,1,agent_0,0,0.0
129,7,agent_0,1,0.0
129,6,agent_2,1,0.0
129,6,agent_1,1,0.0
129,6,agent_0,0,0.0
129,5,agent_1,1,0.0
129,4,agent_2,1,0.0
129,4,agent_1,1,0.0
128,13,agent_0,1,0.0
129,10,agent_0,1,0.0
129,9,agent_2,1,0.0
129,9,agent_1,1,0.0
129,9,agent_0,0,0.0
129,8,agent_2,1,0.0
129,8,agent_1,1,0.0
129,8,agent_0,1,0.0
129,7,agent_1,1,0.0
129,4,agent_0,1,0.0
126,24,agent_1,1,0.0
126,24,agent_0,1,0.0
126,23,agent_2,1,0.0
126,23,agent_1,1,0.0
126,23,agent_0,1,0.0
127,3,agent_0,0,0.0
127,2,agent_2,0,0.0
128,5,agent_1,1,0.0
127,2,agent_0,0,0.0
127,1,agent_2,0,0.0
127,1,agent_1,0,0.0
127,1,agent_0,0,0.0
127,0,agent_2,0,0.0
126,4,agent_1,1,0.0
126,4,agent_0,1,0.0
126,3,agent_2,0,0.0
127,2,agent_1,0,0.0
126,18,agent_0,0,0.0
126,17,agent_2,0,0.0
126,17,agent_0,0,0.0
126,16,agent_2,0,0.0
126,16,agent_0,0,0.0
126,15,agent_2,0,0.0
126,15,agent_1,1,0.0
126,22,agent_2,1,0.0
126,24,agent_2,1,0.0
126,21,agent_0,1,0.0
126,20,agent_0,0,0.0
126,19,agent_2,0,0.0
126,19,agent_1,1,0.0
126,19,agent_0,0,0.0
126,18,agent_2,0,0.0
127,0,agent_1,0,0.0
127,0,agent_0,0,0.0
126,22,agent_0,1,0.0
126,8,agent_0,0,0.0
126,7,agent_2,1,0.0
126,15,agent_0,0,0.0
126,14,agent_1,1,0.0
126,13,agent_2,0,0.0
126,13,agent_0,1,0.0
126,12,agent_2,1,0.0
126,3,agent_1,0,0.0
126,11,agent_2,1,0.0
126,11,agent_1,1,0.0
125,18,agent_0,1,0.0
125,17,agent_2,0,0.0
125,17,agent_1,1,0.0
125,16,agent_2,1,0.0
125,16,agent_1,1,0.0
125,16,agent_0,1,0.0
126,12,agent_0,1,0.0
126,2,agent_2,0,0.0
126,2,agent_1,0,0.0
126,2,agent_0,0,0.0
126,1,agent_2,0,0.0
126,7,agent_0,0,0.0
126,6,agent_2,1,0.0
126,6,agent_1,1,0.0
126,6,agent_0,0,0.0
126,9,agent_0,0,0.0
126,5,agent_1,0,0.0
126,5,agent_0,1,0.0
126,4,agent_2,0,0.0
126,11,agent_0,0,0.0
126,10,agent_2,0,0.0
126,10,agent_0,0,0.0
126,9,agent_2,0,0.0
126,9,agent_1,1,0.0
126,5,agent_2,0,0.0
127,9,agent_0,1,0.0
127,8,agent_2,0,0.0
127,8,agent_1,0,0.0
127,8,agent_0,1,0.0
127,13,agent_2,1,0.0
127,13,agent_1,1,0.0
127,13,agent_0,1,0.0
126,18,agent_1,1,0.0
127,12,agent_0,1,0.0
127,11,agent_1,1,0.0
127,11,agent_0,1,0.0
127,10,agent_2,1,0.0
127,17,agent_2,1,0.0
127,17,agent_0,1,0.0
127,16,agent_1,1,0.0
127,16,agent_0,1,0.0
127,12,agent_2,1,0.0
128,5,agent_0,1,0.0
128,4,agent_1,1,0.0
128,4,agent_0,1,0.0
128,3,agent_2,1,0.0
128,3,agent_0,1,0.0
128,2,agent_2,0,0.0
127,7,agent_2,0,0.0
127,7,agent_0,1,0.0
127,9,agent_1,0,0.0
127,5,agent_2,0,0.0
127,5,agent_1,1,0.0
127,5,agent_0,0,0.0
127,4,agent_2,0,0.0
127,4,agent_1,1,0.0
127,10,agent_1,1,0.0
127,10,agent_0,1,0.0
127,9,agent_2,1,0.0
127,6,agent_0,0,0.0
42,19,agent_1,1,0.0
43,0,agent_0,0,0.0
42,24,agent_2,1,0.0
42,24,agent_1,1,0.0
42,24,agent_0,1,0.0
42,23,agent_2,1,0.0
42,23,agent_1,1,0.0
42,23,agent_0,1,0.0
127,15,agent_2,1,0.0
127,4,agent_0,0,0.0
127,3,agent_2,0,0.0
43,2,agent_0,0,0.0
43,1,agent_2,0,0.0
43,1,agent_1,0,0.0
43,1,agent_0,0,0.0
43,0,agent_2,0,0.0
43,0,agent_1,0,0.0
42,22,agent_2,1,0.0
127,15,agent_0,1,0.0
127,14,agent_1,0,0.0
127,14,agent_0,1,0.0
42,19,agent_0,1,0.0
42,18,agent_2,1,0.0
42,18,agent_1,1,0.0
42,17,agent_2,1,0.0
42,17,agent_1,1,0.0
42,19,agent_2,1,0.0
42,16,agent_2,1,0.0
127,3,agent_1,0,0.0
42,22,agent_1,1,0.0
42,21,agent_2,1,0.0
42,21,agent_1,1,0.0
42,21,agent_0,1,0.0
42,20,agent_2,1,0.0
42,20,agent_1,1,0.0
42,17,agent_0,1,0.0
41,10,agent_2,0,0.0
41,10,agent_0,1,0.0
41,9,agent_2,1,0.0
132,6,agent_1,1,0.0
132,6,agent_0,0,0.0
132,5,agent_2,0,0.0
41,15,agent_0,1,0.0
129,15,agent_1,0,0.0
41,14,agent_1,1,0.0
41,14,agent_0,1,0.0
41,13,agent_2,0,0.0
41,12,agent_2,1,0.0
41,12,agent_0,1,0.0
41,11,agent_2,0,0.0
41,18,agent_2,1,0.0
41,18,agent_1,1,0.0
41,14,agent_2,1,0.0
132,19,agent_0,1,0.0
132,18,agent_2,1,0.0
132,18,agent_0,0,0.0
132,17,agent_2,0,0.0
132,17,agent_1,1,0.0
132,17,agent_0,1,0.0
132,16,agent_2,0,0.0
132,16,agent_0,0,0.0
41,11,agent_0,1,0.0
132,5,agent_0,0,0.0
132,4,agent_2,1,0.0
132,3,agent_2,1,0.0
132,3,agent_1,0,0.0
132,2,agent_2,1,0.0
132,2,agent_1,0,0.0
132,1,agent_2,1,0.0
41,11,agent_1,1,0.0
132,5,agent_1,1,0.0
131,17,agent_1,1,0.0
131,17,agent_0,1,0.0
131,16,agent_1,1,0.0
131,22,agent_2,1,0.0
131,22,agent_1,1,0.0
131,22,agent_0,1,0.0
131,21,agent_1,1,0.0
41,17,agent_2,1,0.0
131,20,agent_1,1,0.0
131,20,agent_0,1,0.0
131,19,agent_2,1,0.0
132,1,agent_1,0,0.0
132,0,agent_2,1,0.0
132,0,agent_1,0,0.0
131,24,agent_2,1,0.0
131,24,agent_1,1,0.0
131,21,agent_0,1,0.0
41,17,agent_1,1,0.0
41,17,agent_0,1,0.0
41,16,agent_2,0,0.0
41,16,agent_1,1,0.0
41,15,agent_2,0,0.0
131,16,agent_0,1,0.0
131,15,agent_2,0,0.0
131,15,agent_1,1,0.0
131,18,agent_0,1,0.0
131,14,agent_1,1,0.0
131,14,agent_0,1,0.0
131,13,agent_2,1,0.0
131,13,agent_1,1,0.0
131,19,agent_1,1,0.0
131,19,agent_0,1,0.0
131,18,agent_2,0,0.0
131,18,agent_1,1,0.0
131,15,agent_0,1,0.0
132,21,agent_0,1,0.0
132,20,agent_2,0,0.0
132,20,agent_0,0,0.0
132,19,agent_2,1,0.0
132,19,agent_1,1,0.0
133,0,agent_2,0,0.0
133,0,agent_1,0,0.0
132,13,agent_0,1,0.0
132,24,agent_2,0,0.0
132,24,agent_1,1,0.0
132,24,agent_0,0,0.0
132,23,agent_1,1,0.0
132,23,agent_0,1,0.0
133,4,agent_1,0,0.0
133,4,agent_0,1,0.0
133,3,agent_2,0,0.0
133,0,agent_0,0,0.0
133,16,agent_2,0,0.0
133,16,agent_1,1,0.0
133,16,agent_0,0,0.0
133,15,agent_2,0,0.0
133,15,agent_1,1,0.0
133,15,agent_0,0,0.0
133,14,agent_1,1,0.0
133,20,agent_0,1,0.0
132,21,agent_1,1,0.0
133,19,agent_0,1,0.0
133,18,agent_2,1,0.0
133,18,agent_1,1,0.0
133,18,agent_0,1,0.0
133,17,agent_2,1,0.0
133,17,agent_1,1,0.0
132,22,agent_2,0,0.0
132,22,agent_0,0,0.0
133,19,agent_2,1,0.0
41,19,agent_1,1,0.0
41,19,agent_0,1,0.0
132,12,agent_2,0,0.0
132,12,agent_0,0,0.0
132,11,agent_2,1,0.0
132,11,agent_1,1,0.0
132,10,agent_2,0,0.0
132,10,agent_0,0,0.0
133,3,agent_0,1,0.0
132,9,agent_1,1,0.0
132,15,agent_2,1,0.0
132,15,agent_1,1,0.0
132,15,agent_0,1,0.0
132,14,agent_2,0,0.0
132,14,agent_0,0,0.0
132,13,agent_2,1,0.0
132,13,agent_1,1,0.0
132,9,agent_2,1,0.0
133,2,agent_2,0,0.0
133,2,agent_1,1,0.0
133,1,agent_2,0,0.0
133,1,agent_0,0,0.0
133,7,agent_2,1,0.0
133,7,agent_0,0,0.0
133,6,agent_1,1,0.0
133,6,agent_0,0,0.0
41,19,agent_2,1,0.0
133,5,agent_1,1,0.0
133,5,agent_0,0,0.0
133,4,agent_2,0,0.0
132,8,agent_2,0,0.0
132,8,agent_0,0,0.0
132,7,agent_2,1,0.0
132,7,agent_1,1,0.0
132,6,agent_2,0,0.0
133,5,agent_2,0,0.0
130,17,agent_2,0,0.0
130,23,agent_0,1,0.0
130,22,agent_2,0,0.0
130,22,agent_1,1,0.0
130,22,agent_0,1,0.0
130,21,agent_1,1,0.0
130,21,agent_0,1,0.0
131,24,agent_0,1,0.0
130,20,agent_1,1,0.0
130,0,agent_2,0,0.0
130,0,agent_1,0,0.0
130,0,agent_0,0,0.0
129,24,agent_2,1,0.0
129,24,agent_1,1,0.0
129,24,agent_0,1,0.0
129,23,agent_2,1,0.0
130,20,agent_2,1,0.0
130,11,agent_2,0,0.0
130,11,agent_1,1,0.0
130,10,agent_1,1,0.0
130,17,agent_1,1,0.0
130,17,agent_0,1,0.0
130,16,agent_0,1,0.0
130,15,agent_2,0,0.0
130,15,agent_1,0,0.0
130,18,agent_0,1,0.0
130,14,agent_1,0,0.0
130,13,agent_2,0,0.0
130,20,agent_0,1,0.0
130,19,agent_2,0,0.0
130,19,agent_1,1,0.0
130,19,agent_0,1,0.0
130,18,agent_2,1,0.0
130,18,agent_1,1,0.0
130,14,agent_2,1,0.0
130,9,agent_1,1,0.0
130,9,agent_0,1,0.0
130,8,agent_2,1,0.0
130,8,agent_1,1,0.0
130,8,agent_0,1,0.0
130,7,agent_2,1,0.0
129,13,agent_2,0,0.0
129,13,agent_1,0,0.0
129,23,agent_1,1,0.0
129,12,agent_1,0,0.0
129,11,agent_2,1,0.0
129,11,agent_1,1,0.0
129,11,agent_0,1,0.0
129,10,agent_1,1,0.0
129,16,agent_2,1,0.0
129,16,agent_1,1,0.0
129,15,agent_2,1,0.0
129,12,agent_2,1,0.0
130,3,agent_1,0,0.0
130,3,agent_0,0,0.0
130,2,agent_2,0,0.0
130,2,agent_1,0,0.0
130,2,agent_0,0,0.0
130,1,agent_2,0,0.0
130,1,agent_1,0,0.0
130,1,agent_0,0,0.0
130,9,agent_2,1,0.0
130,6,agent_2,1,0.0
130,5,agent_2,1,0.0
130,5,agent_1,1,0.0
130,4,agent_2,0,0.0
130,4,agent_1,1,0.0
130,4,agent_0,0,0.0
130,3,agent_2,0,0.0
130,10,agent_0,1,0.0
130,7,agent_0,1,0.0
131,8,agent_2,0,0.0
131,8,agent_0,1,0.0
131,7,agent_2,1,0.0
131,7,agent_1,1,0.0
131,7,agent_0,1,0.0
131,6,agent_1,1,0.0
131,6,agent_0,1,0.0
130,12,agent_0,1,0.0
131,13,agent_0,1,0.0
131,12,agent_2,1,0.0
131,12,agent_0,1,0.0
131,11,agent_2,1,0.0
131,11,agent_0,1,0.0
131,10,agent_0,1,0.0
131,9,agent_1,1,0.0
131,9,agent_0,1,0.0
131,5,agent_2,1,0.0
131,23,agent_1,1,0.0
131,23,agent_0,1,0.0
131,2,agent_1,0,0.0
131,2,agent_0,0,0.0
131,1,agent_2,0,0.0
131,1,agent_1,0,0.0
131,1,agent_0,0,0.0
131,0,agent_2,0,0.0
131,2,agent_2,0,0.0
131,0,agent_0,0,0.0
131,5,agent_1,1,0.0
131,5,agent_0,1,0.0
131,4,agent_2,0,0.0
131,4,agent_0,1,0.0
131,3,agent_2,0,0.0
131,3,agent_1,0,0.0
131,3,agent_0,0,0.0
131,0,agent_1,0,0.0
42,1,agent_1,0,0.0
42,1,agent_0,0,0.0
42,0,agent_2,0,0.0
42,0,agent_1,0,0.0
42,0,agent_0,0,0.0
130,24,agent_2,0,0.0
42,5,agent_2,1,0.0
42,5,agent_0,1,0.0
41,21,agent_1,1,0.0
42,4,agent_0,1,0.0
42,3,agent_1,0,0.0
42,3,agent_0,0,0.0
42,2,agent_2,0,0.0
130,13,agent_1,0,0.0
130,13,agent_0,1,0.0
130,12,agent_2,0,0.0
130,12,agent_1,1,0.0
42,4,agent_2,1,0.0
41,21,agent_0,1,0.0
41,20,agent_2,1,0.0
41,20,agent_1,1,0.0
130,24,agent_1,1,0.0
130,24,agent_0,1,0.0
130,23,agent_2,0,0.0
130,23,agent_1,1,0.0
41,24,agent_2,1,0.0
42,1,agent_2,0,0.0
41,24,agent_0,1,0.0
41,23,agent_2,1,0.0
41,23,agent_1,1,0.0
41,22,agent_2,1,0.0
41,22,agent_1,1,0.0
41,21,agent_2,1,0.0
42,2,agent_1,0,0.0
42,2,agent_0,0,0.0
41,24,agent_1,1,0.0
44,9,agent_0,1,0.0
44,8,agent_2,0,0.0
44,8,agent_1,1,0.0
44,8,agent_0,1,0.0
44,7,agent_1,1,0.0
120,16,agent_0,1,0.0
120,15,agent_2,0,0.0
125,15,agent_2,0,0.0
120,15,agent_0,1,0.0
120,14,agent_2,1,0.0
120,14,agent_1,1,0.0
120,14,agent_0,1,0.0
120,13,agent_2,1,0.0
120,19,agent_2,1,0.0
120,19,agent_1,1,0.0
120,18,agent_2,1,0.0
120,15,agent_1,1,0.0
44,2,agent_0,1,0.0
44,1,agent_2,0,0.0
44,1,agent_1,0,0.0
44,0,agent_2,0,0.0
44,0,agent_1,0,0.0
44,0,agent_0,1,0.0
43,24,agent_2,1,0.0
44,7,agent_0,1,0.0
121,4,agent_1,1,0.0
44,5,agent_2,1,0.0
44,5,agent_1,1,0.0
44,4,agent_2,1,0.0
44,4,agent_0,1,0.0
44,3,agent_0,1,0.0
44,2,agent_2,0,0.0
121,5,agent_0,1,0.0
121,4,agent_2,0,0.0
44,6,agent_0,1,0.0
120,24,agent_2,1,0.0
120,24,agent_1,1,0.0
120,3,agent_0,0,0.0
120,2,agent_2,1,0.0
120,2,agent_1,0,0.0
120,2,agent_0,0,0.0
120,1,agent_2,0,0.0
120,18,agent_1,1,0.0
120,1,agent_0,0,0.0
120,0,agent_2,1,0.0
120,7,agent_0,0,0.0
120,6,agent_1,1,0.0
120,6,agent_0,0,0.0
120,5,agent_2,1,0.0
120,4,agent_2,1,0.0
120,4,agent_1,0,0.0
120,1,agent_1,0,0.0
120,17,agent_2,0,0.0
120,17,agent_1,1,0.0
120,16,agent_2,0,0.0
120,16,agent_1,1,0.0
120,24,agent_0,1,0.0
120,23,agent_1,1,0.0
120,22,agent_2,1,0.0
120,22,agent_1,1,0.0
121,0,agent_1,0,0.0
120,21,agent_1,0,0.0
120,20,agent_2,1,0.0
120,20,agent_1,1,0.0
121,2,agent_1,1,0.0
121,2,agent_0,1,0.0
121,1,agent_2,0,0.0
121,1,agent_1,0,0.0
121,0,agent_2,1,0.0
120,21,agent_2,0,0.0
122,1,agent_0,1,0.0
122,0,agent_2,0,0.0
122,0,agent_1,1,0.0
121,24,agent_2,1,0.0
122,7,agent_1,1,0.0
122,7,agent_0,1,0.0
122,6,agent_2,0,0.0
44,2,agent_1,0,0.0
122,6,agent_0,0,0.0
122,5,agent_2,0,0.0
122,4,agent_2,1,0.0
122,3,agent_2,0,0.0
121,8,agent_0,1,0.0
121,7,agent_2,0,0.0
121,7,agent_1,1,0.0
121,6,agent_2,0,0.0
122,6,agent_1,1,0.0
121,19,agent_1,0,0.0
121,19,agent_0,1,0.0
121,18,agent_2,0,0.0
121,18,agent_1,1,0.0
121,18,agent_0,1,0.0
121,17,agent_1,1,0.0
121,24,agent_1,1,0.0
121,24,agent_0,1,0.0
122,1,agent_1,1,0.0
121,23,agent_1,1,0.0
121,22,agent_1,1,0.0
121,21,agent_2,1,0.0
121,21,agent_1,0,0.0
121,20,agent_2,0,0.0
122,3,agent_1,1,0.0
122,2,agent_2,1,0.0
122,2,agent_1,0,0.0
121,23,agent_2,0,0.0
121,11,agent_1,0,0.0
121,17,agent_0,1,0.0
121,16,agent_2,0,0.0
121,16,agent_1,0,0.0
121,16,agent_0,1,0.0
121,15,agent_2,1,0.0
121,15,agent_1,0,0.0
121,14,agent_2,0,0.0
121,6,agent_1,1,0.0
43,24,agent_1,1,0.0
43,24,agent_0,1,0.0
43,23,agent_2,1,0.0
121,4,agent_0,1,0.0
121,3,agent_2,0,0.0
121,3,agent_1,0,0.0
121,3,agent_0,1,0.0
121,2,agent_2,0,0.0
121,14,agent_1,1,0.0
121,6,agent_0,1,0.0
121,5,agent_2,0,0.0
121,5,agent_1,0,0.0
121,11,agent_0,1,0.0
121,10,agent_2,1,0.0
121,10,agent_1,0,0.0
121,10,agent_0,1,0.0
121,9,agent_1,1,0.0
121,11,agent_2,1,0.0
121,8,agent_2,0,0.0
121,8,agent_1,1,0.0
121,14,agent_0,1,0.0
121,13,agent_2,1,0.0
121,13,agent_1,0,0.0
121,12,agent_2,0,0.0
121,12,agent_1,0,0.0
121,12,agent_0,1,0.0
121,9,agent_0,1,0.0
118,21,agent_2,1,0.0
118,21,agent_1,1,0.0
118,21,agent_0,1,0.0
118,20,agent_1,1,0.0
118,20,agent_0,1,0.0
118,19,agent_2,0,0.0
118,19,agent_1,1,0.0
120,3,agent_2,1,0.0
118,24,agent_2,1,0.0
118,24,agent_1,1,0.0
118,24,agent_0,1,0.0
118,23,agent_2,1,0.0
118,23,agent_1,1,0.0
118,23,agent_0,1,0.0
118,22,agent_1,1,0.0
118,22,agent_0,1,0.0
118,19,agent_0,1,0.0
119,10,agent_0,1,0.0
119,9,agent_2,1,0.0
119,14,agent_2,0,0.0
119,14,agent_1,1,0.0
119,14,agent_0,1,0.0
119,13,agent_2,1,0.0
119,13,agent_1,1,0.0
119,13,agent_0,1,0.0
118,16,agent_0,1,0.0
119,12,agent_1,1,0.0
118,18,agent_1,1,0.0
118,18,agent_0,1,0.0
118,17,agent_2,1,0.0
118,17,agent_1,1,0.0
118,17,agent_0,1,0.0
118,16,agent_2,0,0.0
118,16,agent_1,1,0.0
119,12,agent_2,0,0.0
44,12,agent_0,1,0.0
44,11,agent_2,1,0.0
44,11,agent_1,1,0.0
44,11,agent_0,1,0.0
44,10,agent_2,0,0.0
44,17,agent_0,1,0.0
44,16,agent_2,1,0.0
44,16,agent_1,1,0.0
119,3,agent_2,1,0.0
44,15,agent_1,1,0.0
44,15,agent_0,1,0.0
44,14,agent_1,1,0.0
44,14,agent_0,1,0.0
118,15,agent_1,1,0.0
44,19,agent_2,1,0.0
44,19,agent_0,1,0.0
44,18,agent_2,1,0.0
44,16,agent_0,1,0.0
119,3,agent_1,1,0.0
119,2,agent_1,1,0.0
119,2,agent_0,1,0.0
119,1,agent_2,0,0.0
119,1,agent_1,1,0.0
119,1,agent_0,1,0.0
119,0,agent_1,1,0.0
44,10,agent_0,1,0.0
44,12,agent_2,1,0.0
44,9,agent_1,1,0.0
118,15,agent_0,1,0.0
118,14,agent_2,1,0.0
118,14,agent_1,1,0.0
118,14,agent_0,0,0.0
118,13,agent_2,0,0.0
44,13,agent_1,1,0.0
44,13,agent_0,1,0.0
44,9,agent_2,0,0.0
119,17,agent_0,1,0.0
119,16,agent_2,0,0.0
119,16,agent_1,1,0.0
119,16,agent_0,1,0.0
119,15,agent_2,1,0.0
119,15,agent_1,1,0.0
119,15,agent_0,1,0.0
119,10,agent_1,1,0.0
119,19,agent_2,1,0.0
119,19,agent_1,1,0.0
119,19,agent_0,1,0.0
119,18,agent_2,0,0.0
119,18,agent_1,1,0.0
119,18,agent_0,1,0.0
119,17,agent_2,1,0.0
119,22,agent_2,0,0.0
119,20,agent_0,1,0.0
120,3,agent_1,0,0.0
120,10,agent_1,1,0.0
120,9,agent_2,1,0.0
120,9,agent_1,1,0.0
120,9,agent_0,0,0.0
120,8,agent_2,1,0.0
120,8,agent_1,1,0.0
120,8,agent_0,1,0.0
119,17,agent_1,1,0.0
120,13,agent_1,1,0.0
120,13,agent_0,1,0.0
120,12,agent_2,1,0.0
120,12,agent_1,1,0.0
120,12,agent_0,0,0.0
120,11,agent_2,1,0.0
120,11,agent_1,0,0.0
120,10,agent_2,1,0.0
120,7,agent_1,1,0.0
119,5,agent_0,1,0.0
119,4,agent_2,1,0.0
119,4,agent_1,0,0.0
119,4,agent_0,1,0.0
119,9,agent_1,1,0.0
119,9,agent_0,1,0.0
119,8,agent_2,0,0.0
119,8,agent_1,1,0.0
119,22,agent_1,1,0.0
119,7,agent_2,1,0.0
119,7,agent_1,1,0.0
119,7,agent_0,1,0.0
119,12,agent_0,1,0.0
119,11,agent_2,1,0.0
119,11,agent_1,1,0.0
119,11,agent_0,1,0.0
119,10,agent_2,0,0.0
119,8,agent_0,1,0.0
119,22,agent_0,1,0.0
119,21,agent_2,1,0.0
119,21,agent_1,1,0.0
119,21,agent_0,1,0.0
119,20,agent_2,0,0.0
119,20,agent_1,1,0.0
120,0,agent_1,0,0.0
120,0,agent_0,0,0.0
119,5,agent_2,1,0.0
119,24,agent_1,1,0.0
119,24,agent_0,1,0.0
119,23,agent_2,1,0.0
119,23,agent_1,1,0.0
119,23,agent_0,1,0.0
119,6,agent_2,1,0.0
119,6,agent_1,1,0.0
119,6,agent_0,1,0.0
119,24,agent_2,0,0.0
124,10,agent_2,1,0.0
124,10,agent_1,1,0.0
124,10,agent_0,1,0.0
124,9,agent_2,1,0.0
124,9,agent_0,1,0.0
124,8,agent_1,1,0.0
124,8,agent_0,1,0.0
121,20,agent_0,1,0.0
124,14,agent_2,1,0.0
124,14,agent_0,1,0.0
124,13,agent_2,1,0.0
124,13,agent_0,1,0.0
124,12,agent_2,1,0.0
124,12,agent_0,1,0.0
124,11,agent_1,1,0.0
124,11,agent_0,1,0.0
124,7,agent_2,1,0.0
43,3,agent_0,0,0.0
43,2,agent_2,0,0.0
43,8,agent_2,1,0.0
43,8,agent_1,1,0.0
43,8,agent_0,1,0.0
43,7,agent_2,1,0.0
43,7,agent_1,1,0.0
43,7,agent_0,1,0.0
43,9,agent_0,1,0.0
43,6,agent_0,1,0.0
43,12,agent_1,1,0.0
43,12,agent_0,1,0.0
43,11,agent_1,1,0.0
43,11,agent_0,1,0.0
43,10,agent_2,1,0.0
43,10,agent_0,1,0.0
43,9,agent_2,1,0.0
43,6,agent_2,0,0.0
123,22,agent_2,1,0.0
123,22,agent_1,0,0.0
123,22,agent_0,1,0.0
123,21,agent_2,1,0.0
123,21,agent_1,1,0.0
124,1,agent_1,1,0.0
124,1,agent_0,1,0.0
124,18,agent_2,1,0.0
124,0,agent_1,1,0.0
124,0,agent_0,1,0.0
123,24,agent_2,1,0.0
123,24,agent_1,0,0.0
123,24,agent_0,1,0.0
124,4,agent_0,1,0.0
124,3,agent_2,1,0.0
124,3,agent_1,1,0.0
124,0,agent_2,1,0.0
124,18,agent_0,1,0.0
124,17,agent_2,1,0.0
124,17,agent_0,1,0.0
124,16,agent_2,1,0.0
124,16,agent_0,1,0.0
124,15,agent_2,1,0.0
124,15,agent_0,1,0.0
124,22,agent_0,1,0.0
123,23,agent_0,1,0.0
124,21,agent_0,1,0.0
124,20,agent_2,1,0.0
124,20,agent_1,1,0.0
124,20,agent_0,1,0.0
124,19,agent_2,1,0.0
124,19,agent_0,1,0.0
123,23,agent_2,1,0.0
123,23,agent_1,0,0.0
124,21,agent_1,1,0.0
126,1,agent_0,0,0.0
126,0,agent_2,0,0.0
126,0,agent_1,0,0.0
126,0,agent_0,0,0.0
125,24,agent_2,1,0.0
125,24,agent_1,1,0.0
125,24,agent_0,1,0.0
43,3,agent_2,1,0.0
125,2,agent_2,1,0.0
125,2,agent_1,1,0.0
125,2,agent_0,1,0.0
125,1,agent_2,0,0.0
125,1,agent_0,1,0.0
125,0,agent_2,0,0.0
43,12,agent_2,1,0.0
125,6,agent_2,1,0.0
125,3,agent_0,0,0.0
125,14,agent_2,1,0.0
125,20,agent_2,0,0.0
125,20,agent_1,1,0.0
125,20,agent_0,1,0.0
125,19,agent_2,1,0.0
125,19,agent_1,1,0.0
125,19,agent_0,1,0.0
125,18,agent_2,0,0.0
126,1,agent_1,1,0.0
125,23,agent_1,1,0.0
125,23,agent_0,1,0.0
125,22,agent_2,1,0.0
125,22,agent_1,1,0.0
125,22,agent_0,1,0.0
125,21,agent_2,0,0.0
125,21,agent_1,1,0.0
125,21,agent_0,1,0.0
125,18,agent_1,1,0.0
125,12,agent_1,1,0.0
125,11,agent_2,1,0.0
125,11,agent_1,1,0.0
125,11,agent_0,1,0.0
43,2,agent_1,1,0.0
125,0,agent_0,1,0.0
124,24,agent_2,1,0.0
124,24,agent_1,1,0.0
125,6,agent_0,1,0.0
124,23,agent_1,1,0.0
124,23,agent_0,1,0.0
124,22,agent_1,1,0.0
43,5,agent_2,1,0.0
43,5,agent_1,1,0.0
43,5,agent_0,1,0.0
43,4,agent_2,1,0.0
43,4,agent_0,0,0.0
124,24,agent_0,1,0.0
125,5,agent_2,1,0.0
125,5,agent_0,1,0.0
125,4,agent_2,0,0.0
125,4,agent_1,1,0.0
125,4,agent_0,1,0.0
125,3,agent_2,1,0.0
125,10,agent_2,1,0.0
125,9,agent_2,1,0.0
125,12,agent_2,1,0.0
125,9,agent_0,1,0.0
125,8,agent_2,1,0.0
125,8,agent_0,1,0.0
125,7,agent_2,1,0.0
125,7,agent_0,1,0.0
125,14,agent_1,1,0.0
125,13,agent_1,1,0.0
125,13,agent_0,1,0.0
125,9,agent_1,1,0.0
43,16,agent_2,1,0.0
43,16,agent_0,1,0.0
43,15,agent_0,1,0.0
43,21,agent_2,1,0.0
43,21,agent_1,1,0.0
43,21,agent_0,1,0.0
43,20,agent_2,1,0.0
124,3,agent_0,1,0.0
43,20,agent_0,1,0.0
43,19,agent_2,1,0.0
43,19,agent_1,1,0.0
122,24,agent_0,1,0.0
122,23,agent_0,1,0.0
122,22,agent_0,1,0.0
43,23,agent_1,1,0.0
43,23,agent_0,1,0.0
43,20,agent_1,1,0.0
123,8,agent_2,1,0.0
123,8,agent_1,1,0.0
123,8,agent_0,1,0.0
123,7,agent_2,1,0.0
123,7,agent_1,1,0.0
43,14,agent_2,1,0.0
43,14,agent_0,1,0.0
43,13,agent_1,1,0.0
43,17,agent_0,1,0.0
122,21,agent_2,1,0.0
122,21,agent_1,1,0.0
122,21,agent_0,1,0.0
122,20,agent_2,1,0.0
43,19,agent_0,1,0.0
43,18,agent_2,1,0.0
43,18,agent_0,1,0.0
43,17,agent_2,1,0.0
43,13,agent_0,1,0.0
122,17,agent_0,1,0.0
122,16,agent_2,0,0.0
122,16,agent_1,1,0.0
122,16,agent_0,1,0.0
122,15,agent_2,1,0.0
122,15,agent_1,1,0.0
122,15,agent_0,1,0.0
122,14,agent_2,0,0.0
43,22,agent_2,1,0.0
122,20,agent_0,1,0.0
122,19,agent_1,1,0.0
122,19,agent_0,1,0.0
122,18,agent_2,1,0.0
122,18,agent_1,1,0.0
122,18,agent_0,1,0.0
122,17,agent_1,1,0.0
121,20,agent_1,1,0.0
122,20,agent_1,1,0.0
43,22,agent_1,1,0.0
43,22,agent_0,1,0.0
122,11,agent_0,1,0.0
122,10,agent_2,0,0.0
122,10,agent_1,1,0.0
122,10,agent_0,1,0.0
122,9,agent_1,1,0.0
122,8,agent_2,0,0.0
122,11,agent_1,1,0.0
122,8,agent_0,1,0.0
122,14,agent_1,1,0.0
122,14,agent_0,1,0.0
122,13,agent_1,1,0.0
122,13,agent_0,0,0.0
122,12,agent_2,0,0.0
122,12,agent_1,1,0.0
122,12,agent_0,1,0.0
122,8,agent_1,1,0.0
123,10,agent_2,1,0.0
123,10,agent_1,0,0.0
123,15,agent_1,1,0.0
123,15,agent_0,1,0.0
123,14,agent_2,1,0.0
123,14,agent_1,1,0.0
123,14,agent_0,1,0.0
123,9,agent_0,1,0.0
123,13,agent_1,1,0.0
123,13,agent_0,1,0.0
123,18,agent_1,0,0.0
123,18,agent_0,1,0.0
123,17,agent_2,1,0.0
123,17,agent_1,0,0.0
123,17,agent_0,1,0.0
123,16,agent_2,1,0.0
123,13,agent_2,1,0.0
124,2,agent_2,1,0.0
124,2,agent_1,1,0.0
124,2,agent_0,1,0.0
124,1,agent_2,1,0.0
124,7,agent_0,1,0.0
124,6,agent_2,1,0.0
124,6,agent_0,1,0.0
124,5,agent_2,1,0.0
123,11,agent_0,1,0.0
124,5,agent_0,1,0.0
124,4,agent_2,1,0.0
124,4,agent_1,1,0.0
123,12,agent_2,1,0.0
123,12,agent_1,0,0.0
123,12,agent_0,1,0.0
123,11,agent_2,1,0.0
123,11,agent_1,0,0.0
124,5,agent_1,1,0.0
123,4,agent_0,1,0.0
123,3,agent_2,1,0.0
123,3,agent_1,0,0.0
123,3,agent_0,1,0.0
123,2,agent_2,0,0.0
123,2,agent_1,1,0.0
123,2,agent_0,1,0.0
123,7,agent_0,1,0.0
123,16,agent_1,0,0.0
123,6,agent_1,0,0.0
123,6,agent_0,1,0.0
123,5,agent_2,0,0.0
123,5,agent_1,0,0.0
123,5,agent_0,1,0.0
123,4,agent_2,0,0.0
123,10,agent_0,1,0.0
123,9,agent_1,1,0.0
123,6,agent_2,0,0.0
123,16,agent_0,1,0.0
123,21,agent_0,1,0.0
123,20,agent_2,1,0.0
123,20,agent_1,1,0.0
123,20,agent_0,1,0.0
123,19,agent_2,1,0.0
123,19,agent_1,1,0.0
123,19,agent_0,1,0.0
123,4,agent_1,0,0.0
123,1,agent_2,1,0.0
123,1,agent_1,1,0.0
123,1,agent_0,1,0.0
123,0,agent_2,0,0.0
123,0,agent_1,1,0.0
123,0,agent_0,1,0.0
122,24,agent_2,1,0.0
122,24,agent_1,1,0.0
123,18,agent_2,1,0.0
143,20,agent_2,1,0.0
143,20,agent_1,1,0.0
143,20,agent_0,1,0.0
144,1,agent_0,1,0.0
144,0,agent_2,0,0.0
144,0,agent_1,0,0.0
143,24,agent_2,1,0.0
133,17,agent_0,0,0.0
143,24,agent_0,1,0.0
143,23,agent_2,1,0.0
143,23,agent_1,1,0.0
143,2,agent_0,0,0.0
143,1,agent_2,0,0.0
143,1,agent_1,0,0.0
143,1,agent_0,0,0.0
143,0,agent_2,0,0.0
143,24,agent_1,1,0.0
143,15,agent_2,1,0.0
143,15,agent_0,1,0.0
143,14,agent_0,1,0.0
143,13,agent_2,1,0.0
143,13,agent_0,1,0.0
143,19,agent_2,0,0.0
143,19,agent_1,1,0.0
143,19,agent_0,1,0.0
143,21,agent_0,1,0.0
143,18,agent_1,1,0.0
143,18,agent_0,1,0.0
143,17,agent_0,1,0.0
143,16,agent_2,1,0.0
143,23,agent_0,1,0.0
143,22,agent_1,1,0.0
143,22,agent_0,1,0.0
143,21,agent_1,1,0.0
143,18,agent_2,1,0.0
143,12,agent_2,1,0.0
143,12,agent_0,1,0.0
143,11,agent_0,1,0.0
143,10,agent_0,1,0.0
143,9,agent_1,1,0.0
143,9,agent_0,1,0.0
143,8,agent_2,0,0.0
143,0,agent_1,0,0.0
142,15,agent_2,1,0.0
142,15,agent_1,1,0.0
142,15,agent_0,1,0.0
142,14,agent_2,1,0.0
142,14,agent_0,1,0.0
142,13,agent_2,1,0.0
142,13,agent_0,1,0.0
142,12,agent_2,1,0.0
143,8,agent_1,1,0.0
143,0,agent_0,0,0.0
142,24,agent_2,1,0.0
143,5,agent_0,1,0.0
143,4,agent_2,1,0.0
143,4,agent_1,0,0.0
143,3,agent_2,0,0.0
143,3,agent_1,0,0.0
143,3,agent_0,1,0.0
143,5,agent_1,1,0.0
143,2,agent_1,0,0.0
143,8,agent_0,1,0.0
143,7,agent_2,0,0.0
143,7,agent_1,1,0.0
143,7,agent_0,1,0.0
143,6,agent_2,1,0.0
143,6,agent_1,1,0.0
143,6,agent_0,1,0.0
143,2,agent_2,0,0.0
38,13,agent_2,0,0.0
38,13,agent_1,1,0.0
38,13,agent_0,1,0.0
38,12,agent_2,1,0.0
38,18,agent_2,1,0.0
38,18,agent_1,1,0.0
38,18,agent_0,1,0.0
143,16,agent_0,1,0.0
38,17,agent_1,1,0.0
38,17,agent_0,1,0.0
38,16,agent_2,1,0.0
38,16,agent_1,1,0.0
144,16,agent_2,0,0.0
144,16,agent_1,1,0.0
144,16,agent_0,1,0.0
38,20,agent_1,1,0.0
38,17,agent_2,1,0.0
145,3,agent_2,0,0.0
145,3,agent_1,0,0.0
145,2,agent_2,0,0.0
145,2,agent_1,0,0.0
145,2,agent_0,0,0.0
145,1,agent_2,0,0.0
38,12,agent_1,1,0.0
38,12,agent_0,1,0.0
38,14,agent_2,1,0.0
38,11,agent_1,1,0.0
38,11,agent_0,1,0.0
38,10,agent_2,1,0.0
38,10,agent_1,1,0.0
38,10,agent_0,1,0.0
38,16,agent_0,1,0.0
38,15,agent_2,1,0.0
38,15,agent_1,1,0.0
38,11,agent_2,0,0.0
144,4,agent_0,1,0.0
144,12,agent_1,1,0.0
144,11,agent_2,1,0.0
144,10,agent_2,1,0.0
144,10,agent_1,1,0.0
144,9,agent_2,1,0.0
144,8,agent_2,1,0.0
144,7,agent_2,1,0.0
38,20,agent_0,1,0.0
144,15,agent_1,1,0.0
144,14,agent_2,1,0.0
144,14,agent_0,1,0.0
144,13,agent_2,1,0.0
144,13,agent_1,1,0.0
144,13,agent_0,1,0.0
144,12,agent_2,1,0.0
143,16,agent_1,1,0.0
144,15,agent_2,0,0.0
38,19,agent_2,0,0.0
38,19,agent_1,1,0.0
38,19,agent_0,1,0.0
144,3,agent_2,1,0.0
144,3,agent_1,0,0.0
144,3,agent_0,1,0.0
144,2,agent_2,0,0.0
144,2,agent_1,1,0.0
144,4,agent_1,0,0.0
144,1,agent_2,0,0.0
144,1,agent_1,0,0.0
144,7,agent_1,1,0.0
144,6,agent_2,1,0.0
144,6,agent_1,1,0.0
144,5,agent_2,1,0.0
144,5,agent_1,1,0.0
144,4,agent_2,0,0.0
144,2,agent_0,1,0.0
141,7,agent_2,0,0.0
141,7,agent_0,1,0.0
141,6,agent_2,0,0.0
141,6,agent_0,0,0.0
141,5,agent_2,0,0.0
141,12,agent_0,1,0.0
141,11,agent_1,1,0.0
142,18,agent_1,1,0.0
141,10,agent_2,1,0.0
141,10,agent_0,1,0.0
141,9,agent_2,1,0.0
141,9,agent_1,1,0.0
141,9,agent_0,1,0.0
141,15,agent_0,1,0.0
141,14,agent_2,0,0.0
141,14,agent_1,0,0.0
141,11,agent_0,1,0.0
142,5,agent_1,1,0.0
142,5,agent_0,1,0.0
142,4,agent_1,1,0.0
142,3,agent_2,0,0.0
142,3,agent_1,0,0.0
142,3,agent_0,0,0.0
142,2,agent_1,1,0.0
142,9,agent_0,1,0.0
141,8,agent_0,1,0.0
142,8,agent_0,1,0.0
142,7,agent_1,1,0.0
142,7,agent_0,1,0.0
142,6,agent_2,0,0.0
142,6,agent_1,1,0.0
142,6,agent_0,1,0.0
141,8,agent_2,1,0.0
141,8,agent_1,1,0.0
142,8,agent_1,1,0.0
141,3,agent_1,1,0.0
141,3,agent_0,0,0.0
39,9,agent_2,0,0.0
39,9,agent_1,1,0.0
39,9,agent_0,1,0.0
39,8,agent_2,1,0.0
39,8,agent_1,1,0.0
39,8,agent_0,1,0.0
141,14,agent_0,0,0.0
39,6,agent_2,1,0.0
39,12,agent_2,0,0.0
39,12,agent_1,1,0.0
39,11,agent_2,0,0.0
39,11,agent_1,1,0.0
39,11,agent_0,1,0.0
39,10,agent_2,0,0.0
39,10,agent_1,1,0.0
39,7,agent_0,1,0.0
141,13,agent_1,0,0.0
141,13,agent_0,1,0.0
141,12,agent_2,1,0.0
141,12,agent_1,0,0.0
141,20,agent_1,0,0.0
141,20,agent_0,1,0.0
141,19,agent_2,1,0.0
141,18,agent_2,1,0.0
141,3,agent_2,0,0.0
141,16,agent_2,1,0.0
141,15,agent_2,0,0.0
141,15,agent_1,1,0.0
39,6,agent_1,1,0.0
141,5,agent_0,0,0.0
141,4,agent_2,0,0.0
141,4,agent_1,1,0.0
141,4,agent_0,1,0.0
141,17,agent_2,1,0.0
142,23,agent_1,1,0.0
142,22,agent_2,1,0.0
142,22,agent_1,1,0.0
142,22,agent_0,1,0.0
142,21,agent_2,1,0.0
142,12,agent_0,1,0.0
142,11,agent_2,0,0.0
142,5,agent_2,0,0.0
142,11,agent_0,1,0.0
142,10,agent_2,1,0.0
142,10,agent_1,1,0.0
142,10,agent_0,1,0.0
142,9,agent_1,1,0.0
38,23,agent_1,1,0.0
38,23,agent_0,1,0.0
38,22,agent_1,1,0.0
142,11,agent_1,1,0.0
142,18,agent_0,1,0.0
142,17,agent_2,0,0.0
142,17,agent_1,1,0.0
142,17,agent_0,1,0.0
142,16,agent_2,1,0.0
142,16,agent_1,1,0.0
142,16,agent_0,1,0.0
142,21,agent_1,1,0.0
142,23,agent_2,1,0.0
142,20,agent_1,1,0.0
142,20,agent_0,1,0.0
142,19,agent_2,1,0.0
142,19,agent_1,0,0.0
142,19,agent_0,1,0.0
142,18,agent_2,0,0.0
142,24,agent_1,1,0.0
142,24,agent_0,1,0.0
142,20,agent_2,1,0.0
39,1,agent_2,1,0.0
141,23,agent_2,1,0.0
141,23,agent_1,0,0.0
141,23,agent_0,1,0.0
141,22,agent_2,1,0.0
141,22,agent_1,0,0.0
141,21,agent_2,1,0.0
141,21,agent_1,1,0.0
38,22,agent_0,1,0.0
142,2,agent_0,1,0.0
142,1,agent_1,1,0.0
142,1,agent_0,0,0.0
142,0,agent_1,1,0.0
142,0,agent_0,0,0.0
141,24,agent_2,1,0.0
141,24,agent_1,1,0.0
141,24,agent_0,1,0.0
141,20,agent_2,0,0.0
38,21,agent_1,1,0.0
38,21,agent_0,1,0.0
38,20,agent_2,0,0.0
39,1,agent_0,1,0.0
39,0,agent_2,1,0.0
39,0,agent_1,1,0.0
39,0,agent_0,1,0.0
38,24,agent_2,1,0.0
39,2,agent_0,1,0.0
38,24,agent_0,1,0.0
38,23,agent_2,1,0.0
39,5,agent_1,1,0.0
39,5,agent_0,1,0.0
39,4,agent_2,1,0.0
39,4,agent_0,1,0.0
39,3,agent_2,1,0.0
39,2,agent_2,1,0.0
38,24,agent_1,1,0.0
147,19,agent_1,1,0.0
147,19,agent_0,1,0.0
147,24,agent_1,0,0.0
147,24,agent_0,1,0.0
147,23,agent_2,0,0.0
147,23,agent_1,1,0.0
147,23,agent_0,1,0.0
145,4,agent_0,0,0.0
147,22,agent_1,1,0.0
147,22,agent_0,1,0.0
146,24,agent_1,1,0.0
146,24,agent_0,1,0.0
146,23,agent_2,1,0.0
146,23,agent_1,0,0.0
146,23,agent_0,1,0.0
146,22,agent_2,1,0.0
147,22,agent_2,0,0.0
147,12,agent_1,1,0.0
147,11,agent_0,1,0.0
147,10,agent_2,1,0.0
147,10,agent_0,1,0.0
147,18,agent_1,1,0.0
147,18,agent_0,1,0.0
147,17,agent_1,1,0.0
147,16,agent_2,1,0.0
147,20,agent_0,1,0.0
147,16,agent_0,1,0.0
147,15,agent_1,1,0.0
147,14,agent_2,1,0.0
147,21,agent_2,0,0.0
147,21,agent_1,1,0.0
147,21,agent_0,1,0.0
147,20,agent_2,0,0.0
147,20,agent_1,1,0.0
147,16,agent_1,0,0.0
147,9,agent_0,1,0.0
147,8,agent_2,1,0.0
147,8,agent_0,1,0.0
147,7,agent_2,1,0.0
147,7,agent_1,1,0.0
147,7,agent_0,1,0.0
147,6,agent_1,0,0.0
146,22,agent_0,1,0.0
146,12,agent_0,1,0.0
146,11,agent_1,1,0.0
146,10,agent_2,1,0.0
146,10,agent_1,1,0.0
146,10,agent_0,1,0.0
146,9,agent_2,0,0.0
146,9,agent_0,1,0.0
146,15,agent_1,0,0.0
146,12,agent_1,1,0.0
146,21,agent_2,1,0.0
147,2,agent_2,0,0.0
147,2,agent_1,0,0.0
147,2,agent_0,1,0.0
147,1,agent_1,1,0.0
147,1,agent_0,0,0.0
147,0,agent_1,1,0.0
147,0,agent_0,0,0.0
147,9,agent_1,1,0.0
147,5,agent_2,1,0.0
147,5,agent_1,0,0.0
147,4,agent_2,0,0.0
147,4,agent_1,0,0.0
147,4,agent_0,1,0.0
147,3,agent_2,0,0.0
147,3,agent_1,0,0.0
147,3,agent_0,1,0.0
146,24,agent_2,1,0.0
148,5,agent_0,1,0.0
148,11,agent_0,1,0.0
148,10,agent_2,0,0.0
148,10,agent_1,1,0.0
148,10,agent_0,1,0.0
148,9,agent_2,0,0.0
148,9,agent_1,1,0.0
147,12,agent_2,0,0.0
148,8,agent_2,0,0.0
148,14,agent_0,1,0.0
148,13,agent_2,1,0.0
148,13,agent_1,1,0.0
148,13,agent_0,1,0.0
148,12,agent_2,1,0.0
148,12,agent_1,1,0.0
148,12,agent_0,0,0.0
148,9,agent_0,1,0.0
149,1,agent_1,0,0.0
149,1,agent_0,0,0.0
149,0,agent_2,1,0.0
149,0,agent_1,0,0.0
148,4,agent_1,0,0.0
148,4,agent_0,1,0.0
148,3,agent_0,1,0.0
148,2,agent_1,1,0.0
148,6,agent_0,1,0.0
148,1,agent_2,0,0.0
148,1,agent_1,1,0.0
148,8,agent_1,1,0.0
148,8,agent_0,1,0.0
148,7,agent_2,1,0.0
148,7,agent_1,1,0.0
148,7,agent_0,1,0.0
148,6,agent_1,1,0.0
148,2,agent_0,1,0.0
37,19,agent_2,1,0.0
37,19,agent_1,1,0.0
37,18,agent_2,1,0.0
37,18,agent_1,1,0.0
37,17,agent_2,1,0.0
37,17,agent_1,1,0.0
37,24,agent_0,1,0.0
37,23,agent_2,1,0.0
148,11,agent_2,1,0.0
37,22,agent_2,1,0.0
37,22,agent_1,1,0.0
37,21,agent_2,1,0.0
37,21,agent_1,1,0.0
37,20,agent_2,1,0.0
147,14,agent_1,0,0.0
147,14,agent_0,1,0.0
147,13,agent_1,1,0.0
37,23,agent_1,1,0.0
37,14,agent_1,1,0.0
37,14,agent_0,1,0.0
37,13,agent_2,1,0.0
148,1,agent_0,1,0.0
148,0,agent_2,0,0.0
148,0,agent_1,1,0.0
148,0,agent_0,1,0.0
147,24,agent_2,1,0.0
37,20,agent_0,1,0.0
37,16,agent_2,1,0.0
37,16,agent_1,1,0.0
37,16,agent_0,1,0.0
37,15,agent_2,1,0.0
37,15,agent_1,1,0.0
37,15,agent_0,1,0.0
37,14,agent_2,1,0.0
37,20,agent_1,1,0.0
37,17,agent_0,1,0.0
145,7,agent_1,1,0.0
145,6,agent_1,1,0.0
145,6,agent_0,1,0.0
145,5,agent_2,1,0.0
145,5,agent_0,1,0.0
145,11,agent_1,1,0.0
145,11,agent_0,0,0.0
146,15,agent_0,1,0.0
145,10,agent_1,1,0.0
145,10,agent_0,1,0.0
145,9,agent_2,0,0.0
145,9,agent_1,1,0.0
145,9,agent_0,1,0.0
145,14,agent_1,1,0.0
145,14,agent_0,1,0.0
145,13,agent_2,0,0.0
145,10,agent_2,0,0.0
146,2,agent_0,0,0.0
146,1,agent_2,0,0.0
146,1,agent_1,0,0.0
146,1,agent_0,0,0.0
146,0,agent_2,0,0.0
146,0,agent_1,1,0.0
145,24,agent_2,1,0.0
146,6,agent_0,0,0.0
145,7,agent_2,1,0.0
146,5,agent_1,1,0.0
146,5,agent_0,0,0.0
146,4,agent_2,0,0.0
146,4,agent_1,1,0.0
146,3,agent_2,1,0.0
146,3,agent_0,0,0.0
145,8,agent_1,1,0.0
145,8,agent_0,1,0.0
146,5,agent_2,1,0.0
144,17,agent_0,1,0.0
144,23,agent_2,1,0.0
144,23,agent_1,0,0.0
144,23,agent_0,1,0.0
144,22,agent_2,1,0.0
144,22,agent_1,0,0.0
144,22,agent_0,1,0.0
144,21,agent_2,1,0.0
145,13,agent_1,1,0.0
145,1,agent_0,0,0.0
145,0,agent_2,0,0.0
145,0,agent_1,0,0.0
145,0,agent_0,0,0.0
144,24,agent_2,1,0.0
144,24,agent_1,1,0.0
144,24,agent_0,1,0.0
145,4,agent_1,1,0.0
145,1,agent_1,0,0.0
145,13,agent_0,0,0.0
145,12,agent_2,0,0.0
145,12,agent_1,1,0.0
145,12,agent_0,1,0.0
145,18,agent_2,0,0.0
145,18,agent_0,1,0.0
145,17,agent_2,1,0.0
145,17,agent_1,1,0.0
144,17,agent_2,1,0.0
145,16,agent_1,0,0.0
145,15,agent_1,0,0.0
144,20,agent_2,1,0.0
144,20,agent_1,0,0.0
144,19,agent_2,1,0.0
144,18,agent_2,1,0.0
144,18,agent_1,0,0.0
144,18,agent_0,1,0.0
145,16,agent_2,1,0.0
146,20,agent_0,1,0.0
146,19,agent_1,1,0.0
146,19,agent_0,1,0.0
146,18,agent_2,1,0.0
37,24,agent_1,1,0.0
146,8,agent_1,1,0.0
146,8,agent_0,1,0.0
146,2,agent_2,0,0.0
146,7,agent_1,1,0.0
146,7,agent_0,1,0.0
146,6,agent_2,1,0.0
146,6,agent_1,1,0.0
38,4,agent_0,1,0.0
38,3,agent_1,1,0.0
38,3,agent_0,1,0.0
38,2,agent_1,0,0.0
146,7,agent_2,1,0.0
146,14,agent_1,0,0.0
146,14,agent_0,1,0.0
146,13,agent_2,0,0.0
146,13,agent_1,0,0.0
146,13,agent_0,1,0.0
146,12,agent_2,1,0.0
146,18,agent_1,0,0.0
146,18,agent_0,1,0.0
146,20,agent_1,1,0.0
146,17,agent_0,1,0.0
146,16,agent_2,1,0.0
146,16,agent_1,0,0.0
146,16,agent_0,1,0.0
146,15,agent_2,0,0.0
146,21,agent_1,1,0.0
146,21,agent_0,1,0.0
146,20,agent_2,0,0.0
146,17,agent_1,0,0.0
38,7,agent_2,0,0.0
145,21,agent_2,1,0.0
145,21,agent_1,0,0.0
145,20,agent_2,0,0.0
145,20,agent_1,1,0.0
145,20,agent_0,1,0.0
145,19,agent_2,0,0.0
145,19,agent_1,1,0.0
38,2,agent_0,1,0.0
145,24,agent_1,0,0.0
145,24,agent_0,1,0.0
145,23,agent_2,1,0.0
145,23,agent_1,0,0.0
145,23,agent_0,1,0.0
145,22,agent_2,1,0.0
145,22,agent_1,0,0.0
145,22,agent_0,1,0.0
145,19,agent_0,1,0.0
38,1,agent_1,1,0.0
38,0,agent_0,1,0.0
37,24,agent_2,1,0.0
38,7,agent_1,1,0.0
38,7,agent_0,1,0.0
38,6,agent_1,1,0.0
38,6,agent_0,1,0.0
38,5,agent_1,1,0.0
38,8,agent_0,1,0.0
38,4,agent_2,1,0.0
38,4,agent_1,1,0.0
146,8,agent_2,0,0.0
38,9,agent_2,1,0.0
38,9,agent_1,1,0.0
38,9,agent_0,1,0.0
38,8,agent_2,1,0.0
38,8,agent_1,1,0.0
38,5,agent_0,1,0.0
136,2,agent_1,1,0.0
40,19,agent_0,1,0.0
40,18,agent_2,1,0.0
40,18,agent_1,1,0.0
40,18,agent_0,1,0.0
40,17,agent_2,1,0.0
40,17,agent_0,1,0.0
39,10,agent_0,1,0.0
40,16,agent_1,1,0.0
40,22,agent_1,1,0.0
40,22,agent_0,1,0.0
40,21,agent_2,1,0.0
40,21,agent_0,1,0.0
40,20,agent_2,1,0.0
40,20,agent_1,1,0.0
40,20,agent_0,1,0.0
40,16,agent_2,1,0.0
136,13,agent_0,1,0.0
136,12,agent_0,1,0.0
136,11,agent_2,1,0.0
136,2,agent_0,0,0.0
136,1,agent_2,1,0.0
136,1,agent_1,1,0.0
136,1,agent_0,1,0.0
136,0,agent_1,0,0.0
40,13,agent_1,1,0.0
135,24,agent_1,1,0.0
135,24,agent_0,1,0.0
40,16,agent_0,1,0.0
40,15,agent_2,1,0.0
40,15,agent_0,1,0.0
40,14,agent_1,1,0.0
40,14,agent_0,1,0.0
40,13,agent_2,1,0.0
135,24,agent_2,1,0.0
135,19,agent_0,1,0.0
135,18,agent_2,1,0.0
135,18,agent_1,0,0.0
135,17,agent_2,1,0.0
135,17,agent_1,1,0.0
135,17,agent_0,1,0.0
135,23,agent_2,0,0.0
40,19,agent_2,1,0.0
135,22,agent_2,1,0.0
135,22,agent_1,1,0.0
135,21,agent_2,1,0.0
135,21,agent_1,1,0.0
135,20,agent_2,1,0.0
135,20,agent_1,0,0.0
135,2,agent_1,0,0.0
135,2,agent_0,0,0.0
135,23,agent_1,1,0.0
135,13,agent_2,0,0.0
135,13,agent_1,0,0.0
135,13,agent_0,1,0.0
135,12,agent_2,0,0.0
135,12,agent_1,1,0.0
135,12,agent_0,1,0.0
135,11,agent_2,0,0.0
135,11,agent_1,0,0.0
135,19,agent_1,0,0.0
135,16,agent_1,1,0.0
135,16,agent_0,1,0.0
135,15,agent_2,1,0.0
135,15,agent_1,1,0.0
135,14,agent_2,1,0.0
135,14,agent_1,1,0.0
135,14,agent_0,1,0.0
135,19,agent_2,1,0.0
135,16,agent_2,1,0.0
136,16,agent_1,0,0.0
136,22,agent_0,1,0.0
136,21,agent_2,1,0.0
136,21,agent_0,1,0.0
136,20,agent_2,1,0.0
136,20,agent_1,1,0.0
136,20,agent_0,1,0.0
136,14,agent_0,1,0.0
136,19,agent_1,1,0.0
40,5,agent_2,1,0.0
40,4,agent_2,1,0.0
40,3,agent_2,0,0.0
40,3,agent_1,0,0.0
40,2,agent_2,1,0.0
136,23,agent_2,1,0.0
136,23,agent_0,1,0.0
136,19,agent_2,1,0.0
137,5,agent_0,0,0.0
137,4,agent_2,1,0.0
137,4,agent_0,1,0.0
137,10,agent_2,1,0.0
137,10,agent_1,1,0.0
137,10,agent_0,1,0.0
137,9,agent_2,1,0.0
137,9,agent_1,1,0.0
136,17,agent_0,1,0.0
137,8,agent_2,1,0.0
137,8,agent_0,1,0.0
136,19,agent_0,1,0.0
136,18,agent_2,1,0.0
136,18,agent_1,1,0.0
136,18,agent_0,1,0.0
136,17,agent_2,1,0.0
136,17,agent_1,1,0.0
137,9,agent_0,1,0.0
136,6,agent_2,0,0.0
136,6,agent_1,1,0.0
136,5,agent_1,0,0.0
136,5,agent_0,0,0.0
136,4,agent_2,1,0.0
136,11,agent_1,1,0.0
136,11,agent_0,1,0.0
136,10,agent_2,1,0.0
136,22,agent_2,1,0.0
136,9,agent_2,1,0.0
136,9,agent_1,1,0.0
136,9,agent_0,1,0.0
136,8,agent_2,0,0.0
136,16,agent_0,1,0.0
136,15,agent_1,1,0.0
136,15,agent_0,1,0.0
136,14,agent_2,1,0.0
136,10,agent_0,1,0.0
40,11,agent_1,1,0.0
40,11,agent_0,1,0.0
40,10,agent_0,1,0.0
40,8,agent_2,0,0.0
40,8,agent_0,1,0.0
40,7,agent_2,0,0.0
40,7,agent_0,1,0.0
40,6,agent_2,1,0.0
136,7,agent_0,1,0.0
136,4,agent_0,0,0.0
136,3,agent_2,1,0.0
136,3,agent_1,0,0.0
40,23,agent_2,1,0.0
40,23,agent_0,1,0.0
40,22,agent_2,1,0.0
136,8,agent_1,1,0.0
136,7,agent_2,0,0.0
136,4,agent_1,0,0.0
41,7,agent_2,0,0.0
41,7,agent_0,1,0.0
41,6,agent_2,0,0.0
41,6,agent_1,1,0.0
133,23,agent_0,1,0.0
133,22,agent_2,0,0.0
133,22,agent_1,0,0.0
135,1,agent_2,0,0.0
133,21,agent_1,0,0.0
133,21,agent_0,1,0.0
133,20,agent_2,1,0.0
133,20,agent_1,1,0.0
134,1,agent_0,0,0.0
134,0,agent_2,0,0.0
134,0,agent_1,0,0.0
134,0,agent_0,1,0.0
133,22,agent_0,1,0.0
41,2,agent_0,1,0.0
41,1,agent_2,1,0.0
41,1,agent_1,0,0.0
41,0,agent_1,0,0.0
40,24,agent_2,1,0.0
40,24,agent_1,1,0.0
41,6,agent_0,1,0.0
41,5,agent_2,0,0.0
41,8,agent_1,1,0.0
41,5,agent_0,1,0.0
41,4,agent_2,0,0.0
41,4,agent_1,1,0.0
41,4,agent_0,1,0.0
41,3,agent_2,1,0.0
134,10,agent_0,1,0.0
41,9,agent_0,1,0.0
41,8,agent_2,0,0.0
41,5,agent_1,1,0.0
134,4,agent_1,0,0.0
133,11,agent_0,1,0.0
133,10,agent_2,1,0.0
133,9,agent_2,0,0.0
133,9,agent_1,0,0.0
133,9,agent_0,0,0.0
133,8,agent_2,1,0.0
133,8,agent_1,1,0.0
133,24,agent_2,1,0.0
133,14,agent_0,0,0.0
133,13,agent_2,1,0.0
133,13,agent_1,1,0.0
133,13,agent_0,0,0.0
133,12,agent_2,1,0.0
133,12,agent_1,0,0.0
133,11,agent_2,1,0.0
133,11,agent_1,1,0.0
133,8,agent_0,0,0.0
133,24,agent_1,1,0.0
133,24,agent_0,1,0.0
133,23,agent_2,1,0.0
134,4,agent_0,1,0.0
134,3,agent_2,0,0.0
134,3,agent_1,0,0.0
134,3,agent_0,1,0.0
134,2,agent_1,0,0.0
134,4,agent_2,1,0.0
134,1,agent_2,0,0.0
134,1,agent_1,0,0.0
134,7,agent_0,0,0.0
134,6,agent_1,0,0.0
134,6,agent_0,1,0.0
134,5,agent_2,0,0.0
134,5,agent_1,0,0.0
134,5,agent_0,1,0.0
134,2,agent_0,0,0.0
135,6,agent_2,0,0.0
135,6,agent_0,1,0.0
135,5,agent_2,1,0.0
135,11,agent_0,1,0.0
135,10,agent_2,1,0.0
135,10,agent_1,1,0.0
135,10,agent_0,1,0.0
41,2,agent_2,1,0.0
135,9,agent_1,1,0.0
135,9,agent_0,1,0.0
135,8,agent_2,1,0.0
134,13,agent_0,1,0.0
134,12,agent_2,1,0.0
134,12,agent_1,1,0.0
134,12,agent_0,1,0.0
134,11,agent_2,1,0.0
135,9,agent_2,1,0.0
135,1,agent_1,0,0.0
135,1,agent_0,0,0.0
135,0,agent_2,0,0.0
135,0,agent_1,0,0.0
135,0,agent_0,0,0.0
135,5,agent_0,1,0.0
135,4,agent_2,0,0.0
135,4,agent_1,0,0.0
135,7,agent_0,1,0.0
135,3,agent_2,0,0.0
135,3,agent_1,0,0.0
135,3,agent_0,0,0.0
135,2,agent_2,0,0.0
135,8,agent_1,1,0.0
135,8,agent_0,1,0.0
135,7,agent_2,1,0.0
135,7,agent_1,1,0.0
135,4,agent_0,1,0.0
134,24,agent_2,1,0.0
134,24,agent_1,1,0.0
134,24,agent_0,1,0.0
134,23,agent_2,0,0.0
134,23,agent_1,1,0.0
134,22,agent_2,0,0.0
134,21,agent_2,1,0.0
134,21,agent_0,1,0.0
134,11,agent_1,1,0.0
134,9,agent_2,1,0.0
134,9,agent_1,1,0.0
134,9,agent_0,1,0.0
134,8,agent_1,0,0.0
134,8,agent_0,1,0.0
134,7,agent_2,1,0.0
134,7,agent_1,0,0.0
41,3,agent_0,1,0.0
40,24,agent_0,1,0.0
134,11,agent_0,1,0.0
134,10,agent_1,1,0.0
134,15,agent_2,0,0.0
134,15,agent_1,1,0.0
134,15,agent_0,1,0.0
134,14,agent_2,1,0.0
134,14,agent_1,1,0.0
134,14,agent_0,1,0.0
134,16,agent_0,1,0.0
134,13,agent_1,1,0.0
134,20,agent_2,0,0.0
134,20,agent_0,1,0.0
134,18,agent_2,1,0.0
134,18,agent_0,0,0.0
134,17,agent_1,1,0.0
134,16,agent_2,1,0.0
134,16,agent_1,1,0.0
134,13,agent_2,0,0.0
139,21,agent_2,1,0.0
139,21,agent_1,1,0.0
139,21,agent_0,1,0.0
139,20,agent_2,1,0.0
139,20,agent_1,1,0.0
139,20,agent_0,1,0.0
139,19,agent_2,1,0.0
137,5,agent_2,1,0.0
139,24,agent_1,1,0.0
139,24,agent_0,1,0.0
139,23,agent_2,1,0.0
139,23,agent_1,1,0.0
139,23,agent_0,1,0.0
139,22,agent_2,1,0.0
139,22,agent_1,1,0.0
39,18,agent_0,1,0.0
139,24,agent_2,1,0.0
140,14,agent_1,1,0.0
139,16,agent_2,1,0.0
139,16,agent_1,1,0.0
139,16,agent_0,1,0.0
139,15,agent_2,1,0.0
139,15,agent_1,1,0.0
139,15,agent_0,1,0.0
139,14,agent_2,1,0.0
139,22,agent_0,1,0.0
139,19,agent_1,1,0.0
139,19,agent_0,1,0.0
139,18,agent_2,1,0.0
139,18,agent_1,1,0.0
139,18,agent_0,1,0.0
139,17,agent_2,1,0.0
139,17,agent_1,1,0.0
139,17,agent_0,1,0.0
139,14,agent_1,1,0.0
39,23,agent_2,1,0.0
39,23,agent_1,1,0.0
39,23,agent_0,1,0.0
39,22,agent_2,0,0.0
139,14,agent_0,1,0.0
139,13,agent_1,1,0.0
139,13,agent_0,1,0.0
39,17,agent_2,0,0.0
40,1,agent_2,0,0.0
40,1,agent_1,0,0.0
40,1,agent_0,1,0.0
40,0,agent_1,0,0.0
138,22,agent_2,1,0.0
138,22,agent_1,1,0.0
138,22,agent_0,1,0.0
138,21,agent_2,1,0.0
40,2,agent_1,0,0.0
39,17,agent_0,1,0.0
139,12,agent_1,1,0.0
139,12,agent_0,1,0.0
139,11,agent_0,1,0.0
139,10,agent_0,1,0.0
139,9,agent_0,1,0.0
39,22,agent_1,1,0.0
39,22,agent_0,1,0.0
39,24,agent_0,1,0.0
39,20,agent_2,1,0.0
39,20,agent_0,1,0.0
39,19,agent_2,1,0.0
39,19,agent_0,1,0.0
39,18,agent_2,1,0.0
40,0,agent_0,1,0.0
39,24,agent_2,0,0.0
39,24,agent_1,1,0.0
39,21,agent_2,1,0.0
140,21,agent_2,1,0.0
140,21,agent_1,1,0.0
140,21,agent_0,1,0.0
140,20,agent_2,1,0.0
140,20,agent_1,1,0.0
140,20,agent_0,1,0.0
141,0,agent_0,0,0.0
140,14,agent_2,1,0.0
140,24,agent_1,1,0.0
140,24,agent_0,1,0.0
140,23,agent_2,1,0.0
140,23,agent_1,1,0.0
140,23,agent_0,1,0.0
140,22,agent_2,1,0.0
141,2,agent_2,1,0.0
141,2,agent_1,1,0.0
140,24,agent_2,1,0.0
39,16,agent_2,0,0.0
39,16,agent_1,1,0.0
39,16,agent_0,1,0.0
39,15,agent_2,1,0.0
39,15,agent_0,1,0.0
39,14,agent_2,1,0.0
39,13,agent_2,0,0.0
39,13,agent_1,0,0.0
140,22,agent_0,1,0.0
140,19,agent_1,1,0.0
140,19,agent_0,1,0.0
140,18,agent_2,1,0.0
140,18,agent_1,1,0.0
140,18,agent_0,1,0.0
140,17,agent_2,0,0.0
140,17,agent_1,1,0.0
140,22,agent_1,1,0.0
140,19,agent_2,1,0.0
140,5,agent_2,0,0.0
140,5,agent_0,1,0.0
140,4,agent_0,1,0.0
140,14,agent_0,1,0.0
140,13,agent_1,1,0.0
140,13,agent_0,1,0.0
140,12,agent_2,1,0.0
140,12,agent_1,1,0.0
141,2,agent_0,0,0.0
140,11,agent_1,1,0.0
140,11,agent_0,1,0.0
140,17,agent_0,1,0.0
140,16,agent_2,1,0.0
140,16,agent_1,1,0.0
140,16,agent_0,1,0.0
140,15,agent_1,1,0.0
140,15,agent_0,1,0.0
140,12,agent_0,1,0.0
141,1,agent_2,1,0.0
141,1,agent_1,1,0.0
141,1,agent_0,0,0.0
141,0,agent_2,1,0.0
141,0,agent_1,1,0.0
140,3,agent_2,0,0.0
140,3,agent_0,1,0.0
140,2,agent_2,0,0.0
140,6,agent_0,1,0.0
140,1,agent_2,0,0.0
140,1,agent_0,1,0.0
140,0,agent_2,0,0.0
140,0,agent_0,1,0.0
140,10,agent_2,1,0.0
140,8,agent_2,1,0.0
140,8,agent_1,1,0.0
140,6,agent_2,0,0.0
140,2,agent_0,1,0.0
137,13,agent_1,1,0.0
137,13,agent_0,1,0.0
137,12,agent_2,1,0.0
137,12,agent_1,1,0.0
137,12,agent_0,1,0.0
137,11,agent_2,1,0.0
137,11,agent_1,1,0.0
138,21,agent_1,1,0.0
137,16,agent_0,1,0.0
137,15,agent_2,1,0.0
137,15,agent_1,1,0.0
137,15,agent_0,1,0.0
137,14,agent_2,1,0.0
137,14,agent_1,1,0.0
137,14,agent_0,1,0.0
137,13,agent_2,1,0.0
137,11,agent_0,1,0.0
137,24,agent_2,1,0.0
137,24,agent_1,1,0.0
138,4,agent_1,0,0.0
138,4,agent_0,0,0.0
138,3,agent_2,0,0.0
138,3,agent_1,0,0.0
138,3,agent_0,0,0.0
138,2,agent_2,0,0.0
138,4,agent_2,0,0.0
138,2,agent_0,0,0.0
138,8,agent_2,1,0.0
138,8,agent_0,1,0.0
138,7,agent_2,1,0.0
138,7,agent_0,1,0.0
138,6,agent_2,1,0.0
138,5,agent_2,1,0.0
138,5,agent_0,1,0.0
138,2,agent_1,0,0.0
136,24,agent_0,1,0.0
40,13,agent_0,1,0.0
40,12,agent_2,1,0.0
40,12,agent_1,1,0.0
40,12,agent_0,1,0.0
137,3,agent_2,1,0.0
137,3,agent_0,1,0.0
137,2,agent_2,1,0.0
137,18,agent_2,1,0.0
137,1,agent_2,1,0.0
137,1,agent_0,1,0.0
137,0,agent_2,1,0.0
137,0,agent_1,1,0.0
137,7,agent_2,1,0.0
137,7,agent_0,1,0.0
137,6,agent_2,1,0.0
137,6,agent_0,1,0.0
137,2,agent_0,1,0.0
137,18,agent_1,1,0.0
137,18,agent_0,1,0.0
137,17,agent_2,1,0.0
137,17,agent_1,1,0.0
137,17,agent_0,1,0.0
137,16,agent_2,1,0.0
137,16,agent_1,1,0.0
137,21,agent_1,1,0.0
136,24,agent_1,1,0.0
137,20,agent_2,1,0.0
137,20,agent_1,1,0.0
137,20,agent_0,1,0.0
137,19,agent_2,1,0.0
137,19,agent_1,1,0.0
137,19,agent_0,1,0.0
137,0,agent_0,0,0.0
136,24,agent_2,1,0.0
137,21,agent_0,1,0.0
139,0,agent_2,0,0.0
139,8,agent_0,1,0.0
139,7,agent_2,1,0.0
139,7,agent_0,1,0.0
139,6,agent_2,1,0.0
139,6,agent_0,1,0.0
139,5,agent_0,1,0.0
138,0,agent_0,0,0.0
139,4,agent_0,1,0.0
138,11,agent_2,1,0.0
138,11,agent_0,1,0.0
138,10,agent_2,1,0.0
138,10,agent_1,1,0.0
138,10,agent_0,1,0.0
138,9,agent_2,1,0.0
138,9,agent_0,1,0.0
139,4,agent_1,0,0.0
138,21,agent_0,1,0.0
138,20,agent_2,1,0.0
138,20,agent_1,1,0.0
139,0,agent_1,1,0.0
139,0,agent_0,1,0.0
138,24,agent_2,1,0.0
138,24,agent_1,1,0.0
138,24,agent_0,1,0.0
139,1,agent_0,1,0.0
138,23,agent_1,1,0.0
138,23,agent_0,1,0.0
139,3,agent_2,0,0.0
139,3,agent_1,1,0.0
139,3,agent_0,1,0.0
139,2,agent_1,1,0.0
139,2,agent_0,1,0.0
139,1,agent_1,1,0.0
138,23,agent_2,1,0.0
138,18,agent_2,1,0.0
138,18,agent_1,1,0.0
138,18,agent_0,1,0.0
138,17,agent_2,1,0.0
137,24,agent_0,1,0.0
137,23,agent_2,1,0.0
137,23,agent_1,1,0.0
137,23,agent_0,1,0.0
138,14,agent_1,1,0.0
137,22,agent_1,1,0.0
137,22,agent_0,1,0.0
137,21,agent_2,1,0.0
138,1,agent_2,0,0.0
138,1,agent_1,0,0.0
138,1,agent_0,0,0.0
138,0,agent_2,0,0.0
138,0,agent_1,0,0.0
137,22,agent_2,1,0.0
138,14,agent_0,1,0.0
138,13,agent_2,1,0.0
138,13,agent_0,1,0.0
138,12,agent_2,1,0.0
138,12,agent_1,1,0.0
138,12,agent_0,1,0.0
138,17,agent_1,1,0.0
138,17,agent_0,1,0.0
138,19,agent_0,1,0.0
138,16,agent_1,1,0.0
138,16,agent_0,1,0.0
138,15,agent_2,1,0.0
138,15,agent_0,1,0.0
138,14,agent_2,1,0.0
138,20,agent_0,1,0.0
138,19,agent_2,1,0.0
138,19,agent_1,1,0.0
138,16,agent_2,1,0.0
